codigo_ibge,longitude,latitude,area_km2,altitude_media_m,altitude_minima_m,amplitude_altitude_m,declividade_m_por_km,celulas_de_relevo,distancia_rio_km,distancia_rio_grande_km
1100015,-62.27511974781428,-12.4724434138968,7079.728992472403,246.15902709960938,143.0,367.0,9.275860385947702,1484,69.45873062006402,299.4495241040689
1100023,-62.95576650214146,-9.952411340810581,4411.024570227601,165.86399841308594,104.0,214.0,6.917926244657549,897,103.99526957153896,164.77852748638955
1100031,-60.641245036274796,-13.474969639215253,1315.5395154068246,227.60948181152344,172.0,383.0,7.666415468898911,274,22.354029694211082,452.0395862264189
1100049,-61.32533198334737,-11.301192285427414,3783.504129099194,229.81161499023438,166.0,187.0,8.181693379833755,775,20.922533324574253,386.0009376096138
1100056,-61.25939438568804,-13.202939867415783,2786.1272890493274,193.71701049804688,154.0,307.0,3.068397771562042,576,33.42474910127616,409.13313005903655
1100064,-60.54888786181224,-13.159346380957333,1453.1801098352298,366.03961181640625,212.0,347.0,14.98932526833425,303,50.32806488375197,484.2167968302969
1100072,-61.0902563374377,-12.926863975738739,3046.923553582281,267.960693359375,170.0,348.0,10.775513508534987,636,60.11920730945907,425.6609832463069
1100080,-64.05884581794146,-12.14655770879781,4983.874391440302,191.13223266601562,129.0,383.0,8.78033161810239,1036,38.57348289294344,105.5488357663717
1100098,-60.78496170095796,-11.35143618330898,4522.968867616728,295.4994812011719,177.0,349.0,14.592159784627222,949,48.47047713056215,429.3348176724233
1100106,-64.53788503093678,-11.304497366344743,24820.704659116454,198.52655029296875,0.0,1052.0,7.866634965296132,5141,75.97392133307375,75.97392133307375
1100114,-62.5828224849345,-10.590562516026484,2932.9742456222884,205.5408477783203,125.0,332.0,8.144377331050258,612,74.90744919859621,243.5870869231422
1100122,-61.757179842493265,-10.46239335918139,6885.161263393238,192.3385009765625,77.0,341.0,9.035683652292414,1418,3.5591063342734794,285.33509772483234
1100130,-62.01057693213981,-9.20474351451339,8541.108270069584,136.71493530273438,57.0,182.0,5.007373769280563,1761,24.25624890035456,161.41412207260294
1100148,-62.28045464414094,-11.643519165378809,1714.9594238065183,262.3690185546875,168.0,272.0,13.392510848975503,355,55.27592149282258,298.03691544151854
1100155,-62.1716646682607,-10.60919111674774,1975.3775754086673,219.37191772460938,128.0,278.0,9.200328465670239,406,31.43822024021233,269.7725434372653
1100189,-60.83042274259001,-11.89398606496901,6244.5170988678,284.4462585449219,172.0,315.0,8.349871861366351,1293,7.906145702009466,454.1986943262679
1100205,-64.30309581445114,-9.152677807284611,34066.878780015744,120.25242614746094,21.0,330.0,4.6146325249934685,6996,3.7216502647322174,3.7216502647322174
1100254,-61.87757723102074,-11.16621731100036,1754.313650554046,210.2915496826172,149.0,199.0,8.995710958018604,367,6.633731993237214,338.76938443861224
1100262,-62.792193679455636,-9.645119943452073,1719.3355378196575,150.3369598388672,104.0,103.0,5.013207130763578,368,92.18572856308714,143.5765948688129
1100288,-61.77264832708301,-11.732832444445362,1458.5609061690047,235.85714721679688,179.0,212.0,7.040657743207395,308,35.688964667342226,352.3449779724419
1100296,-61.7010434804991,-12.026421714053726,1195.3356885416433,337.9319152832031,213.0,248.0,9.601927600044384,235,64.02615090204533,359.3869863975853
1100304,-60.24884139635174,-12.095786560173282,11662.355573396664,410.5,176.0,450.0,11.957018475499137,2414,47.81006532509037,517.194739390844
1100320,-62.982480397962995,-11.615970999981931,7466.733386573382,233.5439910888672,151.0,557.0,8.580412013207159,1546,113.9796924508097,222.47791134526747
1100338,-64.62954844123348,-10.381374646922316,10040.332387649454,203.53616333007812,100.0,453.0,9.931278437832253,2074,74.42105924518674,74.42105924518674
1100346,-62.54506509142634,-11.309986089821452,3031.142926340457,245.73162841796875,169.0,242.0,7.115543834002026,626,66.76991156275517,276.2273854517362
1100379,-61.878916063423134,-12.592381655076158,3961.268894012086,257.53302001953125,147.0,346.0,8.020841110800774,818,66.4367965518164,340.98474205506955
1100403,-63.39500179304632,-9.650596921023995,2647.062657969538,133.98526000976562,93.0,203.0,4.885818726818451,543,107.15168946915219,107.15168946915219
1100452,-63.94024993620559,-10.052883779900235,3260.978000287432,170.61422729492188,100.0,203.0,6.718718699392527,661,107.40313665149894,107.40313665149894
1100502,-62.08303381288589,-11.680125610839744,832.0754490951076,245.8265838623047,180.0,260.0,8.153346255639496,173,42.21125873909836,319.06060260233306
1100601,-62.986618045469235,-10.331359743516273,1958.019673039671,187.66903686523438,121.0,248.0,12.245550159313689,423,111.30172525933531,193.1582797780053
1100700,-63.800133255891915,-10.487078230142686,3442.559725070372,245.16128540039062,128.0,847.0,15.18232200876479,713,154.42823026155827,154.42823026155827
1100809,-63.32618235876219,-8.88739499770616,6848.628488995135,102.27034759521484,66.0,148.0,2.5745685808839966,1413,41.36064139611124,41.36064139611124
1100908,-61.88065562494218,-11.470312028443596,893.4973433343694,198.5786590576172,160.0,94.0,5.6502394427641285,178,10.536376564623266,343.8599861095223
1100924,-60.89817047637942,-12.53713094435946,5115.5917100338265,328.7253112792969,215.0,367.0,9.74184490733961,1074,37.23392951493089,447.80394331173494
1100940,-62.56581043173287,-9.17034176640136,3856.9285679990426,127.40530395507812,83.0,116.0,3.886996702572827,792,46.90462188725597,123.89224087415158
1101005,-63.18428794125029,-10.7487816098132,5062.1286549693905,280.31915283203125,161.0,905.0,14.393543227915115,1034,135.14620719521795,216.53769395153284
1101104,-63.045138668006246,-9.172627371774531,4059.1326578869484,114.60726928710938,83.0,85.0,3.4719801952801133,825,85.17161649086606,85.17161649086606
1101203,-61.56870727544672,-11.160207725991539,797.4718030840158,306.32769775390625,191.0,291.0,20.320308227892916,177,28.483924955325538,357.44391788537524
1101302,-62.85061067969003,-11.07675926280422,1197.7459740247577,276.5409851074219,211.0,265.0,8.733473985790173,244,98.20945293608737,252.48456342216986
1101401,-63.37221945691318,-10.212328227827632,1946.8370515406132,202.65841674804688,126.0,245.0,10.920685635759714,404,150.15138213437814,157.9534363227797
1101435,-62.53235412732976,-10.889041883817123,803.6024932796136,271.95806884765625,187.0,267.0,13.184334832218743,167,62.44644263757229,272.1945803156412
1101450,-61.4151740707802,-12.262432907635716,2540.43884031754,324.81494140625,213.0,269.0,11.546528544108943,535,65.62830354140232,391.8351692384735
1101468,-61.54607068499504,-13.173656503918394,6025.482783428393,188.2940673828125,151.0,312.0,3.057425794342002,1265,37.34471497182421,377.9412995922184
1101476,-61.316125549672726,-11.880017379549097,609.5356254968792,234.2913360595703,193.0,84.0,7.512277700080147,127,27.364144440023864,401.3248678843318
1101484,-61.46799452110028,-11.904555686019236,538.5824788929895,251.70535278320312,195.0,132.0,6.755749731126506,112,39.62243623443273,384.72858486633714
1101492,-63.122806602871705,-12.367973599392732,10937.094341663644,173.08563232421875,136.0,176.0,4.013513605639644,2277,29.58530645443889,210.14852189346988
1101500,-63.23141021193047,-11.805547859151753,3766.7000424070284,213.5644989013672,142.0,357.0,7.3544032151509455,783,87.29634668276661,193.10155014630396
1101559,-62.27955447504591,-10.94342769673838,458.5641695796512,227.55789184570312,173.0,296.0,11.621730148672109,95,34.61057715434401,294.62819781136767
1101609,-62.343001575397174,-10.121403938121878,2194.959725038614,178.2566375732422,124.0,160.0,5.480860962945056,452,37.21956940115107,215.09457435868543
1101708,-62.424082041372365,-11.103637190911753,832.9313217401505,222.98863220214844,169.0,262.0,9.363264194520983,176,51.568737073957024,295.3731982734441
1101757,-61.938728116822105,-9.733143752518078,3126.9504063953646,157.69422912597656,107.0,199.0,5.812936092354192,641,3.0917304019550027,212.27455391270055
1101807,-62.09369931644383,-10.382951854982032,967.099141956307,180.6142120361328,123.0,163.0,8.062846259439677,197,26.581882911182717,254.62405279295533
1200013,-66.9497452936614,-9.933958797503818,1812.260648389347,165.93617248535156,122.0,93.0,4.945540100934273,376,34.932059474775755,166.66984130331772
1200054,-70.00729747698723,-10.779662096289126,4996.648603994399,303.33172607421875,202.0,202.0,5.158422212142343,1028,128.19083005603346,390.6398232879263
1200104,-69.20562493008353,-10.747771854264924,3941.964717275463,274.24847412109375,193.0,153.0,5.375297007387629,817,176.7398670435809,411.7389703072052
1200138,-68.1745432859154,-9.613596023210594,3013.78692619456,188.98062133789062,147.0,89.0,3.7385556221793554,619,59.45337018949867,298.2900232020025
1200179,-67.83555893089459,-10.473144510344518,1707.0549173615873,196.74510192871094,146.0,93.0,5.580774534857224,357,48.675983182117726,261.0268562506336
1200203,-72.75471450828721,-7.972000789721154,8792.416508132592,224.8599090576172,157.0,269.0,3.491829034856432,1806,2.20315120122915,175.0867824227946
1200252,-68.61630867148101,-10.89153897279642,1637.2324224011973,242.01173400878906,178.0,121.0,5.940882681427219,341,118.62079849058144,348.89234206139594
1200302,-70.74510181169813,-8.924458694872543,27968.24292128533,249.99478149414062,146.0,292.0,4.686208539651601,5744,53.22277607396658,366.83566723472546
1200328,-71.9066889617152,-9.243275790488084,5339.308515558951,328.9764404296875,235.0,196.0,5.461610738350866,1104,84.11097549797724,234.13335314883997
1200336,-73.43868155687721,-7.504595622727249,5433.97933265008,257.05950927734375,187.0,381.0,5.838975681262725,1109,63.68601197889181,138.51916250141375
1200344,-69.85409753105692,-9.381519746718816,10629.884945540223,232.60440063476562,148.0,185.0,4.717346218094815,2179,29.154832819038642,452.11498202394074
1200351,-72.55987442207956,-9.096808549476066,8199.2686445117,281.684814453125,213.0,161.0,4.452939578236334,1691,12.719212039488488,173.4763324337081
1200385,-67.33911836543462,-10.249070439095739,1951.7841473282315,180.8320770263672,131.0,102.0,4.92856123244411,399,29.9802313023432,208.2433812496709
1200393,-72.73372586597267,-8.492551014188463,6451.459027232602,244.80105590820312,196.0,217.0,3.403538783640475,1327,13.493671381610165,168.7169114670675
1200401,-68.37195127952047,-10.06512699615333,8837.782191313338,208.50164794921875,133.0,183.0,4.500357953805194,1818,87.3063698099821,322.80925350596146
1200427,-73.22177325818996,-7.84379975418902,3060.6996513344347,250.4276580810547,174.0,326.0,5.45473585149838,629,48.77049013951609,133.33413072272782
1200435,-70.39669231993186,-9.410774694568184,6169.665421081707,252.160400390625,147.0,186.0,4.8944171645964,1278,9.391982891179708,393.3537898894035
1200450,-67.42858190051709,-9.998717835212053,2326.188073068857,177.01670837402344,138.0,83.0,4.2407529714068355,479,5.051754734481868,219.5670261069283
1200500,-69.38096907487501,-9.7705540488699,23729.554079034366,230.83023071289062,133.0,212.0,4.717772271741939,4895,81.90860478629325,430.70058023224675
1200609,-71.44490168907785,-8.239480354591965,20161.951293814927,252.07199096679688,168.0,192.0,5.087268631051794,4139,128.92586644506932,312.16607037571055
1200708,-68.50401144152433,-10.57614036315079,5361.169075843878,227.94708251953125,157.0,151.0,5.546674705045815,1115,113.53606307832153,334.27475555445983
1200807,-67.69696813752414,-9.630160937201111,2609.8952955338173,171.87037658691406,129.0,86.0,4.2030021151323735,540,43.45300579147423,245.84563345254335
1300029,-65.32293288349801,-3.693374765270338,5910.042284748517,78.41011047363281,25.0,99.0,2.5346847249778577,1207,79.28853507264338,79.28853507264338
1300060,-68.28784640068798,-3.4184623640198857,4749.51307953964,82.53974914550781,47.0,75.0,2.324071582608874,956,11.040177955669098,11.040177955669098
1300086,-61.71846414305536,-3.503274747157846,2426.803700473858,41.49490737915039,10.0,48.0,2.0266425023771566,491,30.194903619226782,30.194903619226782
1300102,-62.09453475334525,-4.198495162367426,6032.604358220007,36.1357307434082,0.0,67.0,2.04821132879127,1223,25.862301725803775,31.204705003465047
1300144,-59.432483749133056,-7.760232540637537,54213.979219136294,154.16424560546875,38.0,300.0,8.004724776646684,11105,117.91615768948841,289.83647045579295
1300201,-71.74150723616464,-5.7109825874495375,76516.36131585622,156.34478759765625,57.0,381.0,3.7428066056864817,15618,118.7695386047107,202.21263213687914
1300300,-59.525320363675924,-3.7867853193748875,7657.361548276385,30.773221969604492,0.0,54.0,2.4150606236474266,1561,32.73592519121418,32.73592519121418
1300409,-63.434756998429506,-0.464854635496096,122479.78971374966,92.7449722290039,0.0,1854.0,7.350531135537175,24860,9.564477361333571,9.564477361333571
1300508,-57.17205111944188,-3.1321143550514208,5742.06507356849,34.9538459777832,0.0,106.0,3.611283086946379,1170,62.71051537622282,62.71051537622282
1300607,-70.27374997704251,-5.422272717630877,8740.679904147517,137.99215698242188,61.0,172.0,3.8373145728191256,1786,97.51098841045571,126.7334895632057
1300631,-61.80483271053641,-4.606061977101006,17497.775914471596,46.923336029052734,0.0,102.0,1.9678343121658157,3561,21.712307356449962,71.5679182662938
1300680,-57.670325354568625,-3.1376105242289936,2603.786235243315,26.830188751220703,0.0,54.0,2.463957168904537,530,44.91068347748561,44.91068347748561
1300706,-68.04687092974521,-8.77302875724215,21961.833066105377,170.30099487304688,104.0,143.0,4.499031678276947,4515,21.937661863984424,300.8380224264298
1300805,-59.53516354988603,-4.957749448438319,44212.76396150561,60.368263244628906,0.0,196.0,3.749534883440846,9018,45.85540688854114,45.85540688854114
1300839,-61.87692883958885,-3.0827574525473866,9482.787478299113,47.39751052856445,7.0,62.0,1.841932013538317,1927,78.24884145855573,78.24884145855573
1300904,-64.06170671481608,-7.301865928884411,33617.14178405702,82.29200744628906,44.0,98.0,1.801786274150825,6897,60.7888146683736,116.27658969186194
1301001,-67.33752329078847,-5.118632680594377,25757.727562852437,108.33072662353516,63.0,100.0,2.393330981667754,5243,12.262488840334523,209.25286003099222
1301100,-60.18401608972492,-3.771641637830493,6089.119488917291,34.76953887939453,0.0,67.0,2.0918585404988583,1241,47.732970594803,47.732970594803
1301159,-59.59976878748676,-3.2858678514998374,2637.7910113483667,22.29345703125,0.0,49.0,2.3146216190423194,535,19.32641930904477,19.32641930904477
1301209,-64.12489110032007,-4.435395045555804,57996.05145399703,67.18035125732422,5.0,102.0,2.329785168637685,11816,57.642711304382175,71.03352036407152
1301308,-62.973589322582825,-3.288864310382416,18682.71187227452,48.66228485107422,4.0,68.0,1.9771609633107825,3805,69.90703645414608,69.90703645414608
1301407,-70.21782147521347,-7.021940124133919,14921.436775554903,175.50738525390625,114.0,171.0,3.9222843691589824,3049,29.196974995913124,297.6018667817541
1301506,-70.05532953131805,-7.573241413462182,7528.017156837508,183.81729125976562,104.0,166.0,3.9275110115681144,1538,91.13835173378601,355.75259248499367
1301605,-66.35850228829321,-2.490914763157927,12149.996062595048,60.829345703125,0.0,95.0,1.9711660925750272,2467,3.966756160981352,3.966756160981352
1301654,-72.84498366317474,-7.230361377896194,7575.845178726129,211.32432556152344,165.0,127.0,3.1831001817274225,1554,41.468357013513405,206.83245148826296
1301704,-62.48662369156948,-7.361057041431314,33068.50287317298,71.51385498046875,28.0,92.0,2.098084445370545,6784,48.77796946199836,48.77796946199836
1301803,-71.41251384147988,-7.179914636328234,12128.27490495611,191.25332641601562,128.0,126.0,3.6358853241230995,2483,24.35108484668972,345.22440125619204
1301852,-60.48312177823484,-3.094780250625784,2207.6976414155215,46.146728515625,6.0,79.0,4.274638030792309,443,6.194672133938686,6.194672133938686
1301902,-58.77644592704078,-3.1730992952889707,8882.845897982595,36.65599060058594,0.0,148.0,4.124957005025604,1811,18.026825698275434,18.026825698275434
1301951,-68.11356353242918,-6.682752334972081,25247.990597892087,138.16754150390625,74.0,141.0,2.826058978652172,5169,27.897615681389343,306.8455597564314
1302009,-58.614229875250494,-2.497368318178104,4352.614785975777,76.54473114013672,5.0,153.0,7.578978146392217,883,21.527691710141877,70.15905421093798
1302108,-68.3206605685636,-1.697212377102779,55849.23905998713,107.4066390991211,0.0,556.0,3.372821010853405,11359,5.2176688887195075,139.63792042040185
1302207,-66.30771641689509,-3.5237272389243763,19466.02729581436,77.61497497558594,0.0,139.0,2.0787127992502215,3979,4.517252202206685,100.28477804656053
1302306,-68.40652429224804,-4.715941580242888,69475.6910801183,123.38280487060547,0.0,232.0,3.251582688233734,14169,1.7124853804770899,125.86006649885209
1302405,-65.81194278326083,-8.375018824919199,68302.65039172769,122.21976470947266,53.0,277.0,3.0380677040323354,14006,6.083263911415464,138.15718640703923
1302504,-60.9583207435188,-3.2910797749794574,7317.416320127319,34.47110366821289,0.0,369.0,3.438236528325389,1488,26.773794280643912,26.773794280643912
1302553,-60.69787219308973,-3.7795032720319157,3976.484080138849,34.91915512084961,7.0,44.0,1.8810522060522261,804,29.365893191844616,29.365893191844616
1302603,-60.25924031203924,-2.6268060037704033,11401.548209291184,67.92851257324219,0.0,180.0,5.439507999668551,2322,46.382916838309,46.382916838309
1302702,-61.446924069014514,-6.461101655859895,48303.19264936168,71.13481140136719,0.0,230.0,2.811049160521343,9888,51.01195440256348,51.01195440256348
1302801,-65.04104001709511,-2.42524343453767,16782.81711722596,51.76554870605469,0.0,119.0,1.9789281806133698,3425,11.373348760398711,43.458202268552576
1302900,-58.06181352833791,-4.985851308889089,39993.871224875795,100.5152816772461,1.0,258.0,5.928150779628092,8147,112.37799567894304,169.34731911794674
1303007,-57.65630229572438,-1.679921429550036,14101.05022202339,103.63833618164062,0.0,358.0,8.045218212098252,2859,79.44671466119951,79.44671466119951
1303106,-58.60052980660597,-3.988488832139976,5585.155580550898,37.773006439208984,0.0,82.0,3.0319771621750884,1141,55.38220737506511,55.38220737506511
1303205,-61.70330620609462,-2.048415688436007,37784.265350365895,57.284339904785156,8.0,162.0,2.86385526703424,7688,36.93918340582258,36.93918340582258
1303304,-60.47666679359322,-6.823068211705136,41125.859018642455,87.2862777709961,0.0,289.0,4.67610625807272,8415,0.6617808700893213,143.57994617791599
1303403,-56.85516706189982,-2.6874094614293482,5970.589793181629,25.588815689086914,0.0,307.0,4.048270815151399,1216,13.000895536840403,13.000895536840403
1303502,-68.19806823023298,-7.757682099816148,41581.82540201116,161.8067626953125,64.0,404.0,3.5072839038734895,8518,106.82694264667288,367.38734210399684
1303536,-59.98979397802351,-1.370981061700869,25439.77869606117,98.25778198242188,0.0,280.0,7.276594170064713,5171,7.156938109766833,152.13879550187087
1303569,-59.638695930486435,-2.5288236459317455,5804.649625883438,92.90355682373047,22.0,139.0,6.725938006161664,1182,56.73281451955276,60.17136593096237
1303601,-65.52136066975811,-0.31896716273673903,62827.59418212087,126.11090087890625,29.0,2398.0,11.808505610389654,12768,3.690282068462188,3.690282068462188
1303700,-69.08941011414679,-3.0536914940681523,12377.084681191132,95.61810302734375,47.0,116.0,3.470917673080583,2519,6.584668149532663,39.3814763401747
1303809,-67.99763873207519,0.37483131001342024,109215.37759489818,116.58157348632812,0.0,830.0,3.6418762800445266,22171,24.488347005642073,75.57743928791022
1303908,-69.44974199186409,-4.500547747746581,19629.60417771968,125.88327026367188,23.0,198.0,4.2906005988383535,3992,24.06069863072327,24.06069863072327
1303957,-58.705593680967795,-1.9411778137961515,10656.287326781428,94.84271240234375,1.0,257.0,7.452757572572745,2168,34.373907110951606,122.56434186692142
1304005,-58.537386674773,-2.820879469647293,3721.1330645357957,63.03963088989258,0.0,147.0,6.254049584793218,757,37.692320651996305,37.692320651996305
1304062,-69.6775730587203,-4.0280913172122474,3265.318159777671,96.92180633544922,57.0,90.0,2.688432383030577,665,20.240163008017,20.240163008017
1304104,-64.95573123007297,-6.093577196579178,84961.27051529428,86.0604248046875,12.0,143.0,2.4829603448415627,17361,57.159422436597815,253.40511472086357
1304203,-65.53128736354046,-4.469839181931947,23711.00722375093,85.7055435180664,15.0,118.0,2.4271782461956697,4819,97.3853722143328,158.12726998888823
1304237,-67.82715632155201,-2.6921057783609537,6437.935651679058,88.82249450683594,0.0,139.0,3.022065328875609,1307,16.689468606043903,16.689468606043903
1304260,-65.41111251375615,-3.1672262355640353,10277.375161863049,70.36341857910156,16.0,83.0,2.1869919333359316,2083,41.152240019848136,41.152240019848136
1304302,-59.029890514514506,-0.893431756079614,27903.395365887787,133.02828979492188,0.0,409.0,9.893977519762135,5656,106.00443422671312,233.90928178578054
1304401,-57.769608686729384,-2.8123818012063904,2905.6180679405807,12.662092208862305,0.0,45.0,1.709123192698007,583,7.865216103088552,7.865216103088552
1400027,-62.438305030362045,3.733024558071284,28446.177759878803,402.7271728515625,71.0,1464.0,24.692036522313177,5791,58.633273014962874,186.7209156928404
1400050,-62.74142116843913,3.072701576002062,25430.384365950944,440.14093017578125,69.0,1417.0,15.675647547344044,5173,18.483573972642983,109.22507992146595
1400100,-60.71741423641097,3.1185598820537392,5686.316115315887,87.44540405273438,61.0,151.0,2.3698662380897884,1154,18.306944986193283,313.19915480452846
1400159,-60.10000801703922,2.7877597506138327,8071.764112936333,124.5761489868164,64.0,330.0,4.5603716511809465,1635,51.77092370541719,373.73404343689543
1400175,-60.541881756809886,2.274714697549208,7654.69338266924,146.72862243652344,43.0,819.0,16.6278453827456,1555,31.645766829703383,322.1065156305158
1400209,-61.47138163031359,0.990454834354886,47419.80507408851,107.88854217529297,0.0,1622.0,9.995708304371547,9636,12.51437934449247,254.40631440717794
1400233,-59.33814246507623,0.9143630083781131,12061.953820518625,220.81483459472656,121.0,830.0,12.692420715314915,2441,74.67447349608729,362.6446792611471
1400282,-62.400819326422955,2.182198703170543,14015.27730995277,289.0242919921875,58.0,1159.0,15.556699636332018,2841,105.51220274023773,117.08946764603257
1400308,-61.99692041587455,2.511306779351155,12351.980391894467,217.480712890625,64.0,1091.0,15.33293315860365,2515,73.98587556483702,160.76301486775566
1400407,-60.06380986506563,3.8793958853113146,6940.415720406687,183.17323303222656,68.0,667.0,18.918422353285877,1420,78.68675207415683,409.85657386847765
1400456,-60.8385621818321,4.16517093882953,8015.803898868384,356.9932861328125,69.0,1230.0,23.330504400433096,1636,65.17526752814706,349.84475794873373
1400472,-61.011512627913504,0.03764685501331833,33570.008643896785,63.965553283691406,0.0,266.0,2.5961657421773636,6822,83.04859995030681,177.16745384747026
1400506,-59.84520671037358,0.6363853197994901,4280.419810220817,146.41714477539062,93.0,164.0,5.040324781583573,875,138.68360542702877,302.17374796870575
1400605,-60.153177191382774,0.8839786253355664,1538.9379655122466,121.1150131225586,78.0,204.0,6.019806064277287,313,133.0988737777401,304.30690004167445
1400704,-60.27991773992023,4.684264314001573,8135.290902282577,763.3258666992188,121.0,1868.0,37.60923755147082,1651,65.3158582175476,433.44026634521776
1500107,-48.883133447365054,-1.729927168142771,1618.4797078173724,12.647416114807129,0.0,36.0,1.6633364324300974,329,136.4154941535877,136.4154941535877
1500131,-48.424971823446185,-4.958438812214791,619.3518564542755,224.1640625,121.0,242.0,11.89226947567619,128,22.972429255737534,47.820174214945524
1500206,-48.41124977681825,-2.034425413188592,4324.230971690617,34.434932708740234,0.0,60.0,3.3637142865897562,876,156.97994660744374,156.97994660744374
1500305,-50.72533088364236,-0.26257753923642996,8330.057924784778,12.276759147644043,0.0,27.0,1.9678989538693263,1691,125.22224055432211,265.06326681644015
1500347,-50.43032412742926,-6.77377082704657,7110.686291247141,311.8404541015625,221.0,441.0,9.175497555057365,1454,135.16281176610497,135.16281176610497
1500404,-55.039442305827585,-0.604158347865096,23634.574377200857,302.9248962402344,0.0,589.0,11.428942215853903,4847,56.402239391657346,156.8038649349646
1500503,-53.894424948099335,0.28516792498068555,72949.18551046285,270.65625,0.0,743.0,13.48650248034492,14819,79.12873720182229,236.54214386397177
1500602,-53.887016117037184,-6.4860334766405146,159657.2703272343,265.73248291015625,63.0,617.0,8.305722428748743,32612,10.674347770000287,452.7215387625418
1500701,-49.961662435528574,-0.8273305434413023,6911.480829862645,19.621891021728516,0.0,47.0,1.1586909207593674,1407,206.97667296130942,206.97667296130942
1500800,-48.38516899760732,-1.3291452867371825,173.77607157506282,15.939393997192383,8.0,17.0,1.6713678756975094,33,206.4584987702448,206.4584987702448
1500859,-51.30092702406569,-3.997153005495234,11938.872988269315,143.99305725097656,10.0,338.0,6.642290988849681,2449,70.76006352999516,178.6995172709792
1500909,-46.509706256631695,-1.104856737660063,1099.9414571116795,25.312774658203125,0.0,67.0,2.8291633436235872,227,43.6899101843948,392.3024910047983
1500958,-47.7247023440316,-2.2307218941856117,1816.3751329081133,47.22432327270508,11.0,74.0,4.090229834243604,370,130.02170102036777,221.9173020697146
1501006,-56.015413074512985,-3.6669499699917223,17070.207968971692,96.5022964477539,0.0,225.0,6.744603207006362,3484,55.578539126950275,138.86889233666432
1501105,-50.18232405570713,-2.373865752174401,4401.910023478442,30.161470413208008,0.0,86.0,2.08595017775323,898,64.39374075971244,64.39374075971244
1501204,-49.69946101024322,-3.1288876934916354,3760.470194294001,40.07781982421875,0.0,138.0,4.530474543871468,771,5.254532515379481,5.254532515379481
1501253,-50.63433851503985,-7.4875049782032335,2978.7023261580616,417.7779541015625,250.0,441.0,15.859578128269304,608,137.4961166257291,137.4961166257291
1501303,-48.63411165179721,-1.4988243665525312,1307.3105700096348,12.954716682434082,0.0,44.0,1.9091712273908363,265,173.87180501411774,173.87180501411774
1501402,-48.45974797570657,-1.244914542737286,1070.4333405580837,8.43891429901123,0.0,38.0,2.1925888883628395,221,207.8039731259505,207.8039731259505
1501451,-54.99310791622702,-3.1923248539888753,4404.068159696762,128.66249084472656,0.0,272.0,9.42082231238017,877,20.914289160113796,91.67286265742727
1501501,-48.27773839321028,-1.3382461851036518,189.77856117876945,24.674999237060547,8.0,39.0,2.402243758947339,40,214.21552858002792,214.21552858002792
1501576,-48.763726961713644,-5.053948661152509,2809.4742124318145,158.221435546875,81.0,257.0,5.743546563341343,569,29.65628642232604,31.55395305676951
1501600,-47.30164340140302,-1.3868781889060164,590.7944177838508,51.974998474121094,27.0,53.0,3.7891426510795667,120,116.34863162101529,299.6444840003858
1501709,-46.76278023149808,-1.1934966899606203,2106.245352917176,38.081207275390625,2.0,81.0,3.3714115385588914,431,67.49406405767319,362.7173543578991
1501725,-52.68606476980855,-3.2920583470837386,6337.317690893193,162.4860076904297,29.0,323.0,10.654121311113318,1286,51.037448649096824,173.9513539938434
1501758,-48.431230784274135,-5.734242207284509,1273.5329203000292,169.86538696289062,87.0,153.0,6.206605799865489,260,14.96954930978828,14.96954930978828
1501782,-49.37137534345643,-3.734014674221578,3937.502469535568,79.69143676757812,6.0,153.0,6.012302595701429,794,36.01689678808719,36.01689678808719
1501808,-50.62764281075563,-1.1211814504212017,9563.484714595892,18.269309997558594,0.0,37.0,1.6687556937304935,1942,142.5602178927286,202.28094301870945
1501907,-48.090094391250986,-1.6338078517148014,990.0755504090921,29.19499969482422,0.0,53.0,3.205555401341736,200,197.01440147324715,210.20706980286897
1501956,-46.44327865413388,-1.9920556810694103,2439.3862058835803,53.123233795166016,0.0,144.0,4.11803252165038,495,21.79171310857276,366.8611562641138
1502004,-48.87707952985839,-0.8690466694630573,3095.5673053673236,5.480127334594727,0.0,33.0,0.9356093932060325,629,218.42686020373205,218.42686020373205
1502103,-49.511626435966626,-2.2508333764048425,3069.7982302900637,14.214743614196777,0.0,38.0,2.004669050523022,624,50.2046403665461,50.2046403665461
1502152,-50.08669592678075,-6.424588888456288,3143.700353852706,357.27581787109375,175.0,646.0,29.137778922226996,649,110.98370155443335,110.98370155443335
1502202,-47.11777817549454,-1.1414832393484347,615.4351368900388,32.3120002746582,5.0,56.0,3.4659180982385815,125,107.40757050034466,330.87589621933205
1502301,-47.233245837183524,-2.0416655601747222,2929.500898108701,72.92073822021484,9.0,133.0,4.507056767815018,593,92.4693317176467,280.01438390690674
1502400,-47.875674388796405,-1.2703201996922757,1022.5633670536336,39.51184844970703,19.0,38.0,2.476549666910716,211,181.10816279611285,253.05568793187874
1502509,-49.84317049424351,-0.03375040966079169,12495.457339887485,8.085182189941406,0.0,30.0,1.7240333011143385,2524,138.38087914527924,292.79938633652955
1502608,-48.274153500054105,-0.9367763928413915,387.0643308561994,10.683544158935547,0.0,32.0,1.7432730309477207,79,235.22809129684762,247.22964390595308
1502707,-49.51363898833078,-8.181556435875725,5858.203629954718,200.28050231933594,141.0,254.0,7.630356099474959,1205,29.639122784507723,29.639122784507723
1502756,-47.97601007944805,-1.880741400435159,694.4957570490078,39.801368713378906,16.0,45.0,2.993943764396246,146,173.11440508698217,207.9777954162893
1502764,-51.22027850073849,-8.45796104734968,17071.892720534,355.1001892089844,233.0,457.0,14.678667362948813,3503,107.37817901589057,159.8620342653451
1502772,-49.62542942158114,-6.228069233170076,2372.052536929259,256.7880554199219,137.0,553.0,20.941907636543668,486,88.29777893926301,88.29777893926301
1502806,-49.98700161142793,-1.583869115015629,3607.865076167742,18.604082107543945,0.0,81.0,1.7279553502508063,735,125.8078779118261,125.8078779118261
1502855,-55.11380275303066,-1.8463058029734434,1431.6782044040738,19.0,1.0,67.0,2.678883434006711,289,31.77472059175048,31.77472059175048
1502905,-47.86310977742582,-0.7448780365914229,673.1795166529773,18.935714721679688,0.0,41.0,2.489337789417871,140,198.64148617241315,293.338610457916
1502939,-47.8987071902606,-4.187615184625688,5245.591289279517,201.8227081298828,82.0,260.0,13.072168789479127,1066,55.08426214922398,143.57552372017977
1502954,-49.2461987910439,-6.07027783981787,2959.559333641082,151.87893676757812,105.0,258.0,6.248123347062948,603,80.48409059582933,80.48409059582933
1503002,-57.80511280455076,-1.1592213360111299,11789.894316191087,132.97532653808594,1.0,373.0,10.036846763361087,2391,83.72942682301323,139.25045490304652
1503044,-49.57680992692463,-7.547785559984067,3418.7091951565817,188.3559112548828,127.0,379.0,6.582345699397131,694,20.615683119894964,20.615683119894964
1503077,-47.07532821265807,-2.168578844755946,1604.5139551940374,79.20303344726562,39.0,104.0,5.606285930218794,330,72.61356775760719,294.0348516707532
1503093,-49.00603114878194,-4.02686743691287,7022.413714393275,108.837646484375,46.0,163.0,5.646195175410949,1429,70.87407573333813,70.87407573333813
1503101,-51.5540855640821,-1.1493811012476194,8589.753484440851,18.861255645751953,0.0,59.0,2.31778300569058,1737,39.40135540626891,137.54200813509513
1503200,-47.564544398034634,-1.1455459429244963,792.6248785555363,39.39506149291992,12.0,49.0,3.1286521222031727,162,153.54778986288414,289.050114394066
1503309,-49.13095056805941,-2.063638007121381,1986.9937488160213,14.22249984741211,0.0,31.0,1.6770754727791906,400,90.44883090724436,90.44883090724436
1503408,-47.92388195491373,-1.464129316768029,473.41969025396975,24.26530647277832,5.0,43.0,3.1683415150472096,98,181.42145521662778,236.03910312400265
1503457,-47.92489423228668,-2.808430865612564,5211.848475046689,68.86622619628906,0.0,137.0,5.212804513591859,1054,126.96514554531699,194.58362763641477
1503507,-47.40353077676053,-1.8121787345275762,1392.3602501204005,36.387325286865234,6.0,70.0,3.805794673841803,284,118.72634584711032,269.66027311645826
1503606,-56.49673043524802,-5.870500230559925,62074.095039621694,202.17935180664062,0.0,642.0,10.344007207411547,12662,74.81273048892993,351.1277486122732
1503705,-49.86942022186791,-5.114448281269511,7895.565503190737,158.60731506347656,69.0,237.0,6.54664342887432,1612,52.39928965765439,52.39928965765439
1503754,-57.30288532633459,-7.444869382068791,53340.536024579545,218.54335021972656,47.0,575.0,10.100473040932895,10921,71.40518806967977,409.6574990477012
1503804,-49.18075181676058,-4.597063418406534,2001.643923771102,103.40586853027344,67.0,184.0,4.7558016802653045,409,34.79585144204937,34.79585144204937
1503903,-56.22230873346396,-2.6238767129246465,8291.940441903891,61.16300964355469,0.0,152.0,6.051096899666133,1687,34.60723470138852,34.60723470138852
1504000,-49.4687182988003,-1.8635681080223518,1485.8592897693743,10.380794525146484,0.0,26.0,1.658153794942987,302,92.58319422453509,92.58319422453509
1504059,-47.51352985853593,-1.993576416257225,457.27883457008284,47.593406677246094,24.0,46.0,3.858541497796105,91,124.03505437776637,251.49986627802858
1504109,-47.636240340198704,-0.810430261315777,332.60281927188043,23.18181800842285,3.0,36.0,2.5547350083594793,66,172.37948512376474,306.26580403439107
1504208,-50.01771767786843,-5.630362815398752,15135.659132573754,203.05874633789062,80.0,580.0,11.974553670597432,3098,92.7132111033578,92.7132111033578
1504307,-47.49492725878938,-0.8077257904896854,837.4097402054467,21.270587921142578,0.0,47.0,2.855049176347082,170,157.59200306617535,318.2627849232524
1504406,-47.7095711273274,-0.8333493982248007,818.101540461008,22.04790496826172,0.0,48.0,2.849818225565368,167,179.42983699443147,298.54676566728114
1504422,-48.31995037532943,-1.3980284224396646,107.37115383875789,22.149999618530273,13.0,23.0,2.8616807189378255,20,206.25598848759566,206.25598848759566
1504455,-53.19430366897957,-3.1606264163558615,8271.494101257878,164.7663116455078,24.0,311.0,10.53469669506213,1686,88.45033125775568,134.15040361163165
1504505,-51.10322887813809,-1.6077244912755089,6788.363244085631,24.88711929321289,0.0,89.0,2.30544335425821,1382,102.43237925150534,179.03712149021754
1504604,-49.468892195732835,-2.5768694035079234,877.7984211867442,22.618497848510742,2.0,37.0,2.3231695612223078,173,24.906392742366325,24.906392742366325
1504703,-49.07459055179284,-2.6848150503677237,9099.941673651629,44.45161437988281,7.0,91.0,3.3295217580719916,1860,66.21539923452065,66.21539923452065
1504752,-54.57484327221648,-3.0710005407636047,5007.973947849707,121.55834197998047,22.0,225.0,11.023345192032137,1037,65.16185883121896,68.66651600451102
1504802,-54.35373717058399,-1.0738483783203079,18157.70154537121,282.6654968261719,0.0,809.0,14.321913396117989,3692,9.696653282364116,104.15526938949465
1504901,-49.307862768958536,-1.3576221623123492,3756.6535735002253,10.896732330322266,0.0,33.0,1.6973734232701583,765,151.246656361486,151.246656361486
1504950,-46.90002329214513,-2.3946625157929726,2819.53442460543,97.91068267822266,48.0,108.0,5.249903038984177,571,43.14243386963249,309.65113159220937
1504976,-49.230590275800665,-4.980620621362046,1572.677441205131,106.7593765258789,69.0,100.0,4.54953364824931,320,18.01490913064562,18.01490913064562
1505007,-47.39213184111293,-1.1583357708248285,483.01469363906654,33.272727966308594,7.0,51.0,3.638053893864762,99,135.7277033288962,304.02998803355916
1505031,-55.611790992829455,-8.0631081097429,38178.31684611086,336.6424560546875,195.0,490.0,10.01513750484716,7837,169.52579201969598,594.093969614732
1505064,-50.27092817937594,-4.50253567424733,15359.003791336203,152.50576782226562,14.0,336.0,6.844323336251631,3120,74.22526732070227,74.22526732070227
1505106,-55.674858174630124,-0.17008278966427287,28038.733226638986,259.44769287109375,0.0,728.0,9.276857644973404,5649,118.675556679645,192.21713645971704
1505205,-49.90214158360914,-2.277709681268205,3865.4111499472056,23.073604583740234,0.0,45.0,2.0577869748149142,788,51.05217506581158,51.05217506581158
1505304,-57.149979675003756,0.2549240534754126,107581.35829752497,230.70909118652344,0.0,764.0,10.325396180830621,21869,26.79741674437574,279.0733832171834
1505403,-47.14113451535048,-1.4965963622491485,559.0154951468576,58.28070068359375,17.0,73.0,4.919236999361066,114,95.6101829931835,310.1657788754464
1505437,-51.43201504181945,-7.522111039990118,14414.946774688084,359.8511962890625,205.0,508.0,17.447557855791025,2950,98.98446215319642,225.37772126776827
1505486,-50.63092385228966,-3.684861982110082,11830.828529228456,114.2005844116211,21.0,333.0,7.263644976970315,2408,103.39127074543691,103.39127074543691
1505494,-48.3715619918265,-5.926107095491613,977.0078790877014,164.7244873046875,92.0,177.0,11.051829772990816,196,6.908940655445965,6.908940655445965
1505502,-47.602409666696246,-3.203622253683321,19346.19300652924,115.21694946289062,0.0,227.0,8.953716371113895,3941,75.36513166064348,225.9983736840438
1505536,-50.49055746478781,-6.152454837289871,6887.377171936212,340.7146911621094,142.0,574.0,24.052774902072464,1402,164.82022995445695,164.82022995445695
1505551,-50.12187524221877,-7.736460324028463,1666.0982635482214,267.9852600097656,173.0,414.0,13.149287900509226,339,82.06130931417535,82.06130931417535
1505601,-47.27172479618084,-1.129703505186255,454.6221441399539,28.771739959716797,7.0,51.0,3.5473951469396896,92,124.5312920028692,316.9900649878342
1505635,-49.012261145001084,-6.541318622452064,3303.36498668883,179.65579223632812,124.0,132.0,5.658751640804464,674,26.00451355747597,26.00451355747597
1505650,-54.50042455758138,-3.88954494796735,7172.315945658367,198.88706970214844,52.0,370.0,13.64933754825906,1461,93.60044562132931,159.39158728829503
1505700,-49.077767308170564,-1.1157411275656894,3373.613450005825,7.114706039428711,0.0,24.0,1.171391120026477,680,184.68708519699712,184.68708519699712
1505809,-50.95601308371082,-2.565684812349431,25377.27522791142,52.31110763549805,0.0,300.0,3.416409703552781,5159,98.52474154647444,137.63540234529015
1505908,-52.5489036561343,-2.184869097163145,17422.49126958527,54.145111083984375,0.0,632.0,5.488453126614271,3549,37.84372455204744,68.8730501458698
1506005,-53.66093570016587,-2.1200681908078525,14788.533029794402,101.94066619873047,0.0,815.0,9.096475528768371,3000,25.26222111482171,25.26222111482171
1506104,-47.13035190305344,-0.9529070058853989,253.7286887956434,25.058822631835938,9.0,37.0,2.9704057149046084,51,113.97618034021838,340.89044691906304
1506112,-47.0169434303609,-0.8604788939479907,302.7446215050295,13.384614944458008,0.0,37.0,2.1839118071062913,65,106.1905273853841,357.07891074722835
1506138,-50.19659668263149,-8.068726110995712,3799.4145714836195,253.16026306152344,170.0,400.0,10.12639270018976,780,98.4226425881119,98.4226425881119
1506161,-49.8943104314721,-7.33991577969809,4105.129502021708,242.0165557861328,142.0,408.0,11.629946544983543,846,59.79447006887395,59.79447006887395
1506187,-48.45987899671593,-4.517046310900682,8246.323115746723,200.1862030029297,81.0,279.0,11.54160800569192,1681,71.92243482165787,96.3429656745781
1506195,-55.2098925142502,-4.240917448385342,6983.105799887329,187.31214904785156,0.0,425.0,13.208238391129152,1416,54.2752933419725,208.5516400356506
1506203,-47.34923555970805,-0.6771116008874563,210.81541771264165,15.55555534362793,0.0,33.0,2.286928953141731,45,148.24179789719727,339.97970088068513
1506302,-48.62952611498521,-0.7964343808709878,921.5422649778193,7.6861701011657715,0.0,27.0,1.2302675941413537,188,237.92168492154923,237.92168492154923
1506351,-48.25210637593329,-1.1944947510905821,278.80790010781493,21.745454788208008,0.0,42.0,2.5719665593284384,55,223.68639218582774,227.46050722421737
1506401,-49.31294000763731,-0.5839891371300626,1069.0524071363325,4.922018527984619,0.0,20.0,0.5372241712266483,218,212.37791742203927,234.71174833091155
1506500,-48.12890722268374,-1.3650636184039382,717.3484932334977,29.462068557739258,5.0,49.0,2.960443655884158,145,205.88437449747127,224.55804842336028
1506559,-46.92658039705022,-1.655163119214587,1354.6745454210904,59.642333984375,24.0,87.0,4.365868408760801,274,68.4910083655165,325.4708122356071
1506583,-50.31400994562622,-8.633151756775433,10309.530483596027,234.45059204101562,148.0,488.0,7.351896283735615,2115,68.57365499615763,68.57365499615763
1506609,-47.521125078268575,-1.3749792457918129,448.741773417918,40.33333206176758,19.0,42.0,3.3824747056938445,93,139.98302886952345,279.0792472055357
1506708,-50.611345405672296,-9.363391259445617,11606.696278005838,239.43966674804688,161.0,507.0,9.99306743787192,2395,57.67547726786659,57.67547726786659
1506807,-55.239229179337464,-2.6788706640442137,17892.408503742772,67.88484954833984,0.0,215.0,6.914841157112367,3630,14.142287401025879,55.7010022375438
1506906,-47.3296937270384,-0.9148627596112872,232.79085989226587,28.125,8.0,38.0,2.6239762309173136,48,136.35753068687833,325.23373279903
1507003,-48.18280185859208,-1.093676727741128,544.7386769051082,23.018348693847656,0.0,53.0,1.962343359834,109,219.64657142989944,240.85426013465033
1507102,-48.02560431457731,-0.8670958417222857,464.59599623730173,23.565217971801758,3.0,41.0,2.4480401036793755,92,212.50026834456247,271.1240444262514
1507151,-48.73014395814028,-5.658635687375488,1401.2402526678052,158.3873291015625,108.0,128.0,5.289582976954717,284,31.659930791363724,31.659930791363724
1507201,-47.774061358469815,-1.8852452219077414,1692.7855989118689,38.636627197265625,5.0,72.0,3.568415991895655,344,154.27859562461396,228.3453398715085
1507300,-52.25253947611241,-7.233119869695854,84293.99429766368,287.7225036621094,148.0,519.0,13.453245843588023,17229,27.9092736065146,318.02157214979513
1507409,-47.746939498123155,-1.206232379004725,481.427171538875,40.59375,15.0,44.0,2.863213974612948,96,169.74546974041914,268.73772610058523
1507458,-48.74828665128398,-6.189606493924755,3184.5898795393296,189.25535583496094,123.0,384.0,10.926619002004992,654,31.37244209676553,31.37244209676553
1507466,-47.96576154511159,-0.8667869503824975,187.40389301683172,23.09756088256836,7.0,30.0,2.4156898307383114,41,206.02564222305105,275.6893717039024
1507474,-47.21761497953545,-0.7811150037182948,678.5788873539714,21.036231994628906,0.0,49.0,2.8389194321808477,138,130.18032721097225,344.11568921643146
1507508,-48.69596404143284,-5.447571228983528,1276.1028155083768,123.32307434082031,79.0,103.0,4.948229656266125,260,9.43905739694938,9.43905739694938
1507607,-47.61207577205109,-1.5516858490141379,1094.6323517099954,31.809091567993164,5.0,54.0,3.3365110871389545,220,145.62734693815648,260.57307509947947
1507706,-49.680044590819875,-1.4331380282785426,1635.5731281182962,17.647239685058594,0.0,30.0,1.480392462503684,326,137.43276562575286,137.43276562575286
1507755,-49.570175574098855,-6.839525017952876,1299.075442536734,203.59410095214844,155.0,233.0,6.145740970152023,271,40.16359904265413,40.16359904265413
1507805,-51.764709865233435,-4.323397838229332,14408.655665669357,182.72943115234375,73.0,281.0,7.369014790578987,2650,81.45393579448246,234.89292291383808
1507904,-48.697710640032646,-0.4486856113548653,2848.904979512299,4.685665130615234,0.0,24.0,0.6923399579447516,579,231.67203438861802,269.01579417443907
1507953,-48.736381266495684,-2.9064495563429156,4440.245679719723,58.829078674316406,22.0,71.0,2.9464606968318363,901,103.98763263973593,103.98763263973593
1507961,-47.850707354355634,-1.002733046800612,214.7612423018436,37.974998474121094,23.0,25.0,2.3840785472411996,40,189.0957042904362,274.2910941924358
1507979,-56.458047092813985,-1.9514606383442654,1888.013218979002,47.64155960083008,1.0,189.0,5.196116630657183,385,37.657383837499516,37.657383837499516
1508001,-48.26832534897282,-2.635903356713064,5144.408218916855,53.40744400024414,15.0,77.0,3.394489788442751,1048,155.9323735596405,155.9323735596405
1508035,-46.9394464516215,-1.0417414857764942,881.9176183548407,24.24431800842285,1.0,57.0,2.2312472085419075,176,90.70836289104076,353.5804783587997
1508050,-56.00202483723006,-5.129787807097162,11996.23562701093,169.35641479492188,0.0,384.0,11.393769265425014,2455,64.89294678515313,291.5629072695068
1508084,-51.3892717029461,-6.8184518286564675,2495.7706221383996,245.12623596191406,200.0,259.0,6.1108928502232125,507,66.65035776298485,234.86716923094494
1508100,-49.82076702487046,-3.856366203338953,2079.500466269441,105.3436050415039,9.0,236.0,10.166122276491674,422,14.486138582691897,14.486138582691897
1508126,-47.49353219475279,-3.8104080913903333,5111.269549823715,154.89854431152344,78.0,181.0,9.59792926224565,1035,34.871919190492235,200.72614424091043
1508159,-53.80667153063372,-3.5834333478399616,10796.645169873256,196.76695251464844,27.0,394.0,12.615940046743072,2197,76.84754904031406,139.51180033863025
1508209,-48.10385152248401,-0.9337417098632654,396.5062399895687,21.537500381469727,8.0,36.0,1.8943281872400035,80,217.8979781094582,259.8096765921457
1508308,-46.453027318509434,-1.5240159965027102,4975.624879318202,36.824527740478516,0.0,165.0,3.606623135731066,1003,27.717214019574204,379.9737156375192
1508357,-51.974970916733255,-3.1345346194829813,3102.8276309738867,93.38041687011719,5.0,208.0,8.505015591867652,623,18.382662277936294,190.01612515381004
1508407,-49.635776038413574,-6.917767639690204,3773.432020340115,227.86553955078125,137.0,301.0,8.873691237253256,766,46.120922905250886,46.120922905250886
1600055,-52.26737153014318,1.6498385472660089,7736.697338136204,176.00253295898438,82.0,257.0,5.332293200015579,1576,26.574230725810985,360.98502035181656
1600105,-50.60226283333753,1.7298358581223472,8460.722454470524,36.959232330322266,0.0,257.0,2.3162169152547794,1619,61.11394760460876,435.1708430163308
1600154,-52.52119402258426,1.1575481850325455,9572.186432995339,197.54368591308594,79.0,509.0,10.050488465792448,1946,55.089875932614014,303.8868694937433
1600204,-51.40607199387132,2.4247475222564825,14142.977813443227,95.03713989257812,0.0,352.0,4.275208710220589,2881,85.91594424017748,466.4532489289902
1600212,-50.4855318936265,1.0360320942922294,2177.2569875195913,10.887639999389648,0.0,57.0,1.592801054294962,445,2.594796505293374,381.2350279555406
1600238,-51.41930306489235,0.9589838133168836,5003.119275554083,99.19428253173828,0.0,360.0,6.4903107704305905,1014,19.04292363917802,315.8621693587026
1600253,-50.638053518345174,0.539111339583325,1616.1912171672157,11.60060977935791,0.0,40.0,2.247549621818339,328,49.772732320656175,329.2563130390803
1600279,-53.30893838654906,1.0995609247752824,30795.263892145827,262.9854431152344,2.0,633.0,9.879963719566039,6252,14.95313067106288,302.71234594288086
1600303,-50.69204085487609,0.5628920014400138,6598.661754681387,16.831844329833984,0.0,99.0,2.2810038784281823,1344,44.80319915373209,326.9742981557527
1600402,-51.95095566624885,-0.06687910466202808,13299.529413659162,116.1288070678711,0.0,497.0,9.02181049109523,2694,83.3658401184513,187.93302814027746
1600501,-51.89874108142365,3.1121629138618934,23034.080070316093,100.09203338623047,0.0,348.0,4.993798755050643,4683,81.07992788109341,527.0833603028256
1600535,-51.671818179335816,0.585807699731582,4431.845205991063,109.07624053955078,19.0,313.0,7.066894163739081,905,21.581355709510728,266.40252307003294
1600550,-51.27961727606863,1.6253157438353483,4933.137684112997,100.96226501464844,0.0,208.0,3.550180141578586,1007,78.50427986704779,389.01832550137533
1600600,-51.37884778395429,0.1299153302238433,1541.1927455085442,24.738853454589844,0.0,89.0,3.346729469243693,314,65.1172737763387,240.70752616052326
1600709,-50.99237839957624,1.2983868111160461,6663.282689108455,62.04083251953125,3.0,299.0,4.41524529298313,1347,36.0870071396661,371.7613768616789
1600808,-52.06061176880818,-0.9977813486696838,2506.9773240778013,42.60117721557617,0.0,168.0,7.232944493126159,509,18.174397692552116,97.25315557244718
1700251,-49.30846836436994,-9.479897093638868,1899.3518495927565,224.34176635742188,166.0,308.0,6.078485624319981,395,74.81775591469516,74.81775591469516
1700301,-47.51295280750256,-6.486770520182417,243.6943387130741,216.89999389648438,144.0,147.0,12.285704327885705,50,9.075967481398573,95.50513309489507
1700350,-48.90708029896864,-11.33231759503569,1569.1289398903027,274.3128967285156,207.0,171.0,6.549155909972318,326,34.4898855498093,105.7791808953308
1700400,-47.21055788984378,-11.42793188144574,4027.990305633284,460.6172180175781,296.0,616.0,15.876156510424378,836,136.96324593278126,290.17696565445567
1700707,-49.11177818660963,-12.407624072969716,1189.3359518530779,269.0747985839844,214.0,98.0,4.198816316406662,254,73.19068851194608,95.33004616056131
1701002,-48.18557832935674,-6.232668483868002,1601.5094428961165,172.59632873535156,95.0,254.0,9.025765380374912,327,18.448917369924715,18.448917369924715
1701051,-47.91325436608518,-6.434728344187001,455.61526581062935,290.5652160644531,188.0,214.0,12.377716760583397,92,52.287824010889295,52.287824010889295
1701101,-47.99975996063745,-9.98766071899856,1171.970772413537,377.35101318359375,227.0,418.0,12.963816577218454,245,36.901005484711106,215.14626336338773
1701309,-48.63412307472936,-6.943727781141341,1179.697082645027,216.77731323242188,124.0,322.0,9.999489973481287,238,31.526705602170505,31.526705602170505
1701903,-49.50534723751332,-8.939184384716553,2784.8266501994804,193.82630920410156,155.0,119.0,5.206361449002128,570,14.570621078040237,14.570621078040237
1702000,-49.69527896269438,-12.840239569000383,5147.498370880727,267.1927795410156,205.0,197.0,6.184840968819956,1079,69.18042098510546,69.18042098510546
1702109,-48.58840755177963,-7.331589868787999,4023.093382776715,238.13552856445312,139.0,318.0,7.88859466063943,819,66.91583055382561,66.91583055382561
1702158,-48.52508858796521,-6.791377799982566,831.8038449157029,192.06976318359375,122.0,154.0,8.37694295745636,172,22.30257194414932,22.30257194414932
1702208,-48.10451782567789,-5.666709542520756,2634.206586241955,153.27706909179688,44.0,686.0,7.52615826799611,545,4.839022244025249,4.839022244025249
1702307,-48.997734742166564,-7.722573893809735,1543.1617626021616,191.1886749267578,143.0,96.0,5.260115323254944,318,20.36053287604641,20.36053287604641
1702406,-47.047628091491575,-12.817226781213874,5796.071734466124,481.755615234375,321.0,674.0,20.657588996434168,1203,120.83476356640416,322.531638958739
1702554,-47.92979434996927,-5.495350490009797,399.4403318632394,153.48147583007812,115.0,122.0,4.802614414156469,81,15.985967968284978,27.39905451505343
1702703,-46.43004538297674,-12.648410386269685,685.3814375633374,499.28570556640625,368.0,414.0,19.1797913757758,140,190.2575960333471,325.7663678921207
1702901,-47.76773891930001,-5.6480256196194345,146.69383474905044,227.07142639160156,166.0,261.0,12.692539366891946,28,27.061810125070124,41.4150087808909
1703008,-47.85583704416407,-7.17421342619616,1799.9748935040552,254.00270080566406,131.0,323.0,14.628354016313489,371,12.852560752907925,106.86055157226431
1703057,-48.675364781936274,-7.905706703676302,1556.763092739042,279.5140075683594,171.0,385.0,15.77214809562325,321,54.431964202238724,54.431964202238724
1703073,-47.579213396424485,-7.717874180243809,1111.0134868146852,202.13157653808594,160.0,130.0,6.019236087378503,228,9.665789660055456,168.50579445629086
1703107,-48.79332323323806,-9.868157899203736,691.5705682388507,369.3125,258.0,337.0,20.778156344909583,144,45.981337025116304,132.9413068862575
1703206,-48.97074012379452,-7.9824155831386,930.4908455009572,188.6577606201172,147.0,105.0,4.864461700184634,187,23.55178897507411,23.55178897507411
1703305,-47.881440571065,-9.012408075519673,1327.9612356554717,258.029296875,182.0,145.0,7.5231725586483895,273,34.02785591303662,171.93796878581963
1703602,-48.441026819640285,-8.289089168545397,640.7813660097308,267.7175598144531,195.0,356.0,10.684536557422998,131,31.630764879704422,87.2862452803486
1703701,-48.626374674159706,-11.030491447747172,1737.212172466796,284.36212158203125,211.0,435.0,15.131092879570078,359,6.527275827560105,142.36689219880662
1703800,-48.13641281658274,-5.337422961463751,251.07454724563286,127.09615325927734,103.0,72.0,3.9246580261427226,52,8.312939358772944,23.696740222535766
1703826,-47.84069851773785,-6.090261575977234,342.1361964016687,239.40298461914062,167.0,127.0,7.903790802316949,67,45.92881710079879,46.18078177706704
1703842,-46.804362967471576,-8.203230434719824,3224.5034164767712,365.85089111328125,238.0,302.0,12.192232083485534,664,110.35843784542935,262.7959787739355
1703867,-49.20371846454063,-11.934730892062133,1134.4681671564467,282.920166015625,215.0,136.0,5.686206931119446,238,65.33871032326601,74.72967208670605
1703883,-48.373265486298905,-7.04597310346344,341.16610153694637,237.0,185.0,224.0,11.341635445368436,70,54.51410868735606,54.51410868735606
1703891,-48.01114309219643,-5.3364801636909505,196.16263940860517,125.0,104.0,50.0,3.762744546406855,39,9.207530469443144,31.34308591459489
1703909,-49.84808828275335,-9.402251201068761,1673.164872482419,187.08985900878906,163.0,53.0,3.2001842458403065,345,23.014449609232962,23.014449609232962
1704105,-47.44580118124067,-9.073828935311058,1950.0916872820817,286.4750061035156,226.0,150.0,6.300958431314828,400,80.92137367461771,218.77109153463707
1704600,-49.19744218833754,-10.163832623264645,668.2698093033396,250.9352569580078,190.0,171.0,7.825450917283018,139,82.36194124039321,82.36194124039321
1705102,-47.84581219837264,-11.539483237878597,1641.54999582842,347.4505920410156,242.0,321.0,10.34022398699447,344,71.05129354274509,220.4550925225323
1705508,-48.529784534938315,-8.078421177228794,838.199869710952,301.43603515625,197.0,368.0,14.147774301808926,172,40.21242488701877,73.23838960334875
1705557,-46.50247046681845,-12.847811505749858,209.4957524216734,502.5555419921875,388.0,329.0,20.780005013596053,45,179.167200925137,330.9378433960546
1705607,-47.30433077993398,-12.170228615364591,2531.245961984154,361.07427978515625,304.0,309.0,6.823850777780977,525,104.89423076146863,282.83000273935966
1706001,-49.16248311091344,-8.436513668614188,1598.0441043991596,191.881103515625,148.0,91.0,5.089284864292793,328,17.426217325487983,17.426217325487983
1706100,-49.311343902831524,-10.635949729010328,1843.6976347193122,244.39529418945312,180.0,205.0,6.43220621615243,382,69.82631539624846,69.82631539624846
1706258,-49.07782411461306,-11.173367565870013,963.5442304876633,259.9356384277344,200.0,117.0,5.274304089331134,202,57.78897998487889,90.69735425750206
1706506,-47.768308778069134,-6.761662798914956,1643.4522120212205,294.99700927734375,154.0,329.0,14.41893968150427,334,30.37515769395907,80.9011672819545
1707009,-46.79639224246281,-11.694391678082084,3317.3421819182113,545.9063110351562,336.0,578.0,15.601319998886323,683,174.30533713559137,335.0948774555958
1707108,-49.35618424895274,-9.69399875021757,2359.0633510001935,224.1416778564453,170.0,164.0,5.3045048126344,487,79.47463335012823,79.47463335012823
1707207,-49.06578481427612,-9.271455481343805,3741.5556175964884,264.4308166503906,168.0,368.0,9.202239354191818,766,74.6729083855428,74.6729083855428
1707306,-49.39127530882146,-11.426991095143972,3418.5878829513676,241.66336059570312,185.0,182.0,6.237743775024365,707,52.59618986289275,52.59618986289275
1707405,-48.5397564363624,-5.327016312951836,505.88421499263495,102.82353210449219,90.0,46.0,1.9778577228346965,102,5.495358528610638,8.471127409046375
1707553,-48.87382464791921,-10.810235683067242,377.57609205134213,313.24359130859375,252.0,238.0,9.897841967726992,78,41.4991789735156,118.33191925901227
1707652,-49.28452508614795,-12.263778423149494,1939.560839372687,261.4020080566406,200.0,161.0,5.863356235079625,398,72.32302000126452,72.32302000126452
1707702,-47.794784869211234,-7.497287634226447,1984.0178933767602,219.89486694335938,153.0,283.0,9.463002178282704,409,17.981618519048112,134.4855637009226
1708205,-50.09921232768266,-11.958390179203336,13411.391539945733,204.6107177734375,182.0,159.0,1.659120654418961,2782,13.045371671912614,13.045371671912614
1708254,-48.545197693802784,-9.071358683642787,640.0323657076806,317.427490234375,207.0,309.0,11.820825555705953,131,29.972299089485816,112.6224862537957
1708304,-49.009665496685464,-8.873845170238884,1810.295475492254,244.8189239501953,174.0,258.0,6.895686636118446,370,57.15958525112666,57.15958525112666
1709005,-47.480513099125496,-8.093281682148154,6404.854593105614,258.1553649902344,161.0,278.0,8.816110572258625,1313,49.222530248472594,187.42301267555405
1709302,-48.423098481918856,-8.72961120448421,2095.5755915418267,292.78240966796875,181.0,394.0,11.798229642561363,432,31.197238709006808,104.95126803058753
1709500,-48.88792153621572,-11.651396706084501,1845.2137187868357,286.93701171875,226.0,158.0,7.106819268065572,381,25.876800249596467,107.30951779878471
1709807,-48.40404645840585,-11.13585268128037,811.4409628924914,292.31549072265625,217.0,381.0,17.744650206555473,168,13.293299951272337,163.28360629255388
1710508,-47.669229294757294,-8.570516605632346,3064.699425948318,265.4801330566406,183.0,233.0,6.5634141868999,629,48.22205229414529,177.63753863870755
1710706,-47.59533641683797,-5.8013910098656085,724.1233123843558,208.62757873535156,121.0,381.0,13.09782094552687,145,14.016819387509154,63.04041913389247
1710904,-48.03262581498158,-8.315464379717998,1244.766982364934,222.1085205078125,169.0,129.0,7.8504369878306255,258,12.095644599451001,131.4814952437931
1711100,-48.752672411226484,-8.452018536585452,967.1429274035618,314.542724609375,205.0,372.0,13.566845993377102,199,61.522819822864065,61.522819822864065
1711506,-48.645622301068315,-12.745756297686459,2172.3786127874628,377.1714782714844,254.0,575.0,18.298006821161007,449,39.6818703052139,157.02762550965963
1711803,-49.11055959682351,-8.139828848690916,480.93582092551515,183.32000732421875,146.0,80.0,5.347378930368459,100,13.223640166885428,13.223640166885428
1711902,-50.160489715568666,-11.034934269045134,10578.121703850105,186.80931091308594,172.0,64.0,1.0116022440168722,2192,20.09179336939464,20.09179336939464
1711951,-47.478843541938346,-10.343665427704146,907.3598641692661,327.7659606933594,271.0,132.0,6.834973305215095,188,99.98085382797656,269.87910462060006
1712009,-48.291034096683596,-9.852715558701837,300.55374885955825,412.5230712890625,181.0,437.0,37.56890743434886,65,3.8521527004742744,181.0532423972798
1712157,-46.40716203021676,-12.81652639979786,478.6871642158367,549.7623901367188,382.0,604.0,30.3208915760218,101,189.8138276615205,320.9522496794627
1712405,-46.938558928570316,-9.52421762055609,5762.872535406612,368.27777099609375,233.0,543.0,11.480316739005008,1188,116.05177412495487,289.46648588081246
1712454,-47.82979462698214,-6.206101764846342,283.24203554191627,251.73016357421875,159.0,170.0,11.398366757010773,63,46.0910635205759,51.66752138991623
1712504,-49.69990495698334,-9.7872332522711,2087.5754290660843,196.64434814453125,171.0,59.0,3.3619313277700233,433,40.913451958787384,40.913451958787384
1712702,-46.50337375507485,-10.5833618486217,9590.064521699678,580.8031005859375,261.0,614.0,14.827296140080765,1981,74.8545600222049,360.3622030389221
1712801,-47.58973771113977,-6.022321923240876,740.5986490373034,206.0855255126953,127.0,168.0,6.862935792408544,152,18.866812929615175,71.12153252238764
1713205,-48.55220395197777,-9.753416000339023,2677.0235204091296,279.15008544921875,191.0,331.0,10.092410533643886,553,19.664393859312113,152.12729079308028
1713304,-48.68395144888187,-9.417787853468825,1017.5274014878087,341.0048522949219,216.0,267.0,12.462441329203314,206,36.01520577949789,117.83374634343258
1713601,-48.01709126559386,-10.748176175787862,3614.9608484553173,404.6107482910156,238.0,502.0,22.487180027822834,745,42.56265920125042,211.78834313497794
1713700,-49.066603909219715,-9.999505010941531,1067.9006207184866,282.3394470214844,192.0,262.0,10.041955131996996,218,72.73839142070977,100.38459757638677
1713809,-47.643387932351004,-6.599790887365895,732.5510049485601,249.3581085205078,157.0,283.0,11.252097447673215,148,19.332939607092406,85.66299147666783
1713957,-48.78707089519169,-7.003694668519572,1182.1307462144177,186.04507446289062,131.0,149.0,7.212620684312766,244,29.90017460864366,29.90017460864366
1714203,-47.64981408007531,-11.79719370676743,3225.869705511257,381.5813293457031,257.0,468.0,16.848766747849687,664,88.19927172170259,243.12017537652233
1714302,-47.77921102741027,-6.329500213156899,387.4059709254652,260.974365234375,160.0,182.0,10.404902419603276,78,40.912877575178264,61.43727918499667
1714880,-48.3599749791812,-7.636855685186791,1563.285483094398,268.6925354003906,196.0,318.0,9.90870690536975,322,51.22299237315181,90.61498158727966
1715002,-48.972773201428986,-10.549928949533916,516.6631260137074,312.24761962890625,257.0,124.0,8.461828858351968,105,55.92994642381789,106.0773360886424
1715101,-47.384038141295996,-10.154333695948734,2678.613101216033,308.93841552734375,222.0,189.0,8.7130584035784,552,105.04124565268455,280.5639092114529
1715150,-46.56049718701955,-12.91361798277747,196.91950489534065,572.111083984375,403.0,347.0,18.519230175032202,45,172.3443870399303,335.46050194463044
1715259,-46.570126079917856,-11.778788580643909,1228.4379369649105,608.89111328125,380.0,501.0,18.15393920633447,248,189.10555939801654,347.2704815203936
1715507,-48.877942994323455,-10.677044717930679,207.38716288935393,305.3636474609375,260.0,141.0,7.266076740006401,44,48.47930713164061,117.39666749333819
1715705,-48.15720771599744,-7.886172880538554,2635.9706291323528,220.7105712890625,165.0,131.0,6.254953885868846,539,22.675543331277634,111.33522482215947
1715754,-48.349179355947186,-13.01871852743903,1702.608766745776,460.0616149902344,277.0,720.0,21.821147820910134,357,20.63390255803026,199.79879880325976
1716109,-48.82778395403632,-10.217809949582136,1287.025001342874,334.9589538574219,221.0,381.0,14.955849283175883,268,43.54913107361266,122.1836541583693
1716208,-47.81354451319939,-12.697058302064058,11248.228381311055,402.90594482421875,145.0,1057.0,17.28338347945056,2350,44.807543336387205,238.9864589228486
1716307,-48.989675553781304,-7.5459514037720785,1369.1240396075882,214.661865234375,138.0,350.0,8.340710915572055,278,33.873270622598,33.873270622598
1716505,-48.03323614141841,-9.22647550682629,2007.3816422782838,260.3849792480469,177.0,172.0,8.64738694765453,413,28.279707092086745,168.6165583168721
1716604,-48.55654018799542,-11.997898680974641,5316.158513193019,269.6427307128906,226.0,175.0,4.7483076138939495,1100,7.553944257788894,145.48428403648762
1716653,-48.91768766662145,-8.379562756060695,1194.4114614222199,221.1619415283203,166.0,159.0,6.81627930770524,247,42.47780393213402,42.47780393213402
1716703,-48.74702545647196,-8.836106368130348,1161.5343239498325,343.64166259765625,217.0,343.0,15.16101275842982,240,60.88084228419607,79.81110887730856
1717008,-47.558458575185654,-11.158703997987638,1559.189151440747,474.60186767578125,303.0,393.0,17.45504537368792,319,99.08031061132252,254.3063830797738
1717206,-48.24032983558926,-6.738902818309914,1367.655330261914,198.72259521484375,140.0,151.0,7.6089915446147005,292,44.65149470435026,44.65149470435026
1717503,-49.87202178331551,-10.209352175385165,10009.615392363165,192.1285858154297,153.0,307.0,2.347155428720536,2061,9.514739300258357,9.514739300258357
1717800,-46.593418768550194,-12.058198494450071,1710.0838824496605,490.420166015625,339.0,560.0,16.9642665047237,357,182.93508653333922,351.76216658897295
1717909,-47.325081214208126,-10.748031686679779,6508.010147313122,392.85565185546875,276.0,396.0,11.558353576925517,1344,117.94780594764244,287.13658411585476
1718006,-47.0467515822994,-11.512894010197298,490.3502085977234,461.0873718261719,364.0,250.0,13.686725742647223,103,155.68028644460395,307.6637086082562
1718204,-48.49704495871586,-10.544196583497857,4445.173668957315,298.462890625,205.0,455.0,14.832946234837063,916,5.003087310808311,158.13729250850486
1718303,-47.78184344755043,-5.476096241922136,299.6282988677267,148.53225708007812,108.0,77.0,5.731925174163431,62,9.757506622949082,43.155197474853495
1718402,-48.46062438983133,-8.461720006133756,780.3209252376109,280.5443115234375,196.0,307.0,11.508386942983632,158,35.66614999088273,92.53548827420758
1718451,-48.88071430315039,-10.42415785328794,397.0822056392208,296.3292541503906,246.0,204.0,8.313340216996389,82,46.65015193569226,116.63536725553695
1718501,-47.11203806487419,-8.697977159432037,2214.856172507163,343.2139587402344,254.0,289.0,9.823572999650944,458,111.09493592038521,240.2718594767248
1718550,-48.136128203863166,-6.460699871907652,494.9369558622129,173.52525329589844,143.0,142.0,5.569256894559017,99,29.183140642641824,29.183140642641824
1718659,-46.737499166502886,-11.337020930697486,848.3786059608683,645.6572875976562,452.0,442.0,21.34011291029196,178,153.88612131140974,342.2950901842918
1718709,-48.451377668196294,-9.236068120620144,833.9157076058909,244.43528747558594,193.0,108.0,7.197016785166206,170,11.696565828291416,129.51258527188966
1718758,-47.496733835691764,-9.646413554752069,6337.902345285751,288.7689514160156,196.0,168.0,7.279466900206668,1307,93.91296974248657,243.29276456158453
1718808,-47.91710932518792,-5.327074901902892,210.82937399693765,118.81818389892578,106.0,51.0,3.3720149865036246,44,6.927760339677545,39.94792299940696
1718840,-49.87676815877407,-12.401540633696841,3544.500199111644,237.5197296142578,196.0,178.0,5.6215600504024525,735,24.949058677904755,24.949058677904755
1718865,-48.975504457706876,-7.09269301217484,1676.614198276773,192.79710388183594,135.0,133.0,5.451393699798656,345,23.60879785064863,23.60879785064863
1718881,-47.847877170384585,-8.824615538362647,1412.8953616190702,260.3780212402344,174.0,148.0,7.302732693258835,291,30.337921677832032,168.050821613996
1718899,-49.29549665005568,-10.970824790011337,3284.7582923816517,242.2982177734375,181.0,201.0,5.102919459455977,674,71.03136449612794,71.03136449612794
1718907,-48.11074005757151,-11.397567567058797,1798.2987125683576,284.7655029296875,221.0,340.0,6.508651038548208,371,39.031469331973604,192.23021284594662
1719004,-47.7420505549827,-10.299901708841077,551.3769362997264,331.02630615234375,238.0,183.0,13.323553678841629,114,71.51236691086751,240.98107768367274
1720002,-47.75035233001673,-6.472155610930513,284.6845363872126,308.11865234375,193.0,214.0,13.72841514095769,59,34.158732655089686,70.74118586140388
1720101,-47.93856881670418,-5.975059383135183,1100.2724285111763,209.81497192382812,116.0,333.0,9.247324586366735,227,32.20649593122414,32.20649593122414
1720150,-46.678635261598636,-10.067721488771351,1912.0439198450185,440.3592834472656,259.0,457.0,13.214664778738836,398,80.38874806937642,343.4954774204971
1720200,-47.598793354285675,-5.542670725355571,411.5281118818093,159.3563232421875,110.0,101.0,8.50484024576235,87,8.053025083421003,60.79558617019755
1720259,-48.36405974116054,-12.579167852108274,1400.9926198287867,348.33905029296875,249.0,478.0,17.000853798527032,292,8.14054530488087,178.10735920535845
1720309,-48.330278064540806,-5.242281456768294,292.0819924005773,113.3448257446289,98.0,109.0,5.068549906382364,58,6.935292072748613,17.557445136955337
1720499,-48.16969154012986,-11.804647915652524,2533.185264849104,317.7476501464844,223.0,429.0,7.198202117725188,531,41.99025072886469,187.04633176407708
1720655,-48.004672869927184,-11.131137639585388,1262.9298801994883,340.9509582519531,242.0,426.0,14.124701906905017,265,51.7374776720622,206.38602541903015
1720804,-47.68375176258542,-5.636778036932782,307.24898036010563,207.36065673828125,149.0,144.0,8.873705644580168,61,20.95095324106749,50.66628294899852
1720853,-48.836229678959846,-12.113656118280854,1006.5436478112824,274.9952087402344,240.0,164.0,4.819934270253393,209,35.929383498820535,116.97268079230773
1720903,-46.56504645686964,-12.388725499955969,2379.848865742795,465.692138671875,341.0,580.0,13.263160469685065,497,180.44773109194233,345.5622698799667
1720937,-46.99389140018916,-12.139499759647219,1109.8002993413247,395.402587890625,337.0,361.0,10.083922195117673,231,138.4364816851113,316.17847938525136
1720978,-49.04910138175536,-12.68137980704345,2145.7847317005508,280.9909362792969,215.0,266.0,5.715398841326539,441,82.32715247325477,115.92443980772975
1721000,-48.153895712377434,-10.21983132245734,2216.1306321439333,409.8898620605469,202.0,496.0,22.19495728757503,454,27.371463381280332,195.96017335338018
1721109,-48.14223721025783,-9.603860635134605,2625.2362794936635,313.458251953125,189.0,365.0,11.973217498845123,539,26.691051674032412,179.1840224638894
1721208,-47.53794806241923,-6.256078599215957,1069.9355987829622,223.087158203125,131.0,218.0,9.118348556553062,218,16.508290917560263,84.20911267911565
1721257,-48.25977047866899,-8.939068460208778,702.8691989807412,230.34027099609375,181.0,94.0,6.961136681783072,144,9.895509396992631,130.98831623968556
1721307,-48.20938837706156,-8.356207002439307,885.6724715111777,222.74032592773438,176.0,114.0,7.9177060193062525,181,8.05545721177039,113.84068194356236
1722081,-48.00116396100958,-6.908695904830292,1360.3242586825509,278.9222106933594,162.0,317.0,11.411726543255863,270,41.423742438966656,73.7141640900948
1722107,-48.449779135044174,-6.545894445586425,1191.763331171358,206.388427734375,119.0,378.0,14.429391826690988,242,20.10536657054077,20.10536657054077
2100055,-47.333374761275245,-4.785827937927396,5788.430893677054,274.6849670410156,125.0,294.0,13.635663828006786,1184,9.478231967461587,127.94892573528702
2100105,-43.29864345104128,-4.214757136664623,363.45067550451495,105.13888549804688,57.0,73.0,5.627536458728765,72,34.268114754548314,559.8139721683877
2100154,-42.165782787275134,-2.946809940023805,444.4441288432572,41.48936080932617,0.0,78.0,4.454755758117315,94,32.34470926654537,688.5182804398237
2100204,-44.54008383906019,-2.380334188834204,1176.3901644356083,22.227848052978516,0.0,60.0,4.184063642649148,237,105.59964489354539,537.1304992175161
2100303,-43.38294744757327,-4.502665967617627,1933.6822444365826,103.63475799560547,51.0,92.0,4.662734559727868,397,48.441780295844346,542.4697726180051
2100402,-45.502820408457694,-4.1664214681900225,527.8936959183775,63.953704833984375,30.0,85.0,3.6501766476145416,108,80.06151747648205,334.3565601023354
2100436,-44.39661435307076,-4.211346924233565,396.2060719348956,54.70731735229492,41.0,28.0,2.550315934171521,82,32.12145449855162,444.1949488401936
2100477,-46.000700366694446,-3.870004046650477,1886.6718210396357,84.92950439453125,17.0,262.0,6.853354699834845,383,109.32540916967258,306.5105078298224
2100501,-46.21204120451852,-9.507595166390974,11125.0473732166,468.48712158203125,283.0,524.0,16.565314181185123,2293,39.979295198019656,362.2044767236304
2100550,-45.94636250092937,-1.6751851787731626,497.47617579594953,45.0098991394043,20.0,48.0,3.5994152412121534,101,28.244647267067354,428.86205315055815
2100600,-46.58221349810638,-5.278606951237545,7449.778435113607,275.53521728515625,142.0,294.0,12.14425195097065,1491,81.96548757738195,177.03052350985817
2100709,-44.59857680457123,-3.255520916362388,951.2867521151202,7.193877696990967,0.0,48.0,1.4179783362565541,196,22.486139313814714,472.7414993716971
2100808,-43.10906701523506,-3.5434152928707348,599.1673668867443,91.6446304321289,66.0,44.0,3.672004088375935,121,51.20450329085561,604.6937255733724
2100832,-45.08182987457167,-1.5466535785423143,304.7620116236503,11.875,0.0,35.0,1.9098361995269282,64,117.67523790042951,525.6185182279517
2100873,-45.78690214719933,-3.0786039580388316,800.2810771067161,47.07878875732422,23.0,57.0,2.9776853611515826,165,90.72052115787156,382.7582914259608
2100907,-42.016814279067795,-2.972671711797606,1779.1756593408063,29.48189353942871,0.0,93.0,4.274601133108388,359,18.239693355632447,679.3942587550755
2100956,-45.94581132939009,-5.028430165894588,2982.888958164025,239.75987243652344,86.0,316.0,16.420232553158346,608,78.59563010936836,252.26527324902156
2101004,-44.72671650281071,-3.536394667979387,1097.809908557916,9.712963104248047,2.0,28.0,1.296867029631684,216,10.002551144394744,444.0240062583423
2101103,-44.09698055457143,-2.8390849886464844,171.4376352810068,28.648649215698242,0.0,62.0,5.749019518908529,37,92.9394859880717,544.831391369703
2101202,-44.76218348006635,-4.170890043293142,1660.889338140376,28.10542106628418,0.0,94.0,2.6797947005101967,332,3.5235127829797883,408.22645092232256
2101251,-44.35750407909257,-2.9364298234717956,544.2209372710204,12.296296119689941,1.0,47.0,2.353019010956641,108,63.18737938177839,514.8500223567219
2101301,-45.163738845788124,-1.6820880105172993,851.6557169744628,17.29239845275879,0.0,243.0,3.9336955617913314,171,112.91604998488366,513.323522781975
2101350,-44.69449003283915,-2.69968242846216,415.00276841397863,4.707865238189697,1.0,15.0,0.7722909425768198,89,67.33237536055086,501.11278925938683
2101400,-46.34242287596737,-8.236611217305201,13113.10604832857,416.6894226074219,234.0,390.0,12.689302444508304,2679,70.35594763301293,305.69734673920175
2101509,-43.18810763179012,-6.59310840332334,2197.5611735249404,226.5066375732422,104.0,297.0,11.347308425598623,452,17.941480388082905,364.02847550625154
2101608,-45.18300178548878,-5.505257460930916,5178.123619883554,186.50376892089844,64.0,244.0,9.712676577146388,1060,6.217422444796624,328.04182536473013
2101707,-42.90997379652005,-2.839135626965633,3032.8972763565835,41.82686233520508,0.0,107.0,3.8455886410817537,618,81.5168258056636,658.1562564733852
2101731,-43.46111149701,-3.101559778651206,562.6812630667118,85.4070816040039,61.0,39.0,2.61912520275395,113,108.64468481322352,590.3129116517572
2101772,-45.25767702013235,-3.7563403786049907,133.65885954571422,27.310344696044922,17.0,19.0,2.449783431157404,29,48.80900129122358,381.0011178885768
2101806,-44.56831871415872,-7.120090004663248,1785.1308372099884,279.5289306640625,171.0,252.0,18.035623165320562,363,9.969058143216346,395.2117709809795
2101905,-44.78476308170945,-2.429412034077335,788.658519686549,15.339622497558594,1.0,73.0,3.5536141401602173,159,96.27250607805321,513.0958836750641
2101939,-44.68984697161133,-4.678978879154629,245.80508834985085,74.86274719238281,39.0,81.0,6.652839993808452,51,4.948790828250519,396.9918777212201
2101970,-46.1798643242871,-1.7638383613337787,408.6453015553416,26.220930099487305,14.0,41.0,2.628843724975089,86,6.169366445254629,401.2222248099732
2102002,-46.417446991261485,-3.9002927878513525,6599.172995051951,151.23658752441406,12.0,301.0,11.013740260142757,1361,72.31753203612836,269.1160104170113
2102036,-46.68966788137007,-4.602259392020715,2678.6731532765552,224.59420776367188,67.0,289.0,15.215689377249026,552,75.49305026866445,196.56460616605403
2102077,-45.0212819885034,-4.346274222338876,441.208825398935,38.83333206176758,11.0,58.0,3.212219472773904,90,29.273900866659623,374.1261640178633
2102101,-42.828289432760556,-3.687086951574521,1079.571512405295,84.11711883544922,26.0,88.0,4.393576732709928,222,17.079732223889323,627.9589176715464
2102150,-45.65118683862264,-4.365946955728638,985.0527978497557,141.53659057617188,53.0,242.0,12.860442542357633,205,97.99998725871781,309.49979333396635
2102200,-43.00236558657556,-3.900713524411702,1477.0662418353604,93.7966079711914,31.0,93.0,4.182852077277254,295,22.65161808723801,601.7834242970034
2102309,-43.830257931569804,-5.7899400412753295,1581.4333874366712,194.55172729492188,106.0,242.0,8.671210527107405,319,80.01898896885805,473.0519717279101
2102325,-46.343073090698056,-4.49292860502998,2552.4347490228247,235.09829711914062,51.0,351.0,13.801639683219523,529,106.2675156480978,235.42372869852431
2102358,-47.064558351573176,-5.518724211461119,822.5864196901675,257.34912109375,171.0,279.0,10.053107101878705,169,44.631789031187076,119.87343436171557
2102374,-43.931922059041916,-3.1203875574205577,705.9659251462435,58.41379165649414,6.0,86.0,4.420092273879408,145,98.0784202704396,543.6067737441009
2102408,-44.53974065044414,-2.888961942118657,523.3649272653274,8.970588684082031,0.0,16.0,1.5685644105114664,68,53.64162779322245,501.543336595792
2102507,-45.0538919831006,-3.3918502343024683,663.8357485255692,10.735294342041016,0.0,31.0,1.6322850875504404,136,21.420459488948687,422.4388760388519
2102556,-47.26505635074953,-6.175319243995959,618.5757746840827,177.77049255371094,131.0,94.0,5.904437225501039,122,13.594918658605046,109.83581245384853
2102606,-45.680350595747214,-1.6275700633240413,1619.9793013783055,33.97846221923828,2.0,82.0,3.0994989555544277,325,55.814381820485835,458.83538315235535
2102705,-44.26471547397982,-3.6213069703377143,766.9717708852841,45.267974853515625,19.0,72.0,4.265387059163394,153,48.60776393348506,484.33215376581296
2102754,-44.306792715902745,-4.682343405988763,594.3505539949983,117.52101135253906,64.0,103.0,6.406992582259762,119,36.52749570860642,438.0358907066681
2102804,-47.211889441415934,-7.375305308063618,6258.065951261204,264.9266662597656,147.0,379.0,11.07010352766384,1282,29.417721104558215,170.97943033301718
2102903,-46.02877069886808,-1.3527584109686106,1272.675110812299,22.003860473632812,0.0,59.0,3.0449961710833975,259,10.846324236719436,430.83486937963806
2103000,-43.299755620952446,-4.866591307123988,5205.285634425469,113.49342346191406,43.0,163.0,6.7231084977590205,1064,39.71698299625405,543.5273607882035
2103109,-44.596759925249756,-1.979563815046365,288.53133148059715,24.770492553710938,7.0,38.0,3.310546090617806,61,147.67892537106482,562.5026790535621
2103125,-44.8593696631495,-2.2546005465248697,305.3187279147096,26.841270446777344,2.0,55.0,4.58589776210248,63,115.80871698811083,520.3045268871224
2103158,-46.11712584366425,-2.427362717196289,1168.910541573423,75.74249267578125,23.0,118.0,4.24293282343386,233,32.698614490798,396.1063287306937
2103174,-46.533779542439,-3.073823658312596,8375.920303352643,108.1365737915039,0.0,291.0,6.06269783404105,1706,13.954100306543156,328.32800219802846
2103208,-43.4537027747603,-3.848647467774588,3251.5263051911024,81.38102722167969,29.0,93.0,5.658720178897835,664,66.5277300725971,556.5116570724331
2103257,-47.82951900288252,-5.0578955530904155,1475.2113880598918,257.40802001953125,108.0,307.0,13.595215079012032,299,22.945487044288292,67.82816109500567
2103307,-43.88588927795743,-4.607588637168271,4369.057795684785,95.4988784790039,39.0,153.0,6.158133629399351,890,83.94451432683347,485.4170650072171
2103406,-43.1125777794336,-4.2479645683087774,986.4532736469992,92.00492858886719,38.0,93.0,5.730290360160444,203,13.525559542992228,578.6780566576218
2103505,-44.18267356450895,-6.056270243724707,1977.5983478056733,264.263671875,133.0,341.0,16.041741819961526,402,79.05300998046194,440.74388246603735
2103554,-44.83804019089142,-3.7982877522910274,722.3438688868191,11.389262199401855,2.0,23.0,1.585959112243608,149,10.141843341767263,418.78822485596083
2103604,-44.14507952736925,-4.102250751449426,2268.2923310546903,66.15184020996094,27.0,133.0,5.901438530215219,461,53.835229918991566,474.63945556081717
2103703,-44.78797684630722,-1.7750984659253064,1212.429704832728,19.054645538330078,0.0,54.0,2.3900438340020305,183,155.8852560281238,552.2645938969033
2103752,-47.30205453946936,-5.599322144935994,323.19151814165525,192.26866149902344,133.0,160.0,9.13413640030786,67,18.530877327735485,92.99616913751183
2103802,-44.397184380920656,-5.021882678530535,361.09715323965065,154.34722900390625,88.0,109.0,7.716668004252647,72,38.82110214577737,420.5190337320071
2103901,-43.00844299363415,-4.100515557804019,315.46022258722223,78.984619140625,35.0,86.0,6.406389602179575,65,11.078097996130689,594.3640876505007
2104008,-44.89172880169854,-4.899379595328866,451.86128473235294,125.89247131347656,49.0,185.0,12.635325944717305,93,3.7946739413199313,369.2588966886969
2104057,-47.20260776362896,-6.781725069475727,2704.244324381696,258.5585632324219,141.0,265.0,9.626546658357121,555,30.697581158724535,138.2520027839173
2104073,-46.62688889431432,-7.016880677190441,1623.0431949333288,384.6646728515625,279.0,313.0,11.134081243202848,334,47.488591149752565,206.86542290443106
2104081,-45.3065543714519,-6.174395719340241,5084.349315410247,314.3984680175781,171.0,363.0,12.600298903039718,1039,56.28170787128828,319.3123739899265
2104099,-46.186697209645054,-6.514395334611987,3691.5381045953836,354.53558349609375,237.0,423.0,13.216688868245061,745,7.851111779840486,234.68455720889156
2104107,-46.082651241493394,-6.943329960076766,1845.8344549702015,451.273681640625,288.0,296.0,15.1566016257537,380,30.30217666254689,260.59715275726734
2104206,-44.014604284694364,-5.63537923418714,835.7108260835521,176.5411834716797,104.0,174.0,7.427168503695437,170,101.10938050082711,457.13124867413586
2104305,-45.767573200051146,-1.3774318395394667,711.8062433431041,19.536231994628906,0.0,57.0,2.5929514959107,138,39.883099610863766,457.4139896400859
2104404,-44.17132826269065,-5.1521957161647025,880.8459821413271,144.36570739746094,94.0,124.0,6.111025992909398,175,67.28373969419658,443.23873940738804
2104503,-44.22213824145576,-4.999540181907489,437.7193277857732,132.71739196777344,82.0,125.0,6.690466958038165,92,52.976480631361184,440.091316211955
2104552,-47.325340439498284,-5.719165822725745,621.6287144250236,192.1904754638672,117.0,272.0,8.79346817318699,126,15.12169149585881,90.92021241415843
2104602,-44.09418732578862,-5.366530233439101,647.0254646679386,154.28358459472656,103.0,89.0,5.759419104462388,134,88.77945605715149,449.4403526882067
2104628,-44.09039052072138,-5.529079993399716,408.5606385949068,174.83132934570312,119.0,112.0,6.272430451054963,83,101.89078121966232,448.9465197428773
2104651,-45.926086540878586,-3.419472138505758,1141.5631867297925,65.80000305175781,25.0,260.0,5.560716458354016,220,89.85371434372354,345.37094337039736
2104677,-45.819141380947066,-2.0626472418641546,1035.0598798447754,52.0,26.0,51.0,3.45935170420546,210,46.117585443862694,433.73503810708826
2104701,-44.31782170930175,-5.413747107190255,270.75392142822966,188.8727264404297,145.0,76.0,5.049392750303445,55,75.42342221310045,424.3534269531903
2104800,-46.014660868173316,-5.840588166447394,8854.923064836534,244.8792266845703,105.0,335.0,10.811605661620185,1805,8.514317245832942,236.65671081212153
2104909,-44.6657956675848,-2.148408434942326,472.62835258443374,26.55555534362793,7.0,46.0,3.9605439268052884,99,128.15720640926224,543.9802019183135
2105005,-43.56290398922839,-2.7243333361214224,1693.365904285456,37.810001373291016,0.0,87.0,2.3733089346296152,300,142.82331863391553,601.5463474434112
2105104,-43.861246613872346,-2.65182523376654,1102.481121095363,28.418182373046875,0.0,64.0,3.2026397754624245,220,126.25925918879445,578.2147725492409
2105153,-45.122983330316174,-3.655810301706349,374.1040387226967,19.402597427368164,11.0,24.0,1.8964327002399484,77,30.976789703177268,399.62785230355894
2105203,-44.826349224706355,-4.591973364167709,344.8702150916215,54.5,33.0,59.0,4.869977482036882,68,16.2317855410732,385.19711008137716
2105302,-47.575347808844015,-5.339975520757538,1360.215060121147,164.346435546875,107.0,280.0,6.935383674963489,280,13.046719636392037,70.24335272844348
2105351,-45.675679102742855,-5.185070246133468,1247.2721609384753,196.2627410888672,76.0,242.0,14.186307746828646,255,50.54551501444686,277.6504909466878
2105401,-44.27696293551695,-3.389414664812678,1475.7409480029019,40.17434310913086,13.0,70.0,3.3627216491111427,304,56.741292109339916,495.41023446113957
2105427,-47.26102720441356,-4.272483354394006,3565.2207572415937,199.33609008789062,85.0,246.0,12.657272487391266,726,11.721638297621109,175.17616671675538
2105450,-44.2904963748998,-5.852556924233137,591.9533995809034,269.01654052734375,138.0,249.0,14.090212663035846,121,102.56470987055692,427.13260692903617
2105476,-45.57528654364273,-5.392881600888297,1966.0344971644226,229.06716918945312,143.0,174.0,10.75939786349763,402,26.70070509877814,285.52695610820973
2105500,-47.12541406589881,-5.228916009944523,1133.8893936069217,260.9482727050781,154.0,280.0,11.469297733773066,232,21.512608634195608,120.88359084209098
2105609,-44.755183072562154,-5.016276292564017,715.5191819844767,112.20833587646484,41.0,171.0,10.16369039839656,144,13.13244471726838,381.4900980724626
2105658,-46.1174340427078,-1.9184809341918465,563.6400816410314,37.140350341796875,12.0,57.0,2.623156674671614,114,10.806475133658314,404.027964011338
2105708,-45.206121629626885,-4.7378619121359264,1243.8374034748413,158.81640625,47.0,236.0,11.069796413937226,256,41.92932202480568,340.11409090231354
2105807,-44.975436125167796,-4.521708470967026,334.3275253837928,60.92647171020508,26.0,137.0,6.811401410358279,68,30.039160826340353,371.94648161066556
2105906,-44.88367790891916,-3.9912616251400004,632.0620662798174,19.30769157409668,2.0,42.0,2.2040712680581294,130,16.733507657954945,404.38411479093
2105922,-43.49460742249113,-6.030521424818488,1511.036990614375,243.70626831054688,122.0,331.0,12.596569718313324,303,44.673147261989,434.1903405504025
2105948,-44.93271988590956,-4.5909087917922164,224.36235126829706,64.95744323730469,33.0,105.0,7.00205443278709,47,26.805457554980027,373.97993418663634
2105963,-45.404531471262125,-4.928336336409544,753.4714204925112,199.7483367919922,69.0,262.0,13.479611990832623,151,51.466154321681415,313.17550240747414
2105989,-46.93129021949365,-6.103093621690032,1080.1088299136609,233.55999755859375,157.0,315.0,6.741266771780295,225,50.99011493866068,143.33019720853645
2106003,-44.46491844911562,-4.5567835120613465,317.5183857041411,65.18461608886719,29.0,86.0,5.981134965595639,65,23.433321390732548,424.74588799929677
2106102,-45.21974015465189,-7.219538359806296,3598.5907693400513,309.99053955078125,190.0,310.0,12.86260266162643,740,34.384534555197355,360.41627157206426
2106201,-45.89378000472014,-1.3969106842535368,442.67757813923527,30.102272033691406,0.0,70.0,3.298239394157884,88,26.38501531731841,443.40557069501233
2106300,-42.183727306983236,-3.299340389352774,434.8091271551093,43.96703338623047,8.0,90.0,8.788117384766348,91,8.13933303168435,653.8097058931996
2106326,-45.99334959002919,-1.9838296373083029,634.8745630399208,47.06106948852539,26.0,58.0,3.5813741475213363,131,25.28566853379536,416.1382078368285
2106359,-45.62997516236235,-4.704450148621842,1387.3794282760937,219.78521728515625,62.0,312.0,17.47378232368442,284,84.33800439865726,296.6748414938107
2106375,-45.946294049561935,-2.4115385381505545,761.4615619829856,60.089744567871094,32.0,89.0,3.143629632606321,156,47.118737015790806,415.1869256848137
2106409,-43.2257920977274,-3.626183279357082,546.2271106879925,84.86363983154297,49.0,59.0,3.864938865526536,110,61.4138672420233,589.1807085919103
2106508,-45.003881880523664,-3.0731422283315264,397.9265882365871,18.475000381469727,0.0,43.0,2.203359407281418,80,34.10603255682292,448.234353079344
2106607,-43.30675169561046,-5.388584868874899,2118.2907799896784,171.1252899169922,82.0,177.0,8.054301796315846,431,34.220867313123684,495.07048254908517
2106631,-44.47751391247967,-3.7572990474576793,795.5934816750232,40.79754638671875,9.0,61.0,3.3916381146683654,163,20.703024506792115,456.3926509071113
2106672,-42.79658258330345,-3.496187442583302,637.4736198913306,83.40157318115234,34.0,88.0,4.9943797393435,127,22.91683543741846,638.867120248449
2106706,-44.95089930872868,-6.453775795293491,8522.843020543689,376.0728759765625,152.0,431.0,16.289664907970522,1743,94.4362473821219,364.21476558848536
2106755,-44.52860698405451,-3.5322774215734323,333.4125512124738,37.85293960571289,12.0,54.0,4.328306391879084,68,29.120359628571023,463.2404662449936
2106805,-44.844055585502325,-2.058641121472892,684.5889425923815,35.537879943847656,7.0,55.0,3.904450427107175,132,137.36608731159635,536.8733460957214
2106904,-45.321551166907554,-3.491849451418997,1255.1129926672438,19.2608699798584,6.0,40.0,2.350735754294614,253,49.197174463184446,391.8628651600297
2107001,-47.04186098176154,-5.856789877954791,1486.978332541883,244.05667114257812,141.0,284.0,8.035303426753243,300,41.23615044894171,124.14653688344328
2107100,-43.77672225231263,-2.9741614749811887,1713.165518515627,69.77143096923828,19.0,75.0,2.0400906531511644,350,118.9032438495171,566.7509564271511
2107209,-43.812873199355415,-3.426744377915482,575.5916452254169,49.31304168701172,17.0,71.0,5.675659937253579,115,102.55942883177407,538.9285583030739
2107258,-46.26404088357685,-7.143389509298506,738.1973465983756,432.0197448730469,297.0,310.0,14.44817722788827,152,43.130973852515325,249.2561255761724
2107308,-44.03949353378126,-6.749076482575035,970.7791065713391,225.5126953125,157.0,285.0,10.888797828946348,197,2.098952966034766,390.7963497060397
2107357,-45.95412639565327,-2.895584084000884,2442.666248194175,73.18989562988281,18.0,187.0,4.353444110827407,495,66.87243778029708,385.073686085457
2107407,-45.12106775458378,-4.094125173031091,693.2862827216741,33.680850982666016,7.0,58.0,2.965756210325961,141,38.08315222120879,375.67525911309946
2107456,-45.00569583121221,-2.9778044622158717,205.9676848205272,23.428571701049805,5.0,40.0,2.8905920527239095,42,42.57563690774452,454.7745686368304
2107506,-44.123897668606794,-2.502800317781335,134.152531861444,26.77777862548828,8.0,36.0,4.396477164257767,27,115.57451145982064,564.2977323600787
2107605,-45.02163397309612,-2.690439370323256,528.5284041712293,20.70093536376953,2.0,43.0,3.166823431560647,107,71.91990225758114,474.16081364081646
2107704,-43.92419317040249,-6.403663605125592,528.0718249988277,308.7636413574219,215.0,276.0,18.66186864747929,110,35.737734730262986,416.8833769832349
2107803,-43.46232016812997,-5.63780340484176,3239.601626956137,183.5780029296875,76.0,225.0,8.525280362874145,673,39.95036446413847,473.85586534884334
2107902,-43.756845369069445,-6.152811844522742,1364.3429275092203,277.49468994140625,170.0,314.0,13.50846574064091,283,60.597822768727305,433.1411856621824
2108009,-44.18162175042157,-6.632900598849774,1637.8542040500324,345.95196533203125,205.0,279.0,21.631105096055773,333,21.49265380521304,410.256372123657
2108058,-42.611183553119865,-2.8559501538297813,1000.3239587065764,33.25490188598633,0.0,95.0,3.526450514087591,204,66.92774434980022,686.8971861101072
2108108,-45.39571444969046,-4.522162279039498,1165.2589106291998,138.38197326660156,42.0,316.0,10.827542878174325,233,73.293242728806,328.23551903801683
2108207,-44.581630100915184,-4.619302526469979,264.1583255447913,51.653846740722656,28.0,58.0,5.171336398214674,52,8.782802459568781,410.35931433490384
2108256,-45.431778753010214,-2.988087657105216,1763.3367139181355,37.57063674926758,13.0,57.0,3.2667465150474717,361,77.0880705896212,418.18748714861937
2108306,-45.298311540220176,-3.2514402570491554,797.4489854497369,18.395061492919922,3.0,55.0,2.7521889299384252,162,51.38592353750222,410.3584882998918
2108405,-44.89511836860548,-2.5695387918442054,392.8078991846414,14.525641441345215,1.0,41.0,2.8867312605679487,78,81.51869139533059,493.5840566469115
2108454,-44.28161278301583,-4.4197484663943305,828.251140962122,86.30538940429688,47.0,115.0,6.49541157372782,167,44.25086044590282,448.6679633762742
2108504,-45.450312902039414,-3.700489919609331,242.19250763719901,21.755102157592773,9.0,32.0,2.6807015157115694,49,67.52640201896395,366.68236434262803
2108603,-45.12606987247875,-2.4977122452137306,1522.8409059377154,27.707792282104492,1.0,110.0,3.9518567722956823,308,96.00708435543531,480.2562822741938
2108702,-45.09340415227486,-3.852070822693785,543.4303004983813,22.20353889465332,5.0,39.0,2.2730617562301627,113,34.93745053937726,391.1050764355984
2108801,-44.17235971172399,-3.7826867846124177,687.6467054929817,46.04166793823242,20.0,87.0,4.222684793527441,144,50.59562797026023,485.71264743938383
2108900,-44.91164911322851,-4.787914872227898,988.3057369668968,121.99009704589844,35.0,205.0,11.3866516443496,202,15.66727109300344,370.05673051879563
2109007,-47.17997370131807,-6.368005866866212,1425.9024151365738,208.5290069580078,134.0,181.0,7.318564366001432,293,24.008306421428355,125.44320601275633
2109056,-44.634157370630646,-1.8866457387073154,236.9990566909546,17.14285659790039,0.0,32.0,2.101685657619274,49,157.3141684497329,566.8270758956338
2109106,-44.45470289889634,-5.2812109901200985,756.3991856768262,135.51922607421875,81.0,142.0,8.505406385700095,156,54.533433373824316,410.4015809393878
2109205,-44.0782684914992,-3.091675877680292,353.8329599776771,41.33333206176758,7.0,69.0,5.205587647500696,72,83.04048793376819,531.3112945270269
2109239,-45.77292022233338,-2.3196630576544157,432.2383996567223,43.47674560546875,19.0,72.0,3.215167947506233,86,59.76160759214416,435.25452270567547
2109270,-45.36165654715291,-2.5850964321652365,725.0055790079059,28.5510196685791,8.0,66.0,3.3109082351662265,147,101.02414112694335,454.9143707094813
2109304,-43.954962427188995,-3.344032705613703,453.15786771767307,53.29670333862305,17.0,78.0,4.609870131993711,91,92.87727625494962,529.1638203664384
2109403,-43.36280022693227,-2.7096905671356937,1331.0347277038964,41.489051818847656,0.0,98.0,1.8126007150567207,274,126.10343689640649,621.3604924643103
2109452,-44.08568821609014,-2.4362764179119787,72.09621373354457,8.125,0.0,31.0,3.942085545071573,16,123.94492667107822,572.1744335662517
2109502,-46.65951994839965,-7.596189844965114,6415.598882561782,340.9079895019531,202.0,418.0,9.922737485795938,1315,94.44156247366622,233.9330663460333
2109551,-47.31678304934475,-5.957799375481252,718.1386109166779,163.02667236328125,119.0,86.0,4.776021726905461,150,11.94305278589191,97.75900529811668
2109601,-44.201995263375814,-2.955110721641415,650.5415848593693,24.669172286987305,0.0,70.0,3.5215757168737722,133,76.2573337299295,527.9400290592971
2109700,-45.557101717829326,-7.433204728708533,2488.699998733122,322.05316162109375,201.0,313.0,12.500379044169861,508,27.061782090600165,333.4357813712773
2109759,-44.61583370249343,-5.517833696117263,641.6893568409141,181.8000030517578,124.0,109.0,7.571246446679411,130,52.99468233094936,390.78962764917264
2109809,-45.36993039742962,-2.4172953389127025,2168.996849506744,22.86394500732422,1.0,65.0,2.501141542258697,441,105.72896274104127,467.82015543384176
2109908,-45.432916032063815,-3.87026120960117,806.3418734029401,37.49693298339844,10.0,53.0,2.825744723416086,163,70.80272214878246,357.78191786194606
2110005,-45.93226501042358,-4.271145876773441,4826.900229791878,156.77281188964844,16.0,350.0,11.990868794506842,986,128.3813042151499,287.1806527290361
2110039,-45.77298399666398,-2.540094092399287,1013.2501674622763,38.0625,14.0,87.0,3.0867089430734556,208,71.04244860191042,428.1961351786178
2110104,-42.880839119060994,-3.345168611985442,1427.0443334890297,85.06143188476562,24.0,86.0,4.923828124906027,293,41.06972658188717,636.6909040038936
2110203,-44.330729084734784,-3.1595462418600535,770.3517758693779,20.33757972717285,0.0,51.0,2.5169618981741646,157,53.99687271456754,503.52359056620907
2110237,-42.61462361155007,-3.1974707327146588,932.4128159512766,88.05464172363281,37.0,71.0,4.306824132223436,183,30.747027813053847,670.4161923953242
2110278,-43.18413379135679,-2.6235489963971506,1589.2678721342236,27.727272033691406,0.0,76.0,1.712755742644883,319,118.92099127802804,643.3294575484326
2110302,-44.48163724257867,-4.8263960228835066,771.1045531483833,96.67088317871094,34.0,135.0,8.964908022905298,158,18.64673817870308,415.457005592443
2110401,-43.617214416350535,-3.3756757562967494,931.6793296003016,72.49214935302734,29.0,79.0,5.378167475187222,191,110.64066328674106,560.9400855492056
2110500,-44.9995577323074,-2.796883562803875,471.9328694919823,20.78125,2.0,39.0,2.54999208687205,96,60.05938484357629,468.26908547608866
2110609,-42.405910201691455,-3.311198504212092,1003.3241767624859,73.14427947998047,16.0,96.0,7.078587959825942,201,15.965254198962851,663.5256695123963
2110658,-44.61785477998599,-6.8332702670372365,953.1265036051627,371.9438781738281,231.0,245.0,17.216709149813084,196,39.385582067322005,411.15396417908005
2110708,-44.33656636420515,-5.638483683002096,1148.1664671287872,222.0257568359375,146.0,210.0,6.951303778826603,233,86.22421004999926,421.46237023983736
2110807,-44.88371791543033,-7.091833219873559,2027.638504471397,299.66986083984375,179.0,311.0,15.649119788433886,418,30.98391891594188,390.95570083446836
2110856,-47.3528572789177,-5.158785482753928,755.1468004668131,319.6973571777344,225.0,193.0,12.289137366223542,152,0.7504648042393065,101.39251502166184
2110906,-43.11296274875693,-6.209392773718468,2289.243651920231,194.7314453125,89.0,272.0,13.405221225446697,458,13.50773610174049,401.8683425712741
2111003,-44.76399436286703,-3.0048194364778698,642.9068650252884,7.29007625579834,0.0,30.0,1.462864172540012,131,32.83264782175284,473.90276915256044
2111029,-46.38061988635714,-3.511422745606554,909.2100439801579,94.68478393554688,42.0,203.0,6.710872078906265,184,52.14173678814381,302.5485869506865
2111052,-46.90035426373336,-6.463823430899689,2026.8002276744228,311.7305908203125,187.0,412.0,10.78319896036689,412,55.96736147559317,158.06747315369077
2111078,-43.76727064865056,-5.041062155497335,1428.9041048258077,130.17526245117188,76.0,134.0,5.999419778372136,291,94.89758866534657,489.3086409882386
2111102,-43.63835348421713,-6.559133970223839,1489.280646296218,308.08251953125,138.0,356.0,15.859683824999472,303,16.201773650073193,386.9186178959063
2111201,-44.13090763847307,-2.5777005034016196,182.79949646710884,24.769229888916016,0.0,49.0,4.203568764874296,39,108.85483280822515,558.6492633776484
2111250,-44.56815958815512,-5.041925674245081,357.27179638436064,84.0,43.0,119.0,6.703102934749526,74,26.446106577782817,401.43685709808096
2111300,-44.280951839813866,-2.6311232640153364,588.6309882662026,21.504274368286133,0.0,57.0,4.339633890898987,117,93.54427026451641,541.7687165782899
2111409,-44.623795313100466,-4.37820514886157,898.8613216420636,50.32978820800781,21.0,76.0,4.062669842916341,188,6.859555635894623,414.0938258051509
2111508,-44.52716482833658,-3.9908702328720302,800.4296208497835,29.270587921142578,7.0,56.0,2.536545564382958,170,11.821201417445165,440.20984087778646
2111532,-48.369953506472164,-5.132530817300225,719.620415459387,141.4933319091797,79.0,233.0,6.379525231225294,150,4.9658406558222525,28.626893857095858
2111573,-46.70997869431593,-6.8177864380270465,992.0910310342442,367.7336730957031,282.0,186.0,8.991656455087508,199,47.28205020599225,191.32148285071602
2111607,-45.69113116380852,-7.013565734955839,3526.0486406416167,361.9624938964844,221.0,384.0,14.0074414527632,720,66.40344058216134,303.84031057024276
2111631,-45.14363756376323,-5.088635810341003,423.0389355048537,212.42352294921875,91.0,218.0,9.275189518785101,85,18.867583341515893,337.6404861384357
2111672,-45.03048723429827,-5.017206129039598,221.0038313481491,160.2888946533203,85.0,188.0,11.671238864869164,45,10.133674238746375,351.4640732585015
2111706,-44.943686007929465,-2.8774302351299883,398.31724647351075,20.878047943115234,4.0,45.0,2.907087053466497,82,49.526284775262084,467.2171118699194
2111722,-45.260079863114605,-3.9400987865298394,438.3607399982866,29.79310417175293,0.0,55.0,2.691405127694763,87,55.84824596181096,370.17498615281335
2111748,-43.98443464549389,-5.261723640454684,428.75621024216525,141.70115661621094,105.0,65.0,5.361912256146524,87,91.02737899563346,462.5259909351546
2111763,-47.14635585194984,-5.38912978874507,735.931470348034,235.62913513183594,137.0,248.0,9.988958574915442,151,27.86398348851044,113.32883231187158
2111789,-45.0187877185445,-1.8737419648277194,1158.6022665580385,25.433332443237305,3.0,58.0,3.2730072180704846,240,132.3531913385673,525.0442646395163
2111805,-46.59593962293483,-6.22792332528125,3117.795429894468,309.64263916015625,162.0,404.0,9.443704858064208,652,58.26017879411348,182.89506244761802
2111904,-44.33867283106127,-6.509622228298633,1073.4063476331066,317.5972900390625,194.0,278.0,20.372052659872196,221,42.686713726686,431.3962786326405
2111953,-43.48506635028472,-6.407262225580184,866.0879887542687,306.2375793457031,185.0,281.0,17.93932269522308,181,38.15649159138885,395.1281056483537
2112001,-45.88567441843344,-8.331540344551115,4367.359318306204,421.3622131347656,231.0,409.0,17.241862302508324,900,20.03223779296434,350.72121757185465
2112100,-43.813480167329374,-4.1526950275557155,1486.8296593148261,85.52145385742188,38.0,88.0,6.3648056200590375,303,91.06809614276165,507.37702062496203
2112209,-42.98042733206769,-5.1854946712153644,1758.4430763989221,141.83380126953125,55.0,188.0,8.941589328724607,355,17.23964186061853,508.46337493501136
2112233,-44.68150217875423,-4.537958494363677,290.4948238262441,59.38181686401367,25.0,72.0,5.260420236491257,55,2.7739527709321004,402.3471129233925
2112274,-45.58066278234112,-3.7597767374675803,273.52926878700964,26.875,14.0,34.0,2.9574510074674367,56,83.07714707927127,351.0657644881106
2112308,-44.730585426423865,-5.610931158415843,3358.7084345761687,193.23614501953125,78.0,271.0,9.044493305724334,686,47.00350141593288,377.83254829055
2112407,-45.46264413597621,-1.7653047938323123,2622.2329714319785,33.81425857543945,0.0,86.0,3.371365189993949,533,82.49449578862567,478.84853902485037
2112456,-45.4380443216497,-2.1602629991631312,1515.863992852508,25.774919509887695,4.0,66.0,2.7083860046591317,311,89.84893721338426,474.20795289552916
2112506,-42.3889263799037,-2.921706134571296,1562.6349675845122,46.7049674987793,0.0,111.0,3.7887214451519053,322,48.87363051471888,701.3535482112228
2112605,-43.28027823336063,-3.2594480312112206,1709.865445653908,81.76011657714844,30.0,81.0,4.748062177112435,346,82.38629577713134,600.2936715068078
2112704,-43.8546525072418,-3.7101664360046707,1966.0681583894184,56.70573425292969,18.0,92.0,5.810365538380059,401,86.79195050700679,521.1989216959797
2112803,-45.00136762654196,-3.1565608133090572,1190.9976538325427,16.124481201171875,0.0,49.0,1.8640007632290376,241,27.796125825313784,442.7193260498839
2112852,-48.0810321665062,-5.075348119064781,1185.0847072047181,202.22593688964844,103.0,270.0,10.317219835082028,239,19.152264099262737,48.14629294260221
2112902,-44.92252822647479,-3.5677932084428288,714.1520956769818,12.848276138305664,5.0,23.0,1.7380100600854056,145,7.517078812144864,423.67030210702745
2113009,-45.31251638742418,-4.245760733986359,1192.8648145128973,51.12809753417969,22.0,81.0,3.7516739007956246,242,59.562175831622724,349.1586497784777
2114007,-45.91270969571604,-3.2600883679670254,2145.0129039651947,66.87699127197266,20.0,178.0,5.049631983648236,439,85.50597363852015,358.65018598154654
2200053,-41.00390638780246,-8.307239533787588,1289.3159672836773,468.9886779785156,368.0,309.0,13.869550465003336,265,118.44197446478887,118.44197446478887
2200103,-42.68275206302158,-5.771549650879546,102.89944717986509,309.20001220703125,250.0,135.0,15.444100721403156,20,43.95090312646717,438.8983075424078
2200202,-42.63105564003555,-5.91407169941283,100.63648475822993,235.6666717529297,206.0,58.0,5.154591389068832,21,44.22852754937825,422.1582423368248
2200251,-40.91892738106409,-6.931591590770791,534.5934190580156,444.3018798828125,275.0,366.0,17.24111596902982,106,180.9649339156932,234.19748345203658
2200277,-40.79891344867929,-7.200685804388272,245.2449053071905,478.448974609375,398.0,239.0,13.822788070381732,49,191.44106065994774,202.36832081414624
2200301,-42.15576051553687,-5.379704504010911,1746.2830262675416,164.30812072753906,97.0,156.0,6.8218242130586555,357,74.91683456655865,453.9274747165539
2200400,-42.46965330044189,-5.013358642622045,949.0650154333562,172.1875,119.0,136.0,7.996818578880383,192,40.61355847870122,507.34614636014715
2200459,-43.96838536769103,-8.456131290640952,2129.973193537444,378.76202392578125,211.0,385.0,16.68531023441858,437,106.14258802181266,247.80646318053243
2200509,-42.787283859627365,-6.370935337889348,1143.4512774371542,162.87982177734375,95.0,192.0,13.477432183370682,233,3.53685750893731,375.716893570066
2200608,-42.74840077037991,-6.10984662722747,222.4175133628305,217.46807861328125,146.0,178.0,10.37683620388471,47,19.174712318200203,403.21658213704757
2200707,-43.040918981068494,-9.216376002112598,336.19520321441814,492.242431640625,425.0,208.0,12.903353085433562,66,2.3688047383658026,115.93928409476139
2200806,-44.20271810407613,-7.219747764243035,647.0772159073967,328.73077392578125,178.0,255.0,16.12404162751735,130,16.58505548644114,359.88082766705384
2200905,-41.82885308110908,-6.123941471945553,814.1862128621433,247.83233642578125,140.0,339.0,16.054195908094044,167,100.44214408540358,366.8340950644434
2200954,-41.53728074641829,-7.249949600082799,328.48138681193814,263.7391357421875,179.0,229.0,15.205395407171036,69,109.86100714668842,242.85307386051846
2201002,-42.51945834294936,-6.618191853272123,688.5330128718633,190.14285278320312,124.0,224.0,11.596453336224434,140,18.263681473003746,343.65348574801203
2201051,-41.06850009647709,-5.879743488160166,1692.2716779028997,610.0664672851562,376.0,467.0,20.021417676419816,346,188.7780238943892,342.7410456647173
2201101,-43.94227151699583,-10.177577033556059,1212.6882911403663,495.9362487792969,360.0,339.0,11.282861613757538,251,122.21773525113457,130.60442704745472
2201150,-45.16118020523521,-8.505765129685088,7803.865296151489,476.9170227050781,272.0,364.0,13.530379016625496,1603,58.8469195856601,347.6552486428622
2201176,-42.1065368002868,-6.530656507343894,261.6176527419593,345.3888854980469,263.0,187.0,16.804788576772186,54,64.94408105084555,337.0190829947605
2201200,-42.36730841291785,-4.188836825761702,1730.92677131237,101.94857025146484,62.0,93.0,3.1953190055074576,350,50.20801080923657,576.4960100642968
2201309,-45.710234761044575,-10.004935907800737,2174.3417606116273,481.0111999511719,365.0,444.0,16.146776438614257,446,16.415203563126006,307.2307460060844
2201408,-42.503000302785495,-5.80019467920129,155.04798443894833,212.4516143798828,163.0,179.0,13.380456747054687,31,62.58671009944488,428.2093075479593
2201507,-42.05598802617428,-4.016816064570345,1592.640630231821,90.5386962890625,19.0,150.0,6.194139896704612,323,66.8786688590424,576.2599518652313
2201556,-41.856474456710366,-7.996245634545002,500.51069398527034,343.2403869628906,236.0,183.0,8.561355947055832,104,56.00309042494163,177.57855394289834
2201572,-40.98245837063787,-7.38878314591601,245.339925683802,365.94000244140625,314.0,102.0,8.194353688986364,50,170.8836766534039,199.26566681738538
2201606,-42.4019670569652,-5.497857480561196,940.7061482442077,122.39690399169922,76.0,137.0,8.916633371482119,194,51.850107877127826,455.6771987943356
2201705,-43.87678312768001,-7.745908896784012,1211.9642968743574,316.116455078125,180.0,296.0,19.863856613788187,249,84.76847821454565,292.27969949347454
2201739,-40.74860702548559,-8.113251906469987,570.9864414266776,541.7583618164062,414.0,416.0,21.28202772294637,120,119.30916468812389,119.30916468812389
2201770,-42.1057433060545,-4.352327906387699,330.5690950406715,114.9565200805664,92.0,53.0,3.5267975800891027,69,84.29790478601902,546.1900504769311
2201804,-41.30560520842389,-6.905562742758431,266.3679094451945,325.1886901855469,244.0,229.0,14.954291773829343,53,139.60719299476952,263.4955603335561
2201903,-44.54072086566407,-9.2457571319342,5471.740795309655,501.7126159667969,250.0,456.0,16.600028097630783,1117,130.61998931209192,248.97904801049378
2201919,-41.63045794193209,-3.15818427346333,520.7372675503138,58.228572845458984,22.0,109.0,5.492731058164651,105,27.325090972392125,643.9250444035657
2201929,-42.87599411440179,-9.170389281730635,286.9833253310062,434.1612854003906,398.0,118.0,6.989809918383545,62,3.3889798553720705,104.11982856804815
2201945,-42.1143955527247,-4.539955935482007,270.5695576388389,121.27777862548828,104.0,38.0,3.4374690765223557,54,83.19652080206298,528.6934258180255
2201960,-41.63578375907497,-4.121527416837654,886.2841519232607,137.58241271972656,76.0,170.0,7.130705401585045,182,99.71979887243467,545.7912312006223
2201988,-42.79028028350336,-8.38194036313793,2267.1693552732468,376.7806396484375,206.0,337.0,11.397733023947469,465,40.26026709536,164.60326709505196
2202000,-41.80272169759251,-3.2412835536810056,696.2068493720144,51.93006896972656,1.0,120.0,6.650049286125323,143,17.889843412440232,642.9149857913295
2202026,-41.198634394228826,-5.163242460038773,2443.9904883629642,400.5509033203125,163.0,635.0,17.553137340151462,501,177.77326469217516,420.7049568447887
2202059,-42.3331750085021,-4.432244188466551,618.9945785799064,109.26356506347656,89.0,45.0,3.0280587274812802,129,59.265208628776804,551.5580958524272
2202075,-42.4604016816049,-6.782235717301164,501.7764998478815,173.08824157714844,123.0,198.0,10.305032555535517,102,24.96144923118478,324.8057853382254
2202083,-41.3616170693337,-2.9913857686253107,275.76778937655035,10.516666412353516,0.0,29.0,2.435730271337627,60,50.34051325940956,650.3979379491939
2202091,-40.62463068571979,-7.308347825895991,467.13752383133397,657.3222045898438,474.0,367.0,21.05995437479092,90,181.3482167587092,181.3482167587092
2202109,-41.87033770942112,-7.657426954918354,777.2991453632712,264.974853515625,196.0,166.0,9.60836786946167,159,75.78296725602186,211.68028897866745
2202117,-41.82355785529738,-8.283439872981479,651.509278542595,380.2900695800781,301.0,248.0,14.701775438251596,131,42.43065269870471,148.23168579220606
2202133,-41.06566194612104,-7.1835412449529885,305.27643916988745,390.984130859375,305.0,143.0,9.119790085228768,63,162.04756389006343,222.86377634361486
2202174,-42.54601019605481,-3.880009391660677,478.38710585574154,82.43000030517578,24.0,94.0,4.393391793296755,100,16.72260627321227,616.0461723052177
2202208,-42.144190228570565,-4.878807525923339,1672.29785771342,145.38597106933594,111.0,134.0,4.120979797174484,342,78.5662745737771,498.5872279760106
2202251,-43.55911639407576,-7.557181197878354,2169.631176421186,280.8752746582031,149.0,311.0,13.189434248719579,441,79.81823419124645,286.85568973501915
2202307,-43.337275404052704,-8.34266433438758,4327.054832193535,453.83538818359375,244.0,348.0,10.453399956903189,887,86.37447807916757,203.28890257013578
2202406,-41.902211028427274,-4.522397782000636,577.9590138474014,171.8290557861328,114.0,171.0,6.6091890273914204,117,106.65341756235141,518.7684061295778
2202455,-41.90046395116019,-8.529635528582066,1126.151832100004,356.51947021484375,253.0,280.0,12.522541374551176,231,26.815606772695308,127.64329066432698
2202505,-43.347079178953194,-9.088537280008607,1609.0584982838482,601.3123168945312,471.0,262.0,10.558753860700637,333,11.789986098210598,150.81488487181537
2202539,-41.826105948652874,-3.5654157840169916,468.0219729382079,62.597938537597656,14.0,157.0,7.579539422839818,97,41.786318902792935,610.6956114226734
2202554,-40.95541335851021,-7.70387074150612,507.0042961498257,400.9056701660156,339.0,208.0,7.492747555540569,106,156.29636114154334,170.02255344211497
2202604,-41.5685331490685,-5.3264619562016575,2390.040397404926,263.0512390136719,113.0,416.0,12.009049254009067,488,137.65950246936805,422.9307110778147
2202653,-41.85190664716159,-3.390553114400575,504.17562782997265,50.85293960571289,6.0,131.0,7.217349216077645,102,24.12803566787874,629.6517160344974
2202703,-41.540806925561434,-3.4547682105439326,1300.700784990564,190.826416015625,34.0,607.0,18.333293951336238,265,54.932172952592005,609.8020097238351
2202711,-41.95914439992926,-4.6169861490124795,316.96760012675077,146.671875,122.0,69.0,4.709661497861942,64,101.13569868774617,512.6618268708559
2202729,-41.420576201668766,-3.6333695919395113,321.45619184477255,194.95237731933594,127.0,250.0,16.16586698424611,63,77.47834270479196,586.4106741071236
2202737,-42.28441885216532,-5.099874282081937,482.4214839322958,173.41236877441406,130.0,88.0,5.821508404685284,97,58.08588596263868,487.3278546009859
2202752,-43.69757579533496,-8.181827085690127,425.3071828102693,299.6111145019531,199.0,265.0,13.490138093824894,90,118.28947959024653,243.89895379515906
2202778,-42.18691956964752,-7.29328277502793,949.4801242155954,251.9646453857422,189.0,112.0,7.895356275355186,198,38.663299608428154,263.35190082125627
2202802,-41.5804614204286,-7.91509102711493,826.3857344263233,315.1976623535156,221.0,192.0,10.271987764000512,172,85.49222178240976,173.22826691600952
2202851,-42.33468460986381,-8.897092908448867,1923.8878630893305,411.8822021484375,267.0,341.0,13.140913730652407,399,3.974532763819155,92.41065577559979
2202901,-45.13958869787391,-10.391506157420174,3043.369549564086,536.7460327148438,354.0,466.0,17.716089674491347,626,89.92598206593328,232.3512128824399
2203008,-45.113579304812355,-10.741820924761166,1202.8175204540603,550.072265625,415.0,357.0,12.92800818207139,249,110.94070084350015,212.85401463705486
2203107,-43.960904892794886,-8.781868104113487,1843.4745014281943,375.3599853515625,229.0,314.0,16.5771965991528,375,80.9911407767185,222.56894921157163
2203206,-44.30692536914846,-9.941097669423723,2336.863042458892,447.63958740234375,301.0,398.0,16.347725747869315,480,133.21611442940252,178.10196304581248
2203230,-44.67332211491518,-8.822497071309332,3161.1599515341222,481.5802917480469,287.0,342.0,17.64009125040602,660,122.02301708399125,283.4098326975032
2203255,-42.84482939883654,-5.614697200559764,342.48895140038803,175.68115234375,117.0,130.0,10.453003418681124,69,20.43124647706926,459.00892262058574
2203271,-40.77107211353043,-7.888327654285273,745.7018302180804,498.82781982421875,379.0,455.0,16.89397151824895,151,141.97392296304096,141.97392296304096
2203305,-42.67178092287816,-5.339257500402559,215.62333702202886,109.02381134033203,70.0,81.0,6.332207193057759,42,17.993983922915078,482.5271004593248
2203354,-42.46117895040968,-9.330288123246344,1005.7260055001825,436.2146301269531,366.0,205.0,9.43587909051614,205,36.42178771133399,57.581681767279704
2203404,-41.69401010403665,-6.960305504650201,203.3536909976974,467.7727355957031,361.0,193.0,17.828300369608918,44,96.45663924853942,278.0415894914597
2203420,-41.31139585986819,-4.256546043390736,843.3323528069304,224.8362579345703,91.0,682.0,24.89517235802552,171,134.92457407291226,518.2555100711214
2203453,-41.92273958978776,-8.917058971286403,3879.567193420138,399.2622375488281,255.0,392.0,10.98321906437324,797,33.111256568102284,84.82877507225562
2203503,-42.19322603477452,-6.1853450833403345,1390.9070820759516,232.2261505126953,125.0,283.0,10.911124742962604,283,59.706304929856294,376.2285015866828
2203602,-43.65863798929083,-7.971417413299965,1097.9586005050223,321.0087585449219,179.0,305.0,14.566905880882944,228,111.82443369477193,257.5781406054818
2203701,-42.1902384132761,-3.8237592315039057,889.0912623390323,85.49444580078125,32.0,94.0,4.5159819294288255,180,42.783277272268315,602.1036635828277
2203750,-42.783909757014605,-9.4764664985005,707.5256738094613,443.5655212402344,380.0,161.0,8.581903548595426,145,38.67156610724378,77.35841535657502
2203800,-42.8600646769917,-7.672382824123068,948.359092726605,324.51812744140625,234.0,216.0,10.822565621274878,193,24.475337758404187,239.4230152901196
2203859,-41.80441839273924,-7.474176139744659,225.68456262699328,261.5957336425781,186.0,158.0,13.519850725862025,47,80.00621143415579,227.5335017545809
2203909,-43.07941159391634,-7.00525525070379,3410.1854667940643,207.60086059570312,108.0,289.0,7.9403353614763885,694,25.653465764188443,317.05045527692334
2204006,-42.23469962108372,-6.422425705209441,266.3100757766515,287.6964416503906,212.0,206.0,14.44281505898237,56,51.25094864803474,353.24140925181695
2204105,-42.72178971311447,-6.6693779859072535,655.2509695589542,183.1259307861328,116.0,209.0,12.66165495251729,135,4.784019030882904,341.9236492076384
2204154,-40.78470467660854,-7.321527637718238,173.1218409149442,461.5,389.0,169.0,13.10637788745328,40,190.92924042272162,190.92924042272162
2204204,-41.14707683419339,-7.013399593894857,493.3174313525669,406.6600036621094,271.0,286.0,15.893886933335548,100,154.63105253126798,242.8812171267931
2204303,-40.58139822067629,-7.077408657707225,783.7499395387713,519.1144409179688,387.0,255.0,13.400769808800117,166,200.38196736285042,200.38196736285042
2204352,-41.33232442520202,-7.188845408496446,442.801608818816,303.70330810546875,207.0,220.0,11.708441651608132,91,132.5921169163092,240.00414044320112
2204402,-45.407225276105564,-9.621865689384629,3497.478851420805,465.85498046875,307.0,345.0,12.973415875648172,724,45.95006983859677,297.62757648657913
2204501,-43.703821634074465,-6.842271833849573,1017.0700065619312,198.1372528076172,140.0,119.0,5.9662151960743275,204,15.440410591718525,362.5821235324653
2204550,-43.67087407972651,-9.063695902342635,3119.9563949420117,557.7335205078125,362.0,345.0,14.892172070615056,638,37.84009712011038,177.94069798208085
2204600,-42.49958596567099,-6.034260186787743,226.31091049639508,222.04444885253906,172.0,111.0,8.413735616227658,45,40.35959839032499,404.1237096229191
2204659,-41.81324887368936,-2.8295470811632812,127.34316760813817,4.038461685180664,1.0,13.0,1.2198066616940493,26,4.919062148726313,685.330347070837
2204709,-41.68594155418988,-6.6726035251320805,975.46052724123,461.59405517578125,300.0,248.0,12.518206734393324,202,107.41775582067406,308.75608871667504
2204808,-41.78983935177413,-6.818322774602455,529.1936870079953,438.3846130371094,279.0,279.0,16.692883766513983,104,91.16834281688051,295.9639722194627
2204907,-41.64929806997171,-7.648732376556547,802.428458080627,299.17791748046875,216.0,171.0,8.172602503778235,163,97.3919944604158,203.56871653280243
2205003,-41.480943802177975,-7.410518959359529,820.9342129190918,278.1204833984375,187.0,193.0,12.579657997213024,166,115.79498880991895,224.18451225443053
2205102,-43.13375652606306,-7.505041279351866,2556.0176347745582,313.8590393066406,204.0,225.0,11.036181743356147,525,58.34769157065178,268.3511271555663
2205151,-41.25340203246379,-7.897527795476622,1329.909569751704,335.941162109375,240.0,194.0,7.434232026575511,272,117.14617881243174,166.87956491113275
2205201,-41.206934448776174,-7.390630591835238,854.6738193000201,337.18603515625,225.0,205.0,11.174449870500638,172,146.11776600671297,213.73715143162173
2205250,-42.52627152706987,-6.145915922155299,512.3250781809911,239.42990112304688,160.0,206.0,11.435610064276657,107,29.186916765855543,393.9906148837835
2205276,-41.91738032464742,-4.841702666286326,644.8094245390967,175.48031616210938,127.0,145.0,6.546226630059694,127,104.0500005570384,488.7899679667123
2205300,-43.50085165925581,-7.114692271014553,1861.5062545512337,213.40313720703125,127.0,172.0,6.829444121434822,382,30.472324381398135,325.3072922410316
2205359,-42.481544978212305,-8.541821435379847,1798.012337158434,395.41192626953125,236.0,346.0,13.490094175872704,369,33.640448512365964,134.77512642617498
2205409,-42.0832308320704,-3.539348056527663,744.4564494804945,50.186668395996094,14.0,76.0,5.96260988796158,150,18.57125882289134,625.0137615373878
2205458,-42.426477328088865,-3.5446819577281863,174.08037377602886,54.14285659790039,17.0,73.0,6.1798086567747506,35,8.070004630032557,641.7133305675453
2205508,-42.52542589744459,-4.7140964245491235,1539.6417430411093,120.55305480957031,83.0,125.0,4.25616123408934,311,42.32033719485381,537.6441290895481
2205516,-41.58901505396045,-4.95815362424631,940.841635835357,242.41798400878906,151.0,199.0,11.229162011202048,189,136.70945298069236,459.857801153112
2205524,-44.17383209883558,-10.424815020695792,1280.3718002685346,540.8075561523438,384.0,363.0,17.928486120481622,265,135.57326191995378,135.57326191995378
2205532,-43.16575933126667,-9.014494937357004,1269.1507985829376,544.8202514648438,394.0,282.0,13.833531091210356,267,23.835941876785956,139.88527401600567
2205540,-42.62513130159696,-5.815694285716103,64.29130771220662,263.5,239.0,71.0,10.273100964040335,14,51.88580309553567,431.84863474276915
2205557,-42.56610082938955,-4.4905132137406625,388.8910109612625,118.0625,95.0,58.0,3.5629917070206334,80,32.962720595349865,560.468718078923
2205565,-41.59935434453882,-8.566965805906225,1330.1082407073118,442.86346435546875,337.0,373.0,13.45903091451593,271,59.62583614543872,108.62122603765003
2205573,-41.57937858270078,-4.3637272940194824,157.22814622079022,341.8823547363281,183.0,328.0,26.525587717358647,34,124.81021070220642,518.7258036034658
2205581,-42.606522637707194,-5.460513115138727,425.4804038906004,134.32557678222656,80.0,134.0,7.98048724789132,86,29.838975616978587,467.3873064897968
2205599,-41.48686382595592,-6.489935704115373,810.2418353408575,458.0853576660156,298.0,269.0,15.469413729299687,164,133.0115088531942,311.41593403397525
2205607,-43.92798927579507,-7.296064824259921,1083.329891732661,332.66070556640625,223.0,220.0,11.977124912024737,224,45.984949584326266,334.2142580612068
2205706,-41.48206787063782,-3.0814435317732456,1084.8906733876793,36.89352035522461,1.0,271.0,5.573558782633696,216,39.353472072183564,645.6873755299213
2205805,-42.36439645376747,-3.608188275173669,701.2771631606156,56.21917724609375,16.0,94.0,6.0956234226136194,146,15.981994867894226,632.2520711841347
2205854,-42.52933890629202,-3.5640782257331467,180.39765721722506,54.945945739746094,19.0,75.0,8.021800422495783,37,3.445040561595383,645.3530105587749
2205904,-44.00746656146809,-8.206373090605519,1621.2588937869295,404.4478454589844,219.0,359.0,19.71565103164805,326,117.9005310664239,268.0624577923701
2205953,-40.73736740734864,-7.428851098481613,129.90859660552815,652.1481323242188,479.0,306.0,30.799075805654688,27,178.4468153818124,178.4468153818124
2206001,-43.89272473958541,-7.07648575439459,675.8612638080958,281.0583801269531,197.0,218.0,8.034301327752257,137,32.99684773975059,351.6336960855904
2206050,-41.096375583350124,-7.534504026913097,530.7989826325793,301.2432556152344,230.0,205.0,12.450222784388204,111,153.53929835101414,193.87967107778923
2206100,-42.58482362988391,-3.7063726377376676,225.32595375180244,71.57777404785156,26.0,100.0,7.695962582970807,45,9.36490275708884,634.7752197259648
2206209,-42.77317530887672,-4.240497394733985,1396.3020516900579,80.26148223876953,29.0,109.0,5.669920467617702,283,16.950464527801017,596.3615866656556
2206308,-42.699937443089226,-5.701899925162606,100.92931676842272,253.3333282470703,157.0,203.0,18.212814464907837,21,38.769751793482875,446.7169814225605
2206357,-41.49009388359469,-4.698927745236743,1309.8943559022155,320.3999938964844,192.0,371.0,13.867410507613558,265,153.46422193567153,480.83145896779837
2206407,-42.61155473210847,-5.6100121210163865,566.1333447517827,194.11207580566406,106.0,202.0,12.28586339211122,116,39.79189899257613,452.2352294925
2206506,-41.03756528284922,-6.9192848467394175,403.0506536583416,471.57830810546875,269.0,368.0,14.234148232784548,83,168.31464757551285,243.1672929717182
2206605,-45.03033622446904,-9.603781157763567,2410.4439792856574,449.0867004394531,304.0,360.0,15.124859027224009,496,85.61541567037054,264.2402871059701
2206654,-43.922454108640984,-9.811509706054265,2213.4896721150726,519.3771362304688,356.0,356.0,10.05093385451444,464,91.26970133104703,158.4557745983249
2206670,-42.26112746297525,-3.7052777137778774,341.2106381308986,76.22534942626953,27.0,93.0,5.694918338714718,71,28.848349400326583,617.3802570914139
2206696,-42.01366560715195,-3.3545479343808347,463.9075675738277,44.36170196533203,8.0,78.0,6.249224350852682,94,11.159685188949009,640.4004727804172
2206704,-42.74573158380924,-7.052175839220496,1317.4757945709862,211.4853973388672,130.0,182.0,8.965752420974935,274,13.229871543662258,301.23379364220216
2206720,-42.86747495558266,-5.445452576670566,356.2746720961295,111.0,70.0,99.0,8.19484045169493,75,7.618445705058805,477.8717989117147
2206753,-42.193558245955735,-4.643872283505173,359.23152608121745,117.125,106.0,32.0,2.2150028447832364,72,75.77870270815538,523.4554659399624
2206803,-42.605366362737925,-4.0266167965160875,360.9044939602027,83.31507110595703,40.0,79.0,5.968326167831325,73,18.311395037403194,605.7046893413668
2206902,-41.97537348248414,-6.500961695983548,528.014579315437,312.7944030761719,191.0,265.0,20.468498180693214,107,79.80144007915271,335.47303276899913
2206951,-41.92260371698493,-5.279066957027639,446.03392937453464,176.77777099609375,115.0,123.0,6.904853898863276,90,98.080437168555,448.0280633899041
2207009,-42.16459239985382,-6.966411852810946,2690.737650813302,236.30325317382812,138.0,324.0,13.662120745215573,554,46.996792317606115,294.74735502378576
2207108,-42.55302203139343,-5.857527875357113,188.23820890742354,245.2432403564453,160.0,243.0,14.275140295480453,37,54.32206410896387,424.4446390045589
2207207,-40.878948937451504,-7.380128842281808,278.7812609432731,396.7894592285156,358.0,119.0,8.972697462430233,57,182.34504827299904,192.86337606150434
2207306,-42.28602218638652,-7.811179651407689,400.7661997806281,255.1707305908203,192.0,121.0,9.822820835952863,82,36.90096917690138,209.51736500519664
2207355,-42.83371768930841,-7.903695218919733,986.9071156554855,338.4187316894531,230.0,228.0,13.011609144486075,203,20.852923659754847,214.5626517812328
2207405,-44.464899596949564,-8.556816049461654,2024.7800894980319,471.01446533203125,236.0,404.0,22.492690252835974,415,130.45118089126004,281.17303894856485
2207504,-42.95525659726336,-5.882783956261085,1500.2321720623877,172.1270294189453,79.0,285.0,11.110906068651905,307,14.934342983387271,432.4408404094788
2207553,-41.68710028457025,-7.130142211609372,427.05278535559773,312.3604736328125,173.0,354.0,22.52232783040429,86,93.83312116510413,259.69089456671105
2207603,-44.56838392913351,-10.315723426759293,3418.5964754885063,448.25775146484375,310.0,420.0,13.851669238332946,710,145.67631222305715,179.32002579345146
2207702,-41.75367525765895,-2.958082465217482,443.1108924080618,17.38888931274414,0.0,61.0,3.1236780221784235,90,6.604032239286313,669.6479251348968
2207751,-42.41317836809521,-5.873444474915406,647.3584374145139,190.26153564453125,120.0,168.0,10.449844743931745,130,60.3937824333704,417.0304689684333
2207777,-41.295027272451804,-7.673324325272735,810.7270290483721,310.59393310546875,217.0,182.0,11.57569773706974,165,126.78238325915636,192.05656283112538
2207793,-42.470854148176954,-5.242881119279837,428.4080226274673,133.87640380859375,94.0,123.0,7.771626066084134,89,37.341192682212636,484.8458579514784
2207801,-41.1446610384751,-8.10949829578404,1946.2556231534109,384.1353454589844,302.0,419.0,8.265145773097876,399,118.94423907460362,142.41392221999476
2207850,-43.33702415091511,-7.925274261412759,1094.1974685438909,406.6017761230469,317.0,164.0,10.165449907603538,226,76.30643628706562,239.3765423100058
2207900,-41.39648635317556,-4.496193072351209,1536.296629741555,425.1885070800781,139.0,680.0,23.793169323523543,313,148.61483898434687,497.2385697022903
2207934,-42.26468030321917,-8.072096331730958,864.9565729282331,302.1676025390625,235.0,117.0,7.910313316087335,179,18.231329570189867,180.61435671801559
2207959,-42.02384296006907,-8.11932425400023,910.9242056903895,311.92431640625,224.0,184.0,9.594638237949415,185,33.356006100508615,173.1368403475454
2208007,-41.52022595025146,-7.058959946358876,579.9733699765056,338.0,184.0,384.0,20.040554936203648,119,113.0946054040189,263.0389475039811
2208106,-41.166957442476104,-6.3447100578793645,4556.328557855217,517.9892578125,240.0,590.0,18.14675096456315,931,169.52287405496526,303.3835240931269
2208205,-40.71962734220689,-6.790899646295873,1958.793740374269,583.7051391601562,344.0,457.0,12.821296024084294,407,205.62393148528872,235.50951845046953
2208304,-41.61449741548957,-3.8531045657642875,2365.7039473056793,118.29423522949219,41.0,272.0,7.364738488504607,486,80.10164288275914,572.2781289221244
2208403,-41.770843927561636,-4.3312233659573,1405.1869892852847,181.94386291503906,82.0,313.0,11.143079137900335,285,110.88368583236375,530.9552866617422
2208502,-42.70755427780032,-3.9507960581237693,252.5426695490023,58.05882263183594,26.0,78.0,6.419881664651629,51,4.25113636736885,618.9042976378158
2208551,-44.05665493563186,-6.955708048216829,1185.6344592371024,254.53846740722656,155.0,256.0,12.706080234086006,247,11.772107121343486,373.007668582376
2208601,-42.16799129888648,-5.722526555278108,194.2514498704113,132.38461303710938,86.0,130.0,8.511308532850505,39,86.37138317885426,424.06048286644756
2208650,-41.35127076611313,-8.516057663153788,1271.3395174357574,465.6666564941406,351.0,354.0,14.876644620318752,264,87.16314041447387,102.1705321723063
2208700,-44.45433547612282,-9.523756325536583,2464.071156020742,439.82806396484375,277.0,363.0,14.490773356911296,506,126.25727455880329,221.22465563164093
2208809,-42.491307257379205,-6.352333328427834,1247.1211116211489,281.3492126464844,141.0,290.0,17.997033589846062,252,23.59764198126317,371.60883660791984
2208858,-44.81191849584126,-9.930468210564934,2232.9840850136243,415.87200927734375,300.0,249.0,10.24719383995187,461,113.0590824364632,224.06573138217735
2208874,-42.61408531147476,-7.926460855478587,988.2960925486404,233.8292694091797,163.0,165.0,11.782715431995854,205,3.5090044809298835,204.08159737853373
2208908,-45.345242065486865,-7.974580135911689,3987.2829963783734,384.3394470214844,199.0,381.0,16.885325531573034,819,22.112493151450824,379.21647458760486
2209005,-43.1516335929479,-7.771081326922896,634.1301018209197,357.6119384765625,279.0,174.0,13.571177647960376,134,56.87509894462511,243.03603680160384
2209104,-41.77519896433354,-7.237677400008059,583.6302705691196,257.2833251953125,166.0,260.0,13.735938042707936,120,83.57680540292262,251.10617591616037
2209153,-41.870544590794346,-5.907694609328483,984.9521653861739,194.4499969482422,109.0,210.0,8.714085809319085,200,104.47033140941663,388.30477305165914
2209203,-45.67534499674488,-8.990614067267819,5266.465864122845,432.79888916015625,252.0,388.0,16.63723776065795,1084,29.05606761751871,361.7176559793017
2209302,-44.105321585212025,-9.045142019700224,1186.0171714937314,426.399169921875,241.0,437.0,16.331206716188955,243,84.35062149829908,217.25645671451662
2209351,-41.50314252560133,-6.935912171466832,107.94243846647441,454.0,320.0,250.0,26.22808489441042,21,117.57572608375428,273.7017364989333
2209377,-42.2295597600192,-6.809028714802286,342.2194023299962,197.37313842773438,137.0,218.0,13.834046341005905,67,47.073033177333656,313.57988158009164
2209401,-41.208177633426146,-6.908066375891253,389.45281337876804,377.1499938964844,243.0,284.0,14.173722884421727,80,150.0725490649669,256.1169364774653
2209450,-42.702253953112496,-6.05230044274574,25.802476335782558,244.5,218.0,58.0,10.029134188990689,6,27.327203234635956,408.5961624362813
2209500,-42.01436591489354,-7.458584941628187,851.4687949325889,261.4624328613281,177.0,133.0,7.753372612189212,173,56.80660304462896,238.38401473883607
2209559,-43.0087343786337,-8.962118917686706,659.5590775958262,579.56298828125,431.0,248.0,12.715889001084774,135,24.23336264864695,129.75184386636332
2209609,-42.10447444490825,-5.934541262897188,631.1021340072621,166.27272033691406,110.0,154.0,9.25180673853205,132,80.56293243957826,399.5717149606334
2209658,-41.58435063335715,-8.19405827826812,1070.3028281428851,378.79998779296875,286.0,260.0,6.966124286181904,220,70.45171685471868,144.59784139351007
2209708,-42.50087797658617,-7.197990018090819,1349.041572338203,211.59567260742188,139.0,154.0,9.981009116700994,277,3.716298348474518,279.95357328038665
2209757,-45.32220900746346,-10.088254292544878,1385.3098746151663,535.1201171875,411.0,399.0,22.46815030846768,283,59.725719551213146,264.90874308241985
2209807,-42.6558821648465,-6.003266261625799,153.12815189175308,241.83871459960938,211.0,85.0,4.54591887450009,31,34.75363504795547,413.1320999920685
2209856,-41.391129980857016,-6.691564305467187,478.90415311721154,473.7916564941406,315.0,252.0,18.46402944632848,96,137.43692069728297,287.5051680215819
2209872,-41.282819307912824,-3.9932123816838616,830.7327823872911,215.71856689453125,99.0,540.0,16.102278010205257,167,115.92205583162757,543.760461201243
2209906,-41.88061352369173,-5.544402042908761,984.3360453718342,170.7832489013672,92.0,171.0,8.494168154624136,203,108.47381648240336,421.1575489524014
2209955,-41.87950590873176,-6.955994602389267,412.36097387736663,365.5238037109375,203.0,301.0,22.01985431813903,84,76.9717859874788,284.3125473508947
2209971,-42.45176941947342,-3.8185507461381825,211.10805661720224,97.68292999267578,73.0,39.0,3.448079328824098,41,23.939696262657705,616.5934470960714
2210003,-42.258922304101,-8.31979439035318,1538.1283800492529,290.5386962890625,193.0,327.0,11.45055699074599,310,2.3607402299105957,153.33276611183783
2210052,-41.86258418874368,-3.774298746241048,315.28683928004466,54.46154022216797,18.0,98.0,5.909574118472982,65,54.14165261846566,591.1285384679962
2210102,-42.58220986955822,-7.482401272714318,1283.7573043049779,236.015380859375,148.0,144.0,9.20340212298118,260,4.631145294646854,250.77080343917146
2210201,-41.49122010041391,-6.815539254444036,374.1026743608527,515.6329345703125,355.0,211.0,15.333128329933642,79,122.63099708834709,283.94747072170014
2210300,-40.81992032749745,-7.082750348738314,278.7485327841714,404.08929443359375,333.0,158.0,9.75525017006992,56,189.75090373797747,214.21865650128538
2210359,-42.53614727583672,-9.171849163144898,680.8526486093178,382.431640625,327.0,175.0,8.958930466404247,139,20.985324437894054,76.05670017559898
2210375,-41.26282850944623,-6.763035536684255,218.75573203037493,406.0652160644531,271.0,280.0,19.730879880182147,46,148.4161552529979,272.2916631004244
2210383,-42.27331067138789,-5.816591160962863,439.41585952299647,177.6067352294922,93.0,177.0,9.09073347739919,89,74.88360273809685,417.6945531165118
2210391,-42.332975372683514,-7.595817389975744,811.5245098688174,244.88125610351562,162.0,136.0,9.89427662448785,160,25.1899356458306,233.79354175580673
2210409,-41.43930860861826,-5.740914208004951,4988.757697290508,367.469482421875,97.0,729.0,12.950508865565158,1016,155.51325019784198,376.08917241571567
2210508,-42.78643953040102,-5.817743009101542,518.0399964796379,255.21697998046875,147.0,238.0,12.156994760715984,106,34.24085745861939,435.7544357123897
2210607,-42.71611022845241,-8.965350513826477,2407.854330134578,465.8580017089844,301.0,348.0,10.454890479857621,493,6.145181100494741,106.2892649294295
2210623,-44.83376864657538,-10.654348685537956,894.6043044766411,469.03314208984375,360.0,315.0,11.133201208308316,181,132.60365747906263,190.52162435157237
2210631,-44.092298376995636,-7.7453079007146535,3160.2626752054784,421.6163330078125,181.0,406.0,14.194912260610653,649,74.09795534664391,308.8727415998058
2210656,-41.805381233588086,-4.974575505019203,1024.8182702804916,231.31163024902344,165.0,160.0,5.196078273849018,215,112.75864301336343,469.8122864526861
2210706,-40.74142293250999,-7.671428869691457,1077.9816816216335,543.5315551757812,335.0,460.0,21.477196393240824,222,158.24768193523047,158.24768193523047
2210805,-42.021072525832466,-7.798160300400306,1368.2667046084534,282.5602722167969,172.0,217.0,8.779876974410408,282,57.68526585890073,205.5655654886668
2210904,-42.47791555793482,-7.8967287006514155,774.8253355766647,284.1614990234375,212.0,129.0,9.413215095349994,161,18.54628706767322,203.54511462546876
2210938,-41.358184605338124,-7.017818427853725,199.3779037343338,300.625,217.0,232.0,17.242352611161127,40,131.4931113711927,257.268451152059
2210953,-43.08210954512178,-8.486054236585211,1588.069998796098,425.1315002441406,283.0,275.0,12.824447709076614,327,70.48141243466195,172.8562060926231
2210979,-42.26578729923663,-6.663325232432668,400.1883058005478,308.3999938964844,171.0,274.0,23.1030481107157,85,45.182492282881135,329.94403250673
2211001,-42.74044039403684,-5.102738263318852,1393.441686694743,111.01730346679688,38.0,199.0,8.16834422407565,289,9.630344004801977,509.67428917110806
2211100,-42.79485352926281,-4.594822746100078,1168.1834002879914,83.98332977294922,42.0,120.0,6.244908652550115,240,9.69111986679911,564.4165827550423
2211209,-44.56972342923794,-7.791426454204488,8416.573639698094,408.8070983886719,166.0,433.0,15.136888766065155,1721,46.32168844238318,345.35592263561927
2211308,-41.800300037128586,-6.36619442014669,1328.695374312345,304.9483337402344,143.0,355.0,12.231987700593551,271,99.40838058884748,344.22718716544307
2211357,-42.920981950536536,-9.323353049809667,450.5553403631784,467.28887939453125,398.0,223.0,10.749396224062622,90,19.9814555328309,98.53951049630041
2211407,-42.22487073015045,-6.554599682906892,242.95536990929395,334.1276550292969,237.0,207.0,26.89574878524916,47,51.59166140349194,339.25899551985873
2211506,-41.51943098996931,-7.597620783182823,341.12608281197026,305.72857666015625,230.0,137.0,8.41122958802404,70,111.9087613663864,204.971409484785
2211605,-40.93791202004772,-7.203308775844587,229.74378111120313,414.3333435058594,339.0,134.0,10.633309900997416,48,176.08601788223322,211.83219174790577
2211704,-41.879385810587216,-7.2649799687741154,267.18345987587236,236.1272735595703,168.0,142.0,11.801625589944193,55,72.14714946964081,252.1096686821273
2300101,-39.036153731786555,-7.36101825293349,177.90569772874005,473.20587158203125,346.0,448.0,31.373894672087005,34,134.06513480011373,134.06513480011373
2300150,-38.661871701670066,-4.215568505425302,123.28394496650435,113.87999725341797,65.0,298.0,26.200617253808126,25,376.4995884762084,483.2453552542605
2300200,-40.086691085637526,-2.9688231002387897,840.1610075501958,28.92352867126465,0.0,86.0,2.833438652689252,170,191.920873180469,619.7821125832783
2300309,-39.49543585483709,-6.1227394222231215,2290.892910264898,352.3860778808594,229.0,492.0,12.346844191776064,474,266.36593841544175,266.36593841544175
2300408,-40.29763974189305,-6.6045539791670365,2460.4921573707834,519.0977783203125,335.0,437.0,13.399908011549792,501,235.16797151067095,235.16797151067095
2300507,-40.54593376697279,-3.5951421712870926,118.98575809737667,651.375,351.0,454.0,78.89744406614669,24,156.89565896185883,560.6727411568886
2300606,-39.692756760269766,-6.984882445954512,63.10405935230665,568.6666870117188,430.0,252.0,33.624109215425335,15,174.15769270751215,174.15769270751215
2300705,-38.241191671596496,-5.516387519140487,1148.1502295201644,115.14346313476562,50.0,212.0,8.103360153481532,237,342.1168404173934,355.5136705003534
2300754,-39.78481841666318,-3.2384949109880847,1175.0605859127827,39.650001525878906,4.0,77.0,3.8825358835252026,240,227.58579782385632,586.7029635582616
2300804,-39.984431568100625,-6.757956249502717,257.3676118289586,406.9433898925781,332.0,203.0,15.68104561074728,53,206.6351553866101,206.6351553866101
2300903,-39.33038672397601,-3.9692576098634316,542.7921455012402,107.69158935546875,64.0,133.0,7.952665901423433,107,297.5245475816438,504.20117785124296
2301000,-38.394043430504695,-3.9761082889735664,484.42333462578245,34.07143020629883,7.0,64.0,4.606996894725505,98,396.11459082678203,514.7796522629799
2301109,-37.68660587095441,-4.679961776811785,1230.0636707283556,33.919029235839844,3.0,77.0,3.7933530332862273,247,408.7561864196021,464.42534098215765
2301208,-38.715348750911325,-4.48288313286239,636.6202880241908,118.0687026977539,59.0,303.0,7.75560927280368,131,382.2940424292455,453.1145469006857
2301257,-40.746911934490235,-4.773522983059035,343.1328564682044,376.191162109375,304.0,589.0,17.66657953898654,68,219.6274985126086,441.7298055028097
2301307,-40.07650876731252,-7.238889454601773,1091.280178482877,747.2620239257812,521.0,373.0,14.631463846110309,229,161.36860984338435,161.36860984338435
2301406,-39.024674393523334,-4.413467637822436,106.15200212656055,632.6666870117188,226.0,624.0,76.42811123106954,21,348.0140639993904,456.6084049598129
2301505,-40.15186222694447,-6.237881139076834,1079.1530883556698,432.02752685546875,340.0,300.0,14.317456804482967,218,267.0731429868648,267.0731429868648
2301604,-39.86961762711767,-6.909957992489344,1168.8917207180057,490.7076416015625,315.0,397.0,22.400160297575834,236,186.83400787886453,186.83400787886453
2301703,-38.96740384152886,-6.988206732322918,895.6755365252029,337.7043151855469,257.0,350.0,12.91758304111389,186,175.86210052927163,175.86210052927163
2301802,-38.74902693870048,-6.7127953703776635,140.82751513808034,273.3214416503906,243.0,93.0,5.590449902986256,28,211.95102571021062,211.95102571021062
2301851,-38.90296928521762,-5.2629206716742125,1085.1773924897425,157.6376190185547,72.0,211.0,8.055456031707704,218,364.71052167578847,364.71052167578847
2301901,-39.34654702410179,-7.407084975297501,609.8711177113,743.862060546875,377.0,583.0,27.92157937039758,116,124.06636006555995,124.06636006555995
2301950,-38.62005259371472,-4.320405931806071,267.4098497754894,116.64912414550781,66.0,323.0,11.375752555550747,57,384.9766266703557,472.5927645542743
2302008,-38.79482454150858,-7.124788970818996,711.403966988204,400.197265625,301.0,427.0,14.628273143336658,147,167.43241028275483,167.43241028275483
2302057,-41.17361662456137,-2.969602629504098,381.9291922362754,16.765432357788086,0.0,46.0,3.1139320067062606,81,71.09891630217176,645.997480905661
2302107,-38.85133462402488,-4.387407129455078,307.4499541569967,245.06451416015625,88.0,646.0,38.88384239757398,62,364.22105784665763,461.446836678254
2302206,-38.11353060587116,-4.4028108004360265,1603.8108223661548,43.64797592163086,5.0,177.0,4.225456927812708,321,440.679478077816,476.8279297572026
2302305,-40.308286834651334,-3.053487037728846,839.288075110293,49.06470489501953,10.0,85.0,3.496823508955051,170,167.6209852981002,614.1427511437015
2302404,-39.80848993593767,-5.08643841281086,2853.355451124953,411.8706970214844,245.0,506.0,19.83351682909489,580,317.7102588659976,383.58401825285523
2302503,-38.92127620639085,-7.553959280716425,650.9427146108355,475.0740661621094,367.0,580.0,19.11847984192248,135,118.27642378806364,118.27642378806364
2302602,-40.7993027798649,-2.9494923094662364,1119.309753700276,19.536479949951172,0.0,48.0,3.187524536946216,233,112.69693259734699,636.7137775587422
2302701,-40.27207207016256,-6.935824666414694,1065.6071834766772,558.9398193359375,388.0,276.0,13.748165095672725,216,200.51769021989878,200.51769021989878
2302800,-39.430354916818615,-4.402864048243017,3050.362791099935,301.6318359375,129.0,733.0,22.464730873477336,622,307.60014895383375,456.27492269197273
2302909,-38.90625834193579,-4.470841702295263,208.09658518247306,233.46340942382812,127.0,469.0,26.836430837676396,41,362.5851809617289,451.5683235184276
2303006,-39.108719325372384,-4.203531343256997,924.8887867518933,186.35829162597656,87.0,404.0,18.367670598630628,187,329.95921160973353,479.11025673191597
2303105,-40.5239124523966,-3.9518048551856904,764.1552264068741,134.9605255126953,83.0,128.0,6.285933402502943,152,178.2108113255318,521.7396355546982
2303204,-39.27479762761668,-7.020923042464424,645.4176731181797,489.782958984375,311.0,397.0,28.738552149630454,129,167.032198886216,167.032198886216
2303303,-39.46267018886849,-6.6444542783845275,1035.5807951237075,328.3239440917969,227.0,365.0,15.583118411970743,213,208.57258143890377,208.57258143890377
2303402,-41.0114685436817,-4.1302467710589355,361.0499267630512,748.4722290039062,298.0,599.0,26.003494400972134,72,147.95958549852074,518.6573401355269
2303501,-38.29721335029979,-4.238509282764824,834.0956773345824,49.145347595214844,6.0,117.0,4.404127357662737,172,415.3090346799,488.9215937148801
2303600,-39.90818154850874,-6.255542898731937,483.29789805272594,478.8316955566406,360.0,248.0,14.5042743059373,101,258.04027097224986,258.04027097224986
2303659,-40.175490082646995,-4.630123248402853,784.6631080734078,371.3148193359375,228.0,764.0,26.169391892148145,162,254.1300476896608,440.0127309165284
2303709,-38.81081545836433,-3.7826749907597246,1223.9473366336897,68.80321502685547,2.0,440.0,16.532606762492843,249,345.80548997439035,528.3792035833835
2303808,-39.09445274186158,-6.569574865681647,739.2966635730118,269.93505859375,215.0,155.0,7.118120163238712,154,218.6724311908854,218.6724311908854
2303907,-41.23089459123177,-3.0911071151552085,237.70402449998073,26.87234115600586,1.0,56.0,4.373241031502783,47,66.43287218779282,635.2153444456369
2303931,-39.19085141084029,-4.773358437338201,813.8253233477008,265.9272766113281,140.0,404.0,20.977444899535918,165,351.4987855307515,415.71010193328885
2303956,-38.47033277712006,-4.3059331465010615,286.8797954467591,70.54386138916016,37.0,63.0,5.697941732701461,57,399.88079139339953,477.3363882381749
2304004,-40.726276115357635,-3.642457612926769,750.6170955940615,123.22516632080078,70.0,245.0,16.691738666250348,151,141.13138286464647,560.4999295784777
2304103,-40.71846041595643,-5.199682795964667,2977.8846884621307,349.4777526855469,253.0,522.0,12.679999531115298,607,230.99440959052166,396.4834311660421
2304202,-39.4896875214089,-7.232329947046688,1140.6199686743785,706.9495849609375,356.0,604.0,23.100299418050355,238,143.87035281412636,143.87035281412636
2304236,-40.97576453828231,-4.388373120257021,687.722726312466,644.1213989257812,437.0,445.0,19.233658119719934,140,171.18039865401153,490.5128114653746
2304251,-40.32554318490702,-2.8955148524816607,346.3192092651734,21.256755828857422,3.0,31.0,2.135870883842378,74,165.5030494934585,631.688071345811
2304269,-39.26648906907882,-5.884857522029619,461.3176652628463,267.93682861328125,195.0,183.0,9.666586525585853,95,292.56463905632563,292.56463905632563
2304277,-38.31257663699377,-5.986424037642431,356.8657498920802,226.22222900390625,150.0,463.0,21.163130138367567,72,300.39930390782854,304.2041484658505
2304285,-38.45890758807765,-3.8771468292687814,75.52914834290277,24.928571701049805,12.0,29.0,3.3198647644402177,14,386.2257922390723,524.0621608493145
2304301,-39.54949794711624,-6.911193808181759,515.8699157182127,415.23809814453125,296.0,318.0,20.313525557515234,105,179.842434429591,179.842434429591
2304350,-40.22510181006436,-3.8230029617870853,564.6412319949595,127.06896209716797,74.0,225.0,7.749693137474709,116,199.7618126153538,528.7200732040019
2304400,-38.52794812750548,-3.7855011674855663,317.3585401647724,23.03125,6.0,33.0,3.4519403175955996,64,376.272239010159,532.6266894373074
2304459,-37.87109509277466,-4.462475936672078,285.50740408466663,24.70689582824707,0.0,43.0,3.4910534898838574,58,437.27493702412585,479.1296681941498
2304509,-40.82146244159689,-3.711707369549132,210.28662484523375,178.38095092773438,107.0,598.0,29.526768390902173,42,135.98902922023618,556.0150253851217
2304608,-39.44779971833946,-4.062886779502566,229.59099943866022,144.34693908691406,95.0,159.0,10.82692110609371,49,289.27466341390164,493.8900503368676
2304657,-40.773741755907324,-4.0453888501184405,255.11108698428143,319.0,155.0,571.0,64.3278549910543,51,162.14397262146417,519.1390263198867
2304707,-41.00204246959484,-3.231084038872952,2686.7316242781235,94.06998443603516,4.0,847.0,19.18808934623901,543,95.16180991209708,612.7060827364143
2304806,-39.24731951693136,-6.9086538273661935,104.21707021468319,438.4166564941406,298.0,320.0,31.17257855147953,24,179.61583254246554,179.61583254246554
2304905,-40.364710387361015,-3.9123393215878695,158.93665543315,100.66666412353516,72.0,73.0,4.88545297418698,33,190.75523341494662,522.0192979931721
2304954,-38.66708212730524,-4.102818102080533,242.62793507915922,120.58333587646484,50.0,424.0,22.88881660694021,48,371.649219304558,495.46566689226273
2305001,-40.9160254960975,-4.233364908136536,628.7200555818854,770.6929321289062,413.0,544.0,23.133711206109492,127,163.47273661372301,504.33210292405323
2305100,-38.95312167987953,-4.252033810385011,98.20737234700937,794.3499755859375,602.0,314.0,63.41345739321538,20,347.9400037836877,475.0945857018794
2305209,-40.406690040893274,-4.432709669515486,926.6362487899605,217.16754150390625,149.0,313.0,7.641406150956327,191,220.4935863694599,466.9773941206909
2305233,-38.46593417508235,-4.101899446432954,152.6657916731201,61.19355010986328,35.0,44.0,4.085739290255936,31,392.6825683797706,499.5309418636954
2305266,-38.72271340917836,-4.77919391400539,872.6622751045506,145.31072998046875,78.0,491.0,10.087373270497482,177,396.2995406342303,420.65219670413694
2305308,-41.000197031182104,-3.949713800351279,393.3576991899172,672.9249877929688,174.0,767.0,36.295576552510546,80,135.74356010978633,537.0412951211077
2305332,-38.559149896252684,-4.975133654414471,413.7417793853674,146.44186401367188,98.0,137.0,6.69297128889001,86,402.9257622178705,402.9257622178705
2305357,-37.41233663700964,-4.739089503002741,423.92561094881967,47.406978607177734,1.0,97.0,6.61606169590408,86,395.61056712729174,467.80271031478645
2305407,-38.78196779128058,-6.387983332078303,1868.533311126288,299.8918151855469,136.0,634.0,25.66397433717036,379,245.28303114128195,245.28303114128195
2305506,-39.28283691123851,-6.358864381752911,988.7270130014513,243.35858154296875,198.0,137.0,7.3402364238002376,198,240.12035388489394,240.12035388489394
2305605,-40.34228703066605,-5.474968268950599,3232.2162425464485,381.8534851074219,305.0,488.0,9.539934516684516,662,274.4974826112569,353.90140724304297
2305654,-40.80318954857318,-4.909373341464109,703.8884947716724,438.2551574707031,280.0,546.0,24.61375282436709,145,223.7165846492627,429.82489258319833
2305704,-38.74291895127384,-6.806752879982522,278.8605595752597,308.3035583496094,263.0,217.0,9.512253319737628,56,202.35732972081942,202.35732972081942
2305803,-40.670796165103226,-4.368364775059835,633.1404782743193,382.4573669433594,160.0,782.0,30.13488766918585,129,193.63664232384673,481.6273127359916
2305902,-40.87790685468544,-4.573640056295706,1474.8118034049403,511.568115234375,212.0,690.0,26.600857419004505,301,193.8042197314461,467.49705603593566
2306009,-38.33627788508907,-5.7777546657017655,846.3579684880096,206.90805053710938,78.0,525.0,23.91996119551591,174,321.5604486995552,324.73560241031544
2306108,-39.81729959460441,-3.866940880687843,1464.2084927067626,232.50836181640625,97.0,564.0,22.336802012663917,299,243.10228016801008,517.7647226511729
2306207,-37.84933439798691,-4.719254681647275,215.08734710817225,28.217391967773438,8.0,57.0,5.132965392841209,46,409.32427430587984,453.4558358665628
2306256,-38.5499821639513,-3.9991438170004696,159.6023878105916,60.69696807861328,33.0,107.0,6.997872518875679,33,380.3035843595437,508.93653853935234
2306306,-39.57488429538192,-3.733816524611283,443.1279357316671,339.9545593261719,96.0,756.0,47.94794089209778,88,263.1104667067215,530.6553595949235
2306405,-39.5976053784753,-3.39461300355117,1616.582625904237,132.00909423828125,0.0,925.0,17.85607125615554,330,250.93818070292608,568.2350380663923
2306504,-38.95274642727913,-4.594143611303894,620.1599402921274,180.23622131347656,100.0,431.0,12.106601122206179,127,364.16288137379956,437.45625960228944
2306553,-39.890050081131626,-3.049940060296956,712.1193174279761,30.020408630371094,2.0,82.0,2.9686913131904364,147,214.01719816850854,608.4682029168938
2306603,-39.57832088425909,-4.626584310237788,813.7093277189415,488.2944641113281,341.0,534.0,23.24195338488267,163,306.8445931494147,432.05519206250466
2306702,-38.74699754352322,-5.491928606840782,1828.8895272896625,142.17837524414062,78.0,138.0,5.218415159473111,370,342.6659554757076,342.6659554757076
2306801,-38.5245902822462,-5.612537573760815,619.0050000285264,115.92682647705078,63.0,145.0,9.651042083838453,123,335.56438041558886,335.56438041558886
2306900,-38.70770751817664,-5.961202760390244,1869.7460817666724,175.9869384765625,103.0,312.0,9.298923940697433,383,293.0273026309809,293.0273026309809
2307007,-37.745975036271304,-4.866466420891816,846.674758198671,41.854652404785156,10.0,119.0,5.135834799998454,172,390.4955931415079,442.87608806773807
2307106,-39.248439286391545,-7.5902500796754255,542.3193915481679,774.5701904296875,489.0,474.0,21.936290561619188,114,104.55495284055364,104.55495284055364
2307205,-38.99216950886574,-7.692333424844582,377.65693106129766,501.3636474609375,437.0,177.0,9.448447678948185,77,101.11045020157061,101.11045020157061
2307254,-40.494963326570506,-2.8783338321576326,205.37338580505457,19.594594955444336,2.0,34.0,2.4268741180783038,37,146.78373942158262,636.951543470132
2307304,-39.28651955997486,-7.185114188919777,262.5510147102177,407.3518371582031,357.0,118.0,10.147023267726391,54,148.83248775009503,148.83248775009503
2307403,-39.606747408298,-6.459985999883435,936.970571346581,335.319580078125,229.0,476.0,16.270918353573578,194,230.12588367989787,230.12588367989787
2307502,-38.994843103691544,-6.7775277527423246,942.5853199597914,275.83770751953125,214.0,184.0,7.977785322195016,191,197.87437133975217,197.87437133975217
2307601,-38.047855617443915,-5.1574704829727205,762.7006261532661,89.70625305175781,26.0,122.0,4.848801314906293,160,370.0467541756374,400.2629662733502
2307635,-39.509251560731116,-4.857796615133449,998.0320306958165,332.1024475097656,247.0,238.0,8.368396648107414,205,328.1415883858913,406.18495820335664
2307650,-38.62744761743924,-3.8739638540668464,109.23087900842074,69.45454406738281,32.0,207.0,17.836177890478158,22,368.10811345270395,521.1513155602714
2307700,-38.81027265952662,-4.006919080888218,593.1763902032981,178.52066040039062,69.0,591.0,32.043991164334734,121,353.1511731396662,503.7641941630872
2307809,-40.26389368482329,-3.190779092409572,578.5840669311583,64.20689392089844,17.0,123.0,6.421446277324927,116,174.14180442229426,598.3517289683517
2307908,-40.649184922597016,-3.169368898514575,300.75533774658106,60.52458953857422,31.0,112.0,5.829697001815314,61,131.51154046865744,609.1430061793475
2308005,-40.38991010132218,-3.4831962716605545,575.3717003514757,166.73504638671875,52.0,679.0,30.904354420438004,117,168.56707686967317,569.0638152539038
2308104,-38.718077445785816,-7.397226568640778,1074.1573239166755,482.05963134765625,349.0,414.0,18.999483866889147,218,143.24010949701136,143.24010949701136
2308203,-40.45464782433861,-3.577267045816486,159.8480857728282,708.757568359375,171.0,755.0,71.88633426243263,33,165.50465831629214,560.3524419652323
2308302,-38.94334597693926,-7.272588901698176,577.3359885567334,393.1025695800781,303.0,326.0,14.409260629752078,117,146.41627037667436,146.41627037667436
2308351,-39.16841110869184,-5.639081793609313,504.5081498231739,227.72999572753906,185.0,120.0,6.668167736342735,100,320.26866336435245,320.26866336435245
2308377,-39.90954424249241,-3.5595740494377583,711.0269781681709,96.63448333740234,43.0,494.0,8.85294748163077,145,221.79808082634634,552.6065253590307
2308401,-39.15312537341107,-7.307325484340136,608.9913332047872,526.078125,316.0,641.0,26.12819839512538,128,137.0400707526327,137.0400707526327
2308500,-39.748606119628114,-5.787325532593019,2112.4330365876667,372.6388854980469,219.0,569.0,21.57474785658797,432,305.8648226151668,305.8648226151668
2308609,-40.044364196971,-4.914556541479612,894.8867115841713,581.3796997070312,396.0,568.0,23.547439720763155,187,285.5873211351734,406.35913533036415
2308708,-38.432001047091035,-5.033663868048568,2779.575031415792,96.27175903320312,39.0,188.0,5.9248417381047185,563,399.4296314268556,400.0156207646385
2308807,-40.68326129772916,-3.4622799825319652,417.34200470754877,95.52747344970703,57.0,216.0,12.455549682447169,91,137.2361791525195,578.5624872230741
2308906,-40.08727756316966,-3.28494320961979,413.55159766355064,85.95294189453125,26.0,430.0,12.856733676849359,85,195.23089729363005,585.1300587685298
2309003,-40.75732538499907,-3.8994544830195776,181.80138544121291,218.56410217285156,142.0,445.0,28.316927077364078,39,153.9376667880245,534.0786526709504
2309102,-38.99398140864247,-4.3226407261739315,102.99194935965352,670.478271484375,338.0,496.0,69.15662488355755,23,346.8686761276205,466.90452300241105
2309201,-39.66546747014229,-7.094712708276804,278.22881910810247,589.375,410.0,484.0,31.396667379207745,56,161.6567436697515,161.6567436697515
2309300,-40.529002129772984,-4.678705624153749,740.1681521222927,268.3157958984375,218.0,244.0,9.01389063368022,152,228.51772949483785,444.22395657461846
2309409,-40.77213447573366,-5.592445213146033,939.3817620205227,454.773681640625,318.0,546.0,17.49450654977315,190,229.44479494374528,358.8907294389049
2309458,-38.50836808937386,-4.526230531559598,768.4633962213993,92.51265716552734,53.0,117.0,4.6298729443381985,158,405.17310228732583,452.6262231340242
2309508,-38.945766896383816,-6.244818776506129,577.0372025982942,237.34426879882812,163.0,228.0,11.27853318966287,122,256.7365824107394,256.7365824107394
2309607,-38.49675395656854,-4.183622156782221,254.29260097653605,71.60377502441406,42.0,60.0,4.7415460590506155,53,392.4453303007958,489.99451408407725
2309706,-38.59622692747532,-3.9532502848477495,129.32825190213043,141.17857360839844,30.0,603.0,35.09123378561312,28,373.9032898987139,513.0563074264202
2309805,-38.90241962282383,-4.199040819883304,117.48853069311008,618.4583129882812,378.0,448.0,63.80528286268361,24,350.9379271467893,481.491971826057
2309904,-40.68979111749393,-4.0055705362372285,77.32220134790987,175.8235321044922,134.0,172.0,18.939779655713686,17,167.1558541919203,520.7170648522788
2310001,-38.02750332632943,-4.708893865919695,437.652882384602,50.266666412353516,16.0,65.0,4.337134703278131,90,416.1384218621189,447.59992946455304
2310100,-38.83889973171548,-4.125397464149096,128.13663114025258,375.9200134277344,106.0,528.0,47.87750789432243,25,354.6424507538537,490.37566326342653
2310209,-39.03885845853126,-3.4793681856387133,294.82861341827083,30.145160675048828,4.0,54.0,4.765764181428394,62,313.65395702043855,559.5112779880636
2310258,-39.17646789067426,-3.4224077867290443,295.1297949589789,39.186439514160156,8.0,86.0,4.587464225039306,59,297.49904837183567,565.0325762869726
2310308,-40.628744698381425,-6.302460556373365,2319.197045015637,547.1073608398438,391.0,444.0,15.90866140524833,475,229.23789107373037,280.0001419469627
2310407,-39.37662108255123,-4.160122343473697,535.5130401606439,155.2129669189453,90.0,229.0,7.976635426686967,108,300.8158877997881,483.084647133088
2310506,-39.84711465316725,-5.496581162834621,1287.7532856364269,531.22265625,255.0,511.0,23.572421375421683,265,329.27955864652296,339.24443394010547
2310605,-39.05387399573541,-7.777674082814648,144.7142025064677,502.75,476.0,83.0,6.232862836878316,28,89.75962189917395,89.75962189917395
2310704,-39.14596242801948,-3.85449034421456,1372.8100082512246,80.81071472167969,31.0,125.0,5.165926644352555,280,312.47468989505876,517.4358843982884
2310803,-38.48836791881536,-6.036541640710602,451.97943972074427,495.271728515625,212.0,533.0,54.99315421224293,92,292.0778225481535,292.0778225481535
2310852,-38.30424548201467,-4.055288903638981,83.22818983660545,31.72222137451172,16.0,29.0,3.376968208043926,18,408.1703968884586,508.42896785888087
2310902,-39.450437360735265,-5.86257544929341,584.3550172718242,294.3333435058594,208.0,337.0,10.822195932800568,117,294.9346137040876,294.9346137040876
2310951,-40.585601295647535,-4.258557072409467,247.27116405940615,203.74510192871094,151.0,216.0,13.71728020956365,51,192.9944447508231,490.6430962249258
2311009,-41.07853008787947,-4.799146249358381,1311.7083554719575,449.443603515625,230.0,629.0,22.11267689572858,266,195.6517975455768,452.87614144690235
2311108,-39.10643135993388,-7.5417762226516105,227.55270506464876,640.244873046875,437.0,556.0,38.77975119980694,49,112.74590645175304,112.74590645175304
2311207,-40.03599918809261,-7.073636471092851,341.0319606726989,555.1857299804688,436.0,232.0,14.266995861857822,70,175.9696140316601,175.9696140316601
2311231,-38.167137450651,-5.749619436071813,402.3506485808175,161.91250610351562,85.0,170.0,8.801330941619918,80,315.3524900594357,334.61123379777126
2311264,-40.763173829948606,-5.872236664915305,1024.9914264774416,549.8809814453125,359.0,476.0,19.87259859247492,210,221.7317971479849,329.73811752695605
2311306,-38.945604824051685,-4.9554734381299745,2017.4371936323587,203.75540161132812,105.0,498.0,11.790346844265622,417,385.22189131556655,397.8284899232782
2311355,-39.119116554614024,-6.175315203071278,600.6274580063764,244.16000366210938,196.0,136.0,7.353710526561395,125,261.6408731234884,261.6408731234884
2311405,-39.33349742322321,-5.244903697741689,3327.7904722092208,247.500732421875,139.0,501.0,9.49990625774794,677,363.1494101088258,363.1494101088258
2311504,-37.861082551978875,-5.0878050894102795,612.6100607053377,107.3149642944336,18.0,130.0,5.248660285244358,127,370.59534499751436,415.3097954289461
2311603,-38.76245306313847,-4.245810093913061,256.8365993499756,297.8846130371094,99.0,506.0,47.33143956922224,52,367.269069343238,478.26344502998506
2311702,-40.61287024557585,-4.119145934390329,377.12254125240725,265.6538391113281,121.0,837.0,30.40099060464291,78,181.4160746357373,506.3140520832757
2311801,-38.147257790882605,-4.843234200093524,1590.7489777952433,66.2631607055664,16.0,169.0,4.986055721042125,323,406.4740626900588,429.2462866040012
2311900,-39.88739511681743,-6.486275913100904,1358.0982706039213,396.5073547363281,286.0,417.0,20.614805309925934,272,232.6776100800914,232.6776100800914
2311959,-40.365109060295325,-7.2034160850485,817.1680766409263,676.2470092773438,501.0,365.0,12.951153525987653,166,176.94791314322606,176.94791314322606
2312007,-40.16590599097306,-3.462448956545989,970.1406913979445,87.2551040649414,31.0,342.0,9.404031490113697,196,191.42794121097086,566.95998758309
2312106,-39.75710503905557,-7.222280917650964,862.3160002306104,758.768798828125,458.0,470.0,21.429866915693378,173,150.22145508223457,150.22145508223457
2312205,-40.04289669703564,-4.3401278729431505,4249.794695870369,285.542724609375,104.0,856.0,17.31327757685025,866,246.54291666838913,468.9538675110684
2312304,-40.96919159284389,-4.0409835425829455,362.3377276021056,776.881591796875,254.0,671.0,26.35836153312921,76,144.84558190820596,526.3719217711922
2312403,-39.06015262860559,-3.5999850850112747,847.5569290481508,41.264366149902344,5.0,85.0,4.007537505080868,174,314.047504176753,546.0516418464437
2312502,-38.272059794076526,-5.326392200897979,275.58326909458265,71.61111450195312,41.0,78.0,8.098338602848425,54,362.5529359939853,374.16474357624924
2312601,-39.2639100905932,-3.646058073466294,122.5088634894928,54.846153259277344,25.0,83.0,6.9401338904936045,26,293.31845779908394,540.0363784753251
2312700,-39.43324689003559,-5.58814577949381,967.0622501934413,257.7727355957031,172.0,435.0,9.144216127233701,198,325.23157717668676,325.23157717668676
2312809,-40.46107608711923,-3.268612854629836,413.30188309401274,76.4047622680664,30.0,148.0,7.07767566412039,84,154.20113506717777,593.8967114537918
2312908,-40.22808898664882,-3.811653041789641,2078.5859511953313,165.7057342529297,53.0,699.0,17.008168064720532,418,198.91980107476894,530.0142339543619
2313005,-39.00337574790819,-5.776858366273736,1531.8679056360852,200.9335479736328,137.0,209.0,6.4194114704955245,316,306.89644917392263,306.89644917392263
2313104,-38.02632991076902,-5.362263535393671,1041.9564252865966,107.13397216796875,17.0,175.0,6.1166635820332225,209,348.0526484828919,380.16550980586874
2313203,-40.33610763967966,-4.9201556025734545,2008.4197953168768,390.8063659667969,250.0,768.0,13.795768208119108,408,262.4977729030209,412.78116442731556
2313252,-39.73706871188942,-6.730227083883746,418.79025011556223,408.1309509277344,282.0,320.0,32.44684555579122,84,202.7340339262411,202.7340339262411
2313302,-40.259305947226274,-5.936261485139927,4009.604927290231,487.49267578125,378.0,388.0,10.116743047426569,818,274.94907101441487,302.4857514512153
2313351,-39.58335498453463,-3.9339898870382006,752.4555278546177,189.35293579101562,114.0,377.0,15.016840750051028,153,269.93923028439593,508.580509348671
2313401,-41.05377295185927,-3.735490124933399,914.0545914410613,588.4176025390625,105.0,782.0,37.69087986685386,182,116.96736128977486,561.3840873466899
2313500,-39.35326238504521,-3.337670246032146,932.6399710761616,40.49468231201172,7.0,81.0,4.0355818062109075,188,276.6090630380385,574.0269175035984
2313559,-39.40366952454286,-3.5532329561730522,192.7229390005814,89.38461303710938,46.0,145.0,8.223245826196507,39,275.7430079624324,550.1957328969296
2313609,-41.00646211928118,-3.8679121150155567,432.37841482437216,607.8555297851562,137.0,764.0,31.95198181316287,90,129.72164265838816,545.819276140293
2313708,-38.73076058449586,-6.623485100819556,269.45636437041685,323.0526428222656,234.0,332.0,18.530956310473364,57,221.9612104719532,221.9612104719532
2313757,-39.38465177283557,-3.687782797717389,320.6890274072066,114.5846176147461,50.0,486.0,17.914883146995976,65,281.66990485383974,535.3128319804214
2313807,-39.51659113061652,-3.6218728460051626,105.03303134185262,385.2272644042969,105.0,742.0,59.28986065282192,22,265.5682723465782,542.8066697295743
2313906,-40.676069256723544,-3.320368404527392,691.4101130164927,84.57142639160156,37.0,297.0,10.52125057970457,140,132.65244459254535,593.5990050541468
2313955,-40.491662599373406,-4.1659729231472875,177.58070614002645,169.45713806152344,123.0,87.0,8.716839205974843,35,195.38870376207058,497.88457067315545
2314003,-39.29790750639318,-6.772806463076978,819.9575757873245,365.36810302734375,275.0,338.0,17.46740453927454,163,194.3185488394117,194.3185488394117
2314102,-41.13493833318628,-3.5484946698075226,1288.042975637829,450.8295593261719,90.0,719.0,42.40677320879802,264,97.08480225362749,583.8876618829441
2400109,-36.65111146627334,-6.408608722928485,614.1981692707632,336.6585388183594,218.0,344.0,21.87667027094965,123,203.41755282882733,336.5393149546155
2400208,-37.013873904894304,-5.526452242225007,1310.9197148627136,85.94676971435547,14.0,218.0,7.468570653500134,263,302.78699512474196,400.71283728786756
2400307,-36.59953762591339,-5.471218810104909,573.3680333283264,73.4137954711914,14.0,124.0,5.9269807063907045,116,307.175750755424,426.80455543521197
2400406,-38.31128363637031,-6.207511688312727,47.11257205088623,344.4444580078125,252.0,246.0,27.505806151384128,9,279.8234851359725,281.7900409196828
2400505,-37.9920627849579,-6.366930259182629,402.4560274700634,339.6172790527344,263.0,238.0,17.377317014553515,81,246.0112363140976,277.542575506998
2400604,-37.76186145952557,-6.15500808289711,124.40854493598454,279.875,211.0,306.0,19.781045387732505,24,255.7620057670045,306.52997448635693
2400703,-36.72236236381129,-5.362433992337001,189.68439593492076,33.30769348144531,6.0,75.0,4.6052081408193,39,319.099934171128,431.01258704872976
2400802,-36.55737560142377,-5.646649229828022,753.9973528853152,121.5290298461914,49.0,206.0,5.734388201653394,155,287.97288792400076,412.367204326829
2400901,-37.92393066934463,-6.219946769579157,245.74290765961632,336.28302001953125,239.0,277.0,19.896054996476412,53,256.74181944198534,295.06017254189766
2401008,-37.83549430107755,-5.627827214396438,1599.1599135382567,125.31211853027344,42.0,235.0,7.033157574535963,330,313.06531223389135,361.1043846262825
2401107,-37.04273265901775,-5.001021388684959,349.14124102005735,63.75342559814453,0.0,172.0,14.93504343643131,73,360.9098963411593,453.1626263098262
2401206,-35.20780157524305,-6.19335769424663,117.04381788498722,72.16000366210938,11.0,132.0,10.025711122955686,25,226.1449931888426,461.20355621824797
2401305,-37.326175646150354,-5.877712147407767,878.0966741372831,148.4213409423828,69.0,527.0,12.421295780962964,178,270.6310642982977,351.4054759773904
2401404,-35.044536442843665,-6.432807102665241,244.5407636379823,34.769229888916016,0.0,71.0,5.848039283734005,52,203.87685430263377,445.7548824910777
2401453,-37.61822924680573,-5.092757138072079,823.8440341346432,98.19642639160156,25.0,126.0,3.702992445254632,168,362.6360657154146,424.1945532417794
2401503,-35.92181748670117,-5.96190022828834,145.68951399764046,165.03225708007812,104.0,207.0,12.320033327199223,31,250.25472086529726,426.15072306096664
2401602,-35.81061625115469,-5.676662480366378,295.03478239360265,126.96666717529297,87.0,113.0,5.817456536253752,60,280.29237271036794,458.1283645289904
2401651,-36.44332723226144,-5.964085334226696,254.17733193235472,435.29412841796875,202.0,487.0,43.61992599135269,51,253.92034788796465,389.8872626001177
2401701,-35.59172308841297,-6.001880600562584,120.12451732368208,114.56521606445312,92.0,55.0,5.18142495255794,23,243.38977848552446,447.2364361107209
2401800,-35.382398957931954,-6.216707260595554,59.88601947855204,112.25,81.0,83.0,6.886843360663383,12,220.9849574091878,446.16743434488745
2401859,-36.08344800481083,-5.192106137526542,224.55728690465912,36.622222900390625,1.0,82.0,3.7946640123918427,45,337.069525146711,483.031426659295
2401909,-36.02711334105693,-5.7662817313294825,269.4094735472463,224.6481475830078,145.0,306.0,18.46036845774447,54,273.3844682519664,435.19684512430143
2402006,-37.037998545865584,-6.466400581983987,1246.2208732017316,226.1796875,150.0,452.0,14.435331845364525,256,200.20360803511574,307.1288388348296
2402105,-36.2088694284317,-6.238611613163136,213.25968014379032,496.5777893066406,327.0,300.0,20.90045177290528,45,225.42202913617905,382.0891828579233
2402204,-35.15097499247241,-6.395003837303363,250.78475199919194,61.28571319580078,5.0,146.0,10.127590766986227,49,205.27757382036697,443.93375173965785
2402303,-37.58417784125321,-5.767147796386065,1095.3761616069824,123.89286041259766,39.0,164.0,6.231968414629646,224,289.8072928560143,353.2756395946042
2402402,-36.5505351105494,-6.551980807507074,246.79106911178678,443.686279296875,301.0,341.0,31.17105989734173,51,188.09836839139794,331.07172648423386
2402501,-36.85653298838164,-5.26402608566265,522.3448086834978,44.594058990478516,0.0,166.0,7.744376761335562,101,330.4022623225289,434.3648338080822
2402600,-35.39416913115344,-5.593807401348825,726.5423936953302,44.203948974609375,0.0,99.0,6.233046236865986,152,289.43506060342,495.6832403354514
2402709,-36.32675501005272,-5.991241440507906,389.7322709779255,495.1139221191406,313.0,401.0,26.399682289651853,79,252.61920280516992,395.1066552143208
2402808,-36.196719490952894,-6.358252966389884,189.3603401905857,493.79486083984375,334.0,313.0,31.32899950806893,39,212.24103881957916,373.1150466638915
2402907,-38.42262534129725,-6.255073459840678,120.26029639039189,497.5416564941406,359.0,317.0,37.84432680148426,24,272.0771257712568,272.0771257712568
2403004,-36.82507020441674,-6.3542204498091195,288.7376787792891,280.4666748046875,219.0,366.0,13.953312274343064,60,209.82949255071483,330.2935925817153
2403103,-36.44151656342456,-6.223163859522632,872.1744484971277,422.6777648925781,313.0,371.0,18.51688936072662,180,225.47033356954609,366.9785241459777
2403202,-38.40027699252888,-6.115598957773764,114.30241830507293,519.5416870117188,373.0,306.0,38.592772453769314,24,287.3073058813282,287.3073058813282
2403251,-35.2308389628311,-5.911051497939042,125.05319552123547,45.5,34.0,24.0,2.9976802645408624,24,256.71975975579,481.9884143855715
2403301,-38.30791230618693,-6.1355042175396415,117.76645171665587,276.375,208.0,203.0,30.493272947454255,24,286.22612860478586,289.232955690644
2403400,-36.66427661463326,-6.880492887179743,265.877522141207,512.24072265625,317.0,367.0,29.585240284834274,54,151.22341767328368,295.45435743998684
2403509,-35.30389112384594,-6.3068194316337625,132.59518648358062,91.70370483398438,34.0,152.0,13.175024293023318,27,212.26417819675515,445.03144946955103
2403608,-35.26805173712337,-5.682388205590247,143.89976725541055,29.724138259887695,1.0,48.0,6.208062762512091,29,281.1729257380466,497.6146676520479
2403707,-37.65508737731829,-5.539500787391557,267.1167165916413,77.29629516601562,39.0,65.0,5.002744970661528,54,316.17766339387583,375.3040410939502
2403756,-36.38926708762208,-5.760864039237629,317.1204720835667,216.09524536132812,124.0,285.0,12.872768604619683,63,276.91718921912457,411.79457040364395
2403806,-36.8168049074624,-6.169779033907702,500.6441303305328,348.7884521484375,139.0,539.0,21.66556937021844,104,230.1521569413249,347.9488011304716
2403905,-38.10639802648806,-6.052753368470319,197.43997142533772,274.23809814453125,171.0,335.0,27.826961014111177,42,282.52966733287565,306.6441187043298
2404002,-37.83745702741464,-6.163539401212386,61.11014352273196,286.25,229.0,144.0,26.26918275623875,12,258.2541697584191,303.40839037921853
2404101,-36.206576362493955,-5.175130805033281,340.23374427249655,18.565217971801758,0.0,52.0,2.686735537445119,69,340.928173985726,477.2389051299443
2404200,-35.215278955013254,-6.285970189527942,185.92603881075047,61.73684310913086,1.0,137.0,12.81273672765121,38,215.89748271473812,451.5855694930886
2404309,-37.53691493034239,-5.395038185644151,1128.9140824556816,76.1965103149414,21.0,115.0,4.510324514036391,229,328.00865655822594,394.21238784266205
2404408,-37.20890970684878,-4.948081078865256,124.88119316683151,14.84000015258789,0.0,32.0,2.8350428039869855,25,368.98511608628985,452.3334856316261
2404507,-36.34349928959574,-5.174169508277688,264.5988440022338,18.870370864868164,0.0,79.0,3.8299416963954775,54,341.9512955140123,469.4727503747808
2404606,-35.549855055334845,-5.78340883985219,310.7915566044394,79.26984405517578,38.0,83.0,6.419587979750733,63,267.6086110943496,468.4757178164176
2404705,-36.802029100715494,-5.538430000556961,367.6067883379292,42.426666259765625,14.0,79.0,6.448016526679455,75,299.8530054336272,409.6399097816893
2404804,-37.188152694784655,-6.774746001152874,126.85124245635234,227.0800018310547,196.0,97.0,7.806082134501078,25,170.6038479606453,269.35048086898166
2404853,-36.80740869731977,-5.689488325098573,202.04803062370047,75.75,26.0,94.0,6.589066558494386,44,283.17725477867987,394.53712020553616
2404903,-37.916698915744234,-5.819555822879351,132.3319569772575,143.52000427246094,113.0,65.0,6.534674836015625,25,296.6273141069587,338.4995002849828
2405009,-36.20585643686094,-6.411914723764678,48.267872193595394,647.0,606.0,69.0,18.554442458374755,11,206.72861298942365,368.06696509414616
2405108,-36.1388674489461,-5.356510702982055,440.73002203181386,117.28571319580078,42.0,189.0,8.681688265096998,91,319.99675978806704,464.46407456480836
2405207,-37.476253772132004,-5.996139535669361,300.73422263236716,160.19671630859375,133.0,74.0,4.731290454960486,61,262.1489991858544,333.146329284204
2405306,-35.59801906222212,-6.150570072925496,171.74103341787122,127.03125,101.0,50.0,4.853527911019659,32,226.9460563362032,434.6135748255108
2405405,-35.89878603459257,-6.431508334388623,192.74685014993884,289.25640869140625,205.0,263.0,24.73874765476419,39,198.49499525013798,389.09316536707985
2405504,-35.98636923176022,-5.614007411704239,253.4134854672011,167.59616088867188,128.0,124.0,6.087340829670101,52,289.3417513491312,451.25580949837877
2405603,-37.28653326579241,-6.336369858475299,320.006511679152,139.8307647705078,108.0,87.0,5.291160433761166,65,220.26836977797694,306.6547698234444
2405702,-36.806314304575636,-6.588117260127609,364.3483386875596,238.9066619873047,197.0,111.0,4.984906850780654,75,183.8926218968698,310.31751861003727
2405801,-35.87409837407431,-5.476697048521708,720.6507822012063,166.13333129882812,94.0,186.0,8.491964165887152,150,302.95134282545104,470.9180300964201
2405900,-37.840362961303526,-6.288069486762204,84.31302463938482,463.058837890625,339.0,248.0,35.4970138106012,17,245.8933218500627,290.01404977695887
2406007,-38.282724433787216,-6.343817472856646,120.00542129017413,343.46429443359375,257.0,340.0,29.995779778953004,28,265.65502464678883,269.21201952303016
2406106,-37.02241271173854,-6.0579735622236655,940.5198348844424,173.67015075683594,52.0,676.0,26.992780892928383,191,244.55736646908227,347.3319864372674
2406155,-35.338471845151616,-6.250537491565823,42.37339532817714,118.19999694824219,61.0,100.0,11.333935939428637,10,217.86702644155227,447.1033638435578
2406205,-35.626633604253534,-6.3832025654428595,104.58479416905902,149.13636779785156,128.0,69.0,8.748474865916354,22,201.2392671090636,413.89439885437514
2406304,-35.44999063412511,-6.192667828596397,115.85077319131233,100.0,58.0,64.0,4.691191305327173,23,222.9345195997425,442.68650698377616
2406403,-35.84400274642232,-6.01088472101173,112.91364616039209,142.21739196777344,124.0,43.0,6.122694131889699,23,243.85497058752594,427.9471649973488
2406502,-36.52450727429624,-6.091663294952777,174.84581424598582,681.2973022460938,500.0,217.0,22.56178983260974,37,239.07123330152797,373.1536287234833
2406601,-35.503100940781444,-6.14882878527715,78.484069759259,98.4375,73.0,43.0,4.610952003739874,16,227.40688380256958,442.0151425874433
2406700,-36.18173196988374,-5.698723906910246,676.769619777333,245.2536163330078,148.0,322.0,12.447333672847583,138,283.33753105990854,430.70848447140037
2406809,-36.133186305126344,-6.148255837055863,127.28380326973274,398.8333435058594,303.0,256.0,21.657829007127038,24,233.46261293667823,395.15243144044183
2406908,-37.824259363095635,-6.103931989477162,34.912840897683054,265.875,205.0,200.0,27.710956311028337,8,263.6786806241755,310.1571108040945
2407005,-38.402310056713134,-6.374415261615678,163.96911124396138,490.6060485839844,329.0,344.0,47.58185463604051,33,260.828172669368,260.828172669368
2407104,-35.428917607906804,-5.926535009711619,514.9081381151918,77.99065399169922,12.0,122.0,6.889576890906126,107,252.45476243844567,465.58264562808245
2407203,-36.522146510845936,-5.196744718222841,779.3616116759367,26.42331314086914,0.0,89.0,4.019390469713961,163,337.85460778075833,457.573035224669
2407252,-38.322033800454115,-6.408074745802248,29.675606672884896,315.79998779296875,291.0,60.0,26.755869584715605,5,260.94129245460954,260.94129245460954
2407302,-38.15714131648409,-6.281831716226452,350.56308508175425,260.4117736816406,211.0,340.0,12.849483277615324,68,263.5453502039959,281.37216023502094
2407401,-37.90628359269019,-6.080036280140006,174.5862124969717,439.1944580078125,216.0,480.0,55.834629077201924,36,269.82793604099635,310.57895667275403
2407500,-35.355224689395776,-5.450137075836384,132.1623463567812,30.407407760620117,11.0,71.0,4.813540452907991,27,305.6309512421736,510.43274961233675
2407609,-37.4798643042937,-6.0897947953526295,143.69132076436654,178.23333740234375,148.0,63.0,5.560139796990368,30,252.3240096286364,323.31299846824703
2407708,-35.29091390034186,-6.5039835194791085,78.29001661506481,80.35294342041016,48.0,75.0,10.528912887222733,17,190.83930871692445,426.20745993579993
2407807,-35.404251919641425,-6.098781766890921,215.45461336313747,83.72093200683594,26.0,102.0,7.440714790020523,43,233.70954904089135,453.64929568152445
2407906,-35.809197666403925,-6.4317911877551825,70.23387253517285,322.0714416503906,197.0,291.0,28.89013210516958,14,197.1729110902403,395.8688752296401
2408003,-37.32568903193262,-5.175547111169678,2099.865049873246,53.60798263549805,0.0,380.0,7.01585013781647,426,346.3931738696688,424.3499548931569
2408102,-35.22796021880316,-5.80179572470994,163.45705914334394,35.71875,2.0,63.0,7.658221712552809,32,268.7399634583379,490.92730226794214
2408201,-35.17127500194239,-6.054026986535228,314.5606993190013,41.80644989013672,3.0,76.0,6.2075958072242905,62,241.99293247554525,475.5635592861947
2408300,-35.42924052158274,-6.449213449964973,275.4501108021941,102.18868255615234,62.0,84.0,5.219754446481911,53,194.87337623814273,424.4476250174012
2408409,-37.71085735349386,-5.977825414205935,139.77291311114095,165.84616088867188,132.0,76.0,7.277941135965287,26,271.9563843841739,326.9270453377649
2408508,-36.91968471510597,-6.683227952894148,256.95535152661614,237.8518524169922,203.0,114.0,6.377604139209398,54,174.52172450776789,294.39448690327174
2408607,-38.28505262274185,-6.452697000164548,85.14774456690066,327.70587158203125,293.0,121.0,11.541801185979107,17,256.12045835649275,258.17518738822446
2408706,-37.11193638476487,-5.785463669213669,385.8196539788041,107.17948913574219,69.0,150.0,7.3570876451598295,78,275.8225741457112,370.1056573286021
2408805,-35.936420164527036,-5.285930789918397,232.43621915904805,104.06521606445312,63.0,121.0,8.355174782358421,46,324.66127117626485,483.7207005335889
2408904,-36.619939530732836,-6.714022899286225,506.33747863559984,366.28570556640625,259.0,421.0,23.765638156123412,105,169.75669778254888,312.445147905868
2408953,-35.40067452553162,-5.376422623524917,146.58489639917389,25.241378784179688,4.0,71.0,5.0531109044692455,29,313.3493378095846,513.1015385851978
2409100,-35.613306747620214,-6.441889607810747,46.313457913696766,170.09091186523438,143.0,57.0,8.332620111049268,11,194.73635795649443,410.3967013083307
2409209,-35.39553521819532,-6.282663363466216,41.97935393592343,83.44444274902344,67.0,39.0,6.788197050749658,9,213.57661436915436,440.0549696253428
2409308,-37.62219936753801,-6.084971864001148,314.15849248552695,236.8787841796875,177.0,406.0,19.401985743221715,66,257.5062298129934,318.5058799673493
2409332,-35.72049098304639,-5.78979967560714,222.7310266252607,103.68888854980469,76.0,48.0,4.481174665604605,45,267.1542999555287,455.2720075869758
2409407,-38.17020841856298,-6.118809346722223,263.28123904694803,220.69090270996094,186.0,77.0,4.991750306416777,55,279.68223080193087,297.0364521249488
2409506,-35.8733495379858,-5.144831838994878,223.56273921509273,31.808509826660156,0.0,84.0,4.8421420362671475,47,339.4797419738753,500.51779294752777
2409605,-36.079334050988166,-5.524311644756129,295.9225119808689,203.76271057128906,149.0,99.0,6.24939668774384,59,300.7107266182314,453.01784616594193
2409704,-36.33127569016098,-5.475859619057884,943.8651751358993,125.20618438720703,40.0,224.0,6.549966435070125,194,308.980636313762,441.68440317946556
2409803,-35.22628793539899,-6.4644267276541925,189.8462235755287,84.625,13.0,172.0,12.968251591722014,40,196.22068127657863,433.3060652375993
2409902,-36.62345446903691,-5.292850207691223,418.01391452085227,31.5,0.0,78.0,4.383255417169353,82,326.82716744264906,442.8951647496798
2410009,-38.02838551032868,-6.28671077111709,79.57011299580336,267.1764831542969,249.0,39.0,4.243220307457036,17,255.71331034454377,285.4105187362715
2410108,-35.694205894491866,-5.570460790120072,227.50458038575016,102.3043441772461,75.0,67.0,6.017811617075416,46,291.2657350339295,475.4666020126876
2410207,-38.00783541646156,-6.029818527149363,99.89992027985863,554.26318359375,302.0,363.0,59.20015847684321,19,279.71638543806597,313.7177480610326
2410256,-36.84100190722767,-5.088962623898045,358.9158273842186,54.43243408203125,0.0,221.0,8.945139592983315,74,349.6712286854587,452.7536403967743
2410306,-35.72294955958848,-6.110059182264877,216.07636032020673,159.37208557128906,117.0,138.0,7.768623394466394,43,231.80537643171326,428.58124539484805
2410405,-35.582565726973215,-5.4080764905715695,498.36446954426356,100.7128677368164,9.0,185.0,8.148725701894344,101,309.0541693211682,497.21244182763076
2410504,-38.22654765264029,-6.197588165417782,82.41108868061565,238.5625,213.0,80.0,8.810679666736139,16,275.543882681357,286.5198596221183
2410603,-37.72940507571215,-6.069732577708848,99.35335223050788,197.9130401611328,151.0,88.0,6.580795151573086,23,263.16534086062336,316.5900370983603
2410702,-37.96675763569745,-5.9242208305888,130.01242933329195,170.88461303710938,123.0,216.0,15.961332610351853,26,288.29030303168844,326.064015475192
2410801,-38.33459997277181,-6.277417967568169,134.80986991338432,348.5185241699219,243.0,420.0,42.984673621110126,27,273.65691691940845,273.65691691940845
2410900,-35.84849382804508,-5.798217298878921,258.2629850397352,161.44444274902344,110.0,203.0,11.691252158662694,54,267.2928239511084,445.1557385527779
2411007,-38.081180055157425,-5.859420029896206,158.36843667621724,193.51612854003906,160.0,190.0,6.769298991815237,31,300.22111495302386,327.25575150888557
2411056,-37.320385576127094,-4.888613682810642,171.01713644573465,32.0,8.0,43.0,3.7436127600312075,33,377.47182715723096,454.77083305044493
2411106,-35.9379086664019,-5.857789751521753,130.67034501046874,249.8800048828125,114.0,240.0,16.60037149118663,25,261.90232098109294,433.6800695038668
2411205,-36.006782753000714,-6.248161133336722,619.3497330867685,268.4566955566406,183.0,273.0,11.981207250841328,127,220.32284895938048,396.39967170587244
2411403,-36.635868253295556,-5.904778369965267,1428.9556057977024,191.5836181640625,72.0,619.0,18.453762132555475,293,259.14973705255,383.46749542647234
2411429,-36.76398695472386,-6.732769431131018,186.16171532077715,330.3333435058594,256.0,296.0,13.838950152329243,39,167.7230189873226,300.5601943498313
2411502,-35.503252945611365,-6.339473944920278,296.78776120208204,102.27586364746094,68.0,66.0,4.1875277440908345,58,206.35284762417578,427.0657411570468
2411601,-35.98955003709046,-5.143500441617345,289.1648006576579,28.049999237060547,0.0,71.0,3.019933918579898,60,340.97947267772787,493.29875148444256
2411700,-36.04848584645779,-6.383329882010462,196.11518013244495,299.06976318359375,230.0,246.0,20.27881191849494,43,206.2261314648727,381.9930965603955
2411809,-37.15092468388203,-6.318499854893809,393.467569981236,152.0,105.0,110.0,6.523906619737454,78,218.69903175524416,315.18142717321336
2411908,-38.18610985660983,-5.986337618813787,74.2717372563202,224.41175842285156,185.0,141.0,17.044712616154065,17,293.2510070512152,309.7276558233329
2412005,-35.36635291562916,-5.787293767256943,249.1120235105045,44.156864166259766,0.0,101.0,8.372695751428255,51,268.3970497137768,481.66691732996975
2412104,-37.189005263627436,-6.690404904401389,276.7727610229049,211.54385375976562,176.0,73.0,5.793512986965151,57,179.66391793868536,277.2543818995217
2412203,-35.2888721231958,-6.064120450568831,293.9255074393004,67.47368621826172,7.0,119.0,8.770358050019532,57,239.04712381299996,465.4179539746256
2412302,-35.7385404533204,-6.30218148733685,336.7478397213854,191.3333282470703,133.0,215.0,14.062004794506441,69,210.71547842276323,411.69063055547707
2412401,-36.85697274325832,-6.485001973806609,178.65785258985125,229.1842041015625,200.0,66.0,7.624511158416323,38,195.63127883432776,316.3263755513262
2412500,-38.47329341353074,-6.213729109479096,162.7184275307227,607.625,465.0,275.0,30.213539445411904,32,274.2501260231831,274.2501260231831
2412559,-35.736523371298944,-5.194501239173984,436.91273487289436,51.83516311645508,3.0,128.0,5.576771513789762,91,332.99092599360847,505.039228036047
2412609,-35.75456187804906,-5.9348791671970496,240.12398574571125,110.85713958740234,67.0,82.0,5.7090882945423145,49,251.35601327555088,440.8804351075084
2412708,-35.629802554916076,-5.891082058472278,196.4876089063473,88.43589782714844,51.0,78.0,6.43425915340085,39,255.65524224879962,453.6403474190079
2412807,-36.878353227234356,-5.836054665493813,465.85461826599203,84.42708587646484,46.0,306.0,9.638048731354878,96,267.37746593216065,376.5184204995194
2412906,-36.1277051511129,-5.987767268480616,863.1685719760135,285.70855712890625,146.0,416.0,25.594368840242087,175,250.8204219720546,409.1075332388653
2413003,-36.65976000975345,-6.20628505937269,192.18477181135677,426.2749938964844,270.0,461.0,35.2056506076291,40,225.7740037159161,354.1442457252477
2413102,-35.68243472290853,-6.041479600906902,151.5170630859211,129.53125,106.0,43.0,5.180339077986776,32,239.16966788056416,437.2471142527196
2413201,-35.11740778682956,-6.160884562831603,20.902501872740686,18.799999237060547,3.0,46.0,11.760862597563783,5,231.39738241642453,468.7795175732971
2413300,-35.71738083336203,-6.428941666671652,97.85253268363886,343.76190185546875,212.0,282.0,35.41107864189993,21,196.57236128738768,403.19508187254786
2413359,-37.02422359891375,-5.171842912220614,617.4390753433108,173.7007293701172,46.0,218.0,13.295297942290302,137,341.91025422293427,436.38348238856383
2413409,-37.35804341655976,-6.587908351397712,555.6748016416095,203.8482208251953,143.0,309.0,11.421301405961328,112,195.64105475745848,278.1699028134911
2413508,-35.573780117186786,-6.256085522640098,197.01017439342104,117.80952453613281,78.0,98.0,4.808780344576424,42,215.30240209944077,428.0250017803821
2413557,-37.99304288617641,-6.1437712276307765,118.33279216964729,415.86956787109375,270.0,352.0,45.510495777703625,23,267.7323008812661,301.67822188603856
2413607,-37.97213564877694,-5.768956943802359,159.37241740943864,185.76470947265625,134.0,127.0,11.17337500341371,34,304.2034104471376,341.39826459468156
2413706,-35.92823173061954,-6.0889769701757,217.89935361524113,240.88636779785156,147.0,223.0,18.668471100904654,44,236.4357154798667,415.2440331383783
2413805,-38.05203942414223,-5.937912650965181,123.85899854870513,177.52000427246094,133.0,190.0,19.60205716572775,25,291.0042552637061,320.7084029509918
2413904,-35.58512474079119,-5.596831730462826,353.47223167750053,75.57142639160156,25.0,101.0,6.9079674309137395,70,288.181254949414,481.22877834868626
2414001,-35.83419063515184,-6.216820962038082,346.44938016380183,197.9166717529297,140.0,148.0,8.8760256502965,72,221.10324790406403,411.5357961628495
2414100,-38.16543317053522,-6.44230280783037,204.0854759037029,345.06817626953125,267.0,175.0,13.368847025941363,44,249.25251924411856,265.1474965461718
2414159,-36.7202006317608,-6.157892478939994,67.79761203657836,601.2857055664062,354.0,384.0,47.43346880189859,14,231.15021895553858,354.8370819254082
2414209,-35.09996266444351,-6.242465837413652,104.76375508774072,33.57143020629883,0.0,54.0,6.666039704073488,21,222.93982494912697,461.55206851294065
2414308,-37.24701435447773,-6.474927147546296,135.90005443897098,181.92857360839844,155.0,63.0,5.417880618237665,28,204.3397721200441,294.9030056167432
2414407,-35.60770419240165,-5.282046319248049,756.6238790648058,80.4313735961914,5.0,237.0,6.5493095564168335,153,322.9819532278542,506.2007267959408
2414456,-37.152192962004335,-5.9186740935628634,267.6132311022375,197.70909118652344,92.0,435.0,29.281443274942543,55,262.0594394415845,354.83585200057405
2414506,-37.83181310872639,-5.991830019859039,213.66711354348809,190.40475463867188,160.0,84.0,7.915696850070503,42,275.40806379378046,321.9730973121899
2414605,-37.29147552706542,-5.609798251163513,871.3453312164638,91.20555877685547,37.0,144.0,6.791410517082957,180,298.59243667383987,380.3787534699438
2414704,-35.36603477283337,-6.350567756092147,78.04605617490597,83.93333435058594,55.0,128.0,7.945957382853664,15,206.5018415629578,437.31240944120213
2414753,-38.52557635236231,-6.321278770882208,69.80788803845644,580.066650390625,495.0,182.0,25.13707752178624,15,261.0697179869347,261.0697179869347
2414803,-35.43716407064935,-6.0365845929489605,79.76609959662892,106.0526351928711,87.0,50.0,3.7745030154000894,19,240.25166305059443,456.0584618317596
2414902,-37.95160363819582,-5.984509736095311,31.853994328528643,246.0,192.0,246.0,35.571962783658805,7,281.5298904557,319.85152807498105
2415008,-35.083758249907646,-6.303648333756971,50.05217908322811,35.3636360168457,6.0,43.0,5.116098671410305,11,216.71407739539157,456.33751951800497
2500106,-37.66340178400775,-7.472170492509122,245.36785852327012,707.2244873046875,516.0,278.0,20.090835506005952,49,125.43357278621825,176.0646402646848
2500205,-38.21667547712321,-7.0755074989256155,354.6946781419683,402.3999938964844,261.0,392.0,31.743094390598156,70,195.82873262670375,195.82873262670375
2500304,-35.60266909204088,-7.059307104234139,325.70971983787604,193.07691955566406,109.0,292.0,20.510576266172688,65,126.46270354036702,355.84596586439034
2500403,-35.76591805681325,-7.059848699653941,129.24890295881778,477.1071472167969,273.0,314.0,31.142341392985283,28,127.63207393698733,347.23609872154304
2500502,-35.52281614466921,-6.960263271284214,110.59765107370913,164.6521759033203,112.0,277.0,18.29611032054428,23,137.69972414049298,369.55106500605564
2500536,-36.046560392787434,-7.6902772786239195,316.3338718386367,432.6451721191406,306.0,329.0,15.167962817527398,62,65.89497635344621,271.3115651847809
2500577,-35.97220778045056,-6.887755419129461,221.93598514120094,489.3333435058594,404.0,240.0,15.663510576925539,45,149.81935262884778,347.5304668691879
2500601,-34.934964764376915,-7.347280474208002,178.83388346713036,64.44117736816406,6.0,102.0,10.020490968150286,34,111.92177237090142,367.3067253317838
2500700,-38.4197157135498,-6.731170986231515,480.85605825087987,280.2604064941406,233.0,196.0,7.474527655376394,96,223.947186187187,223.947186187187
2500734,-37.039675117847885,-7.5599173389175505,116.46894808975048,641.3043212890625,603.0,71.0,7.996890035762043,23,82.67990577353113,211.64223768293346
2500775,-38.067831988328706,-6.790365040771687,291.5585520735476,243.30508422851562,206.0,156.0,8.630356556724019,59,211.83918595513052,230.00935950883306
2500809,-35.35303769600871,-6.862159754707486,232.50875550624914,91.1956558227539,47.0,135.0,8.663491429209616,46,150.6826005032437,387.7087512337957
2500908,-35.73299819059529,-6.855108705476935,99.0635647866875,470.1052551269531,399.0,132.0,11.263016448679597,19,149.7326808657212,368.8388498068869
2501005,-35.756097281956265,-6.526066516748886,250.16308674844913,438.1224365234375,186.0,385.0,27.759451047922983,49,186.19673849882327,392.5486903911048
2501104,-35.70438180426992,-6.949974995464454,258.17658057413064,495.1153869628906,369.0,247.0,21.142647435893757,52,139.0041652055272,361.17845525272287
2501153,-36.96217905826217,-7.1133145188694336,114.26042398181744,515.0,341.0,494.0,50.56601955903998,23,128.37219128993536,254.21031762464702
2501203,-35.93284625783761,-7.049639164402039,40.642418512608856,692.5,673.0,44.0,15.453540489381282,8,131.4452358435869,338.9391590761396
2501302,-35.6946114126449,-7.533564894437371,373.2061701824423,329.5205383300781,149.0,354.0,28.152713417181904,73,74.68638960245408,304.3318295723146
2501351,-36.708758542704594,-7.077315773659246,128.8132881335914,572.5,513.0,248.0,12.040951677192652,28,129.4809856885888,276.0428878005968
2501401,-34.98655007545866,-6.664168749371025,101.25863818684593,44.900001525878906,24.0,58.0,7.754876094860715,20,181.23424110607476,426.7363364268507
2501500,-35.598695207053545,-6.700927992559069,260.7217603821773,356.72222900390625,127.0,480.0,37.41988763353293,54,166.09079205341138,390.9544014767726
2501534,-36.25720270429408,-6.641795682902015,32.85271935677156,607.875,568.0,59.0,12.931719250429621,8,183.7106877484011,345.1992179846292
2501575,-35.96499573927627,-7.564969628272119,379.44529763935134,386.57501220703125,286.0,201.0,13.829695428167659,80,76.80960515444384,287.84736927245643
2501609,-36.07448763206961,-6.790208115806835,786.6924636284821,507.8385009765625,381.0,248.0,10.206108808124997,161,162.6366874687076,346.8888301145327
2501708,-36.286607871911485,-7.699787976605853,602.7401950147469,475.82501220703125,378.0,169.0,8.586539296065894,120,67.81358976985246,257.6601436946667
2501807,-34.923236016009945,-7.129278253430334,21.398954787757248,28.200000762939453,8.0,55.0,7.930462499507658,5,134.57828136345734,387.49953385594523
2501906,-35.49908770465799,-6.705514319735189,102.65871302876621,194.89999389648438,118.0,277.0,32.8838088127866,20,165.98104367971925,395.99086796535755
2502003,-37.36308835141259,-6.146089706278253,609.694838446565,188.9516143798828,128.0,576.0,11.918162826812312,124,242.7714407615289,322.41569071022656
2502052,-38.556264515268325,-6.482343538182048,55.329826838104054,573.3333129882812,405.0,280.0,50.69094008185265,12,243.22296853334308,243.22296853334308
2502102,-38.18806375505691,-7.432344206478388,167.26165016717277,335.3125,298.0,87.0,6.876248688979171,32,157.85288272530957,157.85288272530957
2502151,-36.219124927247485,-7.272991425798671,472.07299579679966,494.19781494140625,445.0,143.0,7.065309872701569,91,114.21638616197409,298.7499263493884
2502201,-38.63030242652615,-6.824151416576806,45.0803088513203,320.625,303.0,56.0,9.625640524961568,8,205.12824547774994,205.12824547774994
2502300,-37.94746455463728,-6.476679568411232,177.58456956013106,312.74285888671875,269.0,96.0,10.482868332166014,35,233.02982877324845,266.84104499906493
2502409,-38.47866549108171,-7.289730434708932,221.56352573283948,626.1956787109375,561.0,236.0,18.360344201024038,46,166.57186881085983,166.57186881085983
2502508,-36.14871414142467,-7.504914702134188,386.70737437158823,428.4342041015625,358.0,148.0,11.366596321359618,76,87.60180405283928,283.7692912154547
2502607,-38.12591126565517,-7.15550223371571,205.48681856202893,311.0714416503906,247.0,342.0,15.685937941037523,42,186.5160273257191,189.2252495240895
2502706,-35.60370892037341,-6.792704812241688,20.827755071455613,445.0,401.0,83.0,24.750929388848714,3,155.94199978046368,381.82657948369945
2502805,-37.497256023730365,-6.329611797268008,406.6340750013478,190.3488311767578,142.0,184.0,7.369293565921642,86,227.46365640843817,297.9509217817507
2502904,-37.846221209832066,-6.400883470233366,95.31699181883596,353.9444580078125,302.0,192.0,20.33140501981415,18,234.99258799634347,277.8147843770635
2503001,-34.91934956203872,-7.485872711793915,157.67407700349577,41.63333511352539,3.0,122.0,9.713286090498512,30,99.13612461366053,356.33378805258076
2503100,-36.30025769616326,-7.452754045611114,460.82879916159436,447.9375,377.0,213.0,8.55636408444819,96,95.15547203772697,279.1796801423196
2503209,-34.854666666882714,-7.049000000043606,3.8541524226311594,6.0,6.0,0.0,3.6174871921539307,1,145.6663567308574,399.151081033797
2503308,-38.694209093233496,-6.946809270520428,192.95549598592333,364.5853576660156,312.0,211.0,11.30406743125653,41,189.8751653766149,189.8751653766149
2503407,-37.17375247600233,-7.139389827063837,210.46162789291702,323.93023681640625,261.0,523.0,30.16129521178602,43,131.41997922448698,237.0932129771825
2503506,-35.814027557648195,-6.624916421725366,164.3085215750616,494.0,337.0,252.0,22.904441200614173,33,176.01510804182607,380.2934991583234
2503555,-37.086969921172205,-7.209250624618419,125.44949038350023,713.5184936523438,497.0,412.0,49.54163727485596,27,121.29378581448348,237.1372867935441
2503605,-35.410921895129825,-6.607996116932525,133.30455692787655,134.42308044433594,100.0,103.0,9.9658624470776,26,177.64034710681022,410.0883306418737
2503704,-38.53958390413008,-6.919075058533603,560.1409878719132,333.2672424316406,260.0,261.0,11.405537410373078,116,199.50530560594817,199.50530560594817
2503753,-37.80277830517082,-6.957945932219455,276.7173762137536,255.46551513671875,200.0,205.0,12.466259492481395,58,179.47752480383164,220.83725101778182
2503803,-35.33701849390317,-7.124855997422866,50.523473707260564,92.0,78.0,40.0,5.288754362207336,14,122.17004817404637,363.0714472300027
2503902,-36.79850236940472,-7.899319888006017,542.8608102102298,549.1272583007812,490.0,143.0,10.085956932174128,110,39.598637070621066,205.34280236654277
2504009,-35.96612411479071,-7.262577326896034,594.2867944536265,485.65289306640625,272.0,387.0,13.03913088327913,121,109.04355648879549,316.89189237295153
2504033,-35.167224962405065,-6.905139373433005,81.26232632156461,80.23529052734375,29.0,77.0,7.778008984296632,17,149.90594660799874,393.5621437059385
2504074,-36.502315939549696,-7.775220582866554,489.75903305923566,492.0714416503906,412.0,161.0,8.331396738643276,98,55.90769836722533,239.9038318558929
2504108,-38.337406616216995,-7.045711615485099,54.899492553435266,436.77777099609375,356.0,197.0,31.243969319137634,9,197.206966355011,197.206966355011
2504157,-35.84224023496042,-6.755676838196108,200.4846643176861,442.5813903808594,345.0,171.0,13.924541486348199,43,162.11298758711908,368.0445664525525
2504207,-37.591320291262065,-7.13847655456361,531.1290253309999,357.1091003417969,278.0,358.0,19.883567275999113,110,149.95940276381,212.17412921159527
2504306,-37.70473515675957,-6.3204868942337145,563.5767509401776,287.86724853515625,204.0,427.0,17.303926911341147,113,236.43483166867802,290.8996477329196
2504355,-36.054746693044486,-7.416237336386735,117.1903603959363,432.4814758300781,380.0,121.0,9.857418044499244,27,95.5856928987077,297.2720866033482
2504405,-38.52755274697754,-7.506748086510938,603.4482583722565,527.2096557617188,378.0,365.0,20.3841978877356,124,143.64208829643616,143.64208829643616
2504504,-37.616092491512504,-6.9028825943648675,267.4859930158127,260.76666259765625,191.0,248.0,11.37878226532695,60,173.96116499265844,234.43196932413434
2504603,-34.86106406094954,-7.283148450878084,174.77062548766844,47.44444274902344,5.0,80.0,8.638627834165371,36,121.90449886514078,377.93002851966895
2504702,-36.64574186854509,-7.797949727045359,328.0053804523777,515.1343383789062,472.0,183.0,9.510221744700067,67,49.924273631842524,225.58132467119037
2504801,-37.9759855237616,-7.050560161869841,374.81478814058937,262.0,209.0,141.0,7.822173831026502,77,183.1978008689589,204.83282970217255
2504850,-36.635682972855555,-7.644880182872138,173.44271624390967,507.8055419921875,470.0,77.0,8.937354275026161,36,66.88487219759904,236.96479898057788
2504900,-35.101783626092256,-7.147932533295971,189.80628485628404,60.35135269165039,14.0,140.0,11.153681497425502,37,126.50618385789129,374.62388155159283
2505006,-36.32579079509082,-6.858852070861746,165.33793816226535,583.7058715820312,526.0,100.0,7.550089103838235,34,158.5686943024009,322.21269618371304
2505105,-36.07849656317498,-6.548969760379302,724.6992109774146,486.3648681640625,310.0,368.0,21.22682333423307,148,188.80805443045088,366.0504332759892
2505204,-35.52250881362642,-6.900525549613755,41.13230468635447,146.42857360839844,103.0,119.0,26.834423109077115,7,144.29425939202062,375.5281126138125
2505238,-35.25305512302686,-6.905047418953148,98.86933952383697,72.55000305175781,32.0,73.0,8.125853628649546,20,147.75455766349532,388.82036256001953
2505279,-35.28181318091005,-6.734255314277655,80.22208380838856,97.5882339477539,66.0,80.0,9.862424729009643,17,165.78341891388368,403.91339486834266
2505303,-38.167226437748695,-7.535673796939312,207.94347589858808,396.18182373046875,336.0,177.0,15.313371955292537,44,147.38220272451497,147.38220272451497
2505352,-35.92915321024052,-6.642566451007055,181.41239926428534,485.16217041015625,385.0,194.0,17.375221298056886,37,175.94081896689497,369.84856665344535
2505402,-37.09410348530005,-7.298801302705088,178.07411934714764,643.6286010742188,583.0,149.0,13.771382234521402,35,112.0035377028724,229.16292656829518
2505501,-37.57569238976833,-6.7542945885312635,57.26234081038274,272.20001220703125,226.0,147.0,19.743826024045426,10,186.76079942267125,251.27572037874032
2505600,-38.314929976881444,-7.427191631238232,272.7241716841236,431.96429443359375,309.0,407.0,19.26082538235142,56,155.68470272996495,155.68470272996495
2505709,-35.650390358365456,-6.610621641717198,167.1035990852397,312.1470642089844,156.0,290.0,33.25090747253638,34,176.15361086793732,394.5796027294003
2505808,-35.396835398976236,-6.722181457585416,24.65670090331696,130.0,109.0,47.0,15.979066475211432,6,165.31876464458153,399.35263561541393
2505907,-37.74618216665987,-7.086811646069261,255.9887490463443,314.5,256.0,240.0,14.110105200160111,52,164.21170807903144,210.03182360740968
2506004,-35.889224115317695,-6.995427640040447,159.90174486860633,584.8125,476.0,187.0,16.11719309015204,32,136.69218819752533,346.50719960497935
2506103,-35.778198560629825,-7.386919281658132,182.0529705209192,355.7837829589844,197.0,415.0,30.74875800798805,37,92.10807561871908,314.77091409911685
2506202,-36.44907963435676,-6.411758321127344,237.95746250473894,428.5531921386719,365.0,232.0,15.49213856494732,47,204.66898459861352,350.19844685320464
2506251,-35.81288620914288,-7.59108206309143,180.10609826818109,362.29998779296875,250.0,226.0,19.708179691407555,40,70.31013562819416,292.7282947100184
2506301,-35.44766458637852,-6.876677469586973,167.42233387893066,109.0,57.0,244.0,12.70494104724573,35,147.6581790506346,381.52054510404395
2506400,-35.43591805572025,-7.1490797798832,343.2694549523294,134.43283081054688,85.0,216.0,11.136716618983039,67,117.98841308422344,355.3706122805918
2506509,-36.45964291705569,-7.259718026339874,346.86982890800573,501.225341796875,470.0,66.0,5.025683637251076,71,112.00295305498564,279.9848346399788
2506608,-38.40278844282538,-7.492508170622549,233.7453471373301,420.92156982421875,337.0,264.0,19.055780618996632,51,147.32509716972373,147.32509716972373
2506707,-37.558044257489264,-7.370899094220887,315.58963788696565,719.359375,384.0,521.0,29.694465318942783,64,126.55395925126525,191.71115547110165
2506806,-35.6185007012237,-7.275961436179097,265.5432335806545,214.3518524169922,117.0,221.0,19.662300883874043,54,102.52065160612825,333.5320583361078
2506905,-35.35445189739719,-7.347143956626063,217.3090910895262,110.26667022705078,54.0,211.0,11.422858939434269,45,97.62599545021688,340.95116379955454
2507002,-38.187234058306075,-7.288286498632137,459.19962791725993,375.80413818359375,285.0,332.0,20.61317465071642,97,173.38917235563284,173.38917235563284
2507101,-35.25556319155963,-6.810639337666687,152.05469462275505,86.7741928100586,28.0,120.0,9.893149500284077,31,157.95174528303122,397.8285551011624
2507200,-35.64580973484002,-7.4049587517977695,253.40803491789848,170.7547149658203,93.0,286.0,13.051171448528859,53,88.3690684567223,319.44671012082847
2507309,-35.268034919218124,-6.594635407775411,257.77878954890184,130.22640991210938,74.0,154.0,13.665004834780914,53,181.2731021779733,418.350574900825
2507408,-37.81606625468235,-6.511466354883345,183.04230313422158,264.5526428222656,224.0,94.0,8.214136400464113,38,222.59176205759397,267.02686809981896
2507507,-34.870226752881806,-7.1635963706532015,225.68960289563984,32.89130401611328,4.0,64.0,5.738747022210438,46,133.36491259757864,387.8739798941706
2507606,-35.56969100696848,-7.16099046242796,67.65363706694916,183.53846740722656,135.0,114.0,17.69071922091523,13,115.27788480639668,347.3276153884672
2507705,-36.557575825448,-7.054209300848717,480.04970715520903,576.0526123046875,490.0,157.0,8.168372346576405,95,132.7160056638869,288.93545866431305
2507804,-36.77347786664546,-6.991300999995924,183.27060061646625,667.0810546875,614.0,193.0,17.472827609522223,37,139.18963733690003,278.2333957444419
2507903,-35.2117845979071,-7.356785483061696,80.44787411228754,113.11764526367188,72.0,108.0,10.66599041740567,17,100.70139547876904,348.6205118084311
2508000,-37.803325125918064,-7.50230613069874,392.5315699246712,607.5731811523438,343.0,473.0,21.726664235754033,82,134.35440535970628,165.65264559266444
2508109,-37.88769864787186,-6.588086126050722,171.67174015240744,324.3333435058594,221.0,447.0,30.928093777092823,36,219.04832622548034,256.6423129577203
2508208,-35.36070292400665,-6.686612304098935,87.1074320205953,125.23529052734375,91.0,94.0,7.43325143554129,17,169.79960369197877,404.65034676110514
2508307,-35.87009599144676,-7.14546887561335,110.39596190745942,609.375,500.0,182.0,16.044418075717868,24,119.97114882175104,333.34655814110056
2508406,-38.177573116365586,-6.553709427852693,111.95852588186972,332.5,291.0,139.0,9.122166627054746,22,240.02429103283725,253.4625649769727
2508505,-36.934487056256806,-7.340804948856717,270.5294769613538,586.2142944335938,518.0,164.0,8.027704080512136,56,103.15184630989404,237.63989811298538
2508554,-35.42670317907755,-6.551672122542954,38.85204593813978,107.0,90.0,46.0,7.816972716809772,10,183.6319238445523,414.7451650061073
2508604,-34.91002112140868,-6.919687201400055,97.19307295582257,34.894737243652344,4.0,75.0,8.358989956422226,19,156.79550750885912,407.4375188657275
2508703,-37.44180504378501,-7.251833145334694,227.32597745000385,563.719970703125,312.0,499.0,52.34315303773084,50,130.83062445911216,209.74602622092038
2508802,-37.53045979549655,-6.885009348802003,176.90059352037497,268.72222900390625,226.0,118.0,11.167630442893456,36,171.52882279033278,240.240416504554
2508901,-35.15670998612713,-6.718407774693767,334.0764188130852,99.90908813476562,9.0,185.0,13.386559344631333,66,170.21048905681283,412.0654816896495
2509008,-38.20179330460723,-7.7215236466092945,356.52046080166474,697.9041137695312,450.0,586.0,28.87994441159239,73,126.57506130590845,126.57506130590845
2509057,-35.00461387684748,-6.747481894538433,128.7844450555276,62.0,5.0,104.0,13.241670865611317,27,171.87162498166887,417.81078613880464
2509107,-35.30634086097808,-7.03611347039101,153.90430160821415,126.06666564941406,81.0,76.0,7.428074524072526,30,132.4156147104462,373.2849304508875
2509156,-38.33896373173696,-6.821185916752119,73.01407524081878,253.39999389648438,232.0,64.0,5.885061485088455,15,219.1190427678676,219.1190427678676
2509206,-35.75721869708531,-7.20075516956403,206.7018077392131,401.8636474609375,287.0,250.0,21.912882641405197,44,112.05784029253036,334.246941883319
2509305,-35.04341594654343,-6.556105753476998,190.33046018797904,54.82926940917969,7.0,114.0,9.479613736916965,41,190.76130558084316,433.8872548517949
2509339,-35.77335076201257,-7.119411907915916,41.81574928248301,488.875,300.0,277.0,22.507552447448933,8,121.21175885585042,341.1028351165906
2509370,-37.7322090237171,-6.5470206145453265,78.60067988792434,232.44444274902344,191.0,100.0,15.85187364721459,18,214.88581275013553,266.1919070005816
2509396,-37.35811175927225,-7.282344195341495,73.25223027844913,804.4666748046875,716.0,228.0,19.63161444172354,15,123.64243819474862,212.21406040869846
2509404,-35.49638350258707,-7.295766676622414,204.38169398414902,170.32557678222656,91.0,269.0,23.680733711777876,43,101.00482366359554,337.9173620224702
2509503,-35.94098295986833,-7.08887794847486,24.25279995892197,680.5,638.0,79.0,11.215955894238645,4,127.31634258283529,335.230547134855
2509602,-38.537685233801334,-7.207231098332368,123.21097615035251,679.7307739257812,516.0,265.0,21.541901277176574,26,171.0970844791264,171.0970844791264
2509701,-37.08998841491828,-7.90855693966724,990.4364874514285,630.5902709960938,555.0,397.0,9.170289124531775,205,48.45880728001938,179.97181731954743
2509800,-35.42369633411748,-7.001822402088224,190.1909668063745,102.125,76.0,55.0,5.735526663081306,40,134.28840083106002,370.38171817752476
2509909,-35.56557736714375,-7.563091437339614,215.94167896686122,366.0454406738281,107.0,489.0,42.9011228816621,44,70.87765743718852,308.41601445846914
2510006,-38.32648600102356,-6.950600880696379,198.85783537849784,323.4047546386719,265.0,295.0,20.083995954530447,42,207.3576246329234,207.3576246329234
2510105,-36.20664255982917,-6.476511619839563,47.01527953473851,640.0,548.0,119.0,16.06741411043613,6,199.8379436516406,362.7751449359722
2510204,-38.01760666808898,-7.476003955666202,82.78710230858997,347.21429443359375,300.0,143.0,15.097759765327579,14,154.77261694877274,158.82664347193375
2510303,-36.430164630070394,-6.676296971855693,308.65314321545884,543.3968505859375,310.0,341.0,17.152521818011593,63,176.00592879666618,329.6942857947875
2510402,-37.75509049707734,-7.28614633419187,573.377509288257,335.27825927734375,257.0,375.0,17.305008173912174,115,147.48962419262887,189.48017706729658
2510501,-36.25111083965699,-6.976968850359924,310.06143531319685,585.8386840820312,545.0,86.0,5.759719333538055,62,147.05090955092155,318.4173772076741
2510600,-37.138527311552586,-7.60572059471538,119.94825288234279,626.1199951171875,592.0,78.0,7.528608803239487,25,81.13311308521868,200.66790099061527
2510659,-36.66864293513988,-7.327649170556334,208.522793907905,502.4047546386719,474.0,79.0,6.182638837747075,42,101.77755790599538,258.3356005488529
2510709,-37.040136370369936,-7.119048668411749,123.5996853443794,400.875,298.0,255.0,41.92670258120244,24,129.766677655046,248.10877827853665
2510808,-37.31499291330449,-6.9951349486534715,479.25309540797025,268.0,222.0,189.0,7.3425686803666315,97,151.24826781103815,241.22722962006648
2510907,-37.607480683982054,-6.625459864630994,582.8873420525342,221.75833129882812,150.0,421.0,15.320133380005908,120,201.19900845742902,263.0409597490776
2511004,-38.08208601005668,-7.4573876142761355,114.37021765788086,341.6400146484375,295.0,145.0,13.719964952500003,25,158.3999001846628,158.3999001846628
2511103,-36.38931674543058,-6.7731644587111965,342.76981074619107,573.3636474609375,461.0,170.0,10.532724287820963,66,166.25695220632403,324.6146716106795
2511202,-35.075518969752274,-7.334869392407419,399.8001045745332,108.65060424804688,43.0,141.0,10.220622002757102,83,107.43311413563912,359.1684928005361
2511301,-37.94114301468196,-7.2012464209056395,573.941041319631,293.1551818847656,246.0,230.0,9.093857595012212,116,168.32616620448346,190.26136916947848
2511400,-36.33631814480375,-6.497601294566287,693.4146225871518,527.9014282226562,375.0,333.0,16.80281889663166,142,197.28888333255537,351.2740306091309
2511509,-35.266032205937684,-7.278224262819333,107.04074677499011,73.95454406738281,45.0,56.0,6.809938916514867,22,107.22609837472052,352.6157944551815
2511608,-35.60850811494369,-6.884641144763243,65.7571014103014,349.125,145.0,301.0,24.11937777033492,16,145.77748306668593,372.7491078757745
2511707,-35.54958704080002,-6.8465195580564115,40.92914191284217,277.4444580078125,162.0,211.0,27.337590437750162,9,150.1076022756699,379.6779197557434
2511806,-35.49627588175944,-6.7913520012557065,78.78893257980235,141.875,95.0,130.0,21.88940753557957,16,156.5367371581437,387.69846394610585
2511905,-34.84245434313363,-7.429634158806715,135.28628679411486,33.6875,3.0,77.0,9.652318232121932,32,108.85437563102857,366.55091041877284
2512002,-36.09476298139925,-7.061273159944891,632.6907115441281,586.751953125,461.0,259.0,11.05798421417462,129,134.2383724354999,324.54700781472576
2512036,-38.519330423259966,-6.390757892077942,96.68170485785231,573.5999755859375,441.0,306.0,30.652111304201917,20,254.1487093636819,254.1487093636819
2512077,-38.49914486035421,-6.593162286096377,84.44228101614863,291.5,268.0,66.0,5.420702908542509,16,234.35737077129144,234.35737077129144
2512101,-37.851710800633995,-6.772591630582299,903.2434470360167,252.54945373535156,177.0,517.0,13.128980821734986,182,199.56328321160072,238.30940807796856
2512200,-37.0853040177433,-7.689827651903003,207.01215877314098,604.4761962890625,556.0,134.0,7.556199759401819,42,70.35266378294286,197.59185308980724
2512309,-38.007021976250414,-7.652972725350171,374.1584953321144,629.532470703125,410.0,475.0,25.573278362832347,77,141.14415016932915,141.14415016932915
2512408,-35.96322647394278,-7.145046552649966,69.26125991693698,676.6923217773438,643.0,56.0,8.736383948663034,13,121.67260595912683,328.57346916738476
2512507,-35.91181334911597,-7.399798389069617,407.1550436948892,413.5662536621094,275.0,327.0,12.201761140656567,83,92.93500176641788,306.5664186437405
2512606,-37.13524760919741,-7.042623433088355,147.96865381882526,342.29998779296875,259.0,223.0,18.095445742886575,30,140.4764910608629,248.20172064641667
2512705,-35.84715644837308,-6.926119571174309,178.37435389659368,533.0,453.0,147.0,11.249360486128584,38,143.60240388501853,355.0409241513308
2512721,-35.29076024242997,-6.668348767677884,75.64668317860924,124.17646789550781,77.0,129.0,15.370956558035235,17,172.83914937864242,409.93598704685974
2512747,-35.645552782197576,-6.541062040111499,84.75931557966396,231.35293579101562,155.0,298.0,26.270342675169946,17,183.82737848515643,400.2205622852746
2512754,-35.66972876593439,-7.238813233243469,39.032137795351446,253.625,188.0,151.0,27.15215612244826,8,106.86835401541785,334.7175673792051
2512762,-35.29007503170935,-7.154230671741045,40.150763211306185,78.25,60.0,38.0,5.331532728274252,8,119.94166046669895,362.90201016795044
2512788,-36.1387477398563,-7.688907990665778,83.66000141436234,473.8823547363281,382.0,187.0,14.597718077764412,17,67.37589912907066,266.3242891837077
2512804,-37.63730216120607,-6.477769539392575,260.1224845065735,214.11111450195312,152.0,130.0,9.077616364349653,54,217.50043720843942,276.9919382577064
2512903,-35.03594217565903,-6.796076866337385,466.7715295103844,62.86458206176758,2.0,164.0,10.23887854011877,96,165.66214560875574,411.40820793794995
2513000,-36.83936460016501,-7.096999918281364,174.36480648396537,588.2777709960938,393.0,377.0,39.63863193957748,36,128.05057833343474,264.6967653149386
2513109,-35.46420519255829,-7.413268138733219,201.77130436641164,189.27499389648438,72.0,517.0,34.22628391640849,40,88.65774653189264,328.39906631048757
2513158,-35.92008213413698,-7.73225169635743,220.79602600936778,434.5555419921875,251.0,390.0,23.980760805576065,45,57.71016418594171,273.5105912977614
2513208,-38.05275320072035,-6.549693958910702,212.67810439737514,376.79998779296875,294.0,534.0,27.397126187781215,45,232.39743463361162,256.3717001451734
2513307,-38.58535157135747,-6.730929280651048,206.21924064983614,287.5348815917969,252.0,91.0,6.211668090203576,43,216.56727513210637,216.56727513210637
2513356,-38.57969503257983,-7.666066531191741,315.1728335407097,563.8529663085938,421.0,348.0,22.42706647998355,68,125.68106522867883,125.68106522867883
2513406,-36.90577311493808,-6.917770449785425,439.3867350311484,421.5869445800781,263.0,448.0,20.012662801482616,92,148.60888326916637,274.760151898411
2513505,-38.32917118240616,-7.628809198723506,401.1912960705813,478.30865478515625,352.0,382.0,18.979051621396344,81,133.4200800370118,133.4200800370118
2513604,-37.96068119703986,-7.386940368749804,366.5603362324182,344.5199890136719,278.0,308.0,13.368871593317694,75,155.87468925568663,170.28434062591575
2513653,-38.48328356224706,-6.476776233433989,75.23560689250007,405.9285583496094,342.0,186.0,28.304769280069,14,246.86152772760815,246.86152772760815
2513703,-35.00002580465282,-7.06615240702242,720.6519130070228,68.64429473876953,2.0,198.0,10.57912729208249,149,138.27780573354468,388.41010557823665
2513802,-37.44491328238879,-7.092498609208255,362.2845758453477,328.2567443847656,264.0,344.0,12.01841330345179,74,146.72835727024113,224.5223016928925
2513851,-36.61706355840393,-7.222615277419704,191.3254188413266,517.6341552734375,485.0,63.0,5.404525208457908,41,113.60745916007494,270.71798853850225
2513901,-37.46859311570286,-6.457759000434155,248.95934067782946,170.60000610351562,138.0,129.0,6.098755625470427,50,213.00218183359044,286.0986014745868
2513927,-37.70737842900441,-6.874220578601165,195.78907524142414,248.32432556152344,219.0,73.0,6.345433213677525,37,181.64022770597592,233.3851807451945
2513943,-36.405326250579776,-7.588511871500982,238.0158170205541,454.0392150878906,404.0,109.0,9.281489207246416,51,78.9677662635466,260.77219695770395
2513968,-37.95285384296012,-6.803617446043444,162.43738396302797,220.4166717529297,188.0,101.0,8.112334837775661,36,203.00590938182359,231.73981540653514
2513984,-38.057670470380145,-6.634945367573939,91.60920456680469,311.3157958984375,254.0,228.0,21.03450971117361,19,224.9418733284129,247.03593276664586
2514008,-36.49362424122411,-7.451351378843498,615.9347660574131,487.81103515625,437.0,153.0,7.247416783311196,127,90.50939554638961,262.83984908764677
2514107,-36.787918188386875,-8.088269378230091,804.1013947497122,693.427734375,525.0,576.0,25.82073126897963,166,19.24214959600369,194.4511931673803
2514206,-38.1398134954632,-6.94172954707494,333.5843365220353,304.1856994628906,225.0,282.0,24.47293925696667,70,204.2948483258308,211.96324369127427
2514305,-38.32899469273174,-7.26001488625015,188.66313406871632,580.4722290039062,402.0,330.0,23.8121813157054,36,173.7783196808195,173.7783196808195
2514404,-37.381364888703686,-6.8127521069581904,727.5566019651014,238.7770233154297,184.0,219.0,11.355490940473228,148,172.71181457304607,254.91344842330398
2514453,-35.34876833565441,-7.240685097886482,95.84360477607697,102.42105102539062,65.0,166.0,11.30533959865722,19,109.32402321325714,351.3516328091133
2514503,-38.49408162652362,-7.100881244032495,678.0526112224907,434.1294860839844,317.0,409.0,27.087116609991835,139,183.7334179512526,183.7334179512526
2514552,-38.09672990117144,-7.707670789133629,145.4764637646731,739.7999877929688,510.0,515.0,32.2362459883738,30,131.77218715396597,131.77218715396597
2514602,-37.30308111304505,-7.15195307162873,154.9392012010794,305.78125,255.0,478.0,26.102212892889618,32,134.49576621359472,227.50534613088055
2514651,-37.3599623965529,-6.235275896676296,256.0374706136063,159.5490264892578,133.0,59.0,4.216976175492329,51,233.16330568470352,313.46668143099566
2514701,-36.82297031858585,-6.817515707462743,211.50932850176468,395.8461608886719,261.0,353.0,22.707673719647108,39,158.68572918893216,289.15905731408986
2514800,-36.861933759048426,-7.429471525738925,376.5575138144195,587.1898803710938,489.0,261.0,10.223749243325784,79,91.94422996033533,235.5319393541988
2514909,-37.0830875670817,-6.929279123873403,536.5850655147806,309.5765686035156,210.0,401.0,15.582030867977059,111,151.28109031343098,261.72127224748215
2515005,-35.19705327300968,-7.240315434099888,95.84982536872849,57.238094329833984,25.0,83.0,9.711822438659329,21,113.4186271415381,360.27867504625436
2515104,-35.853988772934756,-7.086120941717956,48.597851905506104,616.7999877929688,581.0,78.0,13.870646607333715,10,126.2196078899629,339.970972652792
2515203,-37.01583827172461,-8.161036103095885,466.5194824456703,651.2708129882812,556.0,321.0,11.62764510854806,96,20.982928809462674,168.95762766006112
2515302,-35.199094530649006,-7.056546568254473,322.7529972482007,95.3787841796875,45.0,109.0,8.862396149926672,66,132.82237200321387,377.37118159751395
2515401,-36.44875305373432,-6.910481164634275,254.26432365761138,564.2363891601562,389.0,252.0,13.07608164573446,55,150.1242756148175,308.83451786166097
2515500,-36.70888109490953,-7.536105809242273,704.2399273437914,540.263916015625,470.0,212.0,8.444948385121243,144,78.77286776206017,238.90320346752117
2515609,-35.45374720363631,-6.704295302024556,29.144755410030484,286.0,244.0,95.0,32.46894771486677,6,166.5372938034515,398.4227253003862
2515708,-38.37998564801935,-7.230021527901968,64.09756760322489,620.0833129882812,509.0,215.0,22.705152391422768,12,176.45842723522054,176.45842723522054
2515807,-35.66394726991244,-7.171950008671407,58.712516700150445,365.9166564941406,235.0,237.0,27.17109044157799,12,114.20588163174224,341.67676967614744
2515906,-35.639140130463346,-6.831574403164224,68.08764179912396,433.21429443359375,344.0,195.0,28.529217049675246,14,151.6966164412303,376.14582586199595
2515930,-35.4251378524212,-6.740468292071323,33.09002531552687,127.85713958740234,114.0,55.0,13.589644283120188,7,162.90896078561238,396.1638554998469
2515971,-35.25735321507855,-7.184465539582366,58.14977582870051,80.83333587646484,51.0,54.0,6.282428061529841,12,117.50337035646712,361.9244929434678
2516003,-35.72580311537343,-6.751670908121663,219.98820125428028,442.24444580078125,293.0,328.0,19.881887653900755,45,161.05245052532558,377.89623036748577
2516102,-36.37035200300219,-7.099840163527698,574.6539067563135,544.9243774414062,487.0,140.0,7.013800145160559,119,131.5415465645268,299.45411831628036
2516151,-36.20801508525184,-6.7227719120607885,150.86446189135313,554.48486328125,507.0,111.0,9.334844459795082,33,173.70250253349397,342.14648118414124
2516201,-38.224979159887354,-6.738977290172396,730.0660799276084,263.7382507324219,214.0,209.0,9.3877831070904,149,227.3066217577629,232.42322694325583
2516300,-36.902164638827664,-7.677636665012886,823.690654289443,573.0714111328125,503.0,231.0,8.178304621446895,168,66.21238790373206,212.6262085330676
2516409,-35.51876218891772,-6.538644371623756,250.02855170634575,137.77359008789062,77.0,154.0,8.350985256951882,53,184.27011879906846,410.7507951069532
2516508,-36.82837606895624,-7.22113258011053,626.8749627901707,565.135986328125,501.0,250.0,10.4741158076575,125,114.27235842724272,255.33369235861852
2516607,-37.89552919487546,-7.5987685226035735,235.4599414805416,656.3616943359375,407.0,381.0,18.65850721452916,47,135.91903292663847,151.58074782894192
2516706,-37.241085701849904,-7.245077887580305,159.38730678660795,729.51513671875,564.0,279.0,33.44522122869829,33,122.45890434250249,223.28131855500123
2516755,-36.63081806679268,-6.965280445227515,86.9030593317002,595.1052856445312,486.0,226.0,14.389819568405699,19,141.94814099798566,291.1016951148788
2516805,-38.57197864410823,-6.60557579061796,224.25253445934504,324.3555603027344,262.0,303.0,16.334027229528512,45,229.92409832291168,229.92409832291168
2516904,-38.39479274999622,-6.510944976097053,284.3458814120386,378.5161437988281,287.0,335.0,18.83595310621705,62,247.27444447788156,247.27444447788156
2517001,-35.74175881947077,-7.680591065299634,186.95659029227681,375.756103515625,223.0,360.0,35.763543740335834,41,59.49670840754101,287.5202855130387
2517100,-37.03152458491526,-6.789379696731703,198.16133341635577,282.0,240.0,115.0,10.31297545546036,41,165.00577362503836,277.62699011726085
2517209,-38.26844141412119,-6.558279690854423,151.10308928834274,364.5,293.0,264.0,20.79256052678906,32,245.77331112539082,248.50182959334504
2517407,-37.09702994475209,-8.076108419304708,105.13853881857358,655.5,609.0,109.0,9.39371709601942,22,33.950299568307194,167.28788731652068
2600054,-35.0266191885289,-7.8752682701447,129.772343829507,107.76000213623047,24.0,169.0,8.041050149900512,25,56.91020046051862,315.9086432308149
2600104,-37.62050971778285,-7.736807905590162,377.6042251090985,585.1282348632812,512.0,307.0,14.151897439829922,78,102.33506564155527,154.57266317629941
2600203,-41.00653684525201,-8.620420960574654,1494.8171125650406,522.06494140625,441.0,244.0,8.436796839698449,308,85.88967217346364,85.88967217346364
2600302,-35.946757774705,-8.453102224291904,196.59116132650524,477.125,404.0,304.0,23.25970804832145,40,18.723159302092192,202.58021672650543
2600401,-35.48097708954748,-8.733232394849221,529.3857903222088,132.69158935546875,65.0,241.0,10.801158795352707,107,45.47419820924596,209.78818623914563
2600500,-37.03910459310481,-9.087258687854426,878.7905014548451,430.967041015625,259.0,622.0,25.987526434635722,182,83.57425371614731,83.57425371614731
2600609,-36.755836762537,-8.490947225295065,220.10599209088832,724.7442016601562,599.0,347.0,23.571085329933194,43,24.54957460439519,156.45251162155253
2600708,-35.19419607890386,-7.60398555256562,269.24656794802286,95.3272705078125,47.0,188.0,11.141413411069566,55,75.13693789517824,327.32974414960876
2600807,-36.09692267494968,-8.489841888438354,453.1315450309776,542.7684326171875,420.0,426.0,21.43078258551437,95,19.334319795649876,190.25202316964592
2600906,-35.462706862496645,-8.36431224757597,232.17283546295948,376.7291564941406,117.0,534.0,33.24686397745618,48,12.35458225447931,243.41989002728678
2601003,-36.27752773284249,-8.890201265194316,120.15735934698023,649.2000122070312,578.0,175.0,17.26214994627492,25,56.900625705313985,142.11565830546078
2601052,-35.07481169932732,-7.790658080844984,89.9563940090593,111.61111450195312,60.0,88.0,10.86925803029306,18,61.39295889345147,319.3940026280251
2601102,-40.48479783771465,-7.607134391705103,2035.9970036502928,701.3348999023438,466.0,384.0,15.159926156993075,418,145.5438248788866,145.5438248788866
2601201,-37.004521155490465,-8.38618314865,350.0242316299118,799.0410766601562,608.0,310.0,21.327178610596064,73,17.241143495575233,157.47619399284042
2601300,-35.634504911829374,-8.417186029814296,121.47616054676473,540.478271484375,448.0,210.0,25.086145218590563,23,22.132073181280774,226.47440869633903
2601409,-35.25539002462217,-8.82058686725347,232.04342931462452,61.625,11.0,109.0,8.304532339452932,48,49.16058664206052,218.37646773076753
2601508,-35.81460100526356,-8.600670803206688,77.47898507770151,349.1333312988281,234.0,195.0,17.898401386686416,15,37.557531324333006,198.14443172385998
2601607,-38.98236055235139,-8.583918974531267,1830.7402612541337,364.446533203125,152.0,499.0,7.371992413999101,374,17.265387224888606,17.265387224888606
2601706,-36.40436529193634,-8.25874554597422,636.6583859424572,721.720947265625,500.0,586.0,34.064684016744195,129,9.235355697077035,197.03058121303266
2601805,-37.98786004123293,-8.265310348050825,1237.7321885689162,505.2431335449219,414.0,304.0,13.252166383092286,255,83.63858107433924,83.63858107433924
2601904,-35.7812756005578,-8.218661889464178,494.7097066512797,541.77001953125,313.0,513.0,32.663871134061026,100,4.353762094527761,234.3006151249085
2602001,-39.96527604936011,-7.655590814928157,1619.2724512077402,637.6537475585938,400.0,513.0,14.772168613374314,335,114.37168736768125,114.37168736768125
2602100,-36.68452130420311,-9.203088736071054,788.9676857439335,565.9041748046875,292.0,588.0,29.13221141534403,167,90.61311177276754,90.61311177276754
2602209,-35.58544036774507,-7.78714421881099,222.21152592496946,344.8604736328125,171.0,285.0,19.143969342104974,43,46.02360444802238,286.1078482803712
2602308,-35.706239557496964,-8.494146187280064,385.1598617050331,512.8375244140625,310.0,430.0,35.884341459087544,80,28.965460071637292,214.8576236298442
2602407,-36.531094806605886,-9.027100135046284,165.02474225964397,713.61767578125,599.0,233.0,17.728900602726537,34,68.87242401657848,115.19345349837049
2602506,-37.32431492368863,-7.336727037377847,113.17557551991194,802.9091186523438,754.0,99.0,11.190569490806675,22,116.61078366971238,209.62396814235834
2602605,-36.2811369956804,-8.076209064184448,753.1359823830426,548.9091186523438,410.0,662.0,25.02249481754607,154,26.186890821778942,221.3489908565509
2602704,-35.3410603537154,-7.738548940988087,79.0844075428322,160.46665954589844,127.0,108.0,9.574499407212416,15,56.1440078380433,305.7134524273566
2602803,-37.122879370171,-8.64943109483606,1334.289503331529,636.1715087890625,400.0,591.0,21.30252269281663,274,47.683187542903745,125.89038159989312
2602902,-35.083929153651304,-8.268946888191204,442.10270573641174,88.42552947998047,5.0,318.0,11.217499088237304,94,16.028230592059163,277.21850879788576
2603009,-39.33040721027557,-8.385711092989284,1657.5569893440697,383.4181213378906,319.0,239.0,8.556494923116352,342,16.221553648888428,16.221553648888428
2603108,-36.289916736824786,-8.486849034992883,180.7179051982239,579.6842041015625,538.0,173.0,8.929541195135442,38,18.104198644424013,180.58161382395232
2603207,-36.660004723344194,-8.80463326237807,291.42894234205596,845.28125,590.0,365.0,17.754534430517502,64,47.93663335811023,130.86980559645372
2603306,-36.32187130946582,-8.749734731487946,122.11455844296142,688.239990234375,609.0,165.0,14.197895497445929,25,40.63266642646414,152.9959124509137
2603405,-38.07785430324938,-8.005109521698358,179.3735290444456,524.5,448.0,255.0,20.85100260983087,38,102.35087414736657,102.35087414736657
2603454,-34.99443058705568,-7.984725295795077,45.49889321345836,94.0,48.0,70.0,9.9907718367769,9,47.45275953259737,308.4085703444869
2603504,-35.76901174188968,-8.349811298082873,65.86184502765536,676.1666870117188,625.0,130.0,18.96209663891202,12,11.575445026694778,223.16883015275894
2603603,-35.30197829742978,-7.43333445412661,39.93094038288109,204.6666717529297,110.0,188.0,33.65247520799521,9,89.63160091003066,336.0361192832906
2603702,-36.1747596822129,-8.893275814913752,428.36808829405345,583.5869750976562,301.0,442.0,20.486551022637045,92,61.640786034028714,148.21060534754542
2603801,-36.602072336071124,-8.686934301693743,334.2379266084172,834.308837890625,716.0,231.0,20.104677518623635,68,33.51617378534746,145.26134243037612
2603900,-37.72734799319939,-7.792975745091052,441.05404437938705,612.2022705078125,500.0,416.0,21.676922335087482,89,108.680858365695,142.5117397552271
2603926,-38.72160013574875,-8.40907591685587,1010.6247106194496,479.3316955566406,323.0,559.0,30.20454451433795,205,42.33500210426245,42.33500210426245
2604007,-35.30594095303168,-7.817896136293318,143.39668440795504,146.14285278320312,100.0,96.0,10.960021796820385,28,49.326564643131796,300.96637873907025
2604106,-36.017858993670245,-8.180154043210713,925.8457635978702,529.1157836914062,334.0,525.0,21.88382885389033,190,11.823192729743754,224.3811339021948
2604155,-35.719301687967075,-7.756092150741451,121.14498099987395,442.1481628417969,338.0,198.0,17.029201463057476,27,50.80799207693528,281.4143789569587
2604205,-35.73380349811271,-8.676282615397422,210.44699137844145,252.0,158.0,246.0,21.467016602856045,41,47.52995112749469,197.75374366253587
2604304,-39.203231852008315,-7.744552500174079,146.15219225687906,528.2999877929688,493.0,116.0,9.84626232113218,30,88.48977766642543,88.48977766642543
2604403,-35.22266378979616,-7.996519942477735,46.6052983913105,129.22222900390625,108.0,58.0,8.995160096776793,9,33.495681042625996,291.45256128937933
2604502,-35.47463361007971,-8.228406657020171,79.97010670485906,471.4705810546875,429.0,94.0,17.75384323121946,17,1.945785068568745,253.83243778871764
2604601,-35.103761139066435,-7.59856303101352,82.33105929289013,75.88888549804688,17.0,127.0,17.32715287888769,18,78.98157495143276,333.8565619587103
2604700,-36.34180753515024,-9.114691945054542,309.79876779788174,544.421875,410.0,356.0,23.046154305510328,64,79.43007464403844,117.5822082556634
2604809,-35.530208170099684,-8.43038557679402,100.99592156498693,433.3636474609375,283.0,323.0,23.448366584174707,22,21.057853283824187,232.99016720024767
2604908,-35.71884291876113,-8.040494686858532,298.5967790414579,356.7096862792969,250.0,241.0,18.435038625642257,62,19.67845660651958,254.5475663437358
2605004,-35.93006851365441,-8.582664515737557,102.80128309782594,464.6190490722656,368.0,183.0,21.10636131158057,21,33.03606818501272,191.87566823326426
2605103,-37.681752909037925,-8.174132226882222,1410.336035375949,553.795166015625,454.0,378.0,11.805672267647594,288,89.42577284257813,114.04378467471975
2605152,-40.61980275130611,-8.494473493321065,1556.5150894443505,493.3757629394531,427.0,226.0,6.744449603989564,322,75.64135083304426,75.64135083304426
2605202,-35.2638113958208,-8.37004919461293,354.0774883737322,149.81080627441406,79.0,203.0,12.017510339280937,74,0.9179396117648903,256.393684428084
2605301,-39.74922974800147,-7.5157169397356105,1328.381657148013,709.64794921875,459.0,502.0,23.55191924060028,267,118.90277699461684,118.90277699461684
2605400,-35.3810447540933,-7.951018579233802,111.54388585709967,153.27272033691406,108.0,83.0,9.481207786216638,22,32.81306605095245,284.2189407088994
2605459,-32.42771742556842,-3.859507064380157,7.823145133908838,0.0,0.0,0.0,0.0,0,577.8306585877066,843.6971041927972
2605509,-35.24256606266275,-7.478001493697449,92.60033306060359,101.29412078857422,67.0,143.0,14.088393396935775,17,86.94010485650689,335.58812690452316
2605608,-37.89377481424937,-7.939981688268148,991.8767811523285,555.7009887695312,466.0,325.0,16.64465965751609,204,118.49571784023239,118.68878029843502
2605707,-38.310690477881884,-8.566701611944998,3588.933340172749,404.7978210449219,300.0,547.0,8.983052403832486,737,35.516992560488305,35.516992560488305
2605806,-35.883807514485795,-7.934144140733853,209.17881010775454,394.88372802734375,298.0,184.0,11.608779662776051,43,35.561360093290105,255.3697421384315
2605905,-35.395866333545584,-8.610627570732552,263.048867323203,129.0370330810547,71.0,106.0,9.564963294407866,54,29.205800159306268,226.28114828021023
2606002,-36.50100685433215,-8.9283381357929,458.2788143614307,768.8924560546875,579.0,345.0,16.98837082592075,93,57.77484682510581,126.49054817613687
2606101,-35.33885459910313,-8.01357080320079,233.4240671969019,173.4166717529297,116.0,152.0,12.191265728892972,48,27.387409644172703,281.7137048959021
2606200,-34.94330573871704,-7.597497916224661,462.5520170656964,37.21875,2.0,105.0,9.255393251724092,96,87.20787538000742,345.1206104393986
2606309,-39.695102395002976,-7.787785294746375,521.556963491952,477.103759765625,427.0,103.0,5.856211703613022,106,88.57850455066777,88.57850455066777
2606408,-35.562583169279684,-8.200080534435907,516.6986172175966,438.8018798828125,182.0,549.0,26.04622257015587,106,4.464887224639583,250.13692632434422
2606507,-36.90020503378776,-9.140137074894238,635.3882887938526,422.03125,267.0,596.0,24.29833735370696,128,85.33562610025635,85.33562610025635
2606606,-37.61076124036305,-8.586823471885774,1885.5785498926416,500.360107421875,376.0,457.0,15.17651727191728,386,86.85216563047271,88.25014754277642
2606705,-36.20085471503449,-8.612355090182156,186.5503426133655,583.375,481.0,192.0,17.656323989767866,40,31.347870346232,172.76430797196466
2606804,-34.95973496239532,-7.8170734269861315,308.17981705022976,67.4375,5.0,155.0,10.02291548099117,64,65.88079569823891,325.6598955483268
2606903,-37.40285909477552,-7.845435083551218,847.0776617350057,623.05712890625,527.0,293.0,13.06026015774035,175,76.06941415276029,161.65056998466181
2607000,-37.838093188901375,-8.806325836040196,1228.5177322942764,479.8785400390625,360.0,384.0,17.94380506049902,247,54.56092314148343,54.56092314148343
2607109,-37.415164020614185,-7.713443400365735,236.25637158681639,572.8163452148438,532.0,95.0,6.820775559434366,49,87.20643354272937,171.35496909730156
2607208,-35.08740825096138,-8.437838196866604,517.9893532271963,57.25961685180664,6.0,197.0,8.63567376761034,104,12.611178886247243,262.3859148791996
2607307,-40.21736325488325,-7.497780999903395,694.5878288934473,759.0850830078125,537.0,331.0,15.315571932527666,141,140.53316128880311,140.53316128880311
2607406,-38.72892738898668,-8.749777522066427,433.4375741786789,322.1444396972656,301.0,80.0,4.74964323109735,90,7.9587281886037555,7.9587281886037555
2607505,-37.29484405220376,-8.984490144080416,1058.9923704506364,465.3789978027344,328.0,397.0,12.715271698501962,219,84.30141562979313,84.30141562979313
2607604,-34.85271614539273,-7.757650660839681,61.21431419462897,19.33333396911621,8.0,43.0,6.8611303810058,12,74.03534147400546,337.9872522763015
2607653,-35.13263758543119,-7.451160342907586,303.01732129836455,111.38333129882812,27.0,225.0,10.933888952346155,60,93.26783320702276,345.01486183273903
2607703,-37.143750482357326,-7.3987565757107365,413.33884958317503,668.8850708007812,591.0,188.0,10.37538285470378,87,102.93148671462919,217.28886849507992
2607752,-34.90574947947151,-7.7483569280465305,70.30155388917774,21.35714340209961,3.0,41.0,5.656696774470369,14,74.2180959605961,335.30676419093203
2607802,-35.03376088423407,-7.6862932933701575,162.78636709786952,86.0,34.0,112.0,11.761395563456778,36,73.62164169538052,331.1513312001385
2607901,-35.00554944365841,-8.151411812511412,249.86218708893284,65.4339599609375,5.0,176.0,9.275287976378058,53,29.449614986803198,292.8168494869784
2607950,-35.81124268890223,-8.744647203747279,81.47096439311281,328.5294189453125,207.0,456.0,46.316036247229114,17,52.81044727338665,186.39578233645116
2608008,-36.53417328529945,-8.055997409372232,722.1514821909368,668.1351318359375,487.0,591.0,32.01235204080388,148,25.865403926651325,210.34640628382093
2608057,-38.2157402558987,-9.208042310210638,281.24086192715913,319.5689697265625,177.0,472.0,16.92850243270532,58,7.582504945075011,7.582504945075011
2608107,-35.591518983856076,-7.861904412874269,133.91737964679487,295.96429443359375,176.0,245.0,20.484046545189916,28,37.73754679302591,278.79437581079804
2608206,-35.54432998830597,-8.563229269695464,126.7543659445364,240.36000061035156,148.0,245.0,20.04247007550799,25,34.530752256695195,221.27735613641732
2608255,-36.46063900472239,-8.743574273706594,119.62608614074998,771.0740966796875,699.0,131.0,15.900778359687646,27,37.22103778354616,146.98171913687725
2608305,-36.39406988474298,-8.713436809684149,102.08217530115508,750.1052856445312,641.0,172.0,18.87064538678003,19,34.70782047368144,153.01169993476853
2608404,-36.14257457658117,-8.753433829822184,149.06245521409437,728.3928833007812,591.0,253.0,22.245101961252804,28,47.51403509876787,162.94858522577104
2608453,-35.33829425654867,-7.852078684850008,68.85673563648015,125.53333282470703,102.0,46.0,6.6791237604246865,15,44.707445746053295,295.78772430894793
2608503,-35.288940775239226,-7.908580981922323,58.97863251296803,129.8333282470703,101.0,70.0,8.598329832100976,12,39.892318509118255,294.21701799047383
2608602,-36.466864613733016,-9.162774987840338,199.87492200103588,627.4390258789062,426.0,385.0,25.15727747499467,41,83.56911752618261,105.47703263317122
2608701,-35.89489038335392,-8.681594521442573,222.54214981081896,532.425537109375,249.0,501.0,37.42663616987335,47,44.21882985332099,185.60152774470507
2608750,-40.22300033089431,-8.778264687227775,1838.0109927034937,430.5345764160156,355.0,222.0,7.909271450443012,376,31.507573322902914,31.507573322902914
2608800,-36.28521193492151,-8.677857198967141,191.03997518261895,639.4749755859375,576.0,158.0,12.095679153373256,40,34.90731411919993,161.91278088814437
2608909,-35.44680983957421,-7.84585019587068,278.5901088938117,175.9322052001953,120.0,163.0,11.181910035790677,59,41.54580060493386,289.2498893347774
2609006,-35.450117131094274,-7.528335347917676,114.07974462397397,451.3599853515625,264.0,341.0,29.78651160888535,25,76.28519414099,318.3253896139437
2609105,-35.50062228636948,-7.702394339110107,59.18538200040348,320.0833435058594,235.0,159.0,25.22573855392586,12,56.49436558834539,299.0740570507931
2609154,-37.55055461396862,-8.89145367040521,341.54455391550437,564.8507690429688,459.0,288.0,23.499150998170894,67,82.22282626940135,82.22282626940135
2609204,-35.76310968877176,-8.835069222836104,200.4781409187708,315.9761962890625,146.0,310.0,25.982178676133042,42,63.89863794498561,182.9703030734606
2609303,-38.737574101505494,-8.156685387125352,814.5699008484371,503.7455749511719,400.0,220.0,12.080838845805884,169,68.93146101640582,68.93146101640582
2609402,-35.14642707390866,-8.141260131374397,195.08036313438788,161.02499389648438,75.0,212.0,15.194818874687053,40,25.352764844797715,284.57023805748605
2609501,-35.235572852023246,-7.7384335871369325,129.75554709741846,97.23076629638672,56.0,106.0,7.065187707271767,26,59.589136857242856,312.6837855004683
2609600,-34.86571626436857,-7.994468276271293,32.563492342596874,27.16666603088379,19.0,23.0,5.454384323825732,6,48.14218336945655,316.013762238562
2609709,-35.598318272957854,-7.705638334702806,140.9305197969079,442.25,350.0,236.0,26.08893712783215,28,54.99769379506942,293.0131917798319
2609808,-39.59134264205425,-8.472322664502434,554.9701210686471,375.4827575683594,331.0,191.0,7.491922552540057,116,18.831183458673316,18.831183458673316
2609907,-40.16533510961253,-7.966275864845631,2395.985445290804,484.257080078125,389.0,450.0,9.583226907031003,494,92.62065240424053,92.62065240424053
2610004,-35.631569950724916,-8.657483092888866,345.83823888376355,207.98648071289062,117.0,254.0,19.120180817408627,74,48.499463317222364,207.09190755418595
2610103,-36.27741837345722,-9.011086919916421,175.69693647907116,604.4736938476562,428.0,380.0,25.975358498351067,38,69.66923463085404,131.03229606586726
2610202,-36.049280560726736,-8.665124684626978,374.5550443113316,627.7532348632812,444.0,333.0,30.267809866590785,77,39.09942849725086,176.81028730392663
2610301,-36.707563966591735,-8.895405127064322,191.49299031472765,799.8919067382812,499.0,411.0,22.669631320073947,37,59.20086188637856,119.61200822596253
2610400,-39.76794535252028,-8.159833591188569,2606.5550680030137,419.2259826660156,354.0,214.0,6.8232722256859635,531,55.03391415019717,55.03391415019717
2610509,-35.54353162620562,-8.012060386008962,318.91873287945054,203.84375,145.0,223.0,11.48718633430321,64,22.107243464029757,268.059160593389
2610608,-35.15432692830858,-7.905981900114987,269.665224915836,119.78947448730469,73.0,112.0,11.458089800492196,57,45.93463344556576,303.97716548675
2610707,-34.88487257746097,-7.927570615769784,102.85252302279696,43.0,0.0,130.0,6.421707190027614,23,54.91416797119357,320.6475904996761
2610806,-36.899653717312376,-8.700405895001827,903.3835932645015,541.5591430664062,428.0,541.0,18.35006312602142,186,45.10579268658755,128.9228517333656
2610905,-36.73602138092757,-8.38726341420238,962.6137441021856,788.69189453125,598.0,463.0,25.2080870397141,198,14.848179110154021,167.86890306874233
2611002,-38.30757700501113,-8.898267020445555,1066.7462437427603,371.7568664550781,300.0,249.0,14.170726350647056,218,10.03135622025182,10.03135622025182
2611101,-40.57201807508636,-9.019157839881904,4555.763324158266,422.01495361328125,358.0,202.0,5.721304767883514,937,34.18748263745,34.18748263745
2611200,-36.710900018156444,-8.222801320104185,189.80294778896496,929.076904296875,753.0,332.0,29.1301539104915,39,3.1032640524851938,185.68953349151147
2611309,-35.38627312223513,-8.183994190156893,238.3589169604238,334.346923828125,172.0,334.0,22.716896575206558,49,8.01733013938021,263.9218211415705
2611408,-35.391343954968335,-8.326617834274046,104.91360321221873,320.4090881347656,130.0,397.0,29.254397511420656,22,6.905074385939603,251.84791824280916
2611507,-36.027091773150964,-8.834451634262562,226.50432602292858,564.1395263671875,459.0,285.0,22.086454341595314,43,57.97992640194836,163.28088137986714
2611533,-37.850732576063095,-7.718652013565291,206.71995006711222,650.6190185546875,520.0,270.0,25.721256648387264,42,124.59388376059269,142.0817283005641
2611606,-34.933456431450814,-8.040065626247827,228.44899462047033,36.0217399597168,6.0,107.0,6.7141600061046764,46,41.820026518841004,307.45538370056596
2611705,-35.88319445073682,-8.083040628860445,321.95050694583915,441.96875,313.0,483.0,20.83426172113772,64,19.723524199620577,241.01615280912046
2611804,-35.36697389534697,-8.505070652409403,286.7938513364643,148.60345458984375,79.0,306.0,12.134410518128016,58,17.31130479151313,237.6122455129629
2611903,-35.22208646214812,-8.676245440618944,219.73591145779938,83.15555572509766,9.0,121.0,8.684936216513517,45,33.37487666288954,232.66902647402875
2612000,-35.6846187628227,-8.302520723638892,187.38888624566607,617.1219482421875,480.0,231.0,17.50608551298836,41,9.133349359510898,232.92848322203972
2612109,-35.59461470040396,-7.916830646974048,90.0114395043347,269.70587158203125,176.0,211.0,22.450182918783668,17,31.65639417054162,273.54081872338776
2612208,-39.08947345470642,-8.12847577883505,1694.544298822526,480.8323669433594,374.0,295.0,12.218265835126903,346,52.592437568916495,52.592437568916495
2612307,-36.740054363843775,-8.993720546858885,251.35721502359957,713.6078491210938,437.0,540.0,39.83667889521431,51,70.61367449347985,108.61493140434047
2612406,-36.54961082817916,-8.363976803137446,271.4346630757209,736.8245849609375,648.0,320.0,17.20772341150596,57,1.4178062676881213,179.00771034665226
2612455,-40.3024011229813,-8.291308502571729,1244.7790883542039,491.1744079589844,413.0,219.0,10.829209334954855,258,74.33791310097833,74.33791310097833
2612471,-38.175574011545244,-7.850740871677382,115.54657943570055,856.95654296875,625.0,412.0,44.610571376502996,23,113.89995054201653,113.89995054201653
2612505,-36.324907640643644,-7.890526088468122,337.81400218978524,519.0810546875,448.0,213.0,9.677779516002353,74,47.012364303058405,236.91557142188302
2612554,-40.57089321161108,-8.222672770658576,998.8443669343833,582.7969360351562,468.0,371.0,15.668723581107534,197,100.24439376757047,100.24439376757047
2612604,-39.915317115004946,-8.630207752145969,3008.6101913263556,399.97100830078125,323.0,338.0,7.133757602055894,621,20.909918598682548,20.909918598682548
2612703,-35.883105480192185,-7.825521864109751,86.26507467892952,481.3999938964844,441.0,105.0,13.148864475993772,20,46.62436001016884,266.0527201589531
2612802,-37.436849916782286,-7.431419173467347,200.44369902089238,739.0,608.0,233.0,17.240862764257667,42,113.43700774474868,193.75779250703994
2612901,-35.90625180250026,-8.807686513175069,156.8965032498818,480.77142333984375,291.0,367.0,33.101703078098865,35,58.01134074833731,174.1834477682803
2613008,-36.451621178269754,-8.536889620675476,730.0648751466069,662.413330078125,571.0,310.0,13.495570868724176,150,14.449380102564545,168.27655835584224
2613107,-36.149374700307746,-8.329460394508132,375.067863491131,631.2933349609375,547.0,287.0,18.625193914049554,75,5.774350199734862,203.0198388797852
2613206,-36.37797900164373,-8.877910944458092,259.46075184154324,729.0943603515625,650.0,211.0,15.004122240776669,53,52.949243772932704,137.58732932737712
2613305,-35.84369333087307,-8.45322917822962,230.34997342713177,482.6938781738281,390.0,304.0,27.061535669513617,49,21.366259543568326,209.06352476698544
2613404,-35.183925049468904,-8.865654999695698,67.58288589422591,55.08333206176758,10.0,74.0,8.41349564807677,12,54.61567195756131,220.34291165573822
2613503,-38.744836177315904,-7.865806344094703,1473.0678709344938,546.7266845703125,430.0,398.0,12.269516809778425,300,97.45046194979099,97.45046194979099
2613602,-37.27454280014966,-7.528115530839414,777.8245070371777,618.3797607421875,547.0,271.0,9.111931946042127,158,95.17709726025727,196.9562410698136
2613701,-35.10329139911214,-8.022453458844682,264.79056713427417,99.6603775024414,0.0,171.0,11.705926375410007,53,39.21349700145377,298.11851200204524
2613800,-35.48786070461144,-7.608777741645318,112.55100513575599,448.5833435058594,219.0,396.0,36.68531944220339,24,66.92249301242983,308.56281577453564
2613909,-38.369764991887585,-8.036312663773302,2998.4268552686553,490.19903564453125,346.0,470.0,14.242154266769962,613,88.28492898885811,88.28492898885811
2614006,-39.38146713147674,-7.8489531026500865,1530.3416814135853,490.9182434082031,398.0,533.0,10.982478159566837,318,75.19552858846747,75.19552858846747
2614105,-37.337516637561215,-8.211173750310348,2414.1338189803064,577.01611328125,444.0,513.0,11.539695365266232,496,51.322643719899226,137.28563598840944
2614204,-35.17101722952811,-8.573373738500901,383.11960352305323,61.67073059082031,5.0,155.0,9.213988369963085,82,23.046175660615276,244.96727251648153
2614303,-39.524212988366045,-7.61740745904027,406.9508743484039,610.9293823242188,439.0,522.0,22.648602573161785,85,102.01247798517784,102.01247798517784
2614402,-37.64759929614273,-7.583869677166777,133.47463532653637,680.3571166992188,568.0,236.0,20.171196492595552,28,115.50510098195501,166.5484469151177
2614501,-35.75569914323019,-7.890122453011729,257.1027395213023,375.27777099609375,285.0,166.0,12.070749908507956,54,36.666571194675875,266.55701929405404
2614600,-37.51311772662866,-7.577951099728801,383.4223079739604,626.8701171875,536.0,290.0,12.465947296762028,77,105.58262667327637,175.7360837350611
2614709,-36.270041399415604,-8.346912653765695,231.6702839275822,620.5625,537.0,238.0,14.86293905581996,48,3.666533012487461,195.59468822242977
2614808,-38.07703211235948,-8.956165850603043,1265.1265784567222,474.3470153808594,295.0,543.0,24.555734037854183,268,24.06389320152428,24.06389320152428
2614857,-35.22873486878525,-8.746245561138238,217.88965312275104,76.5111083984375,2.0,139.0,8.786446690242014,45,41.06596112504024,226.40800719516966
2615003,-36.13169142794947,-7.868366332906817,481.00978668336757,525.5670166015625,421.0,413.0,18.37037049817994,97,47.76149379012203,249.58112939042664
2615102,-36.631572324951996,-9.077197507008187,144.6425165005494,682.0999755859375,575.0,209.0,17.790173886769107,30,75.96917821880216,105.70124852440168
2615201,-39.39598396684229,-8.15518687430122,317.6582202683203,403.742431640625,363.0,121.0,5.85232728256678,66,41.36272634629441,41.36272634629441
2615300,-35.34095642127263,-7.533846014261972,286.93473750236444,225.96824645996094,78.0,437.0,26.916535027705876,63,77.78326548647229,324.380671758652
2615409,-36.062237496458934,-7.998430667909751,20.35003703017719,415.79998779296875,346.0,227.0,40.419970161061784,5,32.215097504156624,240.17502409671445
2615508,-35.16054657547468,-7.759485515932418,137.33208684739657,97.53571319580078,41.0,121.0,9.321858186116339,28,60.13427548870741,315.98290814366055
2615607,-40.29479674560283,-7.728249174709987,295.5855044028722,564.7333374023438,480.0,331.0,14.338230359610913,60,122.42241211714865,122.42241211714865
2615706,-38.06591804276012,-7.847439825483497,190.51430135499686,788.6749877929688,469.0,663.0,72.5708699630848,40,118.77924798162908,118.77924798162908
2615805,-37.28017942591453,-8.682040195109698,937.0448336778209,630.6301879882812,397.0,573.0,20.577773477344497,192,61.64034128577176,115.14546199928674
2615904,-37.26464253030881,-7.688177153382407,198.61403977824375,608.75,553.0,133.0,6.97681601920043,40,79.26286148454389,184.77405157484745
2616001,-36.805737933475164,-8.613425930176119,344.84136003255844,626.05712890625,498.0,430.0,27.414742133143434,70,36.33676892833631,141.8342552499376
2616100,-38.9878265918506,-7.973225862614267,470.3194892613683,509.7113342285156,448.0,161.0,9.00427054229502,97,72.93235759144913,72.93235759144913
2616183,-35.815091019050236,-7.778464060797436,65.52286443556659,501.25,428.0,269.0,33.335258878676726,12,49.810812438614995,274.1442345467133
2616209,-35.98173316735658,-7.895243232028355,200.787958528148,472.23077392578125,351.0,488.0,34.72660041901979,39,42.14691560781547,254.2988559125905
2616308,-35.35630546237193,-7.661973951869371,230.88978759921156,174.68182373046875,94.0,336.0,22.9404555046567,44,63.66843811158402,311.67196168756504
2616407,-35.28714054320188,-8.151501865336117,342.4009703141637,245.471435546875,118.0,271.0,21.862998833393117,70,15.18732425380849,273.8958583003991
2616506,-35.651332404588096,-8.833848466640891,111.31258062110282,176.3478240966797,120.0,147.0,11.52854909825936,23,64.78120647984463,189.8314597752463
2700102,-37.8985381364296,-9.266498505813644,466.12780269770883,375.7340393066406,245.0,473.0,25.834295201444238,94,26.502879904356504,26.502879904356504
2700201,-36.31567079376877,-9.662995528122856,187.68085780460387,198.3249969482422,116.0,237.0,18.505019173386756,40,73.4391365054744,73.4391365054744
2700300,-36.64121964531413,-9.74585152973613,351.4989674715325,242.30137634277344,175.0,143.0,10.532346797942331,73,43.87515795597992,43.87515795597992
2700409,-36.07243297458548,-9.504688960024607,529.0309122146573,145.34861755371094,60.0,364.0,15.027907519704666,109,102.43178299324752,102.43178299324752
2700508,-35.56355456727206,-9.383184379365732,133.12725651683286,43.703704833984375,7.0,98.0,6.762831861580107,27,116.10903508958813,149.6452376048147
2700607,-35.94600565952961,-9.813259335647231,76.43734440207481,55.64706039428711,7.0,92.0,12.208724248259916,17,86.21123461315362,86.21123461315362
2700706,-37.099178859383926,-9.706439876865975,312.71154026314616,162.4545440673828,106.0,117.0,9.769820828543752,66,22.092993298945878,22.092993298945878
2700805,-36.491634079538485,-9.558739884983245,59.10213654162362,313.3333435058594,241.0,213.0,24.57954945638889,12,69.71117790586796,69.71117790586796
2700904,-37.18792480994097,-9.816226081500593,335.9237794401124,133.3913116455078,13.0,264.0,19.014624361777372,69,7.787366438380821,7.787366438380821
2701001,-36.178666283502366,-9.668167081796796,190.00391586497426,150.8947296142578,109.0,180.0,12.723865826646094,38,80.9470513225224,80.9470513225224
2701100,-36.042925399664135,-9.223339098807932,173.15965094743297,228.44117736816406,122.0,411.0,24.33096902268321,34,100.58025397063977,130.47052952117468
2701209,-36.92580441922496,-9.445779818094646,293.26412488520145,257.20001220703125,205.0,180.0,9.459025564197395,60,55.794529862153105,55.794529862153105
2701308,-36.16000646689322,-9.394849500645309,98.89651831472293,175.04762268066406,112.0,230.0,25.914748534272253,21,107.64890728399442,107.64890728399442
2701357,-35.53990260518439,-8.894569304674075,61.62073674984276,141.46153259277344,100.0,77.0,9.529504464173307,13,64.33899904447132,191.65787803875074
2701407,-36.282841856442516,-9.814880118459405,307.85651504201815,147.557373046875,83.0,110.0,6.17015540989078,61,61.10226788225152,61.10226788225152
2701506,-36.747458802170115,-9.965854352184756,175.62736031226814,153.55555725097656,92.0,135.0,10.093124500721308,36,22.010924367017346,22.010924367017346
2701605,-37.52810633577692,-9.125894545116022,595.5132950779516,369.1382141113281,257.0,322.0,12.827975998360026,123,59.7632458754276,59.7632458754276
2701704,-36.09360734443493,-9.346104787039572,260.02071101474576,188.6981201171875,80.0,293.0,17.328051611677566,53,111.16951668454146,115.90495374059434
2701803,-37.36662974925519,-9.462294186473025,108.9135031378828,326.0869445800781,253.0,175.0,14.633064257909602,23,32.21972172018837,32.21972172018837
2701902,-36.282467274387905,-9.241839779285835,159.2694848855026,452.65625,327.0,408.0,24.56871598336596,32,94.39065330816385,110.76097614492014
2702009,-36.58200947764099,-9.630329659837454,82.58725646464154,269.3125,210.0,139.0,19.98615698554699,16,57.03710849598561,57.03710849598561
2702108,-35.75961973578676,-8.939670989917161,201.10336147225462,314.54998779296875,143.0,324.0,31.08549222911742,40,75.10701814299914,173.4751627227841
2702207,-35.810921924681594,-9.641347253754127,40.10105083254166,52.75,0.0,94.0,11.373749408306788,8,110.33457034170853,110.33457034170853
2702306,-36.23023913083375,-10.082971760294235,902.1586321708746,65.52198028564453,3.0,123.0,6.598050742090891,182,43.84569977101904,43.84569977101904
2702355,-36.791947337144705,-9.628539816387123,275.60307857673615,227.375,167.0,121.0,7.577131141960434,56,42.898667845518816,42.898667845518816
2702405,-38.04774110011722,-9.39764774253479,634.5235453043133,258.0,174.0,160.0,8.82043954628865,128,6.8207092654190005,6.8207092654190005
2702504,-37.07141176809446,-9.382653666977447,139.04272724455222,259.4285583496094,212.0,110.0,10.861036837254858,28,52.61389452092024,52.61389452092024
2702553,-36.77097743702185,-9.392815559758896,266.86450122855604,297.54718017578125,207.0,350.0,16.50175441644909,53,67.62541729202218,67.62541729202218
2702603,-36.66346842994787,-9.888096958135193,184.30060720304027,205.2894744873047,123.0,153.0,10.889645897207899,38,33.61446028256609,33.61446028256609
2702702,-36.33411924648155,-10.283580852526676,108.01619693636894,27.521739959716797,5.0,46.0,6.293268026460602,23,19.05087703928484,19.05087703928484
2702801,-35.76244363048989,-9.246109688221658,332.4985318102408,169.76119995117188,92.0,339.0,20.938360616346788,67,108.11886556845619,146.01019374791218
2702900,-36.84830572864017,-9.79291782663965,508.02581805409864,223.41748046875,112.0,242.0,12.202056362892527,103,24.232918556789645,24.232918556789645
2703007,-35.89562740115932,-8.952377902941558,265.54373483220115,493.96429443359375,352.0,245.0,17.35454770721006,56,73.94051613181315,163.44491312635876
2703106,-36.68022693921794,-9.5438935511875,332.81577973626554,252.68919372558594,192.0,194.0,9.74848284571854,74,57.376260770572,57.376260770572
2703205,-36.618630913397624,-10.13855234393111,423.9994744649157,63.43529510498047,3.0,148.0,12.324318149183176,85,12.34366654404617,12.34366654404617
2703304,-37.691645367842526,-9.271566536810939,377.3111963146366,316.2987060546875,243.0,324.0,11.572638210984254,77,38.64239481448764,38.64239481448764
2703403,-37.22755405872689,-9.654232874641481,146.82930338010192,164.85714721679688,116.0,111.0,10.505301720220771,28,18.057760585512387,18.057760585512387
2703502,-35.44672560924893,-8.885158279216054,202.26102370698936,116.39024353027344,70.0,90.0,9.570641835969655,41,59.69410035159972,198.97101417457907
2703601,-35.298934823498016,-9.08546245659754,84.01155110844411,35.72222137451172,13.0,48.0,8.030169376523714,18,78.57704435687351,193.60915478502702
2703700,-36.992742437718654,-9.657921155914227,109.25181508809328,178.7391357421875,147.0,65.0,6.5015141926895215,23,31.575381520144546,31.575381520144546
2703759,-36.09887179814351,-9.921147607416735,332.6195308919996,69.21428680419922,12.0,119.0,7.272012502883133,70,66.71323936507541,66.71323936507541
2703809,-35.779714775057464,-9.079524857440536,305.15329271857627,246.8709716796875,102.0,388.0,32.28079713963303,62,89.66868670072814,159.4288150586436
2703908,-35.537072763092326,-8.962924677852874,89.48529184423387,111.63157653808594,41.0,115.0,10.062521341415392,19,71.13074673803362,185.97406044109118
2704005,-36.44264962494851,-9.85742453253159,247.64702803175896,171.58489990234375,89.0,143.0,11.555863539961994,53,48.015952042019144,48.015952042019144
2704104,-36.734803746114494,-9.7925935291183,71.23638767749071,279.73333740234375,243.0,105.0,12.809833433299458,15,32.59616804425996,32.59616804425996
2704203,-36.46654419744139,-9.733030304213004,309.9899844620377,205.68182373046875,146.0,124.0,11.676794039895714,66,59.97192278148718,59.97192278148718
2704302,-35.71040942439188,-9.521800349516834,513.9994746479206,64.24073791503906,1.0,169.0,9.012746787311485,108,127.56224037323489,127.56224037323489
2704401,-37.01213878403931,-9.543788142164367,435.7395422109403,205.3483123779297,137.0,154.0,6.1911428690086465,89,42.10526290336927,42.10526290336927
2704500,-35.26944277610778,-8.951756468027593,337.272565724561,68.79710388183594,9.0,117.0,7.409960401384774,69,63.67612939388785,206.93737335127665
2704609,-37.398102083318356,-9.24369130300411,328.51736488356255,336.0447692871094,258.0,399.0,13.157673565951168,67,53.955739510793066,53.955739510793066
2704708,-35.90905094196921,-9.715276476611438,339.8273244521115,52.0579719543457,0.0,114.0,12.851575948396324,69,97.30592879406399,97.30592879406399
2704807,-36.29403541772488,-9.559923911710085,181.01185889495537,256.0,151.0,280.0,32.859137575272456,37,84.72495634843155,84.72495634843155
2704906,-36.40068082439135,-9.474055902758769,100.04782648570836,449.1499938964844,361.0,156.0,21.584525247031767,20,83.40763778527698,83.40763778527698
2705002,-37.75521031501109,-9.050917124356872,922.9678217116743,455.9840393066406,326.0,414.0,23.9347295961335,188,55.06348017655789,55.06348017655789
2705101,-35.5835534499446,-9.102920133999342,232.8067720234394,90.2745132446289,12.0,153.0,13.112778045982173,51,87.3942244326829,170.8913067723864
2705200,-35.81195338905235,-9.34469272246668,111.8827753579244,136.0370330810547,73.0,171.0,10.411688313102966,27,118.09941703150623,134.18996038511335
2705309,-36.86542984497753,-9.338799972865875,164.17469064472243,304.97222900390625,247.0,235.0,18.468189752099065,36,69.33620643228205,69.33620643228205
2705408,-37.29472156490049,-9.599018125213405,85.15233775321394,238.3000030517578,181.0,175.0,12.700446776851825,20,20.490798934775064,20.490798934775064
2705507,-35.92231420894494,-9.291043665228514,418.98723138752393,199.093017578125,74.0,430.0,25.80811192904953,86,109.65668878824307,131.26019461321545
2705606,-35.63031174332646,-8.963213717070246,220.9607440319378,170.6521759033203,98.0,301.0,16.55835496521565,46,75.65541003066457,179.550315509037
2705705,-37.25672651245493,-9.53381782672451,191.1359573439695,270.3947448730469,167.0,235.0,13.776683368043976,38,28.731959569092837,28.731959569092837
2705804,-37.81315442565848,-9.435384117938444,330.1593783707358,265.5753479003906,169.0,182.0,10.504959017717466,73,16.144391972095335,16.144391972095335
2705903,-36.79133010614958,-10.056302334568509,109.54356696410105,123.6956558227539,36.0,192.0,14.824313144327101,23,13.18539227136882,13.18539227136882
2706000,-37.178717037965995,-9.487820826726367,176.03489107079804,240.2941131591797,173.0,150.0,10.526742278946566,34,36.79241452161264,36.79241452161264
2706109,-37.363836433833,-9.127666347333703,196.6371412873268,381.95001220703125,327.0,110.0,8.188202078970596,40,66.79893608497409,66.79893608497409
2706208,-37.30292777589265,-9.687183424323685,37.77301457617432,156.55555725097656,111.0,82.0,8.062839385288875,9,11.309356935764816,11.309356935764816
2706307,-36.606071557385874,-9.42026617758594,451.0349283744581,370.80645751953125,241.0,385.0,24.328789127825267,93,73.26800405967676,73.26800405967676
2706406,-37.48484232281427,-9.670392449987526,678.1735631162301,157.5179901123047,21.0,318.0,15.919339596339034,139,7.327237905456789,7.327237905456789
2706422,-38.04716605735415,-9.239795755583451,255.89855518750846,363.77777099609375,275.0,397.0,22.647135659818428,54,22.86517005115037,22.86517005115037
2706448,-35.59207773082951,-9.436371857818324,89.04255527863279,48.650001525878906,29.0,51.0,4.377686465694103,20,122.62851358051957,143.1138765050414
2706505,-35.50042238889291,-9.256522582343512,254.3365480331704,41.040000915527344,4.0,101.0,8.420807075278837,50,100.78519982401593,164.9186285650304
2706604,-36.41216596537739,-9.382591069684418,114.00648548617028,420.2916564941406,312.0,188.0,19.493748706614472,24,89.64231668224198,89.64231668224198
2706703,-36.48249109549558,-10.231016789836781,693.2822778779082,57.411346435546875,0.0,142.0,8.171473798966037,141,13.214046234225775,13.214046234225775
2706802,-36.402020568966414,-10.387213644104621,239.46429687878117,7.139999866485596,2.0,11.0,1.086980411623891,50,5.400838985904898,5.400838985904898
2706901,-36.00484855924651,-9.615732101370993,262.0363763514906,99.38461303710938,0.0,182.0,14.409156728267607,52,97.74592247985278,97.74592247985278
2707008,-36.281115249382594,-9.476858649305791,108.22594380378723,356.34783935546875,253.0,229.0,22.26396261950544,23,93.35218152066018,93.35218152066018
2707107,-37.724211350001745,-9.52718235187928,404.2409380702302,222.01234436035156,45.0,306.0,12.055014563077062,81,12.633296225303138,12.633296225303138
2707206,-37.31933301067646,-9.298290645968445,288.5948610797059,390.82757568359375,303.0,324.0,26.13085560827706,58,51.04667461346156,51.04667461346156
2707305,-35.42722442796108,-9.025255858281886,315.67176852794364,56.78461456298828,5.0,136.0,9.938084404486512,65,74.03883096927325,188.90565495400872
2707404,-35.407142473308575,-9.145200150400917,258.5625201170333,51.77358627319336,12.0,102.0,7.616609844226844,53,86.61156636668441,180.9535910175461
2707503,-36.73593657765376,-10.119855680568493,238.53586416551843,81.45098114013672,4.0,251.0,15.714773762546532,51,12.374846669697138,12.374846669697138
2707602,-36.460884504172284,-9.303690323170144,329.82846167800017,496.8461608886719,360.0,491.0,25.71323621237875,65,92.96664543153781,92.96664543153781
2707701,-35.865750735708026,-9.479652291625392,292.2261274086777,107.52458953857422,6.0,150.0,11.041921589099312,61,119.1973671842601,119.1973671842601
2707800,-35.982415481306866,-9.870862183421403,122.35523524042219,63.15999984741211,15.0,81.0,8.126674090031354,25,78.73461607532397,78.73461607532397
2707909,-35.82685477248697,-9.611804829970904,24.62505897018127,48.0,7.0,91.0,14.201687155918282,5,111.87797651082894,111.87797651082894
2708006,-37.211272473804186,-9.358198877353267,434.17857718258165,347.6044006347656,230.0,347.0,22.776977453437173,91,48.65180796098813,48.65180796098813
2708105,-36.19180749095437,-9.127931379242405,240.27369902748615,368.79998779296875,202.0,344.0,28.75243485888747,50,84.81973159857398,126.79850891630922
2708204,-36.86124578722007,-10.107413055205159,146.09493365325034,66.38710021972656,4.0,157.0,15.125809788008079,31,4.109228223345071,4.109228223345071
2708303,-36.03588864388886,-8.986747113355472,256.38780021108687,401.92156982421875,229.0,355.0,27.733913966409492,51,74.60120976019897,149.91454342690878
2708402,-37.49005285305319,-9.53341455330602,499.9656893890351,240.07843017578125,162.0,258.0,14.484776651813467,102,22.39855724810106,22.39855724810106
2708501,-35.63357723316105,-9.250538974366135,397.5946025347803,92.11111450195312,2.0,205.0,10.7024773463936,81,104.5932635691895,155.18231628272653
2708600,-36.101473270460325,-9.772721652790338,340.25085944728926,99.49314880371094,17.0,144.0,11.533915627479454,73,77.97695967903213,77.97695967903213
2708709,-35.4078179900722,-9.230578607058842,73.90638545528054,48.33333206176758,25.0,51.0,7.010981525464714,15,95.91735574362035,173.59860640213938
2708808,-36.55258688381178,-9.963080950864477,304.47480110358447,154.60655212402344,67.0,158.0,10.146272242655924,61,32.8811304100077,32.8811304100077
2708907,-35.84336289368184,-9.576689770287185,46.05513771693222,56.77777862548828,8.0,105.0,17.07981722619631,9,113.55748576496755,113.55748576496755
2708956,-37.512843035387114,-9.389900808409669,336.5074013704434,304.0,222.0,254.0,13.087128837520599,70,33.51125801234001,33.51125801234001
2709004,-36.42360165912091,-9.556368721055197,119.24865709012374,288.6538391113281,187.0,295.0,32.11075002557271,26,75.60461325010915,75.60461325010915
2709103,-36.493613265991655,-9.624783563574798,159.8773544137366,253.15151977539062,200.0,129.0,10.72055254222114,33,64.88983508796024,64.88983508796024
2709152,-36.37299804245352,-9.964315098308024,304.5034356690012,126.15625,46.0,155.0,10.253108367345906,64,42.016455343572254,42.016455343572254
2709202,-36.968673804626974,-9.89637133602388,680.6313660768792,153.0992889404297,11.0,468.0,22.655896482943433,141,7.966150523572733,7.966150523572733
2709301,-36.01522351879441,-9.121051400689442,417.6527368668467,283.6941223144531,128.0,429.0,33.10797652080615,85,89.60272010613909,141.058325086923
2709400,-36.266323199675824,-9.35973498998764,371.93881626753137,340.381591796875,209.0,320.0,20.57176754383034,76,102.849353419088,102.849353419088
2800100,-36.91998349777907,-10.16390600434306,36.222240103408694,55.42856979370117,17.0,81.0,14.459977452585026,7,3.971732782945089,3.971732782945089
2800209,-37.06337953456881,-10.261715204407892,362.8717168904841,161.6266632080078,60.0,172.0,11.836902623819796,75,21.431270624907572,21.431270624907572
2800308,-37.09182970384095,-10.993984237926492,178.0985627383925,8.410256385803223,0.0,41.0,2.919514614644983,39,86.35222021752168,86.35222021752168
2800407,-37.59088123264392,-11.259474320841617,198.93766881199554,99.375,57.0,102.0,10.07019810037879,40,142.7373441823513,142.7373441823513
2800506,-37.32978794633851,-10.785496305954576,143.7532162410207,193.60714721679688,81.0,363.0,26.499308839098898,28,83.97898181970073,83.97898181970073
2800605,-36.9690199824377,-10.850310519074233,88.94364099483937,6.777777671813965,3.0,9.0,0.9978954612460156,18,65.5829947665997,65.5829947665997
2800670,-37.598758183924595,-11.12230912100205,203.1021566260606,124.0243911743164,69.0,114.0,9.7226124685264,41,131.33489102392116,131.33489102392116
2800704,-36.473895152664355,-10.477796397527335,145.03623353224248,6.965517044067383,1.0,19.0,1.2918185552227306,29,6.4566112922651735,6.4566112922651735
2801009,-37.4992058080521,-10.769453396442398,199.3094618814066,173.2820587158203,54.0,273.0,17.588579901920873,39,95.04818475549173,95.04818475549173
2801108,-37.00223947171824,-10.146077082814504,170.18799197347835,86.24242401123047,7.0,195.0,14.219988972646751,33,8.360827850545489,8.360827850545489
2801207,-37.918716361406574,-9.710240963909149,937.3647815133445,243.89175415039062,70.0,315.0,10.119115879401615,194,15.27339594692465,15.27339594692465
2801306,-37.03713849335756,-10.472432069741856,450.554258428514,123.55789184570312,39.0,176.0,10.91769494321762,95,36.89081398209899,36.89081398209899
2801405,-37.710828697747615,-10.363059634917835,643.4471141076647,283.22308349609375,184.0,217.0,8.994064418717146,130,71.78190233091956,71.78190233091956
2801504,-36.968728923321926,-10.662038373764922,45.0769382561557,28.77777862548828,6.0,59.0,8.173264077351554,9,52.00996092008229,52.00996092008229
2801603,-36.900478658928165,-10.267176247712602,81.53558412240818,48.05555725097656,4.0,104.0,12.063826959075529,18,10.170187686374929,10.170187686374929
2801702,-37.731109948960636,-11.482606644174341,232.3870291854255,112.34693908691406,44.0,119.0,9.9438832710388,49,171.66774402984842,171.66774402984842
2801900,-37.192519175969736,-10.35565578689756,118.34892357513309,187.42308044433594,140.0,89.0,8.180802136504669,26,38.793090179757,38.793090179757
2802007,-37.15671551011995,-10.672950531918413,93.61501750303432,59.578948974609375,9.0,102.0,11.641470185239898,19,62.45087245434953,62.45087245434953
2802106,-37.39788402928138,-11.249570330579063,649.4804102126509,41.842105865478516,0.0,126.0,5.010324100830018,133,129.79649864029184,129.79649864029184
2802205,-37.32623342994913,-10.280816863192578,192.05133738508448,203.2105255126953,152.0,98.0,7.993694759493458,38,44.15439140203045,44.15439140203045
2802304,-37.58918643744794,-10.521587304428332,404.8041491964832,229.67442321777344,163.0,269.0,12.34530298660154,86,80.29289773709624,80.29289773709624
2802403,-37.20267144782799,-10.02628666507709,657.467871138826,130.5642852783203,7.0,249.0,17.23555518238403,140,14.296485506513752,14.296485506513752
2802502,-36.967517538857685,-10.694126317819027,21.03399739228189,38.400001525878906,14.0,45.0,8.684972796597364,5,53.93619250885237,53.93619250885237
2802601,-37.21819424279194,-10.220955959112997,249.47447758354247,216.132080078125,156.0,114.0,8.95295478666933,53,33.18676497006697,33.18676497006697
2802700,-36.55463572985412,-10.454931931643044,52.1057496429421,4.666666507720947,3.0,8.0,1.2672099608400964,12,3.865449685723932,3.865449685723932
2802809,-37.528444299557144,-11.474794749677127,319.12891365401447,53.953125,0.0,129.0,7.0241070566956045,64,157.66438160948613,157.66438160948613
2802908,-37.422997417870626,-10.686859032534478,337.28263720450923,194.21127319335938,147.0,220.0,13.069902543248014,71,82.69913141179998,82.69913141179998
2803005,-37.778918016839846,-11.258853881653678,497.71880118874833,171.2941131591797,102.0,229.0,10.726337466724171,102,155.61903375857696,155.61903375857696
2803104,-37.13947316046746,-10.106857441260129,175.97103027207777,165.88235473632812,96.0,162.0,16.200395954992665,34,17.941596464828987,17.941596464828987
2803203,-37.31674460926041,-11.058653390758542,741.8395671541803,57.21428680419922,0.0,168.0,8.49419932501124,154,107.80084355115991,107.80084355115991
2803302,-36.900450891836606,-10.55440778961313,367.03909587394446,66.10526275634766,3.0,158.0,10.421652164049434,76,37.985118305123514,37.985118305123514
2803401,-36.79045941327432,-10.432743773400363,398.8889824850485,116.4124984741211,8.0,244.0,15.767258752641641,80,20.608314127221696,20.608314127221696
2803500,-37.66520242665263,-10.903223344065903,976.3087841351517,185.626220703125,78.0,374.0,14.029191315965793,206,118.15442252443718,118.15442252443718
2803609,-37.18763335944705,-10.804773388245165,154.09489698102698,46.030303955078125,3.0,159.0,7.6257500484765846,33,76.47396204529096,76.47396204529096
2803708,-37.59874310968178,-10.662289183437522,141.46708811912686,189.36666870117188,113.0,184.0,13.789342556938811,30,94.46221984245742,94.46221984245742
2803807,-36.946851006186456,-10.327576734558619,66.29338478622958,109.69230651855469,67.0,97.0,13.590061521803495,13,18.40475690019844,18.40475690019844
2803906,-37.290965668455314,-10.670440341003777,96.95002454845235,155.14999389648438,62.0,267.0,29.7236348513559,20,71.81096784805716,71.81096784805716
2804003,-37.10690826492412,-10.731308330599605,92.06909341411665,37.70000076293945,8.0,56.0,6.596535483988869,20,65.03368242684869,65.03368242684869
2804102,-37.341954507942695,-10.595943049753453,100.4889649450779,213.30435180664062,168.0,110.0,15.898161478041315,23,69.30591534467098,69.30591534467098
2804201,-37.62227588488583,-10.064289220971045,386.83364473376423,245.7179412841797,164.0,167.0,7.3446691367516586,78,37.38300217520557,37.38300217520557
2804300,-36.96231494659745,-10.382500835752857,74.84799794200808,144.57142639160156,93.0,109.0,12.931078598708737,14,24.010807693764683,24.010807693764683
2804409,-36.65924497024723,-10.34916103522554,272.5395384491421,62.01818084716797,3.0,117.0,11.254927302420485,55,8.373976118210969,8.373976118210969
2804458,-37.504202934131484,-10.357152530914714,337.58253722824156,229.1999969482422,179.0,117.0,6.907439703250295,70,59.93182996503444,59.93182996503444
2804508,-37.52519026449592,-10.17679764550661,763.0849813190289,237.4499969482422,140.0,182.0,8.376322837553364,160,45.60897277761704,45.60897277761704
2804607,-37.238836057165756,-10.469079573102228,471.05328990565613,173.8631591796875,73.0,176.0,11.796155926605595,95,51.322371428286274,51.322371428286274
2804706,-37.01268417933359,-10.075527744948168,82.12035825010389,126.4375,17.0,188.0,20.404471808389236,16,8.864213550680882,8.864213550680882
2804805,-37.145256280219336,-10.863894048931542,162.1703970413655,26.645160675048828,2.0,71.0,4.143896651806479,31,79.98477837015353,79.98477837015353
2804904,-36.64746294177809,-10.519520715272323,385.4410129194148,39.650604248046875,2.0,205.0,9.469529660088618,83,14.876410610738468,14.876410610738468
2805000,-37.67971898347006,-10.624626066807094,83.62689710315317,192.5294189453125,132.0,131.0,13.055319653389436,17,95.17630984345382,95.17630984345382
2805109,-37.66649141082101,-11.202293469667019,30.693393959198147,136.0,108.0,64.0,10.34151711371064,7,142.84918185024898,142.84918185024898
2805208,-37.75802635226658,-10.562801874673195,158.5652538971044,217.96875,139.0,162.0,14.265433389614088,32,94.45537423182498,94.45537423182498
2805307,-36.80474520215083,-10.654882453688776,211.87940384307876,43.70454406738281,5.0,89.0,10.095082845779753,44,37.54222617852563,37.54222617852563
2805406,-37.709018481526265,-9.848717199156441,1214.18394904444,222.62550354003906,28.0,538.0,11.098690659426888,251,19.92394494749857,19.92394494749857
2805505,-38.12571098569102,-10.80053408416197,430.4967135791667,298.2386474609375,209.0,274.0,10.717062733591701,88,133.48883116459663,133.48883116459663
2805604,-37.422395258332394,-9.913051670430976,889.3143239654601,165.6740264892578,10.0,297.0,15.14265912739968,181,16.97486262203832,16.97486262203832
2805703,-36.80256000637609,-10.24569897173397,90.11179808806628,18.299999237060547,2.0,49.0,6.1948704974437065,20,2.731489386787189,2.731489386787189
2805802,-37.80173029193248,-11.033021996274513,528.2207569158636,255.1192626953125,71.0,465.0,14.899836089917398,109,138.8013678842803,138.8013678842803
2805901,-37.22534957292449,-10.729270704379113,90.85616438789293,47.157894134521484,13.0,121.0,10.80063412555697,19,71.92477502144544,71.92477502144544
2806008,-37.42861896251013,-10.503673990095452,257.2575095091015,234.5098114013672,163.0,135.0,8.674650233759003,51,69.10747356813688,69.10747356813688
2806107,-37.0378991646367,-10.681989456765251,103.06310239154845,44.3684196472168,12.0,99.0,8.061355508886127,19,56.79169178809148,56.79169178809148
2806206,-37.480667706211065,-11.062369878797552,249.84647187497467,113.13725280761719,59.0,104.0,7.742623401506651,51,118.09650721618421,118.09650721618421
2806305,-37.50746588387035,-11.361422063342522,323.2349459826946,62.985294342041016,4.0,136.0,7.563820260563566,68,146.97596849177452,146.97596849177452
2806404,-36.63827276862754,-10.28702216786276,44.526649156119674,48.77777862548828,3.0,111.0,15.58453776041156,9,3.88887282143148,3.88887282143148
2806503,-37.234647497746785,-10.633513669307046,57.00935022300109,114.90908813476562,40.0,169.0,18.33639363431502,11,64.57810494677283,64.57810494677283
2806602,-36.98227200323692,-10.772373038933235,243.43094128696248,21.41176414489746,3.0,77.0,6.262061141977264,51,60.57229128230575,60.57229128230575
2806701,-37.21981714405542,-10.963377683604339,441.9671398396604,43.66292190551758,2.0,131.0,7.316191807007073,89,93.47368322681469,93.47368322681469
2806800,-37.5743121523442,-10.782760136674042,103.23466540360823,190.09524536132812,110.0,281.0,30.111255716769968,21,101.66494520808625,101.66494520808625
2806909,-36.86608213104869,-10.332266213764852,86.44676304142922,80.21052551269531,25.0,130.0,11.673873220019145,19,13.865485781180457,13.865485781180457
2807006,-37.36065302319303,-10.401866058275612,154.55730982962996,176.22222900390625,97.0,146.0,10.896401813134496,36,56.491838674060546,56.491838674060546
2807105,-37.82849078569428,-10.755888733237164,548.1936864233576,297.6842041015625,122.0,445.0,21.448871429133185,114,116.25603616376034,116.25603616376034
2807204,-37.12902706650691,-10.576387607328702,157.3587632183917,124.19355010986328,45.0,145.0,11.45516057504078,31,52.15167593887084,52.15167593887084
2807303,-36.886895494782536,-10.195606490936312,50.329577695112675,44.099998474121094,11.0,87.0,9.960316655650013,10,5.047003102792936,5.047003102792936
2807402,-38.00277373721276,-11.044093943865157,1033.5815033698454,247.3098602294922,134.0,429.0,15.01920828848333,213,153.1490489433523,153.1490489433523
2807501,-37.876403156328934,-11.37081070514854,308.13917940156534,156.6984100341797,91.0,158.0,10.620525341306706,63,171.91051369197086,171.91051369197086
2807600,-37.66329870964595,-11.397086508871189,119.54782248195261,122.78571319580078,83.0,72.0,7.585582016025045,28,159.69327405845942,159.69327405845942
2900108,-41.74395564224639,-13.296640677978457,535.8261608886532,986.345458984375,563.0,1263.0,58.636108448630985,110,2.961240910839679,171.83888367912965
2900207,-39.31785973887238,-8.833149198131856,1605.0139462153893,361.1091003417969,312.0,195.0,4.963429434915452,330,20.288801866520767,20.288801866520767
2900306,-38.00115984263458,-11.662802989543062,179.30683895712718,141.8333282470703,58.0,132.0,9.179185339575444,36,205.2660385580129,205.2660385580129
2900355,-38.03773221019739,-10.56268890613183,631.6920825997368,295.1363525390625,167.0,334.0,20.465683732518258,132,105.58896913660351,105.58896913660351
2900405,-38.71006740497155,-11.822222850575846,741.350245970767,308.0728454589844,204.0,210.0,14.122201579311456,151,261.27029384662467,261.27029384662467
2900504,-42.066907340375536,-13.398493988972893,737.729577746708,1067.3701171875,673.0,857.0,53.25427908143029,154,27.8907510668306,146.6138122598826
2900603,-39.87857645996369,-14.091122647692782,176.15142350876704,201.2941131591797,147.0,118.0,10.209911863118826,34,4.992764920840847,390.9402258383647
2900702,-38.402743302972915,-12.113956900037604,723.2476557455957,188.5364227294922,122.0,173.0,9.324214578176031,151,246.66497879289062,271.40812669320087
2900801,-39.40962468002358,-17.468537907200364,1485.3775334060192,49.43809509277344,0.0,107.0,4.152389520518668,315,156.59339890603042,556.3068733069907
2900900,-39.66434595046162,-14.700780479906324,245.02654436556622,450.93878173828125,233.0,538.0,60.169005350361346,49,51.13561217933094,428.09550338680657
2901007,-39.626365111626086,-13.041876444322197,437.0934413354844,434.9333190917969,235.0,561.0,26.114922694213707,90,104.38869366973643,388.5167487487513
2901106,-38.72120882595256,-12.421127022104793,165.7087554470636,153.88571166992188,75.0,144.0,10.49784024118942,35,206.3271108096731,319.5331800925984
2901155,-41.521992283540946,-11.40583561923625,817.299732782878,776.5357055664062,652.0,181.0,8.66807393231704,168,147.87769062876094,147.87769062876094
2901205,-40.92877833319755,-14.589141725146883,1920.7275029225275,628.2689208984375,368.0,717.0,26.0974876634374,409,54.3776806240978,296.2138903914256
2901304,-41.214628612978856,-12.734313893774193,1597.497580212541,568.7706298828125,326.0,959.0,32.25303562478799,327,85.1481715745564,214.21695384817204
2901353,-39.87241532993148,-10.279924434056506,1359.7639234676026,458.8028564453125,364.0,331.0,13.243227538368991,279,113.34407243662035,113.34407243662035
2901403,-44.64720100347363,-11.996023897141006,1521.271180067677,533.1041259765625,429.0,379.0,14.148876948566723,317,140.56190715059103,140.56190715059103
2901502,-39.19312622472596,-12.182802177946005,180.09587864158675,218.12820434570312,170.0,317.0,14.962914432180204,39,210.48481141769918,319.88847669510255
2901601,-38.2926082004848,-10.408250788749914,317.8392627360299,367.76470947265625,256.0,227.0,11.325918296437196,68,101.13002887259782,101.13002887259782
2901700,-39.14496467969144,-12.382569412259045,287.9138610404916,171.96609497070312,122.0,112.0,8.816785956044184,59,193.79035257070274,337.10638731827675
2901809,-40.363803569767065,-10.60173005534499,348.2920032613911,684.1866455078125,442.0,507.0,29.296726379501038,75,126.5642200015641,126.5642200015641
2901908,-38.193380606134696,-11.731799737081726,469.1153716822155,194.6734619140625,112.0,142.0,7.953574908379552,98,224.59673454132806,224.59673454132806
2901957,-39.7505678871271,-13.824203444767834,161.12937931157649,366.058837890625,261.0,291.0,24.907287988994323,34,24.62043525612687,393.51503727273837
2902005,-41.375847261023026,-14.371009138122881,1505.06595487101,553.789794921875,357.0,389.0,20.35046302042755,314,28.392996116804024,242.65739871912038
2902054,-38.21308807737343,-12.171862021368288,475.1747307339683,117.59183502197266,62.0,109.0,7.351619905977139,98,246.79006400949538,264.03747082099517
2902104,-39.06399006556423,-11.211994334072653,1504.7340310281143,283.3987121582031,156.0,408.0,12.546180128722952,311,219.60361950021613,219.60361950021613
2902203,-38.52421798332347,-12.050261896062482,361.77600522711873,249.50685119628906,155.0,188.0,11.8235195067996,73,250.4562980887161,274.74997675650934
2902252,-39.411685070495345,-15.243527079847079,457.2849078257568,346.2842102050781,126.0,705.0,48.035498177206435,95,72.66697235652431,473.27430543517295
2902302,-39.074210499055084,-13.08555549193433,178.06985006248578,117.0810775756836,26.0,146.0,10.942917845934586,37,130.81107965292384,400.4361779704494
2902401,-39.478264981924724,-14.36428401009947,452.9878141549416,158.44329833984375,64.0,316.0,18.55558027784368,97,8.92739599776545,438.5195899169864
2902500,-44.43998587547255,-12.657707728005246,3330.4424364520237,773.8321533203125,668.0,169.0,5.8140621849606005,697,115.0823929705821,115.0823929705821
2902609,-40.1528425945584,-11.964723120734764,961.925568527542,359.6400146484375,275.0,247.0,11.07925367606933,200,209.45661477180798,278.8037238773931
2902658,-38.65197777034112,-10.616903630652832,396.20870636356995,362.79998779296875,250.0,245.0,16.0649748060565,80,140.03793103516847,140.03793103516847
2902708,-43.36582909245714,-11.030693941638333,11423.846804733388,481.2303161621094,334.0,504.0,10.161739900992497,2362,26.601999945181607,26.601999945181607
2902807,-41.09947748595244,-13.648983381905756,1672.359387921635,684.7092895507812,243.0,1092.0,28.467309924694916,344,30.66379089199513,251.29396453433878
2902906,-40.58123109843172,-14.912846927434156,765.1810977254063,853.0987548828125,455.0,507.0,21.935758265127962,162,101.95696109704197,343.0250740670735
2903003,-42.10755549939477,-11.95208613045529,1465.2838190565817,965.0225219726562,722.0,685.0,30.815330364298276,311,123.92919455227212,123.92919455227212
2903102,-39.58940493405696,-14.110702255628043,188.25048325769603,223.51351928710938,137.0,213.0,17.21618126835124,37,11.29350099854659,420.6052966312393
2903201,-45.54036340028079,-12.012653597242716,8054.882665506564,724.00537109375,438.0,457.0,12.046272314016312,1673,207.5883411395875,237.5288778519155
2903235,-41.83512832761769,-11.848507000181476,406.0222525848076,778.5411987304688,704.0,158.0,7.5853647804378035,85,153.76804962470675,153.76804962470675
2903276,-39.094736138831415,-11.538154587097456,205.3384848725982,354.81396484375,301.0,167.0,11.904439372059988,43,252.3140890982553,252.3140890982553
2903300,-39.446233325515536,-14.77911486673427,202.1209011990577,231.51219177246094,87.0,635.0,34.421939445221454,41,51.96861383457955,452.955337749445
2903409,-39.17645199530974,-15.935493213219447,1948.0111052361317,71.29024505615234,2.0,301.0,7.972019280041444,410,4.767353194888604,519.3352286453371
2903508,-41.2042365695064,-14.997579428368676,789.5630636899732,713.8363647460938,429.0,480.0,15.28089769087737,165,93.54838482767745,280.95055077917425
2903607,-38.79242743080745,-11.583627759707015,548.6592897740193,323.964599609375,213.0,261.0,15.836664354276461,113,241.07000080141353,241.07000080141353
2903706,-40.229977679905915,-14.359822384166062,843.5052228579298,689.0338745117188,412.0,601.0,35.8637913018002,177,41.95993620443075,359.5696411790799
2903805,-40.669692510109776,-12.769336945183694,2973.6751347840764,429.13409423828125,255.0,513.0,24.396821537315688,619,116.84726064233155,273.4706855661278
2903904,-43.29318894085604,-13.276625546908868,4111.477707231883,457.9532775878906,420.0,465.0,5.140977731224275,856,16.454312130168056,16.454312130168056
2903953,-40.57356583750152,-14.389246260620498,463.2647938746959,720.8811645507812,547.0,412.0,24.129304268837323,101,55.59348134420703,324.7921694705927
2904001,-41.80199926713721,-12.776950232842436,900.8885280443355,1122.171142578125,918.0,432.0,24.475190474865922,187,55.87936600481773,150.9388220208799
2904050,-41.3190725430093,-11.97050782146139,784.1127491146326,958.9562377929688,719.0,333.0,14.402620401825038,160,155.57521561953692,202.4963349473586
2904100,-42.7230677693679,-12.74108265826743,1417.551025305409,661.99658203125,464.0,577.0,24.79610186445456,295,51.45958008466307,51.45958008466307
2904209,-42.53468241693041,-13.326893488654548,630.3422399461269,737.2518310546875,569.0,506.0,24.593048756866583,135,75.52854789508517,98.12948789375505
2904308,-39.85342634632595,-13.07493044666258,510.69475810742006,687.53271484375,475.0,407.0,27.704799700725445,107,91.73755874894321,364.48694506354695
2904407,-43.82446821616941,-12.500269812266342,2236.984410530422,581.1828002929688,435.0,442.0,14.623466077618472,465,62.26629083767709,62.26629083767709
2904506,-42.44720122450524,-12.08812820771263,2506.5306215123273,965.6351318359375,448.0,982.0,36.4007339680119,518,84.84220524746969,84.84220524746969
2904605,-41.688408724753394,-14.167571566577847,2196.9277737964876,535.6882934570312,358.0,605.0,26.320373685004327,462,27.735093840876537,203.20387048091368
2904704,-39.268444466993934,-14.996128244503291,205.20535593945533,187.1904754638672,102.0,341.0,30.555236290697287,42,72.18666027624776,478.38624869432056
2904753,-43.66863335140851,-10.587925995708632,4049.3780472264625,572.0469360351562,438.0,381.0,12.241311440207522,831,79.43710645230044,79.43710645230044
2904803,-40.364200983626084,-14.995582186317755,510.08154543302953,498.12725830078125,299.0,558.0,42.3151007929752,110,110.30675334698114,367.7734159203237
2904852,-39.19418888886768,-12.563859428980312,220.22211829805747,166.68084716796875,110.0,174.0,12.266494888154325,47,173.98575886626838,357.45608546172247
2904902,-38.88545142942439,-12.646835671641744,389.9311927296221,105.6867446899414,0.0,221.0,19.660489190354518,83,179.6318284420298,350.003710202817
2905008,-42.28263263324656,-14.481794983559997,611.1523888921365,680.047607421875,564.0,361.0,15.467486231531208,126,99.67060043310933,154.20868162959587
2905107,-40.290130973901164,-11.143035019162223,540.8343728855252,478.0818176269531,357.0,427.0,16.321170306640802,110,186.7759508813061,186.7759508813061
2905156,-40.92421255768116,-14.313928869802266,770.9129516724497,469.6975402832031,320.0,491.0,26.9577664159382,162,26.183416623187785,286.30827381206166
2905206,-42.47908721533608,-13.948001152114376,2651.706981140189,895.828857421875,510.0,645.0,21.726260977134626,555,96.76139450447553,115.0572566472615
2905305,-41.501020489893705,-11.73350295680484,642.9621915468015,795.1343383789062,679.0,328.0,11.239613112399,134,170.42486593266088,170.42486593266088
2905404,-38.984001508659006,-13.507038126384188,448.1809815140441,14.926316261291504,0.0,45.0,4.210746542692795,95,84.08665495484847,430.79689487240415
2905503,-40.22285087494884,-11.040134156584505,457.3764637215063,445.8526306152344,378.0,211.0,10.384286868818569,95,177.29424544185665,177.29424544185665
2905602,-39.51803588460551,-15.446502970621761,583.7909738239832,293.89599609375,116.0,822.0,40.06326954079276,125,54.38899321887395,467.87877773270765
2905701,-38.20594956668114,-12.6687605245871,784.8896356392652,33.9263801574707,4.0,109.0,5.99759196071583,163,196.36417120261228,306.49949635381716
2905800,-39.16418693071904,-14.010614132365179,842.2190375570208,123.2171401977539,0.0,386.0,15.051543694464007,175,32.72922707256469,459.82494283026267
2905909,-43.160252591846074,-9.561632833857022,2913.5158480959944,501.302001953125,423.0,282.0,6.653398975087033,596,28.83148041594542,99.43768515762441
2906006,-40.728611159237325,-10.25218484287553,7159.284064623993,694.855712890625,480.0,731.0,19.1732064626774,1476,85.1455868034342,85.1455868034342
2906105,-44.203955272813424,-13.097126957137737,451.3906025546603,687.4193725585938,556.0,253.0,12.97141988732121,93,80.4865935117127,80.4865935117127
2906204,-41.6987606357091,-11.753505554233637,583.1300678802654,768.8135375976562,678.0,175.0,6.40439430755966,118,156.10406412705535,156.10406412705535
2906303,-39.10844525489513,-15.650989083019521,1319.5241419039667,48.5217399597168,2.0,160.0,6.059902524469343,276,18.290743172291414,516.1413881608609
2906402,-39.1893619992045,-11.870167891211512,452.4705125470646,244.8854217529297,182.0,177.0,10.99514596671567,96,241.92803120075146,289.53214174881936
2906501,-38.481724008514604,-12.678852375720313,247.05476005142555,46.55769348144531,8.0,69.0,5.2159442011550805,52,184.25037922903672,325.7707066068116
2906600,-42.831497348810196,-14.403142969438571,437.32240283163264,646.5054931640625,526.0,632.0,32.503102689769165,91,94.75409961816338,94.75409961816338
2906709,-41.269700412857446,-15.3544793455031,1167.7420887695625,802.1943359375,607.0,337.0,13.80404725026795,247,108.54536721024597,288.9464408922794
2906808,-39.47328876783398,-10.7272031267696,1351.937393612694,356.4945373535156,239.0,260.0,8.362988209047375,275,177.9599216299834,177.9599216299834
2906824,-38.994879935041475,-10.005670801005936,3559.3876205584966,485.7658996582031,329.0,429.0,11.916048741042232,739,109.20796149021014,109.20796149021014
2906857,-39.826756197551695,-11.671520559772535,637.5754292504862,340.5658874511719,271.0,144.0,7.1598793579009925,129,244.74651632564186,256.64730664948104
2906873,-39.995110846266265,-11.306664516079136,465.87673946330324,392.3645935058594,339.0,97.0,4.281483538470019,96,212.63063885953324,212.63063885953324
2906899,-41.28594606302518,-14.625405140738676,779.9737143628299,537.8392944335938,357.0,454.0,20.765135541573493,168,53.08548782499565,262.405601389478
2906907,-39.68930933063396,-17.656753848966826,2372.44581864262,87.92941284179688,3.0,227.0,3.482219085569536,510,176.82135503370145,538.4406136585491
2907004,-37.93879232975572,-12.043811887719846,288.5729417609982,110.54838562011719,61.0,85.0,7.701657553121233,62,234.31225388070786,234.31225388070786
2907103,-43.849912355237166,-14.019094331929088,2528.6166036655195,464.86767578125,437.0,188.0,3.6605287101372244,529,20.77643296953538,20.77643296953538
2907202,-41.336452565702785,-9.240723004685526,9654.651163021568,463.8013000488281,368.0,391.0,7.575074608606478,1988,31.812854958931474,31.812854958931474
2907301,-39.3648514675852,-12.732693300257894,716.2208987884223,218.875,132.0,511.0,12.26630113486515,152,148.23277466762286,382.2960685317042
2907400,-44.69631390834237,-12.273178036705374,697.8077865620144,715.5918579101562,603.0,191.0,7.62843644118795,147,149.87291919736185,149.87291919736185
2907509,-38.413034873819996,-12.333013838817568,423.60102532524616,137.75555419921875,69.0,138.0,9.693029758225903,90,223.03109261206757,291.141160040902
2907558,-42.31944057493302,-13.232787561050909,720.0248530120589,633.423828125,520.0,712.0,18.8439521820515,151,52.33480648414728,113.7497341707019
2907608,-42.11244026043691,-11.151171772883764,554.0286548445001,622.3508911132812,462.0,313.0,18.775647445653956,114,78.36504907046158,78.36504907046158
2907707,-39.18893562572957,-9.270289373502264,3007.2605031840503,413.1103820800781,309.0,284.0,6.102436566643777,616,58.49239235765572,58.49239235765572
2907806,-38.45388062515722,-10.507086390915802,823.8152351188473,438.61309814453125,272.0,406.0,14.260612559568544,168,119.0109370188238,119.0109370188238
2907905,-38.52439835732492,-11.107269132829973,185.78195146052167,177.84616088867188,126.0,172.0,17.505000150182806,39,180.94577149212424,180.94577149212424
2908002,-39.59469174551387,-14.632278404931,273.74492785334587,339.38983154296875,198.0,681.0,47.87298051299604,59,40.95222142667896,433.1749054664814
2908101,-45.21927679796531,-14.496426463760184,10139.299134560395,741.2254638671875,488.0,465.0,11.922120885743944,2129,139.30274312130607,139.30274312130607
2908200,-39.00074130124478,-12.50654709794279,161.981552565936,184.71875,114.0,125.0,11.579293742306195,32,191.1131111290012,343.16949450452574
2908309,-39.24379055298989,-12.859613725732856,290.93885038560256,195.03225708007812,148.0,89.0,7.659249129384304,62,143.96138705923138,389.37078289016307
2908408,-39.24933727344261,-11.523522266290382,1017.3087314451113,330.9103698730469,247.0,212.0,9.72717993088184,212,259.4551706829232,259.4551706829232
2908507,-38.736903703692064,-12.335839290702223,114.71527138352394,174.21739196777344,111.0,107.0,13.595905676183714,23,215.44031637489815,313.5638960660016
2908606,-37.67686933974148,-11.828054324961318,943.9799181967974,54.76020431518555,3.0,131.0,7.969107877033688,196,197.87724653825234,197.87724653825234
2908705,-42.05065211797007,-14.921014954768216,1342.3214970598929,779.8456420898438,647.0,458.0,18.103035943013477,285,118.08406498295464,192.99537208258346
2908804,-41.09414071442951,-13.83926046088699,969.7301929988898,470.6585388183594,263.0,792.0,32.33843380409325,205,17.16464470400515,257.2927315245043
2908903,-38.78470560797857,-12.20890421443713,385.59779110131785,220.79220581054688,125.0,211.0,12.728848318046015,77,228.7968289648372,303.9603379136344
2909000,-41.90990040305922,-15.039424029374493,519.0513436216861,801.4444580078125,649.0,433.0,23.98857540797434,108,120.60327637490361,212.1628859583083
2909109,-44.37668260976257,-13.814715771516301,2652.218732092064,686.2378540039062,462.0,355.0,13.878834741573302,555,81.31975814209035,81.31975814209035
2909208,-37.937792681164105,-10.281033774907804,804.03811914986,251.57484436035156,171.0,200.0,7.93021292274512,167,72.74216899469164,72.74216899469164
2909307,-45.39577615314928,-13.466672813072764,11498.163740029093,772.0864868164062,458.0,554.0,8.680078936918864,2405,197.4570500862936,197.4570500862936
2909406,-44.32999935946349,-11.711519944809845,4275.530384412967,450.9795837402344,415.0,387.0,4.115371673613252,882,103.06259873401117,103.06259873401117
2909505,-39.78473440884959,-13.423347981480443,181.44287238828838,659.3076782226562,469.0,387.0,29.28145139656889,39,59.263399036599694,378.3048099941857
2909604,-38.172600270897405,-11.519667331462074,644.0186527622864,177.58778381347656,94.0,182.0,8.912891846975606,131,205.73891014958735,205.73891014958735
2909703,-44.26159465255181,-12.193905868595667,1040.8425769805908,771.1162719726562,634.0,232.0,10.381476552013611,215,101.91086881811223,101.91086881811223
2909802,-39.11941415416801,-12.682848090481192,138.40979702118784,205.90322875976562,177.0,64.0,5.052232920330543,31,167.73497381939055,366.10262041797984
2909901,-39.651301844637004,-9.22264170253574,5949.031605778495,432.3219299316406,330.0,464.0,8.142076013126434,1227,38.37656703247287,38.37656703247287
2910008,-39.98868866447821,-14.403644445715795,418.520561281126,391.7954406738281,174.0,721.0,32.002067337699025,88,36.169547264874225,385.8980544892574
2910057,-38.28472747369974,-12.602109763563096,180.26765735959634,46.769229888916016,20.0,72.0,5.134221136545186,39,199.58722254356962,305.7601484094148
2910107,-41.713456302773956,-13.856195137374728,686.7974273501895,555.5447998046875,413.0,738.0,38.99775270654315,145,18.018994959381573,191.50217065922894
2910206,-39.17164572760217,-12.912014711641882,92.15478634787723,157.72222900390625,103.0,104.0,9.961991811654137,18,143.1433742788916,391.6073595246134
2910305,-39.5247365995267,-12.935627221152153,176.54725927719846,368.2105407714844,301.0,284.0,19.784768723222165,38,120.03498126270003,398.4905178516728
2910404,-41.001900453914416,-15.593259547773107,1885.029970378615,782.1057739257812,361.0,600.0,20.200705966220134,397,70.15227737795932,324.12786850109916
2910503,-38.04745527494927,-12.063470689298185,1197.851372441277,114.2948226928711,5.0,196.0,8.39988038555332,251,243.69150531439448,243.69150531439448
2910602,-37.88457905418339,-11.930467635819689,1295.6329604731873,99.07037353515625,7.0,196.0,7.193450207481879,270,220.9842492474452,220.9842492474452
2910701,-38.91366852316411,-10.464944860761856,2025.3336549988016,475.2738037109375,285.0,428.0,16.508615144850985,420,140.09271866385342,140.09271866385342
2910727,-39.60714554725945,-16.299693084159873,1415.694272285793,199.0301055908203,84.0,271.0,9.80893006028654,299,36.76174976565974,488.4056161249962
2910750,-38.201326087783244,-10.597127995157699,363.47536188410595,302.97332763671875,245.0,119.0,9.778619696720316,75,114.98003311361889,114.98003311361889
2910776,-44.23261369636174,-14.131353458141739,1162.547475404106,529.9834594726562,454.0,237.0,9.44643481363063,242,52.812462427162544,52.812462427162544
2910800,-39.03641389830893,-12.193893356368717,1319.9114486644976,206.37905883789062,118.0,306.0,10.074527497213792,277,217.78730745047375,313.2305819977724
2910859,-40.138092226082925,-10.722864413147645,584.8149486654438,420.5082092285156,338.0,232.0,10.005295337500318,122,146.4423774318879,146.4423774318879
2910909,-39.91165869209111,-14.926944268622936,174.748062745668,375.8055419921875,264.0,403.0,27.230332754566334,36,84.26064595842864,411.1710284660422
2911006,-39.71689440441463,-14.84007488648806,322.73425523843616,304.058837890625,185.0,411.0,28.61620555518312,68,67.37333531573438,427.44509425387923
2911105,-45.745837154957606,-11.01413519220241,15628.13822760107,716.9552001953125,479.0,418.0,13.000863829933268,3237,94.9969607502785,266.8121385501762
2911204,-39.48157304562698,-13.78910566899322,237.96431050170213,271.0,154.0,377.0,20.553111132049203,49,46.44284662507522,419.9798775783279
2911253,-39.7564953852355,-11.508050852486647,379.4418293819763,317.5384521484375,270.0,115.0,5.520774731705378,78,242.18257303498692,242.18257303498692
2911303,-42.605470360587404,-11.410589456403343,3826.820838012267,855.847900390625,396.0,1070.0,37.01803765329809,789,63.63066392099366,63.63066392099366
2911402,-38.44551397956971,-9.230076778911272,1555.968351710355,382.9905090332031,0.0,568.0,16.2379852107548,316,17.916869295207267,17.916869295207267
2911501,-39.58730335248615,-14.276483560525053,196.87483120523393,169.78048706054688,119.0,162.0,13.826474506359565,41,5.140422660408298,425.1940091459758
2911600,-39.0693788500871,-12.58293847597118,102.31838432420045,184.57142639160156,109.0,115.0,12.40906923344606,21,179.86904006165923,353.8300225322754
2911659,-41.98402837511364,-14.559328758531949,876.627677500248,647.4598999023438,510.0,378.0,17.01084263545858,187,81.24879634283613,187.44245269911272
2911709,-42.81911592047268,-14.203915983908038,1260.5807452672161,591.9961547851562,485.0,597.0,20.774762410028742,262,92.48608371997514,92.48608371997514
2911808,-39.93827593438674,-16.550910260650596,2193.8723396137357,350.7727355957031,124.0,784.0,34.52710801153763,462,52.61783190350285,465.0346019616918
2911857,-38.30859039584829,-10.750177554662141,312.57111528655514,284.86956787109375,238.0,136.0,8.67184081444203,69,135.1888176560395,135.1888176560395
2911907,-40.11175285467743,-12.813165785497253,2328.286690220237,357.737060546875,179.0,643.0,25.546434773845476,483,116.52666752253698,334.1629342230283
2912004,-42.30511863348518,-14.291141586538423,473.84845968009904,662.0908813476562,538.0,258.0,16.478138731393937,99,92.19094560461579,148.19910560927735
2912103,-39.56737920610574,-14.84953148245723,218.3548584007658,275.0,132.0,679.0,45.94037502008659,44,62.72576893251688,442.9379516594099
2912202,-41.32595519148938,-13.382046886142447,814.6218573292717,1056.7928466796875,492.0,849.0,31.25698625080704,169,34.11750587087677,217.16762258520257
2912301,-39.8640078686066,-14.642026643153676,1114.029419761151,307.71673583984375,168.0,688.0,19.7302285076121,233,53.00883209719356,405.73794573090976
2912400,-42.18271024938065,-11.5718712374996,1378.5955262039788,711.2613525390625,472.0,667.0,36.62831014454521,287,106.52016060214234,106.52016060214234
2912509,-42.36020930774728,-12.860006699020229,970.6271500936709,588.07958984375,479.0,694.0,20.778726057728615,201,73.25750586962589,92.78408156048114
2912608,-40.88534606854513,-12.603055544358936,684.9304298949428,590.0347290039062,405.0,316.0,15.730380424513868,144,120.0383503337151,249.85744231958708
2912707,-39.43527437516214,-14.06543652480534,471.41155076865107,247.1999969482422,99.0,412.0,26.277259258107833,100,18.050882884221327,434.28650257242504
2912806,-40.00960224137865,-17.74269019235065,771.4952880870551,144.8848419189453,33.0,263.0,6.9121724562717235,165,178.4619954500375,512.1217995338983
2912905,-39.62412562461606,-13.97194469551652,325.0968772759661,308.2753601074219,134.0,563.0,33.113864971476026,69,22.267047835559357,411.69714634519624
2913002,-42.283879987620026,-12.575727579924388,1848.711505101528,853.9766845703125,456.0,809.0,25.160923849490203,386,91.74959611339236,98.14022799950286
2913101,-41.91568487724593,-11.578723427840083,572.8831746922806,760.3898315429688,657.0,149.0,7.565977375129739,118,125.84418207706179,125.84418207706179
2913200,-43.2047029922879,-12.03812427373537,1743.8778003677726,498.6931457519531,407.0,643.0,17.323089451979325,365,9.850082294280323,9.850082294280323
2913309,-39.151078314823685,-11.731214060654654,133.88378967065364,276.875,240.0,65.0,7.751660909729516,24,257.70530406634947,273.99471619765177
2913408,-42.706722245223055,-13.863774687302417,837.0162634630688,796.717529296875,490.0,597.0,24.69481080825499,177,88.82598086658732,88.82598086658732
2913457,-39.20801290910294,-13.871395877035898,581.0420725001022,141.77235412597656,0.0,395.0,13.27791735336562,123,48.60298179165975,450.7775144522787
2913507,-40.06623269959246,-14.63302610475605,880.3988622762263,541.1087036132812,235.0,821.0,40.43176791782964,184,62.48903510223907,384.7408735522524
2913606,-39.19160204863043,-14.754220950463619,1600.0426853084937,109.26627349853516,0.0,550.0,15.368174547642061,338,45.03179867907224,478.38684685674053
2913705,-38.403128657229544,-11.803717339128767,1081.7360125412233,228.42666625976562,96.0,279.0,9.598643367674386,225,245.83423127657974,245.83423127657974
2913804,-39.327160176359854,-12.310084107057255,360.06198941217735,214.54666137695312,161.0,241.0,12.710434049357515,75,191.3799366503632,339.22562630674656
2913903,-39.72438120525724,-14.053862149869728,283.42781433975324,240.73770141601562,142.0,321.0,27.161298527960955,61,8.886052945139511,404.8235333823788
2914000,-39.777953934701905,-12.211950897633672,3114.7199908443727,267.6811218261719,188.0,412.0,8.555859435579363,646,186.5794815350592,315.0982476291143
2914109,-42.50157750096457,-11.836025558185455,1046.1337498431094,893.3240966796875,653.0,712.0,30.824056400415603,216,87.41619022010742,87.41619022010742
2914208,-40.05137178122907,-13.229196488011972,448.85831826366484,651.0210571289062,483.0,327.0,23.517441520554275,95,70.8298547417502,345.83408383342237
2914307,-40.91666036934894,-13.470151472513638,1692.854515758343,521.633056640625,241.0,954.0,22.563959264353638,357,40.73250126310815,261.97903860593374
2914406,-41.582468788880725,-12.248703297331945,993.2271332596429,798.488037109375,618.0,482.0,20.50065593459441,209,117.50710868084897,178.26671955082074
2914505,-38.75353548507519,-12.044703042653742,269.11266284110025,268.46429443359375,196.0,177.0,10.814378132112031,56,247.20584905315306,285.8248462680937
2914604,-41.83948570945216,-11.307771803977353,319.6735127083957,750.4603271484375,636.0,187.0,9.995736135778237,63,112.70664629608414,112.70664629608414
2914653,-39.55405817774051,-16.662901308325644,898.7950547253713,142.85340881347656,40.0,364.0,13.442622147985317,191,70.38866220794124,507.3297485215042
2914703,-40.262549259897334,-12.499378790807711,2392.139778912533,310.17303466796875,187.0,571.0,15.93519205318081,497,149.5806186298391,317.98075568616855
2914802,-39.31179495770346,-14.853608298806886,399.2798490957357,119.27059173583984,57.0,183.0,13.087766242142674,85,57.36335159613996,469.1179608893043
2914901,-39.1576316544209,-14.361688537651172,723.5628283158876,114.3933334350586,12.0,415.0,17.293739610081296,150,2.447392370882014,472.322786988514
2915007,-41.03855308187582,-13.090870790181368,1327.2386365341954,489.8057556152344,297.0,1081.0,27.759510860088653,278,74.62540417566727,238.08243363515473
2915106,-40.024425500160135,-14.159347072886158,312.9988184752874,505.8769226074219,196.0,665.0,50.30270730460666,65,11.080426967936882,376.62096977697036
2915205,-39.828592379669374,-14.25318631282279,816.5593326441012,223.26744079589844,131.0,302.0,19.08923135533222,172,15.15983898973684,399.2080954583091
2915304,-39.735892479280146,-16.095906947971166,865.1433754274622,248.03846740722656,104.0,389.0,16.46196770063795,182,14.795998478877523,468.8054739515371
2915353,-42.23828751420172,-10.76933641925842,4303.6191452723,465.2325744628906,393.0,549.0,7.8961985377324435,890,46.57915136598826,46.57915136598826
2915403,-39.731040377818125,-15.149705839994521,1226.507834638469,248.60536193847656,136.0,757.0,20.95893343837164,261,88.504585710084,437.65767020252684
2915502,-39.4445262305646,-14.672455195632855,283.04046566737816,230.27117919921875,91.0,422.0,31.159949567241775,59,40.537991091056504,449.869622117561
2915601,-39.765156484879654,-17.007568273069513,2378.0886112242006,184.23968505859375,9.0,665.0,21.6644975480532,509,106.18061817003489,501.00399859441563
2915700,-39.66774553574381,-13.766725814790586,134.67424882482737,291.1071472167969,225.0,160.0,16.88734781773352,28,34.36486781299223,400.07993404565957
2915809,-40.461719990378924,-15.158372355514713,1539.7353813867085,455.55108642578125,278.0,597.0,34.2861135427702,323,105.67046632628342,362.18694436379275
2915908,-38.0434188492782,-12.315419006115214,536.7465536827222,80.51376342773438,42.0,81.0,6.127648509120724,109,239.28660555657694,264.7541281356179
2916005,-40.379203292474884,-17.11653537370464,1378.0125881806016,364.4344787597656,164.0,542.0,25.403522232029914,290,99.7672747395064,447.25186320065416
2916104,-38.65649737223269,-12.892567570506392,128.9955432964489,5.629629611968994,0.0,44.0,3.0273676213490086,27,156.3838764332448,355.9519048852917
2916203,-39.49775396332794,-14.954501642840967,468.7253010077402,160.65347290039062,81.0,225.0,12.21305744822201,101,72.12162370848306,453.72654757320583
2916302,-39.65439286910371,-15.91263015680366,1007.966776911635,224.70045471191406,69.0,512.0,24.99737358380363,217,4.537533518839302,471.1854671821139
2916401,-40.05873002357014,-15.300414170612354,1671.5045512639917,283.0227966308594,186.0,575.0,18.64379179311664,351,78.17865463369006,407.94117525063666
2916500,-38.19575892101999,-11.191175187071881,1558.4823503587395,224.61111450195312,99.0,332.0,14.224589031277617,324,175.90072587005076,175.90072587005076
2916609,-39.621805442322795,-14.473937544704736,413.79178002430126,257.5116271972656,146.0,447.0,35.52118127727277,86,27.21815526439353,426.0201944101391
2916708,-39.89780095948304,-13.44832687796473,339.3985589160584,679.388916015625,522.0,279.0,23.10538738182575,72,51.07681145120035,366.9950523233969
2916807,-40.048281548137574,-15.699835252261675,1677.5260027856566,279.17926025390625,114.0,565.0,21.88223655756216,357,34.85408098274764,423.5228137286819
2916856,-39.7363471612307,-12.712791382568266,544.1843424760737,295.4285583496094,173.0,436.0,19.936861678720383,112,133.74284308466437,369.53365439512584
2916906,-40.15205226574853,-13.48859346152455,313.99939159164205,733.4154052734375,495.0,448.0,23.50512847704641,65,42.06595261919082,341.4399274222208
2917003,-39.846324426754684,-10.730187484149765,1676.905412411783,380.295654296875,288.0,436.0,14.883817733757304,345,159.9780910501668,159.9780910501668
2917102,-40.004320346572435,-15.048853534970268,311.66238622320816,356.93939208984375,218.0,486.0,30.482015188566848,66,100.32724431922361,406.6352297737545
2917201,-41.389334181037135,-13.836429195997589,1193.7152617513202,746.5281982421875,361.0,794.0,45.11396748786049,248,16.806962124313436,225.66995962129675
2917300,-39.15279731784137,-13.74846884873516,423.15564588969573,128.3023223876953,0.0,330.0,14.91199418338196,86,59.32292247805667,452.89101362625337
2917334,-43.54224840326202,-14.465150450226556,1514.3846292695962,522.6375122070312,450.0,400.0,11.158993016336598,320,29.632951121621044,29.632951121621044
2917359,-45.43974635270525,-14.031176322190987,9936.596659163013,794.2189331054688,443.0,559.0,8.952151813910014,2078,177.48584341920727,177.48584341920727
2917409,-42.32301090632428,-14.784759282511436,1340.845702135004,821.007080078125,638.0,574.0,21.4904108956864,283,124.2507230727931,160.18804922837896
2917508,-40.56768150481906,-11.135244355427114,2210.191118789371,610.4531860351562,366.0,784.0,23.31166977389201,459,180.145830286008,180.145830286008
2917607,-39.95629826994436,-13.553375810074998,940.7257974399254,646.3724365234375,255.0,556.0,24.81963803946745,196,37.93434791347619,363.68641269954657
2917706,-40.069460457578266,-10.042797050432387,2473.8005783497356,523.59765625,395.0,564.0,13.380512270461313,512,80.51673265037581,80.51673265037581
2917805,-38.98519088774419,-13.12124294910299,860.7233460918069,71.06179809570312,0.0,209.0,6.902252653467342,178,126.7242751147092,397.79109270680806
2917904,-37.594695639180806,-11.596764771016746,631.6607135445811,56.57251739501953,0.0,148.0,6.229004960538355,131,172.51253932771093,172.51253932771093
2918001,-40.14654527395244,-13.877572188566647,2973.2725363899954,496.2615661621094,190.0,667.0,43.96450037875744,627,3.912074739348719,355.479703963474
2918100,-38.49960075008226,-9.981485232194135,4269.034704905469,481.1365051269531,230.0,524.0,19.003796697768752,879,70.7138744037284,70.7138744037284
2918209,-39.5841917869204,-13.32306697634815,242.38540351809934,493.69232177734375,281.0,440.0,30.11305401760765,52,80.76896987635543,397.36238971581867
2918308,-39.86639554570512,-13.960764537423696,244.02806416386738,315.9803771972656,152.0,621.0,37.39942223417803,51,6.396655265602628,386.873710191599
2918357,-41.56648802383504,-11.219204226509431,922.665593274869,776.2774658203125,590.0,257.0,8.319011284886647,191,134.4058296002003,134.4058296002003
2918407,-40.27486493433081,-9.55723381583287,6711.286347082816,434.4569091796875,354.0,488.0,7.239342777612423,1381,22.307520365892387,22.307520365892387
2918456,-40.102989180666825,-16.843923441015054,1442.440017843619,462.3081970214844,118.0,705.0,34.55420804260695,305,78.69558939875843,461.08750839193306
2918506,-41.88019572483369,-10.926176077025714,1363.8036870690994,543.017822265625,434.0,342.0,8.278525959013823,281,87.77334897451527,87.77334897451527
2918555,-39.497959867621454,-15.137087562135928,318.31681214040145,262.1323547363281,92.0,719.0,36.2162073965502,68,87.52899765929921,460.7823344047639
2918605,-41.59833293335629,-13.511248638339627,588.6206011692993,855.7603149414062,515.0,813.0,58.034672508950685,121,3.193834501771417,196.42300134344035
2918704,-40.29149893025854,-13.640395718645587,497.6053158440627,675.7572631835938,383.0,471.0,28.727846639182196,103,23.763265935245794,331.8434688968286
2918753,-42.2211557263909,-14.046682040673314,908.7895570364781,693.2446899414062,494.0,548.0,23.08879390410861,188,75.93520435189852,144.90900471204685
2918803,-39.3452936231726,-13.170622117182706,461.481322477106,211.62245178222656,127.0,231.0,10.775617707311307,98,108.94151195872644,420.3545929613909
2918902,-40.309524366335324,-17.558424848995184,625.2318303831853,241.80152893066406,178.0,191.0,7.6528877274153775,131,144.2217846651283,475.89742095634233
2919009,-40.963170603023705,-12.38160920986292,845.7322714710608,602.4581298828125,402.0,345.0,12.691149582118026,179,132.793432370201,243.22627253174306
2919058,-40.28194860246351,-13.460822610145232,384.0424208403565,763.5443115234375,609.0,293.0,22.484452162874497,79,43.489409398867195,327.1072098807847
2919108,-38.90870234130424,-11.785180909530181,186.049578321632,275.57501220703125,236.0,75.0,6.0390020225218475,40,263.94429587951805,266.6440466765867
2919157,-41.77624084943056,-11.501174927935681,655.5963332345709,773.934326171875,691.0,151.0,5.996179395815847,137,130.99785984415493,130.99785984415493
2919207,-38.32712101135172,-12.866009495411,54.34524585632607,37.54545593261719,13.0,58.0,7.404416489730485,11,170.99370648562677,331.80788739699
2919306,-41.33684501438316,-12.424875618176454,1288.5250796577893,709.0559692382812,332.0,1116.0,37.89950443947531,268,108.88642215389837,202.2825234038598
2919405,-42.46913641279155,-14.584419218406278,857.5193469440565,825.0054931640625,647.0,508.0,23.53298655476327,182,122.6731394597808,137.71345348677002
2919504,-41.99204808252387,-13.810634104585871,1963.235210255254,617.3357543945312,428.0,1233.0,33.70957767494015,411,42.19316583568523,161.0153723190332
2919553,-46.019230424857824,-12.19788906191034,3997.529580681119,809.3822021484375,621.0,290.0,7.923874871814443,832,223.23892054671197,290.911179644251
2919603,-40.26338348419891,-12.127714573602756,692.7407625229098,348.9520568847656,256.0,384.0,10.765126242083348,146,190.62245813549646,294.11233449784913
2919702,-40.40180131140254,-15.552001599435062,1252.8656493159942,396.82757568359375,237.0,602.0,27.947700926269647,261,62.55889580365968,382.49581354427346
2919801,-42.69334842684853,-13.109199805371636,2447.0003858678974,723.1392211914062,495.0,646.0,26.52838963666256,510,73.40673027568262,73.40673027568262
2919900,-38.89687733396936,-9.291390744169965,2540.9055241025053,440.7218933105469,333.0,260.0,8.562363296250748,525,44.431828729406845,44.431828729406845
2919926,-38.640916785867205,-12.740543633756229,33.56920264661312,8.199999809265137,0.0,29.0,4.1015355346024815,10,173.14543604919746,342.00400405629415
2919959,-41.514700598027495,-14.657489537091374,620.867538000457,684.8189086914062,536.0,297.0,18.060223317854938,127,63.35589483831032,239.0474717567798
2920007,-40.267895063733086,-15.680291263810815,557.0971544589847,393.1949157714844,236.0,436.0,29.513261250581348,118,46.660156036118615,401.1114035930896
2920106,-40.17929382298311,-11.732292900450991,897.029758321587,435.6813049316406,317.0,239.0,12.928381514594323,182,234.81755590795592,253.02512835159655
2920205,-43.645984564376654,-14.217651881333042,1985.71176868584,458.58514404296875,423.0,298.0,4.674715690356263,417,4.612000959412402,4.612000959412402
2920304,-41.846007682670546,-14.35110611897943,541.7055459530093,539.1593017578125,463.0,244.0,12.501319324590355,113,54.15709207618694,195.64927529966417
2920403,-40.549893500046174,-14.050232614323008,2205.981296713464,468.3311462402344,222.0,667.0,27.592982979818682,459,18.0492867603023,318.79932658049114
2920452,-44.107713586276795,-11.12667015620902,3133.2888889545575,474.2334899902344,414.0,327.0,7.618552990668569,651,95.99119613366207,95.99119613366207
2920502,-40.55532044077623,-13.493656833879848,2401.9959351709113,596.5241088867188,232.0,784.0,28.51636127076639,498,40.78608674122696,299.7917733519428
2920601,-38.93756183364745,-12.823783653882318,446.1512930248864,105.08602142333984,0.0,225.0,14.8901157395971,93,159.78661583561797,368.6535901971565
2920700,-39.14859848246719,-14.154748082016349,850.3379403003491,95.22599029541016,0.0,285.0,10.959673032926133,177,17.966066601868583,466.5694232504256
2920809,-40.67537783205237,-13.140197173753116,1101.857603461016,380.17315673828125,268.0,418.0,15.511066635968438,231,76.04980165900803,277.6877571673185
2920908,-39.419184613694355,-15.66787480497594,759.6154693355784,184.36196899414062,29.0,390.0,16.476069586419325,163,31.935507994719828,485.17024758658596
2921005,-38.14954560862898,-12.483928637017321,608.5432251929305,59.32539749145508,10.0,123.0,7.555416637750146,126,217.48632220617336,286.49770483038714
2921054,-42.9410258622686,-13.848021453973475,779.7871241918765,557.6605224609375,470.0,428.0,13.728561384487469,162,65.41118329793576,65.41118329793576
2921104,-40.283747016027164,-17.3606698836675,1293.9795718258247,238.6607208251953,119.0,253.0,11.36721732910328,280,127.42361860698895,467.98999461148674
2921203,-40.62337476980508,-11.421498856770253,1599.6452099783346,668.081298828125,436.0,653.0,24.75308505410163,332,207.35978828660927,207.35978828660927
2921302,-39.7979125503227,-12.900397563731056,414.51861286815256,448.52325439453125,273.0,486.0,31.177767002359673,86,111.9518316408212,368.68586952021525
2921401,-40.71653779179066,-10.775385068334742,1740.328680539038,676.5706176757812,524.0,406.0,17.224642746956494,354,137.2203782515288,137.2203782515288
2921450,-40.76162240743665,-14.16779439881609,1150.4215023345314,471.7396545410156,272.0,574.0,24.386418680385866,242,29.05711793962465,299.0076076565084
2921500,-39.45295928713835,-10.383786933572267,3031.8646100792103,449.9346008300781,300.0,447.0,12.458631882592334,627,148.72121912870952,148.72121912870952
2921609,-43.03997387682892,-11.751581683873015,2082.169637790881,475.3402404785156,407.0,544.0,16.572080186059083,435,31.896482576140418,31.896482576140418
2921708,-41.166917059448785,-11.46478438088802,5742.837349099573,850.4647827148438,443.0,711.0,20.373976887672054,1192,185.22510729975576,185.22510729975576
2921807,-42.32086382610968,-14.974116304642779,533.6277306848206,865.1454467773438,742.0,338.0,19.209756241742266,110,139.60537639042468,169.7714877044694
2921906,-41.47449144802751,-13.065647055691825,2477.224584458396,1121.271484375,574.0,964.0,34.39234396494635,512,38.88689211241023,191.4095947829674
2922003,-39.86722587002649,-18.058283638347195,1788.0747082359158,79.55440521240234,4.0,288.0,5.96368831843849,386,150.40634996877736,532.089691327603
2922052,-41.52223848008052,-11.977687882258191,647.3393558920361,909.2700805664062,785.0,325.0,16.33491441925492,137,148.18313890869086,186.33693302591314
2922102,-40.55991449651975,-11.951917507356049,1488.6869918741286,547.3935546875,352.0,418.0,18.37567800726088,310,197.32212364713988,265.1188142021654
2922201,-39.08744328428956,-13.001965697590423,95.91490805335343,115.36842346191406,75.0,95.0,9.098495023802377,19,139.7196998533455,394.0912843197696
2922250,-43.49935272710662,-12.211758054573078,3851.367719881702,508.61328125,406.0,476.0,19.36940276197919,799,25.972367781336832,25.972367781336832
2922300,-39.08783269128596,-12.621726244244911,90.42463535862043,208.3157958984375,160.0,68.0,6.941999810449667,19,175.21751037316938,358.55328648946727
2922409,-39.50855096168413,-13.317691322502158,264.3434295291081,373.1071472167969,234.0,541.0,24.414035071676846,56,86.43816601019678,405.30630174873266
2922508,-38.98175701825524,-12.956826593569172,280.0109090167098,91.4237289428711,5.0,178.0,10.48033253861348,59,144.90826150785932,383.1163593246708
2922607,-39.17435737067977,-13.660686242349952,379.3335438738577,103.26249694824219,7.0,267.0,11.2153411604882,80,69.3046736394663,448.30197307865143
2922656,-39.4509129839514,-10.874498033816986,455.97763413982466,309.2659606933594,234.0,167.0,7.536214869219073,94,193.12298151164612,193.12298151164612
2922706,-40.17934797520197,-14.860094172769804,792.6679431754164,588.702392578125,374.0,546.0,37.61200715253615,168,89.71283851004739,381.8347129147586
2922730,-39.636443974367296,-11.620665361246433,344.8011935893446,289.86956787109375,252.0,113.0,5.0911849284352995,69,253.74105515102562,258.60822398786485
2922755,-39.583196494042056,-13.82209903315769,195.1115612932481,313.2749938964844,197.0,359.0,23.719083774197884,40,35.63957630520672,410.5812934636401
2922805,-40.03508425756745,-13.044606194420778,472.452662339434,643.7958984375,493.0,393.0,26.904453084129223,98,91.31713652683463,344.5604847024029
2922854,-41.09009889037182,-12.800155109757746,563.0057575441897,447.2184753417969,318.0,267.0,16.02138863166748,119,88.86970348464453,228.12344870873045
2922904,-38.556708705965725,-11.31245482008644,958.1782716591842,259.53533935546875,120.0,330.0,12.941459545835821,198,202.95230590400257,202.95230590400257
2923001,-39.714555834692646,-17.899809013245104,1322.0337339225225,61.73454666137695,4.0,122.0,3.2767769759053715,275,170.19044761616124,545.2328634890142
2923035,-42.13027236326368,-12.83964397442469,603.3705016337335,991.3046875,722.0,558.0,37.89623542546016,128,58.14731050073472,116.64881433970919
2923050,-38.4533597500217,-10.36154265899858,279.38083818368614,504.0517272949219,368.0,309.0,15.524486405028876,58,104.70483091290008,104.70483091290008
2923100,-38.35585996048132,-11.434309604753443,644.1634518932551,198.88888549804688,111.0,190.0,9.379618215029438,135,207.52534932809746,207.52534932809746
2923209,-42.73562942163446,-12.28282852717038,3302.3716535074636,582.56494140625,423.0,703.0,28.112883790716733,685,53.71915653786685,53.71915653786685
2923308,-38.6524914515365,-12.008707874594634,160.19863459421322,276.23529052734375,188.0,167.0,12.030686278462484,34,252.53925634601612,278.23878365555873
2923357,-41.13708995297362,-10.84750993794051,1544.1711226925254,641.586181640625,547.0,492.0,11.784869759447618,319,130.30361413523542,130.30361413523542
2923407,-43.21806769736879,-14.175099124070885,2557.822652470786,499.41156005859375,439.0,639.0,7.653607007141846,537,49.34157351723482,49.34157351723482
2923506,-41.554227938952074,-12.552007856373221,730.0064848228358,951.5677490234375,646.0,820.0,37.38346502431078,155,86.3426891989419,177.44768197933243
2923605,-42.23951279881314,-13.520841526628846,1089.712392754387,737.7445068359375,530.0,596.0,37.26267629687853,227,50.818244832143066,130.72975313211649
2923704,-43.06369253947565,-12.691140301096459,2623.3103768201545,553.3345336914062,408.0,638.0,29.101032578760094,544,14.198065195111054,14.198065195111054
2923803,-37.898931364383124,-10.6149032719893,437.9348654006608,319.236572265625,164.0,388.0,20.03068945185174,93,104.71801442547205,104.71801442547205
2923902,-39.69131220586097,-15.470297054060376,627.6493426086381,285.9847412109375,107.0,628.0,33.07240103439355,131,53.11422156027518,450.90437063121163
2924009,-38.294401525267844,-9.539577988364197,1539.716741072014,351.3396301269531,160.0,463.0,11.22343578732311,318,17.49821495132542,17.49821495132542
2924058,-39.608902173189136,-11.870184835576179,604.1925517362542,272.3809509277344,222.0,119.0,4.895989032270863,126,227.46045750800315,285.2878749598573
2924108,-38.63814717121781,-12.130213226288435,157.40331879025325,218.8125,163.0,140.0,13.378050605968685,32,239.50021008325868,289.61669563544547
2924207,-37.93939386958028,-10.063485483049188,883.7339582941495,322.53887939453125,251.0,345.0,9.784394425440736,180,49.60399514259375,49.60399514259375
2924306,-41.8788544303285,-13.045415293971324,1837.6361560979858,1221.53662109375,791.0,891.0,38.932548285572615,382,26.4056659475241,148.50264880899334
2924405,-43.11512331210033,-10.007893339973,11575.924863479566,468.2599182128906,386.0,328.0,5.514519096937221,2397,73.53570714090193,73.53570714090193
2924504,-42.67815769720568,-14.4718606477836,630.8304194016382,734.74072265625,561.0,557.0,28.477077702437434,135,112.62761763280109,112.62761763280109
2924603,-40.34220363610201,-10.722965318231106,483.722626588773,574.051025390625,377.0,654.0,34.78530086687585,98,140.15804142360153,140.15804142360153
2924652,-39.896733269935055,-11.869613119321848,652.12227994157,307.7259216308594,258.0,111.0,6.216233059861176,135,222.10060241632308,275.15357149784353
2924678,-39.377366470726166,-13.807776261447483,189.20523129031062,275.32501220703125,153.0,313.0,24.256265092260392,40,47.209223962819586,431.32017331224785
2924702,-41.716758764403714,-15.00480451558124,512.5649695694447,800.4205322265625,608.0,468.0,22.925819105514744,107,107.20867483563683,229.55362129431856
2924801,-40.60714682031377,-11.695749192269114,974.3785091727041,600.87744140625,448.0,337.0,14.18959984985644,204,217.38529457603767,236.73561628442275
2924900,-40.3024938499011,-13.187079354220865,963.3249346562661,729.50244140625,325.0,573.0,26.68595014441461,203,73.41441941132726,318.2849357334584
2925006,-40.4568787656294,-14.70755957390979,786.3526664450765,860.795166015625,565.0,424.0,19.079703842080615,166,87.30400515064468,348.0103281499867
2925105,-40.38112946657943,-14.536129501085352,920.8739207894541,796.9574584960938,546.0,456.0,20.778172859531747,188,67.1306292265571,349.31555005618105
2925204,-38.251984707051406,-12.361552056411348,311.7272633323446,92.1076889038086,49.0,94.0,6.895317195826162,65,225.6398704785246,283.0202344524985
2925253,-40.10704945619967,-10.959250499095742,527.6345274192281,390.8971862792969,344.0,131.0,6.282805841327094,107,172.35069434472862,172.35069434472862
2925303,-39.27936781428997,-16.625421816535614,2298.466634537559,72.09183502197266,2.0,178.0,7.754262302864355,490,63.950641125316615,532.9533753169806
2925402,-39.770159914445905,-15.682934588994963,1090.104937138036,218.4166717529297,105.0,372.0,18.607908743167133,228,30.031427455469803,450.45855158740557
2925501,-39.35203911712458,-17.130221172839445,1691.942091431003,59.019718170166016,2.0,239.0,8.301443140342773,355,119.12063390785075,546.3034165600181
2925600,-41.99611769265941,-11.304347674698157,228.227798092179,657.0612182617188,557.0,178.0,15.231259412774145,49,98.69021032829725,98.69021032829725
2925709,-41.723829404162466,-14.69890427399114,1204.9554987032898,692.905517578125,521.0,495.0,16.114504855963467,254,78.25455316451045,218.27989776775001
2925758,-39.41819225595337,-13.44929604441075,415.40796989481896,253.9545440673828,161.0,413.0,18.11718313358868,88,78.57253742509779,417.59538298991174
2925808,-39.75206349655773,-11.057364593982637,2002.9579191198573,330.8708190917969,261.0,126.0,5.413089434369342,418,196.7671553882385,196.7671553882385
2925907,-39.04712573855419,-10.776572616552034,1389.6729494361207,326.010498046875,208.0,305.0,13.501279719884987,286,176.87926609643566,176.87926609643566
2925931,-40.12008548974627,-11.393119903515968,361.85427031014115,414.3513488769531,366.0,86.0,5.0349174705399,74,217.874885585173,217.874885585173
2925956,-39.5725256731739,-12.47805130759784,1085.677880316507,200.4043426513672,136.0,167.0,8.90039887170229,230,163.95129601260544,349.93237282492
2926004,-42.24596085197761,-9.593965893225429,4578.128710763063,446.0985107421875,376.0,354.0,7.128782017530612,944,20.68589054835853,20.68589054835853
2926103,-39.41699440971415,-11.504515785850314,244.88744340417907,310.9800109863281,243.0,146.0,6.953042266779216,50,257.03397022332297,257.03397022332297
2926202,-45.21801484984883,-11.62263290772707,5972.37350330269,655.4197998046875,437.0,396.0,14.01199292439682,1241,178.56637200572098,199.76221149714505
2926301,-39.422552309249596,-11.800644806938424,1150.686742541846,241.9246826171875,185.0,113.0,4.851805192200374,239,240.22432012430195,286.2809549537595
2926400,-43.0501225016488,-13.632820516306264,3167.8972572069615,623.953125,438.0,683.0,19.07582052308359,661,45.12810416399461,45.12810416399461
2926509,-38.37839647773137,-10.970572804014928,640.3071884461679,219.2403106689453,142.0,141.0,9.538241151110604,129,160.53562427939684,160.53562427939684
2926608,-38.543207234941065,-10.791370162456383,1250.339517778717,315.94940185546875,168.0,343.0,14.376363971001814,257,151.54651518928316,151.54651518928316
2926657,-40.65217514057143,-15.425752235955972,1353.2144795642234,641.9119873046875,305.0,587.0,40.91787620011527,284,75.41750861290188,352.5181466240887
2926707,-41.74582036411848,-13.582284128213544,1123.3082601879723,955.5401000976562,414.0,1326.0,60.108623294018095,237,11.839872189569531,184.42750304317383
2926806,-42.083761392153335,-14.308624691646624,790.5367986629717,634.4666748046875,520.0,285.0,16.491800540686448,165,71.41849479334276,170.86224506982498
2926905,-42.1500051927807,-13.132782579623319,645.5784960244782,826.3059692382812,520.0,1194.0,47.2070273417186,134,37.487895048828555,124.36795349458457
2927002,-37.913671852572904,-11.546406718527013,729.4442433430813,138.2337646484375,46.0,155.0,9.37205463163946,154,189.29002471430258,189.29002471430258
2927101,-38.69202789560864,-9.185977625746942,2201.666721877409,443.7743225097656,294.0,321.0,9.918542606987447,452,23.678354615488036,23.678354615488036
2927200,-40.62862000139944,-12.243282117864611,1994.157929949928,507.6207580566406,243.0,542.0,15.926218162337257,414,168.00244853397996,279.73205991974396
2927309,-38.76042763423385,-12.884587048045258,147.23680363362655,19.774192810058594,0.0,99.0,7.653749460937079,31,155.01988232006278,362.43280766583257
2927408,-38.51434261095388,-12.874535402977612,698.6939585977234,19.844594955444336,0.0,98.0,5.492385361624275,148,162.56665998817405,344.7141861559828
2927507,-38.98183384720594,-11.939803807755366,349.58099976275116,244.07142639160156,186.0,106.0,7.231675464205529,70,245.0961302187373,285.4618965794298
2927606,-38.16954867241266,-9.7698241170225,934.9034642553888,354.0416564941406,235.0,342.0,14.544680703996251,192,32.838626958280884,32.838626958280884
2927705,-39.201927541738286,-16.22957774092801,1475.4131625723094,80.55128479003906,4.0,178.0,6.5622821159297,312,22.678173101979358,527.4236672430206
2927804,-39.813693757062886,-14.892310071197597,291.0535329389386,331.17742919921875,220.0,286.0,26.546084995314775,62,77.15434426368184,419.61750466100756
2927903,-39.849419546537035,-13.28382967318982,387.0338989831507,598.8125,418.0,432.0,37.620703054707995,80,69.91449904307983,368.39145085554213
2928000,-39.48605543858897,-11.21966161631268,1622.8718417724594,335.7715148925781,239.0,198.0,6.18195122713614,337,225.2149400987745,225.2149400987745
2928059,-39.24188317007246,-15.448379124246626,800.575138926506,127.375,22.0,393.0,17.815333505810848,168,44.15875649701629,496.33106988857844
2928109,-44.37861091849333,-13.21869294445181,1994.1606562915258,633.2216796875,441.0,348.0,12.748629652738092,415,99.32964859945189,99.32964859945189
2928208,-43.94168552404707,-13.064964233683046,1902.4499046960846,539.0501098632812,435.0,393.0,9.589089714860103,399,52.02593145083279,52.02593145083279
2928307,-38.86214764041794,-11.973965555019534,225.28550456976518,239.93617248535156,191.0,106.0,7.441619646391131,47,248.50962763792376,283.2238015179338
2928406,-44.55607947823227,-11.007575610511736,6027.334920197725,530.8591918945312,430.0,340.0,8.21526884056194,1243,145.0770222313113,145.0770222313113
2928505,-39.57328791625864,-12.7343050985781,730.8965851976536,294.5165710449219,146.0,517.0,22.858414017747403,151,137.5511835457108,376.79639302290434
2928604,-38.76571948748954,-12.558982969208499,505.1184488059953,108.02830505371094,0.0,220.0,12.947548793918717,106,190.56560508899508,334.2845026115627
2928703,-39.22900844975287,-13.008725277632257,256.6646910919808,189.1132049560547,133.0,119.0,8.725200252614577,53,130.75738936483916,403.8477579057842
2928802,-39.26810717043994,-12.467002758076784,360.2283649821766,179.89041137695312,120.0,127.0,10.330111822989599,73,178.9171501373601,351.413530437221
2928901,-45.4911790845095,-12.800980418089907,15118.014488511253,777.7916259765625,484.0,538.0,6.902110848659125,3148,222.3250878014799,222.3250878014799
2928950,-39.58082819338817,-11.454078985756247,286.720699461177,293.4032287597656,251.0,110.0,5.835337869759426,62,244.3271762421919,244.3271762421919
2929008,-38.99797059788924,-12.673722069976659,103.00493001332507,164.81817626953125,69.0,163.0,14.393902234554805,22,175.4654927099619,360.1690681674401
2929057,-44.03099407570982,-13.551636349567344,1740.2758355345577,643.693359375,432.0,381.0,17.09307233756522,362,51.99169992702512,51.99169992702512
2929107,-39.09356990591546,-12.849310777351914,226.11274711461738,173.4888916015625,106.0,120.0,8.717702971056429,45,153.45485819467947,381.5580494559019
2929206,-38.63339972585173,-12.649820108821045,267.14819470979273,28.44230842590332,0.0,85.0,8.43890210007323,52,183.11905008283412,333.4193386765566
2929255,-41.69932502650772,-11.066568111770934,1125.752969746478,688.1729736328125,451.0,361.0,14.663263952747425,237,112.78898022486666,112.78898022486666
2929305,-38.943635637235275,-12.415653123507054,287.58182074315846,193.7903289794922,119.0,115.0,8.400970152456251,62,202.91032743846822,331.53138482269287
2929354,-39.353951613705675,-15.068782237454208,123.1881772573106,286.3599853515625,135.0,442.0,53.077642936701174,25,81.574045881752,472.4468156013307
2929370,-39.91072654596453,-11.440889105312342,356.16214297059923,369.6883239746094,302.0,128.0,7.410588708624198,77,229.58400596726904,229.58400596726904
2929404,-39.422305415310205,-13.055325121177109,242.39681559521705,270.875,185.0,242.0,14.657792637673337,48,114.99699697285038,410.65001476131215
2929503,-38.49680495685459,-12.518404517791266,539.1369047788903,82.1351318359375,43.0,113.0,8.885681228895043,111,200.80511250240917,313.00828364813736
2929602,-39.21531741833566,-12.723349173616121,133.91236404329538,223.36000061035156,190.0,60.0,5.8790095349183185,25,157.98640312359413,374.3893774464882
2929701,-38.59052516739764,-11.573668587337853,940.7618838828057,291.301025390625,189.0,276.0,11.445477858320578,196,230.9290214953277,230.9290214953277
2929750,-38.767421188740045,-12.772877476512438,167.13129653036594,31.571428298950195,0.0,137.0,10.478901426475772,35,167.10988286083673,352.9504554463536
2929800,-40.38140948678576,-10.910850293741154,517.4121532216668,548.2882690429688,376.0,548.0,30.578128127160568,111,159.71568288821564,159.71568288821564
2929909,-41.884838719995294,-12.419733746440016,2387.255685748998,1033.3951416015625,687.0,645.0,25.01178856075826,491,95.363949140906,143.37400895551627
2930006,-43.12672515295047,-14.572225305485466,1978.3128248052672,590.3245239257812,455.0,762.0,16.37561525110095,416,72.56830734920888,72.56830734920888
2930105,-40.11468702717146,-10.486363476936239,769.6100344685838,498.12579345703125,379.0,462.0,15.984630098413412,159,122.84947737585718,122.84947737585718
2930154,-43.67635351229009,-13.484099344378194,2345.772279942408,489.6944885253906,428.0,398.0,7.415918358116197,491,20.072532362096265,20.072532362096265
2930204,-41.64897166220982,-10.107962166994401,11980.490070550237,560.777099609375,377.0,1229.0,21.99852470526917,2472,45.875263422554404,45.875263422554404
2930303,-43.798631885782754,-12.805892142360536,1598.4580356469378,522.6973266601562,446.0,392.0,7.916858314579154,337,44.15392995281982,44.15392995281982
2930402,-39.377885220133926,-12.096199511946839,600.9504144452512,250.65853881835938,181.0,291.0,13.231333562661359,123,210.95117039454453,317.96289877894566
2930501,-38.99417264804523,-11.66598487370174,586.7717999629676,326.7950744628906,231.0,285.0,11.781172939643145,122,259.5835254323372,259.5835254323372
2930600,-40.26007313373826,-11.430626518308973,315.53854034421965,439.8888854980469,398.0,146.0,6.132007369235298,63,218.621391033225,218.621391033225
2930709,-38.400837555316244,-12.76785706619914,201.41402126196772,53.71428680419922,5.0,94.0,9.233011369969912,42,177.8603795690342,327.89352946715206
2930758,-43.4742501894978,-12.854521714748225,1632.8713514134288,441.7827453613281,423.0,51.0,1.9496474028274715,336,8.86509283138282,8.86509283138282
2930766,-38.153946460390415,-10.329220951234518,675.9480418348685,277.6690673828125,175.0,227.0,9.353662449083432,139,85.9499244015939,85.9499244015939
2930774,-40.88226197308742,-9.65694478093764,1355.3940273271874,462.5035095214844,367.0,627.0,16.802266280930873,284,25.21585444175265,25.21585444175265
2930808,-41.78839004946822,-12.028793706895696,1032.1531577100977,884.8779296875,739.0,403.0,20.5066467471523,213,138.57105683990633,156.85857521269497
2930907,-44.15593740283617,-12.477867741223422,1432.6368100196123,784.0135498046875,510.0,359.0,9.829991339421674,295,93.85989499436992,93.85989499436992
2931004,-41.19368669729998,-14.146379602390798,1288.1269829422235,410.10333251953125,292.0,693.0,16.939252010008392,271,1.6544045305466393,253.31365876863902
2931053,-42.53692335853649,-13.555954942936289,717.8949128473178,850.6644287109375,742.0,306.0,15.990789425680122,149,81.41791385988569,98.89191085544377
2931103,-39.09543502611106,-11.9574928032065,237.6095195878297,226.25,178.0,118.0,9.732144756372694,52,237.54704468860072,292.9879113153225
2931202,-39.22723783994405,-13.572886949713128,458.69229650637135,163.6354217529297,6.0,310.0,16.633941729175472,96,76.8748678660503,440.58595143982666
2931301,-40.79094712457889,-11.876333685363063,712.8558899690397,723.054443359375,529.0,385.0,17.62263777210334,147,189.79494606280898,242.71227274056835
2931350,-39.786934978001796,-17.423940433943013,1163.9333436628804,137.6600799560547,21.0,317.0,11.593786258734447,253,149.19013417456804,518.0719854370177
2931400,-38.61586687034451,-12.265988169787757,238.08021149318665,159.23529052734375,96.0,161.0,16.517819887871074,51,225.11983608085876,299.12322997200386
2931509,-38.95116130485717,-11.470646356435415,351.91005469532683,317.9451904296875,229.0,168.0,11.15335300625177,73,238.4798430148234,238.4798430148234
2931608,-39.495987140945175,-13.55304585081186,302.43991657393053,309.2295227050781,138.0,542.0,30.507944546060475,61,64.33551755068184,411.8350044927281
2931707,-38.60296083087637,-12.395588704573685,197.15137218451127,111.9000015258789,70.0,123.0,8.569732509460753,40,211.31660858607026,309.1937819030059
2931806,-41.47213732737743,-15.054494831274218,1987.960318272002,711.0431518554688,457.0,574.0,18.854325656777245,417,103.5859163421653,255.93662415824443
2931905,-38.81223318906163,-11.034734979468515,2177.565877321642,272.5033264160156,136.0,363.0,15.729252805736216,449,188.7668990919974,188.7668990919974
2932002,-39.46291828915298,-9.906751554064561,3071.251178921666,486.6629943847656,387.0,436.0,8.92751907419085,635,110.46167365404271,110.46167365404271
2932101,-39.67986085944217,-13.274332878788433,654.4181472868659,579.1970825195312,306.0,541.0,34.60405670351654,137,79.28188577714664,386.25023252330516
2932200,-39.423329726685864,-14.268384931306391,190.73954631900415,128.04762268066406,76.0,178.0,15.810126059998481,42,2.8876399349585262,442.40654408639546
2932309,-39.52181557974439,-14.085802375512182,190.47845798032358,259.625,136.0,263.0,20.763348382048697,40,14.264339612158217,426.3712149917642
2932408,-42.10419026637548,-11.379429823036384,555.9353180914186,737.113037109375,493.0,623.0,36.396850096211274,115,95.73894364949531,95.73894364949531
2932457,-41.24952359412072,-10.575475444692806,1770.7835584101267,796.2027587890625,528.0,635.0,22.889160443527313,365,98.47068647702058,98.47068647702058
2932507,-39.151934533211076,-15.22023618179004,1130.7886444851756,112.08936309814453,4.0,690.0,15.117733362076471,235,65.00050266506943,498.4963274513072
2932606,-42.68379126696607,-14.736703255238723,896.6560345273465,715.4545288085938,520.0,677.0,31.3328646320012,187,122.98026685186085,122.98026685186085
2932705,-39.22890476693058,-14.526172834331023,510.70536542497575,147.64219665527344,39.0,281.0,16.593693249097537,109,20.107964499233844,468.4106608307366
2932804,-41.06792748893675,-12.0514209927312,634.6784770367667,691.9844970703125,523.0,462.0,20.447831690090084,129,158.4050172071896,229.04668136096655
2932903,-39.19390014706643,-13.347815208668134,1130.785379239358,140.26808166503906,1.0,387.0,11.646422889830706,235,101.58014293502619,431.23677799158685
2933000,-39.451180590706855,-11.376953755621326,400.2430509608239,361.63751220703125,307.0,116.0,7.65243369207752,80,242.62505724066668,242.62505724066668
2933059,-40.06734431085331,-11.597502703388331,465.69614982046187,413.8265380859375,347.0,115.0,7.8132402449187826,98,241.18442668369772,241.18442668369772
2933109,-40.31509388489498,-11.543424906068202,215.59757795836776,463.95745849609375,409.0,124.0,8.613967884497521,47,229.90624923899853,229.90624923899853
2933158,-41.01911874470039,-11.122895651386164,1223.2710540168919,711.102783203125,556.0,464.0,14.122533265185124,253,162.84385867961308,162.84385867961308
2933174,-39.392164043562495,-12.955647927112693,214.54857654124498,286.8444519042969,191.0,484.0,25.67822196160406,45,125.8997546279499,405.69990758850054
2933208,-38.69879952945327,-13.007676990306855,291.3965160823427,11.196721076965332,0.0,46.0,4.124570734614363,61,142.9414483074621,368.62889318647575
2933257,-39.970019080870145,-17.1840341103961,796.8959331670776,269.3592834472656,37.0,680.0,22.254109190150654,167,118.36991037959618,489.752327732636
2933307,-40.91240375866969,-15.02135371979197,3235.0137850143947,817.866455078125,455.0,613.0,20.794879179213893,674,100.04536511477252,311.6331045824772
2933406,-41.145081229638635,-12.230023752682554,521.5306885521859,573.5,461.0,411.0,18.48410853009799,110,136.94714642659542,225.78569334174148
2933455,-43.90763858843307,-11.80773837743529,2951.8166086510755,492.8684997558594,414.0,453.0,9.700036049890448,616,58.6479536734888,58.6479536734888
2933505,-39.619140627123315,-13.628308652181243,658.2774725225754,326.446044921875,148.0,693.0,24.801808833912776,139,50.279511409121305,400.9382424731754
2933604,-42.77879784938867,-10.982941810335602,5091.457558463328,435.6739196777344,315.0,512.0,6.278168193630446,1055,20.14315155307166,20.14315155307166
3100104,-47.45995796558979,-18.352022238803414,846.2944554947317,773.5083618164062,651.0,300.0,14.831204541670472,179,18.289389880133243,18.289389880133243
3100203,-45.36066044616707,-19.104237412178314,1815.9333262164146,642.2647705078125,568.0,322.0,11.480426625621467,389,20.16091973292367,20.16091973292367
3100302,-42.441904530064875,-20.273080706177343,476.65393693745136,657.8627319335938,393.0,555.0,33.23410152909355,102,39.31955642907071,303.79625121907543
3100401,-43.101313459214175,-20.399237788482846,106.51981368102133,603.9545288085938,467.0,225.0,25.578430681982926,22,10.682904705380508,249.69549513133495
3100500,-42.45181399259982,-19.053100915192825,824.5776668973267,518.796630859375,213.0,735.0,42.8783638866023,177,24.382178136669893,275.4950521707493
3100609,-42.27705964510985,-18.026980357134352,1320.4406598638743,528.3274536132812,261.0,772.0,33.23321341515786,284,94.72555389255953,285.608390299601
3100708,-48.08483094889902,-20.006114322896156,493.2089237170294,568.46728515625,493.0,196.0,12.603450541826508,107,10.312133287521625,169.4966476199668
3100807,-45.42122728728145,-20.977016766395632,240.16058990173042,843.326904296875,770.0,248.0,20.400989829357556,52,5.212138328498347,91.6038710415198
3100906,-40.97290624929767,-17.040915641059115,811.3651648880914,438.6954040527344,263.0,519.0,33.36429471767128,174,65.86995842509143,387.26912597382227
3101003,-41.520465099242735,-15.68364646725616,1263.5379238664173,818.3383178710938,680.0,250.0,16.269851304133535,269,88.88560164282936,273.6940027934005
3101102,-41.213002167836095,-19.624970500552447,1356.3881411971524,289.2593994140625,71.0,849.0,28.37530485447429,293,21.964601173657638,409.06571045246625
3101201,-44.64724268772011,-21.954824502313777,655.789756028913,1246.4110107421875,1016.0,1075.0,46.22221325835421,146,30.077305973131836,225.83539392590362
3101300,-44.659540172250146,-22.18452709698402,152.56035218853503,1475.225830078125,1134.0,903.0,92.79229111159145,31,21.844616341857435,245.97256061402845
3101409,-46.61176258267254,-22.197698390131468,56.046185051091015,1106.84619140625,1012.0,186.0,32.100829890733074,13,47.54556720356638,206.17726743740184
3101508,-42.74633703595345,-21.828490613630652,483.94487339630723,377.2962951660156,193.0,607.0,37.37880470595995,108,8.311882896262432,354.95310542431105
3101607,-45.967071216296354,-21.3879629334542,842.2039353083819,815.4371337890625,761.0,136.0,10.145507427087951,183,60.04374345884686,114.94531123840447
3101631,-43.71429576461572,-21.138928863266166,132.02950906939805,1135.107177734375,1055.0,169.0,16.71253744289302,28,31.956999481523827,230.46024218461034
3101706,-40.7241987602246,-16.09081727107752,2291.9854053384624,491.0893859863281,178.0,686.0,43.77586907508041,481,9.448205195111138,368.77040503307876
3101805,-42.01949703710989,-18.982525037437426,165.65692990086973,216.9705810546875,168.0,137.0,12.040996175492465,34,4.385427579593803,321.2571150678293
3101904,-46.37311413389104,-20.860357857472064,464.926246535033,876.1386108398438,689.0,481.0,29.31374281028573,101,20.112172820033173,56.46207335394752
3102001,-46.15493893065448,-21.22652219316494,364.4124336540699,851.7625122070312,777.0,284.0,15.962541307837421,80,58.75550842662289,97.03161823507469
3102050,-41.865523663072636,-20.460775543173565,101.20854770112783,1388.3499755859375,925.0,1527.0,131.96673146849565,20,96.72140471521465,366.8765459442639
3102100,-43.40362767868738,-21.0354318696792,504.60576854553074,779.5315551757812,702.0,178.0,13.284594407472618,111,30.071587485057268,253.67998889464414
3102209,-41.69366890374275,-19.41940321927674,278.5167870055884,630.1475219726562,365.0,628.0,69.76589275883163,61,38.258761840119554,356.582186973282
3102308,-43.153744556569244,-20.11104685592933,587.5156128555536,741.3571166992188,563.0,505.0,21.403815313907682,126,28.362544083140882,229.25065730752956
3102407,-43.36715323014103,-18.77726062194291,368.6798598319292,736.5526123046875,646.0,585.0,25.200264336162004,76,53.61776362641644,182.34801653357314
3102506,-42.79860741647879,-20.52524022943799,151.76413886714727,639.40625,522.0,246.0,22.477131876822245,32,16.13205236285687,283.68852128339614
3102605,-46.553947248407255,-22.074144589174207,468.81711533572525,1104.910888671875,825.0,579.0,45.10771295602939,101,33.14877230718895,191.9015953028854
3102704,-41.49590964647305,-15.967263456450672,688.1078830379993,816.8125,664.0,345.0,21.762265339375194,144,59.70483197731802,287.7017624397331
3102803,-44.27135346481222,-21.73999994723045,1011.4732880303636,1075.214599609375,940.0,469.0,20.116971332752197,219,16.269018372981325,228.7797202723243
3102852,-42.28032787869758,-17.70352950052963,187.76776547450572,963.4865112304688,879.0,213.0,22.40415330517979,37,93.41583065859386,274.85586528226975
3102902,-43.76698017683344,-21.412506241534743,512.8199238823727,1092.468505859375,795.0,422.0,19.174641022992787,111,40.49761714825421,242.15702768232
3103009,-42.875412391671254,-19.568363733865226,798.3900598920882,785.563232421875,286.0,828.0,39.07901141489859,174,38.566366191066095,236.72112834152153
3103108,-42.14899626075039,-21.024453072398057,86.04186202865094,406.9444580078125,280.0,245.0,45.050847842160465,18,64.69262382658125,369.61748718599154
3103207,-44.21789028618729,-19.2376383015864,178.35378129966557,727.5897216796875,672.0,246.0,16.104316749761946,39,15.977973765127732,91.48068213636107
3103306,-43.39784605837266,-21.348072974871734,98.50751143414527,728.5908813476562,563.0,319.0,33.09540082812784,22,60.89556720316837,270.2788389652574
3103405,-41.9937518944466,-16.930908418882325,2232.973020939622,514.4617309570312,275.0,695.0,36.462766568723865,470,20.049810832380437,288.9594252794747
3103504,-48.21826193498172,-18.57828845855726,2717.7621077084914,758.7066650390625,507.0,495.0,24.918506461143874,583,20.79063819412269,20.79063819412269
3103603,-44.226878386504794,-21.898980557172877,84.88482652511448,1136.823486328125,1039.0,193.0,19.517655828020903,17,2.0998358620166586,245.36132718670154
3103702,-42.49629568253919,-20.66171195448047,305.09094654675573,1075.6666259765625,743.0,955.0,71.04060064871666,66,49.59073170347098,318.2524468330568
3103751,-49.12881626493306,-18.477376974064846,286.8061751034111,516.4031982421875,446.0,199.0,9.715541937004518,62,7.282846045332912,7.282846045332912
3103801,-46.11566106650651,-19.044042648782398,171.05421952996403,967.1944580078125,862.0,273.0,22.673997186813676,36,25.152632622382324,25.152632622382324
3103900,-45.181779739848785,-19.886005406501653,241.23618884570897,796.0943603515625,704.0,231.0,15.580869578682202,53,32.09779821037868,32.09779821037868
3104007,-46.97369869367534,-19.636993521024944,1161.3027782607824,1020.4314575195312,854.0,410.0,16.870218515655758,248,61.874762744116516,82.70968255217191
3104106,-46.94199142231602,-21.358269430487674,160.37914716266096,693.058837890625,593.0,201.0,18.949403438752856,34,22.309079709560894,123.54852920867205
3104205,-45.547731283250904,-20.257754386558172,503.5811912342906,743.1376342773438,636.0,318.0,13.651852592229732,109,18.42501335029117,18.42501335029117
3104304,-46.14403572721977,-21.35605432594934,283.32565861567855,830.0,763.0,256.0,16.447192708913946,63,50.808843513847826,111.35421125735691
3104403,-42.83267422833467,-21.634290934562493,156.60630554892123,473.27777099609375,261.0,475.0,37.59740420766912,36,30.572249026241632,336.298133544914
3104452,-42.6032110032571,-17.88266418171287,230.98318308778107,864.6875,749.0,221.0,21.001067345144833,48,83.30419466121322,247.8393184808643
3104502,-45.988724024578765,-15.75110177266077,5284.178276418243,634.014404296875,494.0,430.0,17.041884446867012,1113,104.11779376643312,104.11779376643312
3104601,-42.87823303273526,-21.316660654735575,162.7619048114866,456.1351318359375,262.0,715.0,58.211538812158224,37,64.65102227884896,315.8623266790426
3104700,-41.153477605075274,-18.166336670318373,1828.8748077079654,367.76287841796875,206.0,788.0,26.463385821378218,388,98.72763398073621,402.8043575085013
3104809,-44.194763980171416,-18.109848627448766,1244.3475516755134,754.3030395507812,519.0,751.0,37.71021311974099,264,15.953143761235589,93.61081134115686
3104908,-44.82313473753805,-22.016057607861114,764.848195030354,1190.740966796875,868.0,1152.0,50.19953578551322,166,41.46000366586405,221.3143893508402
3105004,-43.863907997059336,-19.262631778034446,561.6386915519834,776.272705078125,626.0,421.0,20.380479483222267,121,12.47656895824977,128.54135744516563
3105103,-45.99926005714695,-20.110686907943386,1434.1692178547382,739.9120483398438,646.0,218.0,10.467206319752208,307,13.803425886265138,13.803425886265138
3105202,-40.583532951344885,-15.877507001280803,489.7240749313496,458.97088623046875,239.0,582.0,39.89597049393415,103,25.613156547010558,375.42966422242745
3105301,-46.38448914110749,-21.725577391491,48.350019769743085,1010.6666870117188,963.0,112.0,20.12620672193761,9,3.202710433126852,152.01935824859635
3105400,-43.4936932842895,-19.890780175264585,337.94026383850724,890.8428344726562,659.0,619.0,47.907489559697495,70,33.857005624446494,186.75428525885786
3105509,-42.27984314527465,-21.26615331960036,195.22792728245258,311.92498779296875,202.0,389.0,33.73865620812635,40,47.0022448125025,368.33442255477894
3105608,-43.80014300113544,-21.25251848200563,762.4075477635488,1095.3470458984375,848.0,373.0,15.752755989228444,170,45.545063190549364,229.5197462997004
3105707,-43.06530935874376,-20.273770625712984,388.16649726685137,572.277099609375,402.0,378.0,28.2066914782467,83,14.673380113185763,245.86733176655454
3105905,-43.958223409821606,-21.182266938747393,88.59187980182469,987.631591796875,928.0,211.0,22.5371167383054,19,40.95353702604677,211.60641925120927
3106002,-43.10614508364994,-19.79570139336652,107.496154143475,756.9615478515625,575.0,348.0,38.4912784577266,26,43.2799260176839,220.40989057225102
3106101,-43.46894237897341,-21.9874347832586,390.2025575367734,599.6395263671875,416.0,468.0,35.58455041803538,86,24.185251611935534,305.58352525258005
3106200,-43.959751139744505,-19.903307786782154,342.25455463770777,876.770263671875,700.0,596.0,23.515296414656554,74,11.754142919023204,145.03036031775403
3106309,-42.44900778438886,-19.25823914726911,341.3266810234636,316.2638854980469,213.0,526.0,25.96697821562715,72,8.674433813633545,276.23561052997775
3106408,-44.060651080472894,-20.42548286047064,365.0979188559577,956.9634399414062,806.0,534.0,27.219483395272213,82,4.833707085991831,162.3738432576867
3106507,-42.49425255008637,-16.86339115932295,589.746408904437,568.8800048828125,364.0,497.0,30.448972245665384,125,16.758096504927,243.11862268880597
3106606,-40.57424000959212,-16.97376017076917,424.2365181730129,385.0652160644531,258.0,551.0,23.261372824747255,92,74.72646598179965,422.02410491673186
3106655,-41.76300670435027,-15.684140564977291,480.1772829615511,815.760009765625,709.0,342.0,19.630713094536883,100,95.84697219814164,249.3463053301424
3106705,-44.19977615287709,-19.949381089483005,349.69182388391346,832.3513793945312,728.0,276.0,16.07444169998357,74,8.465298295542242,128.10852961257402
3106804,-43.77476338934252,-21.62464815842342,279.1185884103179,926.0806274414062,781.0,852.0,41.578213382362456,62,29.350617885063247,255.76536278553831
3106903,-43.10500311644313,-21.732177125982997,146.7668564170599,623.6774291992188,394.0,391.0,31.318966358384994,31,32.62839913823043,318.1906437189676
3107000,-45.541102498945875,-18.758371073243282,451.68928613327444,698.2474365234375,588.0,388.0,22.278713124454892,97,36.067458271561996,36.067458271561996
3107109,-45.624472389851704,-21.048523343902165,874.6459125094116,851.1075439453125,760.0,495.0,22.570254603457425,186,13.839507078055243,87.97730179084333
3107208,-44.48677086345409,-22.219714650470912,496.8277492681518,1391.2547607421875,997.0,1491.0,69.84214105609274,106,8.097169071477955,259.1197112276166
3107307,-43.68526281203779,-17.288887411666355,3205.452668662183,831.74267578125,599.0,724.0,29.101298246826254,684,26.480612896761272,119.65119865726588
3107406,-45.28595841410494,-19.68497639942178,1216.9692972162738,705.1140747070312,609.0,294.0,14.258915495655518,263,16.875028063527367,16.875028063527367
3107505,-44.128356150681704,-21.95061803907987,414.57957754284143,1167.774169921875,904.0,541.0,39.50569318256567,93,8.124015506989032,256.06360044666997
3107604,-46.52721440917868,-21.012656685770825,208.18396090436727,1025.5,945.0,169.0,13.37406350494685,44,37.69730934996207,75.3675476936766
3107703,-43.46818043925563,-19.71814222324343,194.5642127385363,767.9024658203125,657.0,386.0,22.37442312766952,41,35.01201121379351,181.88198112419497
3107802,-42.35010847130145,-19.743816890262725,589.3161563482136,454.97637939453125,247.0,525.0,23.89109471738882,127,13.238354509415284,294.5854842063858
3107901,-46.186665564527736,-22.444996353130684,233.96226546913385,1356.47998046875,1144.0,452.0,37.56623370113615,50,61.43491384076629,231.79014297545436
3108008,-44.783110467200075,-21.02462917777719,706.7853597272187,947.9545288085938,839.0,268.0,15.856212578599285,154,16.782639315374897,134.56192024527934
3108107,-44.2163829900435,-20.31945024884219,294.9917044332251,917.0322875976562,779.0,219.0,17.96691451170581,62,10.64902766158731,142.9022040812991
3108206,-46.189013821841534,-16.488556226449525,1856.9367129439488,816.59228515625,556.0,394.0,12.513667846686404,390,115.50749726255737,115.50749726255737
3108255,-44.89671970041994,-14.992576574768586,3913.4865277176723,718.10107421875,517.0,313.0,11.54158898728958,821,80.18623610765906,80.18623610765906
3108305,-46.14822057730435,-22.25717886175095,295.8834103308618,956.952392578125,846.0,369.0,35.3198003902796,63,41.399647320968135,210.99509348797827
3108404,-46.421009346224494,-21.63652817002944,340.73972489032894,959.0133056640625,866.0,276.0,15.235757520108052,75,9.262848667763107,142.40443455625007
3108503,-43.002446940518865,-16.93882824683853,1553.3416203642264,824.226318359375,508.0,842.0,36.73115684792626,327,14.386457184144023,191.1579088184913
3108552,-45.90172951222521,-16.95828329354313,2522.6432551033795,604.2232666015625,491.0,369.0,16.749336304871633,533,95.35743444409255,95.35743444409255
3108602,-44.44071592230785,-16.24316283462701,1406.8475604439154,757.0503540039062,614.0,293.0,12.082579362860564,298,56.97567721924708,56.97567721924708
3108701,-43.229741574056305,-20.87375763109171,226.69079708307981,732.760009765625,646.0,177.0,21.4297120728017,50,13.862136571881912,261.2861152899416
3108800,-42.71677354347331,-19.025053470306613,364.7344519989565,649.618408203125,328.0,619.0,40.325106166784856,76,46.45028996608629,247.69950474683753
3108909,-45.62919531756997,-22.489893587445245,358.88320021983236,1019.6233520507812,826.0,745.0,52.21532317445911,77,47.24856497445874,240.23402973445093
3109006,-44.122682844669605,-20.177448555567405,643.057086664252,910.3014526367188,746.0,618.0,37.684589165967964,136,1.8461049029131835,147.22380138297456
3109105,-46.35402008656587,-22.488600524884788,350.2625827062875,1207.45458984375,834.0,600.0,40.744955885125975,77,67.26035996755388,236.27542085246563
3109204,-44.04398076687333,-17.880312667755593,1596.0421170983464,904.1378173828125,562.0,776.0,34.0088961164218,341,45.93584139295426,102.02722450833318
3109253,-42.308595825430956,-19.35815151737369,160.78680766187608,324.30303955078125,207.0,340.0,27.642272997645282,33,7.2180942638918815,291.7777371453733
3109303,-46.60389142471435,-15.453106112984944,5207.719744622707,811.6387329101562,526.0,537.0,27.10139848763461,1099,177.11805020133082,177.11805020133082
3109402,-45.19202070646535,-17.285087340068916,7240.1329310797155,656.4474487304688,471.0,437.0,13.47354217863327,1542,26.472611524030498,26.472611524030498
3109451,-47.123038357543045,-16.075227474564976,1036.9830530090258,836.74072265625,630.0,334.0,16.29482781382405,216,105.45736216785926,219.41171015347186
3109501,-46.39445007112954,-21.483181225012192,380.6347293769941,944.0119018554688,798.0,363.0,27.129542827084133,84,23.748612072826827,125.30417690936301
3109600,-44.47436946872375,-19.51646688777295,52.43863144889474,731.3636474609375,692.0,100.0,13.427462055637806,11,7.663295630689957,76.87578194856695
3109709,-45.795055816621534,-22.363475148133983,306.3237774875015,903.6417846679688,829.0,293.0,23.758156276579445,67,66.85683021753721,223.98152052807262
3109808,-49.47777165403816,-18.6070482399588,209.35832079220563,474.6136474609375,416.0,140.0,10.671006495103176,44,4.523698773688391,4.523698773688391
3109907,-44.40267980878575,-19.342173085368017,146.10010530147702,777.1333618164062,704.0,173.0,13.846429577428559,30,13.97803877374584,75.90958852318738
3110004,-43.63687992082819,-19.86556491381539,553.6860429318622,1035.1417236328125,844.0,722.0,36.66883236641128,120,19.793546564641762,172.1310909459157
3110103,-41.90716879332061,-20.72338937357639,105.54715371597558,824.0454711914062,737.0,181.0,21.865708099608018,22,92.84922947960189,374.92615822705545
3110202,-42.772547005252385,-20.78581953566371,77.91379743814468,759.941162109375,693.0,157.0,15.35316643815971,17,31.96959848520367,301.25733836275134
3110301,-46.36252820272116,-21.888454810529105,704.491602323018,1184.5732421875,974.0,461.0,29.955174334195227,157,4.783122342760026,169.94352519901543
3110400,-45.132481589737964,-20.640882702860193,220.7397940037772,1016.5,879.0,273.0,16.444576818204446,46,47.15072758590482,78.88307097866596
3110509,-46.073816687751915,-22.788949874007255,524.6529043149203,1356.715576171875,942.0,927.0,43.3697229292794,116,42.5452798382449,269.5900918381764
3110608,-46.077018666689455,-22.58382459247466,244.65078044962138,1059.611083984375,850.0,631.0,46.734338529216444,54,62.678910829071455,246.91427954722084
3110707,-45.26238038749613,-21.861246847660745,243.25888859853148,935.3585205078125,856.0,282.0,19.955151114782446,53,77.82686714086525,185.0163956441501
3110806,-41.733165903669246,-18.284047934063025,430.2106501441449,366.3548278808594,236.0,378.0,27.624711125238758,93,60.36506639224691,349.1681953660185
3110905,-45.40890260227772,-21.846308172108778,333.7500230455771,957.7733154296875,854.0,578.0,22.85624711313241,75,80.0140471911013,177.57524584457377
3111002,-46.22025514644495,-21.70979320042341,570.148082813248,1074.83740234375,863.0,523.0,24.11148019138747,123,18.582177310182765,150.49570588357398
3111101,-49.80791027133959,-19.478320761009982,3649.9497138429433,525.852783203125,392.0,293.0,11.459902871724008,788,50.65490010961894,86.66401815792413
3111150,-44.76550801300337,-16.51021937842504,496.9697831403464,622.0097045898438,504.0,220.0,15.383638864929543,103,30.200455398596635,30.200455398596635
3111200,-45.25624538875147,-20.918828701995263,525.0797601873055,866.4521484375,779.0,217.0,17.736931149214367,115,14.294851130660314,96.7170408612854
3111309,-45.85031648815692,-21.115389071048135,276.6310839019716,814.327880859375,757.0,222.0,17.640340933191673,61,33.4824102998064,86.73230082710789
3111408,-48.64584739711637,-19.711253711667712,1274.1748137688264,651.7672729492188,510.0,274.0,11.259890232515366,275,46.291014440212656,141.02497114549928
3111507,-46.19974279424685,-19.60722893699717,707.913497065194,1079.577880859375,881.0,344.0,21.277133078719313,154,49.70140514492389,49.70140514492389
3111606,-45.75305706470531,-21.259968250979394,764.944050244987,844.2764892578125,764.0,414.0,15.215811875954222,170,39.221856672898575,104.72636421553815
3111705,-42.62129754601461,-20.671878747207987,180.04691789112985,719.6500244140625,551.0,309.0,21.70472027259181,40,37.70584409224115,307.74329858751327
3111804,-49.2729480375837,-18.757568749170062,852.3163276128471,606.0494384765625,437.0,335.0,13.549820911696003,182,16.82768446034448,16.82768446034448
3111903,-45.18795832231635,-21.033663018333478,216.74948670715094,820.9574584960938,764.0,176.0,12.737027969919408,47,3.792366747671052,111.24042887806644
3112000,-45.278232827940414,-20.748968656605303,720.8701276537031,932.5660400390625,776.0,337.0,14.99665631641129,159,32.466924118021545,79.19591545419745
3112059,-42.649482893595994,-18.51746864377489,152.89592400193214,692.8181762695312,588.0,296.0,20.481153539750395,33,79.25552117045874,261.8746074454184
3112109,-41.94504076642442,-20.526752798252893,132.86129252705723,1021.8214111328125,798.0,750.0,42.30119729428463,28,96.63482984719704,362.1489523802747
3112208,-43.60426636746466,-20.914304161252968,97.36238590162247,774.0,725.0,103.0,10.682439744619064,21,8.920297995853156,229.22257710914533
3112307,-42.49174893653566,-17.69387173190523,971.8328196806833,895.5741577148438,659.0,504.0,25.998053832371426,209,78.63388111771972,252.90974891124927
3112406,-47.034530087943104,-20.654284284494334,298.82848818507046,902.5845947265625,743.0,404.0,29.91637676723459,65,30.380118246232435,66.85738458713367
3112505,-44.167108422248646,-19.570789045031468,99.44354736246169,867.3181762695312,791.0,156.0,16.496269448348166,22,24.64043094679147,108.06485896878421
3112604,-49.582258362042836,-18.68658494186693,620.6636488856748,529.8106079101562,409.0,244.0,13.448642595441894,132,11.87118817986874,11.87118817986874
3112653,-41.8246251010325,-19.05014610005021,278.0701073165983,265.3833312988281,181.0,343.0,21.183040488492693,60,18.50202935003769,341.4956401131637
3112703,-43.66440037800018,-16.137225551827363,960.6268899133429,572.53466796875,494.0,376.0,14.574336478460568,202,98.49444476142598,98.49444476142598
3112802,-46.1455156002181,-20.61309412581407,515.9271293189377,938.7105102539062,750.0,548.0,37.81827361239174,114,8.728777270694161,29.201987483630486
3112901,-42.250139500711036,-20.179068432470746,177.51505401264876,707.3846435546875,588.0,537.0,30.530520384319562,39,46.798486195318674,318.48122524995483
3113008,-41.58617009419541,-17.174370242361597,1248.6779930763878,739.5509643554688,298.0,709.0,30.294858748643524,265,61.54045266021423,339.59482147597
3113107,-43.71867924875393,-20.89145845644677,153.698379506357,851.058837890625,741.0,350.0,34.91570776124074,34,4.7424191804653075,217.45588325245637
3113206,-43.840476971334546,-20.995830936775583,503.92461428046227,1076.24072265625,767.0,417.0,16.27557718973805,108,21.27099885115414,211.3268309477702
3113305,-42.089328216691506,-20.70392972909043,331.14555854257196,764.7671508789062,439.0,760.0,58.85040829257814,73,91.07777388282065,357.2290320122387
3113404,-42.102978178784745,-19.710082974372906,1291.4183262363076,588.711669921875,225.0,768.0,30.47222725139335,274,39.392363707882865,318.915663104044
3113503,-43.05657904886413,-17.49236094432734,1433.4221706939861,794.4802856445312,585.0,372.0,25.009510665839194,304,18.82195200890098,189.54881576428681
3113602,-45.665120736207605,-22.079069820624124,185.53437396977097,870.8780517578125,810.0,177.0,16.986208512950824,41,62.06486937537367,194.92002359473796
3113701,-40.84220201390344,-17.675063259114182,3188.9436299232766,284.98541259765625,142.0,402.0,15.918370880301849,686,136.02514381901784,423.8637921592721
3113800,-43.17455517937048,-19.06365771087865,252.43585348967463,761.870361328125,545.0,478.0,38.66354939163872,54,83.73274130386862,199.42971578665492
3113909,-45.19520121374625,-21.452854543833816,501.2384115997702,968.7064208984375,853.0,259.0,15.027465856945472,109,32.14227446753028,148.31061583261038
3114006,-44.89066694014144,-20.56216452780032,365.074444308877,891.3037719726562,767.0,276.0,24.035396478718287,79,60.078921871559565,93.43470385147424
3114105,-45.15861868035178,-22.094823934460837,327.6129285125062,1012.013671875,875.0,434.0,38.68212206403029,73,56.12072661103588,212.89479351067828
3114204,-44.70181095697286,-20.196009087221512,456.4075836548582,832.434326171875,722.0,370.0,18.022608039800886,99,48.196060997614715,91.13931611855521
3114303,-46.18518528273934,-18.908719486569694,1313.3641014806926,909.9964599609375,735.0,393.0,17.546133642600005,281,28.221930105082322,28.221930105082322
3114402,-46.100326973634616,-20.970529001432162,1057.8576670670882,848.8405151367188,273.0,1006.0,30.02021437536269,232,30.24760551909834,68.74478324434477
3114501,-44.647338596560424,-20.562373531604848,390.4694966552779,904.1012573242188,781.0,310.0,24.574605104465043,79,62.64617751566888,114.99844938185231
3114550,-50.830057877300014,-19.74978186433744,2059.273848001845,391.7914733886719,317.0,161.0,9.446841608447553,446,19.741233880952137,19.741233880952137
3114600,-44.60965998391899,-21.495167194858553,721.1379003645852,1055.709716796875,916.0,505.0,25.9040789664634,155,15.788322422850392,186.13078552325868
3114709,-45.83005334582093,-21.77416716679384,87.64074680488557,887.1578979492188,821.0,185.0,16.81189651013211,19,43.51421042425897,158.86728226289688
3114808,-44.48835818295712,-22.02487591432725,280.80274301674217,1253.5230712890625,1018.0,699.0,39.447468135438974,65,14.922913996342789,241.8924880135333
3114907,-43.938779976911796,-20.835816596030654,161.57885678578168,1010.971435546875,945.0,317.0,17.507443558660192,35,24.1653483885449,194.20899776698047
3115003,-47.876081802199955,-18.568019997370016,371.21073729358613,739.4683837890625,629.0,370.0,19.90437391927848,79,13.364858025263915,13.364858025263915
3115102,-46.92919762183386,-20.541594697971053,670.935698418878,786.9580688476562,661.0,581.0,24.93185721921303,143,14.717620016400351,51.0491510845291
3115201,-44.49393116234564,-21.143130093600615,273.5541846314445,934.6333618164062,871.0,148.0,12.619380158817073,60,20.432572974883815,165.0227852958086
3115300,-42.67454414643364,-21.340981038910986,490.2740820720792,324.5092468261719,170.0,782.0,27.225685407232113,108,53.08398897739728,335.74056617047006
3115359,-43.40628049806489,-20.076980800843515,243.1683102278039,974.1538696289062,698.0,1183.0,65.58665761462908,52,41.213664164045476,204.34089301761892
3115409,-43.501752416151824,-20.669806927326263,141.1959035154432,864.0,723.0,650.0,31.317879822787944,31,5.758815952331559,226.3282764930141
3115458,-41.49754107982298,-17.373486871256333,407.0002277949825,651.7752685546875,335.0,719.0,35.13510764667896,89,84.90991635798093,351.3428015953134
3115474,-43.10016461152194,-15.335017127326775,296.9972929023206,499.0923156738281,473.0,60.0,3.9454617277472503,65,103.01573522632414,103.01573522632414
3115508,-44.95009726560204,-21.976858103251306,89.11996424756944,947.3499755859375,858.0,208.0,17.533171805902203,20,55.255761825756366,210.98765959595727
3115607,-45.70369919758556,-19.12118218060372,274.70016254484653,808.7118530273438,670.0,279.0,26.773963740855002,59,44.5701095936448,44.5701095936448
3115706,-41.295518415781586,-18.769187891995653,208.10201655887067,368.8863525390625,217.0,383.0,28.21174298248039,44,37.35479279241385,399.21025873429994
3115805,-49.161264160098575,-18.63204429881881,323.854828549549,591.0869750976562,447.0,320.0,16.600831121934114,69,16.108722393031552,16.108722393031552
3115904,-43.21353518949282,-21.685846804957905,156.5144958095625,804.5757446289062,724.0,159.0,16.78749861114454,33,41.76562468643577,306.0896068368995
3116001,-41.66119827657757,-20.03176738338585,210.0293878018856,551.093017578125,288.0,710.0,40.33422845292328,43,86.71064481521576,372.06619738513973
3116100,-42.414127138087494,-17.145170058661336,819.7388677690178,642.7771606445312,401.0,533.0,30.034300187500847,175,43.141528749082234,252.919831101745
3116159,-45.45830807864485,-15.468878812985208,3243.815947786905,695.055419921875,522.0,363.0,10.623773890591053,686,72.30985428589587,72.30985428589587
3116209,-43.02730973175202,-22.004550920477932,253.12975727580488,400.4444580078125,260.0,577.0,33.348999465385845,54,1.7172956135219184,341.837037711516
3116308,-43.3594971865741,-20.923232598477824,153.58049196656793,740.75,660.0,162.0,20.014907384887522,32,24.105988607736222,251.7489191353369
3116407,-47.24174807507992,-20.367227378450217,223.30312128178775,820.4347534179688,647.0,388.0,34.80408108956309,46,15.435922817580911,77.68184781888287
3116506,-44.22736447825757,-17.06312410158407,742.6988943647593,762.30126953125,573.0,421.0,26.55558817063923,156,60.03536011773097,60.03536011773097
3116605,-44.776002998645524,-20.398136890797208,629.6528851417825,845.723876953125,742.0,362.0,15.656180928135699,134,67.85471972501783,95.05144953199252
3116704,-42.79534013487132,-20.84437362376171,96.12393763288856,769.2000122070312,733.0,108.0,12.937464565432197,20,31.952717826979107,301.29360096004444
3116803,-42.83909166615253,-18.251508066977316,359.15358480252326,757.8441772460938,604.0,362.0,22.008954769286955,77,60.43339850293819,234.8002121460319
3116902,-49.0703614766895,-19.6723752528279,1045.869406733662,605.9237670898438,502.0,225.0,13.908409381116465,223,38.64794709265755,118.38816994973938
3117009,-41.76853877138859,-16.286974332175788,638.8943822048604,666.6865844726562,374.0,500.0,34.8128935159665,134,30.545893340278543,275.5835634148004
3117108,-46.22491276871779,-21.096281036328257,348.13431269396096,966.4210815429688,773.0,355.0,19.9075964978385,76,45.25899523200192,82.66463682916641
3117207,-45.422331338523215,-22.145736436776684,95.27434113062918,1207.09521484375,1059.0,347.0,50.79994134424095,21,66.57347582310196,208.30583060966723
3117306,-48.36069086600907,-19.960220650065562,1325.6879716329277,553.702392578125,467.0,220.0,10.882699790801018,289,15.259718126942154,172.5275465416461
3117405,-41.68508683608144,-19.913248545659155,253.29475536197424,473.83929443359375,277.0,545.0,43.86153297490447,56,79.78992512398686,366.37158742773033
3117504,-43.50513760683225,-18.939258422229518,1683.934608864598,881.6038818359375,565.0,856.0,37.468223243014,361,54.13009395612861,165.39317938676191
3117603,-44.87231209745213,-19.78618301126913,249.62740123830736,709.345458984375,638.0,156.0,13.05176444130791,55,39.00798520814,60.747163358838705
3117702,-45.09106158734834,-21.89777714295728,375.80229402240366,934.4755859375,846.0,310.0,23.53944274274744,82,72.06438288051793,196.4899190935526
3117801,-45.77406168429869,-22.448921520948442,175.67086532060057,951.780517578125,850.0,397.0,31.533050650175554,41,57.432001401900465,233.61015633636106
3117836,-44.59599906483012,-14.984271535390377,1612.1810090546496,739.712646484375,482.0,354.0,10.536041530339164,348,55.88245628035341,55.88245628035341
3117876,-43.9783700516135,-19.64401340425703,37.04342685919255,769.4444580078125,729.0,87.0,13.014168884725645,9,11.77087780850041,129.37589245258033
3117900,-46.042788938660706,-22.143251713795085,199.04262178763747,1050.977294921875,830.0,550.0,42.250392305264704,44,34.03835497521137,198.17657213567847
3118007,-43.862076574684814,-20.51693117009421,321.4888499369845,1012.5479736328125,884.0,563.0,32.72988399072841,73,16.31586642918772,185.32188785490226
3118106,-43.68846645843605,-18.859946397235447,408.30919774994254,1169.9404296875,986.0,459.0,36.85703586809374,84,39.16426157692923,147.35979927728556
3118205,-47.62289048778644,-19.883860700175113,600.9090364351869,717.4469604492188,519.0,503.0,24.32614793090262,132,12.809752190370446,127.19505746622359
3118304,-43.785272399782095,-20.66835269922415,368.21878730971366,985.8125,898.0,170.0,10.940916161316641,80,21.675687246969403,199.68361697943905
3118403,-41.45460168247213,-19.16756581802567,1471.2408980410546,422.6959228515625,123.0,1061.0,56.273390180993154,319,2.228917760250839,380.31057712458465
3118502,-45.91413083972921,-22.534414322099618,87.08181204739958,1022.0526123046875,872.0,358.0,45.03285392127067,19,57.68594527411822,241.80355153352568
3118601,-44.08422246309436,-19.885195616763742,197.60191586613655,900.9302368164062,838.0,129.0,10.82934089465722,43,21.538963630445576,133.17086502163232
3118700,-45.41942621663228,-21.16889862124825,286.668899288401,849.5901489257812,779.0,137.0,13.525048247888668,61,13.704237022996692,109.51363804058481
3118809,-44.37742950923234,-16.61273145595426,2228.0110414689407,773.723388671875,533.0,423.0,11.715609300516283,470,61.812912211450545,61.812912211450545
3118908,-44.208225713644616,-19.095789208480404,820.2203511120752,710.14453125,583.0,386.0,15.184831262566592,173,15.24189686017323,90.70220317136715
3119005,-45.66138289780861,-21.77931096408494,188.2975632371381,880.6097412109375,802.0,271.0,20.425217583863688,41,60.26591530518505,162.64642140034488
3119104,-44.616605567127245,-18.336717580376412,2516.95097611472,677.4767456054688,516.0,454.0,18.560750209617435,537,23.407344260638947,64.02277935878595
3119203,-42.26900093266279,-18.616847366729303,577.4692960996181,629.5827026367188,245.0,664.0,31.204513192767923,127,41.0233432293455,299.6915423024692
3119302,-47.1380761699547,-18.41529213536459,3302.5308993067592,876.871826171875,701.0,501.0,17.459907152272393,710,14.40582978108705,14.40582978108705
3119401,-42.69006582073278,-19.45952739300164,224.5589818134904,692.5208129882812,244.0,795.0,49.41778950421192,48,18.71044949320704,253.5053510516857
3119500,-42.17539425909954,-16.592533393401872,811.8172885635868,577.9371337890625,280.0,614.0,58.03004833844386,175,4.07544913181035,252.1345832311689
3119609,-43.29316001942852,-21.60398849766331,131.99716788250953,659.4000244140625,427.0,416.0,43.316847943809684,30,53.61827078820059,294.3193842805622
3119708,-44.2017404821523,-21.02473239375132,146.30556244589388,986.8333129882812,919.0,154.0,18.773929703321592,30,48.35571104727297,181.05152703521816
3119807,-45.982163019543194,-19.782835841692926,664.5379860410467,839.8936157226562,657.0,531.0,23.35905528416807,141,41.56916649284156,41.56916649284156
3119906,-45.9924697158125,-22.63585845444108,123.95411443337798,1146.9630126953125,893.0,722.0,70.9803292658887,27,53.168397729619976,252.70358203155197
3119955,-45.532916717268186,-20.45004671717137,104.13606277946383,861.227294921875,802.0,116.0,11.483117683570834,22,36.23144269970955,37.516317429828746
3120003,-42.44635733727586,-19.82952404599393,206.38502058852464,346.0869445800781,262.0,417.0,26.257610150622014,46,5.245911225583784,287.3279608601975
3120102,-43.43976069510442,-18.084777546837564,484.0095248175785,984.4392700195312,676.0,965.0,45.38385921486874,107,13.51911299949234,168.93336755591815
3120151,-40.96006770690079,-17.24002708276004,969.9820113941096,363.6243896484375,246.0,413.0,20.387776832753644,205,86.58670640978464,399.0744936304683
3120201,-45.55582556835648,-20.811081469795198,616.8839993448928,815.8074340820312,758.0,148.0,9.94928811349077,135,10.092243160301331,68.56283985866993
3120300,-42.81822392351537,-16.717791376587325,845.0440228586085,719.8277587890625,453.0,548.0,28.874892493398814,180,15.917772235880209,207.06777390599927
3120409,-43.82516843080582,-20.8338821108907,137.47308040596545,1034.225830078125,968.0,139.0,16.49568741985208,31,12.422914193568733,204.79600358502572
3120508,-45.290318839460504,-22.206622160122716,303.88107288628817,1221.48486328125,901.0,824.0,63.68843589777983,66,52.51873093972798,219.09932040907634
3120607,-44.35626794672909,-20.402719366337177,154.74539512768388,978.6857299804688,852.0,294.0,21.645920154135133,35,27.61408637422751,133.55813667074935
3120706,-46.67401241897335,-18.97278180344002,181.52542331069708,907.2432250976562,840.0,234.0,15.968630521786423,37,16.907535606046984,16.907535606046984
3120805,-44.797058987493834,-21.728160580445962,518.3207873431966,1059.990966796875,982.0,207.0,13.897276750442789,111,48.01053412593948,196.60422095896368
3120839,-41.12881325952187,-19.01008247289478,227.12044168822467,317.8775634765625,177.0,564.0,49.17936836378399,49,31.73095478565753,414.8561280623405
3120870,-41.765028961433664,-15.862267267638549,577.3279381720349,897.4761962890625,801.0,488.0,17.595004163527477,126,76.534167492586,256.8111462934943
3120904,-44.44933900359033,-18.821044734630213,3305.2664192784578,679.9564208984375,534.0,442.0,11.694703898052186,711,29.3051939934928,70.91242570902247
3121001,-43.647300498877165,-18.47223221494346,315.4286788562313,1197.1817626953125,987.0,432.0,28.412264232568837,66,30.977614377790115,163.16611845843946
3121100,-45.286505350604706,-22.50663111422457,406.1061221975833,1473.572998046875,903.0,976.0,73.82647188273413,89,27.930312769140816,250.5202146756504
3121209,-46.774971741021886,-20.3559622030529,1371.3402123823762,881.5816040039062,657.0,747.0,42.14412285826308,294,9.51868110259634,29.060910097820695
3121258,-47.80554218368136,-19.938579090538457,102.1585946334526,604.7894897460938,534.0,139.0,20.266015661359784,19,5.876418827544621,143.11580168109637
3121308,-42.96604565450327,-21.44402388374818,220.48941414058208,550.5416870117188,360.0,700.0,39.04756181105,48,55.74446309223879,314.10600958810437
3121407,-44.26931320745039,-20.62703560898418,385.386068277061,1097.4940185546875,996.0,193.0,17.214046872918015,83,34.19006673276662,153.4398809799922
3121506,-43.51681190647245,-21.15085001900821,145.69273138418794,900.7879028320312,763.0,417.0,28.509180210701178,33,36.406362777392026,248.85644925419783
3121605,-43.608665382658,-17.99092489518388,3900.9697947259992,998.4100952148438,567.0,876.0,33.40420072920192,834,5.090297712262289,149.4597841997891
3121704,-43.18507882344026,-20.482522555462918,167.26010466180742,682.5714111328125,617.0,149.0,18.796270084704776,35,17.77399742691618,247.5232409093385
3121803,-42.68273863873671,-19.838868020275424,332.75028551369905,415.8591613769531,275.0,524.0,31.689171920407524,71,9.974978121756154,263.98411989797626
3121902,-42.999856484554556,-20.98670608815286,117.19832435529679,735.0370483398438,431.0,406.0,33.130159683603566,27,27.875095573957264,288.0800272556111
3122009,-42.17281193031981,-20.59062241031589,337.72721741721034,866.5774536132812,676.0,787.0,47.15848512392301,71,79.06294606256021,343.84967525728047
3122108,-41.50662699357412,-18.711261513964555,351.629828190431,384.75,251.0,455.0,39.62805397317438,76,29.07098429882368,377.78595140754226
3122207,-42.572524830195206,-18.78365564896278,132.38900618441403,825.5,726.0,208.0,25.879662581646986,28,53.94883485949007,265.0962986537584
3122306,-44.929621948670395,-20.122976047415044,710.8185411784798,780.5870971679688,669.0,330.0,14.171441538155552,155,63.26547498392903,66.3171893435648
3122355,-41.37206926631446,-15.699557455176105,112.27872884878889,845.4091186523438,729.0,236.0,19.556706517982196,22,81.58283265960344,289.2815069278662
3122405,-46.243485247131574,-21.517727178648407,213.78484097868204,851.4468383789062,778.0,202.0,15.794552365008357,47,30.205144983727227,129.15532198879274
3122454,-40.91100006488758,-15.762396792228216,578.1839358140714,762.0,370.0,620.0,30.909043227798733,123,49.3687673483368,338.344237567618
3122470,-46.29089515254371,-16.740040960329996,788.4348658230156,601.84521484375,500.0,378.0,13.262203914911057,168,128.8990696799217,128.8990696799217
3122504,-42.09169011811142,-19.386402731124715,60.6517120860517,418.30767822265625,293.0,272.0,47.98078546174072,13,27.447589839269366,314.7104144879878
3122603,-43.257723996121506,-18.927219768973057,418.42861334234476,677.4021606445312,571.0,282.0,19.901367080994316,92,71.806824956551,191.47748444817802
3122702,-42.945510308585106,-20.13270929356162,195.1004626872018,676.0714111328125,501.0,519.0,30.435973258849973,42,9.959446239281808,249.7474920225342
3122801,-45.14338257686096,-22.228539112241286,108.90241113770753,1166.0799560546875,897.0,889.0,67.74968070305734,25,42.168942929540954,226.99739673614272
3122900,-42.79882122489952,-21.333134843642323,69.59575168415904,356.625,244.0,283.0,40.31583866785499,16,60.390039570168135,324.0366507555027
3123007,-43.99272209988204,-21.100051946748682,114.74484971817583,1025.8182373046875,932.0,197.0,15.246662682289843,22,40.55897208123382,203.77613128199354
3123106,-42.92920509390542,-19.058278360107135,370.1398330889642,683.5365600585938,406.0,620.0,35.779033500008666,82,62.14834090419674,225.25372700064904
3123205,-45.54611105539124,-19.48694830518211,1087.3703992702067,669.4382934570312,617.0,110.0,8.193376077677415,235,14.99144427121335,14.99144427121335
3123304,-43.16771187591908,-21.022976649379032,233.63079120684415,785.7169799804688,697.0,182.0,14.639627496475393,53,29.658748326864288,274.39596880437796
3123403,-45.88678747089022,-20.29092288944689,153.9056431679055,700.7879028320312,653.0,123.0,10.555770136145949,33,5.769064183039959,5.769064183039959
3123502,-47.60580727567627,-18.435766331825118,321.4234117548913,714.7285766601562,634.0,201.0,14.144714298857544,70,13.521164951789599,13.521164951789599
3123528,-41.79442235065732,-20.14830581183389,216.07999614998698,693.5652465820312,554.0,352.0,26.692129395965164,46,81.7812903086674,362.34199917028087
3123601,-45.59648416635271,-21.611951869775837,472.8438035445288,862.6893310546875,786.0,194.0,13.496806047163057,103,63.70079156380916,146.6700313370398
3123700,-42.020489126857655,-19.12845498071,195.55294928699732,282.3023376464844,224.0,203.0,20.5037370126442,43,15.212154139773352,320.7954366434859
3123809,-44.01069253910919,-17.296341212114637,615.7784035671502,678.4503784179688,594.0,280.0,15.224363625276597,131,49.14573754447378,86.10596681832237
3123858,-42.24436691001903,-19.655445826562758,85.72573355585337,539.4736938476562,441.0,268.0,31.400751771117818,19,24.06469508988173,303.23603872660226
3123908,-44.09627775952089,-20.705828907611547,456.1578032905236,971.8775634765625,865.0,258.0,15.846638693162383,98,30.081745520490138,173.37955744086062
3124005,-42.60037157480297,-20.847951741891684,365.58685312140733,865.7435913085938,690.0,616.0,37.160096758062586,78,49.54274703909858,320.1213231989249
3124104,-44.30838535835464,-19.73343959860989,916.0760592073202,812.1887817382812,694.0,298.0,14.8005485024464,196,15.189925383067227,104.38818883466901
3124203,-41.93394100313255,-20.59810135459019,327.23282071296126,1002.94287109375,751.0,1101.0,49.725673113891894,70,102.71771035057719,366.4374633321524
3124302,-42.96749485689771,-14.858366652099214,1878.6284025465138,656.2045288085938,454.0,745.0,23.280550315413556,396,102.88993581056101,102.88993581056101
3124401,-45.98873094201137,-22.009559095197577,257.3972745714709,1185.6666259765625,861.0,494.0,35.38998160407358,60,28.32361460678188,183.48543890183817
3124500,-46.0159544511295,-22.45988866995782,242.3421420501545,1026.8868408203125,834.0,578.0,41.64229889748321,53,66.71537899523615,233.20739982299656
3124609,-42.4704584939737,-21.705982070161937,115.44818140007555,271.4583435058594,130.0,325.0,23.401688318325427,24,7.848657229158636,372.54780620583074
3124708,-45.806925062334365,-19.590021979230887,640.6474326765165,727.1448974609375,638.0,318.0,14.464594556760735,138,33.01612691158416,33.01612691158416
3124807,-47.72575990257914,-18.715523451039576,813.7864840906113,878.3466186523438,674.0,339.0,18.747672649417925,176,34.671853511789294,34.671853511789294
3124906,-42.22233614777555,-21.01372157903773,311.64211594872177,547.5142822265625,224.0,836.0,40.14150249334184,70,68.92672519855329,362.6370328936641
3125002,-43.5554677419432,-21.571987026794325,92.64950346108526,828.2105102539062,760.0,119.0,14.451602208610824,19,52.70215884040263,270.0634015804208
3125101,-46.289270405000906,-22.824266947576533,245.00447450391948,1054.5272216796875,880.0,593.0,58.545375611108625,55,52.50391974753514,273.3890712741792
3125200,-45.816114616887916,-21.462178168629862,85.31786918174475,805.611083984375,772.0,74.0,9.935978050784465,18,60.959218528104756,125.01386327130022
3125309,-42.0324759461816,-20.780915926934327,175.0436963159591,652.8461303710938,376.0,825.0,60.483225265456404,39,87.67090223815704,366.4015760244128
3125408,-43.24044207536441,-18.1326328970783,353.0239471690729,935.2236938476562,738.0,880.0,47.10501033043228,76,25.22606024324047,190.6209969457742
3125507,-43.359711278415496,-18.073374991382618,312.9774012481794,972.8333129882812,746.0,833.0,42.33652641302663,66,21.63794847056242,176.97380473243146
3125606,-40.73445536939097,-16.63633992607654,603.6295662312768,689.9527587890625,427.0,528.0,37.08824759105228,127,34.70864105031344,390.84926575681675
3125705,-44.95956834948179,-18.702058749318105,1543.2065024152398,657.1599731445312,559.0,346.0,15.109188299490278,325,12.387095062074197,23.773996076606856
3125804,-42.09595110904958,-19.104076016071016,153.73230503872037,253.8235321044922,194.0,240.0,12.936214407584586,34,6.962228245436745,312.86163100995884
3125903,-42.941026344661665,-19.245598806725834,1087.514384077862,694.2969360351562,389.0,719.0,41.20191833662714,229,52.16148007123156,224.60306466082466
3125952,-42.3445594539617,-20.682084094750362,366.1328748576343,959.3375244140625,735.0,961.0,50.89576880178343,80,65.42043933337797,332.9724589074638
3126000,-44.44350481562521,-19.870958760318185,181.28729642927647,816.131591796875,711.0,279.0,21.441718169907546,38,7.401632078770934,103.59841399707535
3126109,-45.51640720962278,-20.55330166646237,1508.4471237510443,855.4146118164062,732.0,355.0,13.769255855175155,328,29.52615284869766,48.26941597477308
3126208,-46.159530473919375,-15.129020077426068,3689.369331746828,839.498046875,542.0,487.0,17.164280685887984,773,152.72983709978527,152.72983709978527
3126307,-46.77267822928482,-20.88828935199873,219.64241604693234,958.5208129882812,792.0,439.0,38.604894834574516,48,34.544345887731154,68.88329121619827
3126406,-44.500281004580465,-19.560279786736956,201.61017787083983,727.0869750976562,667.0,220.0,15.832315590349094,46,5.848858307844109,77.03584488844983
3126505,-42.311424531058414,-16.978944440152933,454.3543726503849,471.59375,310.0,480.0,31.38634481621625,96,37.315086148091225,264.2602077213787
3126604,-44.27004661301519,-17.469180748529016,1586.5669573601335,864.2047729492188,572.0,673.0,34.725220837855396,337,46.077567624595574,66.96256197987057
3126703,-43.47917493063845,-16.39452742555017,2741.7637238982134,704.685791015625,528.0,635.0,19.17735816479543,576,93.05297326460283,131.8440926090439
3126752,-41.96726963281589,-17.994506547922654,713.1008364176378,464.4436950683594,289.0,521.0,40.544846965446105,151,90.70698007381156,315.308982938718
3126802,-41.5084834772555,-18.1400257938542,628.8440009588376,485.1268615722656,304.0,417.0,21.339268968272272,134,82.83346619615409,366.20535715212867
3126901,-41.88028241369618,-18.517959984261502,465.2595617817715,295.8910827636719,181.0,526.0,29.42275907661271,101,32.52091202365398,339.7834554027906
3126950,-42.754674636590224,-18.146678424439916,178.08451042324305,764.7894897460938,655.0,302.0,26.227322983877194,38,71.10769315345986,241.2903259478776
3127008,-49.1585808559565,-20.229794855442535,189.78179647773504,468.5641174316406,420.0,89.0,10.033760332546267,39,5.7667495909408375,176.98966460161594
3127057,-40.83329497147516,-16.89398203312873,325.8267609248869,520.8382568359375,306.0,695.0,46.2073661615134,68,53.73837890145335,393.43702398984817
3127073,-42.51806944931419,-16.125078633240722,760.9037896562368,781.716064453125,539.0,424.0,23.61622048136141,162,58.3147343567798,195.49633025550193
3127107,-49.000653312958946,-20.036701344561916,2426.0213875006884,515.5689697265625,388.0,289.0,9.757203355262767,522,12.524035716300121,159.15796060495566
3127206,-44.07664459670932,-19.363780309521346,183.97441757563502,718.3513793945312,630.0,219.0,16.187437224442796,37,9.496122789941857,109.29847072600263
3127305,-41.54593835807133,-18.881090009874047,710.1902092304081,266.9735107421875,144.0,422.0,25.111254085854053,151,14.481184040962603,371.77091113280375
3127339,-43.25780539078458,-14.970900305442209,1725.1655400353484,576.4389038085938,450.0,639.0,20.226531950308672,360,73.11188349764603,73.11188349764603
3127354,-43.641017975399976,-16.902536965289926,138.36064855195582,722.7036743164062,639.0,189.0,17.285949946572234,27,63.82902509638227,124.15434960315885
3127370,-41.238089522130885,-19.025607588336346,111.48256817366928,226.1199951171875,165.0,200.0,16.664653916805033,25,24.19190809425583,403.2946604658435
3127388,-43.191211671668285,-21.55532312136972,142.74500824231654,476.79998779296875,407.0,346.0,25.684841419310267,30,54.00334432327508,300.37311520696085
3127404,-45.82850787770336,-22.674012867604798,185.50106302835047,1335.547607421875,880.0,929.0,69.5006958392488,42,39.935819788258996,257.825591237833
3127503,-42.505061604491296,-18.874084616636008,214.42265241593122,766.3191528320312,419.0,571.0,35.34074016846913,47,41.8037724859655,271.0348417699231
3127602,-43.83278338817662,-18.52444632655962,866.0206507509574,1071.66845703125,565.0,794.0,32.221937219377466,187,35.43020039175324,142.81655561297922
3127701,-41.96387998980608,-18.782874072114794,2353.2678657583892,304.2628479003906,141.0,706.0,25.487270087493343,506,5.065229261246305,328.88461139176076
3127800,-42.99466520025486,-16.464035431709295,3858.7991859400645,863.9194946289062,387.0,792.0,24.056474584739433,820,47.797576467884966,174.18050006682438
3127909,-47.762226712289475,-18.486725822299537,196.72023779898882,679.093017578125,631.0,151.0,12.09855738017649,43,15.030389119091925,15.030389119091925
3128006,-42.852247604737386,-18.834035298982446,1099.808529485017,818.1021118164062,424.0,683.0,24.422783947068538,235,71.40133207605335,235.10163686776613
3128105,-45.91805399617511,-20.76362692859014,935.643045976758,861.5173950195312,758.0,464.0,28.992493691068795,201,4.359860132719603,47.275482152064235
3128204,-43.01896159101683,-20.554925821743133,354.35706724599004,651.6233520507812,499.0,305.0,18.089019030024378,77,1.9306262534316996,266.212767279416
3128253,-43.619510970745374,-17.074958015727507,382.09881147835404,821.7874755859375,694.0,324.0,18.680984400726533,80,46.48513501714944,124.66784547169793
3128303,-46.8060993345866,-21.27962075548935,296.46569926384836,853.880615234375,715.0,414.0,22.216411385576457,67,29.0131398336109,110.6817999121235
3128402,-43.06111398720387,-21.356461736925,264.4038380002603,453.137939453125,328.0,542.0,18.491751748251737,58,66.65687963760104,300.94968697600865
3128501,-43.023645857185365,-21.75580649997463,85.24759143404663,560.9444580078125,509.0,105.0,12.815647006653883,18,26.63431874208851,326.60597629882324
3128600,-47.126135104030254,-17.73375118007361,2070.4574358146638,777.95947265625,541.0,469.0,20.21825462787292,444,38.813036173011156,38.813036173011156
3128709,-46.68128782238351,-21.29149018744931,274.4873396102339,947.7666625976562,821.0,303.0,20.181046639240726,60,29.537298347873463,108.42154657816188
3128808,-42.784707607744224,-21.165230771021363,155.58909658063203,400.058837890625,317.0,246.0,41.45342976646945,34,55.99876268761236,316.6688055117085
3128907,-46.75120837406491,-18.817509324040156,350.2227107658982,962.881591796875,823.0,415.0,21.61771354129598,76,20.401889812786262,20.401889812786262
3129004,-42.69910025878533,-21.014230052229767,286.4030823847279,478.8135681152344,342.0,471.0,50.613530328834905,59,50.158904209838035,317.5903060917996
3129103,-49.87112986814012,-19.098048476231796,1854.8871912332252,530.5202026367188,408.0,269.0,13.429252351325081,396,53.0513755543564,53.0513755543564
3129202,-45.538367239621564,-22.047661547066255,152.64532772265375,936.21875,853.0,274.0,34.59286404625311,32,73.6351827975653,194.53128537470042
3129301,-42.24273778788771,-19.344262624297347,337.96068869996816,361.9459533691406,111.0,583.0,23.426179632336897,74,12.385190824760974,298.51853028953417
3129400,-43.95755037818434,-21.44728068789886,341.51424753293395,1093.5584716796875,1007.0,162.0,13.460428324219947,77,23.274308534249386,228.83878341114922
3129509,-46.59568268860363,-19.556498744411094,2700.6248226370662,990.1103515625,837.0,452.0,15.96220094635909,580,49.65985214643824,49.65985214643824
3129608,-44.789116712393024,-16.82894561598368,875.5653485860676,599.5347290039062,477.0,278.0,17.491218140294045,187,13.093144455414631,13.093144455414631
3129657,-44.143515518508245,-15.698115353585525,345.0461351755075,787.9722290039062,625.0,227.0,15.438555781877394,72,28.797053237334357,28.797053237334357
3129707,-47.113668081192614,-20.392737215628046,554.650005819276,962.5284423828125,623.0,621.0,30.441694630313982,123,11.914206304579823,64.62506576698024
3129806,-44.06797223779275,-20.023969101730877,62.69562997389585,921.8461303710938,822.0,285.0,37.02906657271028,13,14.125107765612688,143.89488193830664
3129905,-46.40985519991941,-22.06987927789952,63.16538652591407,1063.5714111328125,927.0,501.0,55.260824191429215,14,25.06383930318859,190.16888671084126
3130002,-44.78611254352829,-21.168840364962346,151.80747415032238,889.0294189453125,820.0,188.0,16.218717226135368,34,4.785914979579828,146.434907258682
3130051,-44.91862515446833,-16.22737911613928,616.6867748117074,570.3485107421875,456.0,282.0,11.119883651385283,132,13.564371430363673,13.564371430363673
3130101,-44.32213415114739,-20.06061996408393,109.34052817244083,843.2083129882812,776.0,261.0,23.118706702773306,24,8.274813443965792,124.00333853776259
3130200,-44.71873532602862,-19.950008834708118,225.45785192400217,787.5833129882812,698.0,311.0,15.672168020061084,48,34.22826779177985,81.01773804840894
3130309,-45.753071220498214,-20.156190027249885,629.9850833332166,680.9124145507812,635.0,158.0,9.427185093807612,137,0.48954181175909084,0.48954181175909084
3130408,-44.932451161753214,-21.1741575859252,104.70713105238974,873.5999755859375,813.0,128.0,11.528177028834826,25,2.20510563341804,138.0203880947824
3130507,-45.8036679557564,-20.93166331384339,376.0423042420298,985.2468872070312,804.0,488.0,39.61424363534897,81,15.375841655714638,68.59457582036794
3130556,-41.96852875833505,-19.62126913137572,204.93175767548382,679.6221923828125,488.0,367.0,26.07284132752055,45,52.073483619586604,330.89155355194333
3130606,-46.28255779287412,-22.336792818739262,134.86397350858897,986.066650390625,871.0,408.0,35.68430955562407,30,49.56722226486826,219.5040549157738
3130655,-42.14325116497177,-15.563922189154932,1000.0394215318374,851.4761962890625,733.0,330.0,17.632313937435164,210,117.15354274486828,206.67250112870437
3130705,-47.84838311765233,-18.953496911157682,828.1430571172386,915.1516723632812,670.0,345.0,14.00176524757975,178,55.78461503961776,55.78461503961776
3130804,-44.92329747819756,-21.414338856075897,313.319956692867,971.5606079101562,877.0,285.0,20.367759404159443,66,25.777825708369242,161.285423305871
3130903,-41.966267217760354,-19.49804457970397,875.7479417324066,523.5079345703125,260.0,702.0,44.7439318758078,189,45.40532286381002,329.1307237572225
3131000,-44.40799283116446,-19.500317108468483,244.92335360124707,758.6981201171875,688.0,263.0,13.137726379768155,53,14.849011660877839,82.02359059131769
3131109,-44.29160295855192,-18.730038101793447,508.25119623728096,622.1651611328125,548.0,206.0,11.33503634758327,109,9.90888139842348,89.7903033701617
3131158,-42.36847041341204,-19.40758732685673,109.38708240818232,326.4166564941406,220.0,448.0,22.73327280948219,24,5.10930085991295,286.1062982797011
3131208,-41.74744589053701,-19.761706592107664,455.6874890020117,446.2755126953125,233.0,456.0,33.56112497114205,98,72.6283427311981,356.4118656769283
3131307,-42.60223632474461,-19.43649360033717,162.3342318823561,538.9705810546875,234.0,758.0,45.66580839284095,34,10.759344715571068,262.2235286510815
3131406,-49.931527724361416,-18.698818714704437,469.4235334461555,444.21783447265625,395.0,145.0,9.887325747795387,101,9.468896287851242,9.468896287851242
3131505,-46.12991196551379,-22.026226520050464,294.7293061921373,1253.0806884765625,1102.0,296.0,22.17923413367404,62,18.29109286618851,185.4436333567838
3131604,-47.45697296389454,-19.044812480838303,354.6991295814514,920.6710815429688,800.0,247.0,20.635311292921223,76,80.64626671650826,80.64626671650826
3131703,-43.30184538483966,-19.600812454905334,1253.3771503847092,840.78466796875,587.0,933.0,38.594015218320216,274,52.19275307100565,194.52627050723004
3131802,-41.24310531431571,-18.55387849542557,192.82477408647537,496.2954406738281,284.0,415.0,40.16587701427084,44,59.67463064366597,406.05083188557967
3131901,-43.80963480076198,-20.25355327550014,539.9738814989105,1108.1033935546875,831.0,718.0,36.40935612613137,116,17.560722115204545,180.77990787568035
3132008,-43.326931700067036,-16.933349833032967,1805.9728107983246,984.8359375,730.0,621.0,32.86138570494176,384,41.62173854480414,156.82495429975657
3132107,-44.12436371715192,-15.178493285223917,1218.519061123021,581.2648315429688,446.0,366.0,14.904856997196406,253,3.2033825959236983,3.2033825959236983
3132206,-44.53160597818606,-20.37070946777306,415.80976463109255,930.01123046875,759.0,343.0,22.262103544742722,89,43.06494078337705,115.90609248707258
3132305,-41.659497388884226,-17.411305611648704,488.75754423066974,782.126220703125,526.0,489.0,29.13709391710736,103,80.49195976544192,334.56579395786287
3132404,-45.41635427757153,-22.42133911517993,301.4222355214879,1051.1514892578125,838.0,741.0,61.8124246114042,66,43.999421154735394,237.66411693749393
3132503,-42.87782020639954,-17.855699070980307,2764.1892451588064,906.5643920898438,647.0,820.0,27.22091163211643,590,58.940012646728135,219.71267162528358
3132602,-42.84771433203388,-21.42846843443865,89.03274650499225,454.1428527832031,249.0,569.0,47.91582402272887,21,51.92717233585038,324.09128223769596
3132701,-41.845173862339365,-18.159605403112092,1422.962680102326,469.51324462890625,242.0,609.0,27.04744008254168,302,72.27341891397005,333.3277092603888
3132800,-43.348890602010584,-19.396667748891957,377.31043202616274,827.3717651367188,621.0,823.0,49.83012137638146,78,53.198107025633405,184.31556643497902
3132909,-47.05167727581094,-21.076291783441555,241.78486727923155,984.25,830.0,338.0,19.743748257898048,52,44.576942276936585,101.34379793074112
3133006,-44.75580174173138,-22.287372339642122,428.29813543614,1546.2210693359375,901.0,1581.0,95.0280171389932,95,26.05979422270836,250.61181205779718
3133105,-44.91965244993913,-22.32010445572918,145.22747069969773,1162.199951171875,915.0,1279.0,64.00479606913268,35,26.308444761414883,246.0381902282588
3133204,-41.816474380356894,-19.161384047012575,490.1968474946916,344.132080078125,190.0,465.0,31.912620395173857,106,27.432690037906546,342.2692426918459
3133303,-41.532460419667835,-16.581864968093942,693.3978783967905,502.770263671875,241.0,601.0,52.261569800744724,148,2.4227126060756117,311.776105843252
3133402,-49.422535314315994,-19.79519214501728,1793.5995888812467,502.3472595214844,378.0,280.0,11.129659732913234,383,18.046137580841847,127.47675208863765
3133501,-45.10822467808862,-20.458579947260745,1047.5498682968318,900.1777954101562,732.0,375.0,17.10905121927705,225,67.43470865904324,68.14679240968258
3133600,-46.20875075902307,-22.698621764112602,179.55111457128078,1204.1578369140625,947.0,551.0,55.93931967035909,38,57.88955900588202,259.73588046151644
3133709,-44.453028053844875,-20.210218626589306,290.55515055917203,1010.3809814453125,861.0,363.0,32.75786561760545,63,28.915469623116397,115.5432988910246
3133758,-46.76911279607104,-20.745858293778706,145.7357674939558,787.441162109375,679.0,279.0,19.99468834014204,34,23.32313202522517,54.75083993153024
3133808,-44.58919379502574,-20.07798153564358,498.4211151059717,891.9181518554688,750.0,355.0,21.58679555218901,110,31.208717362181698,97.38504970801493
3133907,-43.610956364459376,-20.684949427557523,265.8699142728001,909.1454467773438,721.0,562.0,33.16442440143233,55,9.401942291243007,216.71582456653962
3134004,-41.83493730369727,-16.586644779607074,1654.0352801680565,565.991455078125,259.0,809.0,37.950002995977336,350,3.006719296825521,283.1979955336902
3134103,-41.1074165936374,-19.375195878474848,450.3581503741443,227.27659606933594,104.0,432.0,26.514963066809287,94,2.7635595107111857,417.50792485413064
3134202,-49.545930415021964,-18.991324005062133,2585.2568191299215,566.2184448242188,399.0,332.0,11.729011323398579,563,41.800055836216806,41.800055836216806
3134301,-44.821697427505214,-21.291931967737444,222.86241442989558,923.0425415039062,834.0,256.0,17.8872077516682,47,9.764749187543615,155.19449845019457
3134400,-50.345193217235206,-19.716143921766434,1409.2973276898265,440.194091796875,333.0,190.0,8.948337151826056,304,11.91896455176086,58.83327331466396
3134509,-44.708976802846756,-21.35075680912617,382.6741828098893,967.8214111328125,860.0,283.0,21.472811865212627,84,10.11663481753086,167.22290303851207
3134608,-43.7176377078603,-19.440446478227237,1141.1287398077548,898.8548583984375,658.0,879.0,28.301059343027404,248,19.877494618596547,147.78420492350847
3134707,-40.31451873124655,-16.180565118258777,1391.2206386020407,343.66552734375,156.0,597.0,34.010375663227606,293,7.0470566803638075,413.0550130681275
3134806,-46.73508668913535,-21.025821799994098,407.8862138837576,1026.505615234375,856.0,274.0,15.84889790086756,89,45.64651993259399,81.70462333615387
3134905,-46.60265373686105,-22.28615435342358,346.32622892502695,914.8181762695312,704.0,567.0,36.86430839848112,77,55.21232364762803,215.76166071505125
3135001,-42.71872264208515,-19.63877912118251,168.7683583777398,540.8333129882812,258.0,556.0,50.10299243869899,36,23.956704946527566,254.44205820107487
3135050,-43.67644725178204,-15.232038741737341,2631.0653466545045,489.025146484375,447.0,277.0,3.6595294977786827,557,40.97384698364034,40.97384698364034
3135076,-41.73873693160285,-18.46478489378026,509.57670270930976,311.9537048339844,213.0,287.0,19.88881181339534,108,40.9898776633171,353.032352314469
3135100,-43.3964273445371,-15.79973917748222,2183.722267649602,561.5218505859375,477.0,318.0,7.574655103714983,458,95.57909855537729,95.57909855537729
3135209,-44.85055589582215,-15.320115964800435,6685.034223844297,646.6317138671875,449.0,406.0,10.587681932756293,1401,51.37951761637454,51.37951761637454
3135308,-45.5284457269863,-20.132020488577105,170.73781800083816,695.0810546875,636.0,156.0,9.83314673938284,37,11.900818122912153,11.900818122912153
3135357,-44.32614953385607,-15.944934557359357,376.16074009099975,757.313232421875,515.0,383.0,16.44661419107926,83,36.21903953995511,36.21903953995511
3135407,-44.047282124510865,-20.555184989230074,232.0152964964509,980.47998046875,863.0,272.0,23.328192614637555,50,12.69370591726064,169.80579922895163
3135456,-42.213458770083356,-17.168068241430845,284.2735555144027,580.9166870117188,385.0,521.0,32.67313669285461,60,52.05177553058792,274.2972195820645
3135506,-42.61765785010668,-20.474579763415022,543.9143463307992,628.3949584960938,405.0,570.0,27.006591436003742,119,31.011194415406568,297.1656873289411
3135605,-44.47816914008616,-17.210369620324773,1262.5169770102948,663.3345336914062,487.0,519.0,26.132159748072723,272,31.77147304747328,35.865446712729735
3135704,-44.00130613794446,-19.21383777456994,441.8554532388225,701.3814697265625,610.0,402.0,14.793572149337377,97,1.1444159011489912,113.47600546206948
3135803,-41.081581496519064,-16.38933492512161,3503.9773080851883,605.3892822265625,198.0,892.0,45.23415599276364,745,5.05250348744723,346.02219501411207
3135902,-45.27479025450167,-22.010664055818197,153.71332134958357,990.5294189453125,880.0,440.0,34.53815343820879,34,69.81385445770512,199.5701245478522
3136009,-41.0152900692869,-16.77147770078107,1658.6872372841462,595.2556762695312,272.0,700.0,40.48583285793121,352,36.51997385254371,370.34193759346937
3136108,-42.70454188490439,-19.211353723941574,243.98888402804732,512.1481323242188,282.0,666.0,31.19478721525773,54,33.444501343022445,249.15637166976651
3136207,-43.15742687387042,-19.84039333866919,101.34158737678081,846.0,637.0,455.0,48.86280073783002,21,45.49799770959919,216.97035584842703
3136306,-45.935227936842296,-17.606333872271545,10696.937596649863,676.2185668945312,470.0,516.0,11.48727418429631,2274,89.41071302492253,89.41071302492253
3136405,-44.11085359112101,-17.673982490949022,780.495919348672,798.375732421875,603.0,652.0,22.568343470401526,165,46.29699846746508,92.16075861967717
3136504,-40.3104659393274,-15.885970566610158,531.7408314771019,322.5,168.0,596.0,21.4413417118243,114,25.337544478664192,403.6677518104355
3136520,-42.65817525418507,-16.900555279068723,366.75223105587065,723.8533325195312,459.0,495.0,41.73790338541895,75,10.146994411437023,228.09536913549988
3136553,-42.4808745020364,-18.247659606746623,182.4084477359429,504.3157958984375,337.0,334.0,26.362554828378247,38,85.35243000457031,271.69318370950435
3136579,-42.55263091393423,-16.540313534878734,524.4627452874556,748.5574951171875,429.0,615.0,27.160830271866466,113,15.914067418996945,215.71140435274714
3136603,-43.57155077003868,-19.639276421813307,146.3078256584704,1020.7096557617188,832.0,616.0,35.076307690573785,31,23.613666693022637,168.83457878582647
3136652,-44.35294576227302,-19.957174506169082,101.21084655076265,825.5908813476562,734.0,463.0,31.33014512386471,22,3.2030799534555605,117.01141727725972
3136702,-43.464847946520095,-21.744310312419767,1441.8865720098838,768.5777587890625,539.0,420.0,22.958964448883744,315,48.75504354568203,288.83902933985365
3136801,-43.56388410209003,-16.840447894367912,431.7833527913317,859.021484375,602.0,633.0,31.068496430495973,93,64.56211409363176,133.5339069658274
3136900,-46.52651079856933,-21.220522597773325,212.15152651630342,962.8181762695312,845.0,274.0,28.878955469564502,44,39.33055302747183,98.0737356004609
3136959,-44.08370585016069,-14.385032164117312,1074.6244337493554,496.8475341796875,439.0,252.0,7.959518836416786,223,26.506843385790003,26.506843385790003
3137007,-41.82431115280745,-17.626932848710823,865.8052340680733,699.89013671875,444.0,575.0,30.64497440313331,182,98.38061522696742,320.37888219446165
3137106,-46.73658550628186,-18.1050145372288,1486.959545190446,724.1049194335938,544.0,438.0,17.53492758113464,324,20.713470407038706,20.713470407038706
3137205,-45.49407882917764,-20.009528399447746,441.90958439093083,702.6702270507812,630.0,240.0,11.909940231237005,94,10.21772058429595,10.21772058429595
3137304,-44.644332874390166,-17.006541280771078,594.1481580799446,619.1428833007812,482.0,295.0,16.241814965256918,126,17.22956026341371,17.22956026341371
3137403,-44.07404481322303,-20.89275343592641,480.9804119244218,1019.7047729492188,926.0,223.0,13.322770536871401,105,38.464517467795154,184.68512965648864
3137502,-46.334818604724994,-18.76960874296293,837.1550525454804,892.8333129882812,767.0,323.0,15.632610701516295,180,17.624910193984846,17.624910193984846
3137536,-46.503096863286224,-17.76652166141992,1230.6174730882049,574.234619140625,520.0,261.0,6.509171549309507,260,64.50577571137363,64.50577571137363
3137601,-43.88699708499451,-19.629701712529002,233.3395586963743,755.30615234375,674.0,170.0,17.285888855783117,49,5.938933399403866,137.51126097778533
3137700,-41.58837922029826,-20.144135109127703,429.5256944485009,691.522705078125,475.0,561.0,49.374835949570645,88,91.44782690891633,382.76089376654704
3137809,-45.377297315067956,-22.003671350904444,209.1170906284824,1092.844482421875,899.0,462.0,48.543444507374836,45,75.9443882927429,194.97508309970766
3137908,-43.4754330659205,-20.779710296824728,126.26527087856084,766.076904296875,704.0,197.0,15.14735541362889,26,4.251296593653913,233.88741624829467
3138005,-42.450982741952814,-21.35732112037662,207.9059481061995,298.0869445800781,163.0,552.0,34.94734695172897,46,42.50790068653,356.86507663356053
3138104,-44.69405575859559,-17.88063284796196,3218.254245966673,787.58984375,491.0,745.0,24.791282249401494,690,13.844957414942392,35.08003757972385
3138203,-45.03456388393429,-21.26488833837584,584.6351161766797,905.280029296875,789.0,415.0,17.7094532393365,125,9.687686754092043,141.301796757401
3138302,-45.039886218604046,-19.680005372017003,346.99147246964276,715.3466796875,610.0,185.0,14.713812866224604,75,40.52363668077047,40.52363668077047
3138351,-42.74199338566762,-17.07076644642484,274.244031929411,741.8225708007812,433.0,487.0,37.851521748782915,62,9.166772054619868,218.05270356810033
3138401,-42.64259268101831,-21.54870319917238,976.2462759660557,317.75714111328125,171.0,409.0,22.129823295358758,210,31.574758446734567,348.8751820577348
3138500,-44.334296610248145,-22.016315779774402,402.5097850924358,1178.255615234375,1005.0,413.0,24.390752072656404,90,2.0897018819659774,249.50212091540448
3138609,-43.88553481881282,-21.801017335109968,852.3793768780306,991.9518432617188,698.0,819.0,39.414043437213515,187,19.028057214274,260.414919103159
3138625,-50.64799194594162,-19.40568168303161,1313.3927462138236,419.5251770019531,322.0,186.0,9.247081365606084,278,21.032701849005814,21.032701849005814
3138658,-44.265264685180746,-15.85674876743688,252.1741427211091,758.339599609375,517.0,345.0,16.484378898202866,53,31.67699057870746,31.67699057870746
3138674,-42.07363219489433,-20.436378047811093,149.94398594275117,1044.441162109375,740.0,760.0,70.50357472850186,34,80.06032942116343,345.97063409801234
3138682,-44.59652812083997,-16.19509414666451,414.3712555915117,725.1744384765625,642.0,170.0,9.979886902739564,86,40.802283499506714,40.802283499506714
3138708,-44.92428331853469,-21.54029370683861,488.25956935063004,1017.729736328125,898.0,426.0,23.964805777635014,111,38.92975871819369,172.19114432925346
3138807,-45.67751684884696,-19.826156633823356,1191.1883482811972,677.2945556640625,623.0,198.0,8.197813169179533,258,12.227734715965504,12.227734715965504
3138906,-40.718988289011904,-17.086385904881546,336.8949261312373,323.6142883300781,229.0,173.0,13.359259178633222,70,77.98837875523272,413.43661875581535
3139003,-45.920383952917135,-21.665151168538543,585.4936978360638,911.7674560546875,799.0,352.0,19.41051694604341,129,40.779606772523046,145.8817451515272
3139102,-44.33350001367203,-21.48364370183736,485.685974101536,987.1121215820312,920.0,148.0,10.595143038319943,107,0.7688109336847289,203.25466135499667
3139201,-42.112076928082814,-17.846183195559636,724.2809137459844,693.9741821289062,339.0,742.0,32.175812895208274,155,109.02818133087936,296.00528539770056
3139250,-42.9542867559464,-15.014028668492442,278.7979744579643,816.637939453125,612.0,515.0,42.667217257315926,58,106.06000717701846,106.06000717701846
3139300,-44.09246930228207,-14.648822121064569,1951.7150153489783,518.7384033203125,438.0,297.0,8.239339260536958,409,20.214264361429958,20.214264361429958
3139409,-42.10676150872301,-20.19346659901923,643.0433133132756,888.2000122070312,558.0,887.0,50.89188555068684,140,58.16676678975373,333.03772781613225
3139508,-41.935182550635254,-20.346204564017473,183.5904655791819,827.4871826171875,617.0,655.0,51.450174746723846,39,82.74613321126274,355.5334339120783
3139607,-41.08070732364369,-18.687277775845338,683.8555307304487,394.448974609375,195.0,907.0,39.144282573399124,147,60.07803342450988,422.7885742072817
3139706,-44.66906730475947,-19.500776573149995,260.0540572376922,757.8103637695312,687.0,249.0,15.018233838015469,58,9.734476976060192,58.75186052415848
3139805,-43.01826357041314,-21.876764933867868,374.2490898091346,550.3780517578125,342.0,529.0,27.750435770975418,82,15.288921801217318,334.4202611431785
3139904,-45.314317663176006,-22.3225195731941,194.7483848137781,1310.6976318359375,875.0,888.0,64.64829079875852,43,45.06238062349288,230.32352631503176
3140001,-43.33057493681068,-20.329780347409844,1191.2348931934685,785.56201171875,467.0,1232.0,35.909525558884056,258,35.77245232510414,225.56838228895398
3140100,-42.071493447175804,-18.49685235937035,166.11600387562066,282.6666564941406,209.0,233.0,18.446226324095633,36,38.38154024872477,319.699161490292
3140159,-44.17146332411178,-20.078131161666498,36.19807359576225,863.8571166992188,759.0,251.0,39.71745453017585,7,4.269887875845582,139.8080293369824
3140209,-42.959635224618616,-21.69271912690373,77.90479898266494,607.5,479.0,246.0,26.68732583153723,18,30.49433505513739,328.5323748988273
3140308,-42.61433586757054,-19.706906306200196,562.4435333488509,393.7317199707031,248.0,587.0,21.358129091818924,123,12.649589370893318,266.8448114320333
3140407,-45.170405791645145,-22.465131724360592,105.34129264391959,1517.2083740234375,1219.0,786.0,78.19724631835648,24,23.57722810259273,250.14682291456566
3140506,-45.192406879905924,-19.414491641446865,1038.0785772567615,667.8133544921875,592.0,199.0,12.721750177302772,225,15.507396542536764,15.507396542536764
3140530,-41.84271372280122,-20.257520820043908,109.44488178286701,792.3912963867188,622.0,414.0,41.80615347243907,23,83.99028068063708,361.25008779011443
3140555,-40.70878438906446,-15.752841679440719,220.61975180217996,666.425537109375,432.0,474.0,37.614681866059286,47,40.35054364906353,358.8275767471469
3140605,-43.04873241751802,-18.463054453847914,271.13416186068207,788.35595703125,661.0,220.0,14.688665131420983,59,42.3854287507177,220.2314460243986
3140704,-44.43709957958282,-20.03011901457549,299.815806100145,884.5606079101562,775.0,304.0,26.42063374013304,66,15.14002260896878,111.5666147564663
3140803,-43.309579684748044,-21.868587823513316,150.40929348114878,615.727294921875,482.0,322.0,33.81270425956612,33,28.977848380100713,309.78911492015635
3140852,-43.759775472185844,-14.90288325251361,1955.1530453767627,466.52783203125,437.0,78.0,2.060178022082396,413,18.78427364497801,18.78427364497801
3140902,-42.31705770259492,-20.307651381188776,261.80301438178867,739.5087890625,582.0,389.0,26.43370846724914,57,51.69107513817785,317.20296189629767
3141009,-42.8634717151498,-15.424850230989096,475.1472616409883,690.5294189453125,508.0,672.0,29.66292633306244,102,130.1649782251016,130.1649782251016
3141108,-44.05145087575617,-19.521555650902453,236.68370387051255,765.4151000976562,665.0,284.0,13.763546002152804,53,11.353801868144874,117.14093743522972
3141207,-45.993227551098435,-19.193262492807598,259.13142702914774,1000.4107055664062,842.0,293.0,23.100564912510272,56,33.81326441146208,33.81326441146208
3141306,-46.34295142448264,-19.98829118136187,949.9130276367068,986.4827880859375,771.0,488.0,20.44810673714638,203,37.02674285282765,37.02674285282765
3141405,-41.50977289988496,-16.269195526313858,1439.4671867457218,695.0651245117188,279.0,648.0,26.10222205364063,307,30.16064352469785,299.1814553926257
3141504,-41.35298850446167,-18.629947340176024,311.5378041723743,406.6769104003906,253.0,527.0,31.165534271161913,65,46.71382861010392,395.0904818355664
3141603,-43.333369033350095,-21.18802673258349,349.3981122467667,692.6133422851562,516.0,384.0,26.1536210346004,75,48.056365303336676,267.5167922481117
3141702,-42.61138649829745,-19.25131377240473,276.9666070351377,527.0499877929688,233.0,762.0,46.31866547734582,60,22.70266007827367,259.1735546160764
3141801,-42.435511015000415,-17.36032533376256,1825.1602858649567,785.9692993164062,447.0,698.0,30.474890205929746,391,54.56203762643586,252.10002448414582
3141900,-44.61555501474476,-21.676159996461386,216.21419363748282,1084.8043212890625,964.0,503.0,37.038623966754116,46,31.181961470281568,202.3001405074614
3142007,-44.15779192195828,-16.259662956117456,726.102027259767,819.0322875976562,692.0,252.0,12.669646149857465,155,74.53716065863388,74.53716065863388
3142106,-42.398648015875246,-20.851673666407542,294.71527470555156,769.6190185546875,368.0,1118.0,42.27528095721635,63,67.17923810363348,337.7193446580449
3142205,-42.61765927487076,-21.150315886854774,317.582264456898,599.6666870117188,283.0,608.0,44.32799834710648,69,66.27769201523476,331.4163575139389
3142254,-44.421252298392325,-14.750669972475468,600.1690413514152,696.6774291992188,582.0,242.0,11.933032795648705,124,51.57417868227684,51.57417868227684
3142304,-43.99527696179193,-20.33038421260241,158.3091845093295,987.8529663085938,810.0,501.0,44.78030618579313,34,5.078811544266331,164.87187890245872
3142403,-45.40579453536339,-19.841341482237517,197.25437098927796,679.227294921875,623.0,191.0,10.580199719890258,44,8.135644694915825,8.135644694915825
3142502,-44.02070084212575,-18.38894584313835,661.3752183979377,881.6737670898438,528.0,848.0,37.9425147755639,141,18.17215223475404,124.75013526128849
3142601,-45.47847073420489,-21.732520489068765,220.38206194899976,914.4693603515625,855.0,214.0,15.31768201192874,49,70.48315923345369,163.27173205472047
3142700,-44.502990395594885,-14.472458144182896,1497.702697220724,614.7891235351562,465.0,324.0,12.796422868550405,313,67.0654325225019,67.0654325225019
3142809,-48.88752595268884,-18.84521544143636,2586.5719829387963,733.503662109375,498.0,410.0,10.986730248768948,550,53.2648156400248,53.2648156400248
3142908,-42.96900740557292,-15.206584170318619,998.5640655858442,696.41064453125,469.0,1012.0,43.570765881032514,207,109.97675508126348,109.97675508126348
3143005,-46.32772340204483,-21.313834303111523,424.6999718975276,875.6847534179688,796.0,266.0,17.98404214472355,92,41.66285987658587,106.35552249967674
3143104,-47.4608415307252,-18.707874681247382,1345.8601820711046,863.4844360351562,644.0,415.0,13.232813520413503,289,47.19923858096802,47.19923858096802
3143153,-41.26515392874629,-16.87472518442529,373.1356652388349,799.4935302734375,619.0,311.0,23.64640821622035,77,38.82214712314247,351.4112146643356
3143203,-46.94669545212293,-21.188012496602965,601.278824207373,934.5419921875,649.0,590.0,28.24468709555311,131,37.64421217007326,106.53725468360865
3143302,-43.928487330461174,-16.621359009007787,3592.147195321042,777.5687866210938,509.0,554.0,22.37258245131989,763,103.18173592164386,103.18173592164386
3143401,-46.51965606379348,-22.42008333328039,292.9855266129598,878.7846069335938,747.0,363.0,33.517833040998084,65,65.27104003000096,229.5790447687686
3143450,-42.46868413452721,-15.191207072851192,1122.7966317506507,965.5252075195312,828.0,307.0,16.58766808095184,238,158.98074751901808,161.06742938678352
3143500,-45.40276826369427,-18.577714739017313,2083.611037677154,633.9398803710938,558.0,1169.0,13.148909041371594,449,14.21310682804123,14.21310682804123
3143609,-44.636716839197106,-18.63401402695246,400.219377621077,678.0804443359375,594.0,245.0,11.783843111935006,87,30.21369038971657,58.38054063708232
3143708,-43.40353009491854,-19.233034092331657,478.53486976772547,835.09521484375,539.0,889.0,53.48999309325829,105,59.16377038192776,176.09401134068023
3143807,-46.30527521516636,-22.63227246868489,192.35729955416173,1363.707275390625,1013.0,486.0,25.849935116468497,41,69.53103568668803,252.1447038039538
3143906,-42.419846146325646,-21.093462636277405,843.7340708058327,448.6666564941406,213.0,1120.0,37.13643427645362,186,68.84552496687232,347.5038367446787
3144003,-41.446935038415056,-19.92130628457424,1246.2300950679928,470.3432922363281,212.0,951.0,48.228537331034325,268,62.852632317821055,390.7216476904891
3144102,-46.51578013873501,-21.350646914838382,398.1217184383422,989.6309814453125,829.0,322.0,19.426583916797718,84,26.547126282393172,112.06601785573463
3144201,-42.18827320432232,-18.4792879595947,226.54205344617367,440.0833435058594,270.0,430.0,39.005202659302135,48,46.05426676010547,307.3163097509253
3144300,-40.494847029632034,-17.7791559265328,1534.4401622540317,232.67701721191406,101.0,282.0,9.969090780889378,322,157.95324078113484,461.81154115833345
3144359,-42.32237857109917,-19.17866034195974,118.55736872926354,262.5555419921875,227.0,101.0,10.887924216702666,27,5.448472938810928,289.1436900762163
3144375,-46.47480993096291,-16.546091016740007,481.6714978693053,636.6886596679688,525.0,425.0,21.548809006196482,106,146.03721943808188,146.03721943808188
3144409,-45.51522193211836,-22.13137923953984,194.32074299268425,1067.55810546875,877.0,480.0,41.80377447605568,43,74.59567525185896,204.082310689821
3144508,-44.61460870580095,-21.20637597184736,328.64359590783715,937.2222290039062,860.0,159.0,11.783747324893085,72,7.482652059577866,161.11716969540925
3144607,-45.2633738810183,-21.228864235979977,576.3924184460193,874.1023559570312,766.0,281.0,16.97304960961701,127,10.947672960481542,123.74243229805786
3144656,-41.660347235061636,-15.36690591421427,1108.5367590887472,860.413818359375,688.0,373.0,16.20273201104264,232,126.99450129393662,249.84708153553086
3144672,-41.10550138012093,-18.488574046865192,150.83676597103477,677.0,398.0,916.0,51.39286487558464,32,73.98265687566716,418.73331134609776
3144706,-43.014187679825,-19.719582957930697,365.2600071085617,721.259765625,567.0,471.0,36.575568422035616,77,41.42829986841446,227.10467491660205
3144805,-43.90349374558308,-20.07213453255219,424.82675634138286,1124.6842041015625,785.0,676.0,42.36172837237319,95,9.305421155003138,160.5826499253543
3144904,-41.521456369112975,-18.45238537106998,368.0760609488934,410.9358825683594,304.0,387.0,24.612938958837162,78,50.449497549485905,375.180954227971
3145000,-47.70699663903946,-19.260129913793683,1104.3112130602822,939.1459350585938,715.0,318.0,16.797708098140003,233,79.050519376225,91.88550274922362
3145059,-43.27339209090105,-15.736375328557912,121.70119998278096,539.9600219726562,505.0,187.0,11.71297310336058,25,104.38753272320693,104.38753272320693
3145109,-46.415514642343794,-21.096053251618827,389.4863667143509,1072.848876953125,915.0,257.0,19.697231677816422,86,45.46745254530252,82.84423406432204
3145208,-44.97484867906973,-19.853425082590935,272.6793023860082,744.7333374023438,665.0,211.0,13.724091700993167,60,51.79240794828875,53.18092034409352
3145307,-41.95558250568431,-17.371182192951498,1697.9712471589446,853.6438598632812,525.0,580.0,29.22368248345493,365,68.73966312708545,302.8885509387075
3145356,-41.228133642002184,-17.228199614917497,769.2649120646529,542.8950805664062,268.0,704.0,36.31466345139265,162,77.02052671598675,374.26749268157397
3145372,-42.398700976523195,-16.010355011663556,255.2369841313921,809.4151000976562,547.0,463.0,25.183635106014133,53,68.11537663083416,202.17814715544193
3145406,-43.9665029996777,-21.909204948749945,181.154818338342,1022.05126953125,842.0,587.0,55.35297893857234,39,16.45035019637013,263.30952189439887
3145455,-43.597003638953865,-17.47719730387788,2086.9583387486637,869.0896606445312,625.0,743.0,29.3520927728175,446,5.187784525514118,133.874471246096
3145505,-45.28178518865698,-22.091026608267075,58.65055314451456,1012.0,887.0,565.0,47.828630291113136,13,62.44843442557558,207.51148039827262
3145604,-44.735074338022166,-20.750729418942715,891.6859691459686,1017.7412719726562,853.0,373.0,16.571095131197254,201,44.94891992621249,118.32820157519741
3145703,-43.51655548306566,-21.335780732683393,114.04203235171735,917.8461303710938,709.0,487.0,40.87965693461945,26,56.40263650888381,259.16961356736215
3145802,-44.73674522132769,-19.708164154012444,250.58529146388173,861.5370483398438,682.0,377.0,33.72778184367193,54,22.401838011402905,69.98176583331485
3145851,-42.79121985781848,-20.42293144191818,73.19064591359347,547.875,492.0,150.0,16.836760184932675,16,12.222782023344955,278.69953536772044
3145877,-42.21102352185624,-20.512751749867828,111.17224033270031,961.4583129882812,780.0,405.0,59.50438660153819,24,73.4837461521043,336.5186197006875
3145901,-43.676654582807714,-20.52468297281604,253.900601237081,1125.4285888671875,920.0,517.0,32.853110111056274,56,27.814323387356218,203.41048140811458
3146008,-46.38243676965143,-22.255798661610967,554.4599524503574,1008.2333374023438,844.0,635.0,35.44386945438092,120,43.09744769231605,210.60270037589504
3146107,-43.60926429287712,-20.393362670096614,1248.2169026648626,1135.0220947265625,771.0,855.0,41.81749919623609,271,38.256573387366444,205.19631961332803
3146206,-41.29458849654674,-18.04962866914504,175.77707560453564,568.4615478515625,412.0,337.0,38.71154167379919,39,101.07091815044441,385.06040936165834
3146255,-42.58854516976322,-16.298776732233254,471.3971880078316,786.757568359375,596.0,447.0,29.008230950601614,99,41.89578264312193,197.77879378589438
3146305,-41.55079598491133,-17.03667859745105,538.2284912639298,829.5516967773438,665.0,327.0,27.652567701703536,116,51.71956113970652,334.2066215464951
3146404,-45.487586818910785,-18.918480919783942,646.5317582674325,645.28369140625,566.0,277.0,12.796610848759277,141,34.259030108561674,34.259030108561674
3146503,-45.69482730793628,-20.38217233078769,425.8918512323871,772.6043701171875,670.0,207.0,16.02090231860245,91,24.26182520969821,24.26182520969821
3146552,-43.14958358069431,-15.421232097709044,825.605055143591,515.0459594726562,463.0,326.0,6.547525875843918,174,101.1308698719868,101.1308698719868
3146602,-43.42452544310307,-21.286507239413,59.01444208435714,642.8181762695312,564.0,209.0,27.406324578880447,11,53.55504723378319,264.459872172288
3146701,-42.32778166459433,-21.421379309927165,304.48344666697085,237.8787841796875,130.0,501.0,29.232366171681907,66,31.38337643579081,371.3427797206243
3146750,-40.37110702114602,-16.7887162917582,432.22542775189504,588.879150390625,359.0,544.0,31.510835196296643,91,71.91410957361484,432.7849454891223
3146909,-44.691666360083694,-19.377340826936816,542.7772020641714,715.7008666992188,655.0,164.0,12.346600883849568,117,13.289901758956402,49.434433711940564
3147006,-46.88332599298622,-17.172982521867333,8245.452599281445,699.37841796875,503.0,506.0,13.771661588703285,1760,105.99244276932416,105.99244276932416
3147105,-44.606124557234175,-19.833933476592172,555.1165401404724,815.5950317382812,672.0,408.0,19.262540320569787,121,16.813447514205553,88.82729715172748
3147204,-45.748571069853895,-21.56553495325045,434.5038412064314,842.4183959960938,763.0,217.0,11.147285985542819,98,61.64371873377794,137.59433497402026
3147303,-45.81667119694819,-22.571246890757436,334.92604883480817,1068.1866455078125,859.0,974.0,49.59551022444564,75,48.395720125447454,246.61674751267387
3147402,-44.45009668486625,-19.276576337267564,638.5262535130605,757.5869750976562,659.0,312.0,17.400241772584653,138,9.881557504210024,69.0643297529949
3147501,-43.17345311036552,-19.358148343449308,97.97289563436061,693.75,530.0,330.0,23.430485742490927,20,70.68814645470519,201.73740518280908
3147600,-44.96994189756966,-22.40573699269977,270.4492377899587,1342.9473876953125,924.0,1446.0,93.39782480965415,57,17.315586902166306,252.18012702302002
3147709,-44.490243700070515,-20.650274473734154,425.7062976239249,986.4680786132812,788.0,415.0,20.146932975830968,94,54.9384243847668,133.9718900373112
3147808,-44.26405345406834,-22.18663424155952,238.03193052113056,1016.2115478515625,558.0,957.0,61.351825606976874,52,15.45929794132731,269.1648654271661
3147907,-46.62338344701171,-20.718733722997616,1351.1500495495275,807.6744995117188,657.0,509.0,19.923855729760092,298,10.20831288550563,45.846253775384575
3147956,-44.102175940788456,-16.080956041589133,441.27472449466586,772.7957153320312,663.0,237.0,14.030812205281915,93,61.9128708259897,61.9128708259897
3148004,-46.507212202407835,-18.597534454466455,3200.6124672638252,884.3616333007812,710.0,452.0,16.760004159906316,683,1.9107236570665722,1.9107236570665722
3148103,-47.049255615098275,-18.969023575456067,2867.507711115293,952.600341796875,783.0,470.0,19.04362785227056,613,53.004687321225525,53.004687321225525
3148202,-42.25046132127582,-21.165962724112315,105.00905630923808,244.7083282470703,193.0,147.0,17.532181489367286,24,55.77943006877093,366.68511845670025
3148301,-42.98245040138833,-20.8561808767171,287.99325373303145,761.1613159179688,689.0,160.0,13.993269477795844,62,16.44156432670244,283.830938238063
3148400,-42.86553810997457,-18.459327702045954,216.32843250222504,761.3778076171875,605.0,305.0,18.772292782905836,45,60.226942376952785,238.28737618669916
3148509,-41.06056468001577,-17.473084261836004,597.5486394655891,318.2047119140625,192.0,340.0,19.778686130981573,127,108.27555775901926,398.4163509580639
3148608,-42.50927898522123,-18.555931923499784,1004.2727648876607,714.5581665039062,313.0,604.0,21.495206933846006,215,65.45343264564622,276.1309245250122
3148707,-41.18473125809466,-15.954945625157908,1593.1772002391517,732.4391479492188,436.0,562.0,31.086636611686565,337,50.086650710729266,317.65627389066026
3148756,-42.37414619964131,-20.47860823035352,176.00711402483284,990.3243408203125,820.0,589.0,43.69750918111271,37,56.09847990139405,319.7052485208737
3148806,-42.719193647474484,-20.59549087955531,166.4571289839223,642.8919067382812,539.0,297.0,19.905488216104935,37,25.265309841093718,294.72060112007034
3148905,-45.22808805761165,-20.28728389902954,348.1084661670029,941.6153564453125,813.0,287.0,17.81664838031985,78,47.43124656852873,47.43124656852873
3149002,-42.15804034071929,-20.82548609082283,67.06782225612551,946.4000244140625,662.0,499.0,64.14564274185823,15,85.77254130480408,357.5045201588825
3149101,-45.453840217000106,-22.25028511004671,227.14450854249299,1049.3265380859375,850.0,530.0,56.53343840448547,49,60.830932369359374,218.43072648507663
3149150,-44.32437029543833,-15.62688829277168,1537.9365718225017,537.0277709960938,449.0,345.0,15.323098506969043,324,8.14780423508641,8.14780423508641
3149200,-47.50923604347653,-19.19101792180017,345.11107804160565,923.0266723632812,793.0,238.0,20.42787084605767,75,85.02414617362344,91.71149334316551
3149309,-44.05217476502677,-19.639070177449113,301.81617591157556,802.671630859375,660.0,296.0,19.38328143793867,67,18.18390763202813,122.16534114959376
3149408,-43.728695298970784,-21.7237964482288,107.96257090661675,794.6400146484375,708.0,195.0,22.70336030923503,25,34.597868119577335,266.43723104555653
3149507,-43.130308709918786,-21.825033004617403,77.03509145602584,614.2352905273438,513.0,258.0,25.544336373769486,17,24.149969862192012,321.7507950880228
3149606,-44.63687466531604,-19.604834903097455,209.92521747760475,782.2888793945312,681.0,317.0,21.459178416980446,45,7.292355038386389,68.69929200652736
3149705,-45.05917387313749,-19.939543276057474,250.77024751156569,788.5283203125,712.0,188.0,13.317470801326406,53,45.9640164574638,45.9640164574638
3149804,-47.19519409145518,-19.39820147104575,2464.8852168656886,945.348876953125,684.0,469.0,15.63009324066882,536,68.35026867819771,88.86443833660405
3149903,-45.06462391591439,-21.073779002366678,277.72605457995087,889.6885375976562,795.0,234.0,17.721310058427058,61,7.264551285061591,121.35927999322996
3149952,-42.22878315006078,-19.081845607990324,227.81474972516298,256.51019287109375,195.0,145.0,12.658695429293514,49,6.245157798630694,298.9086194145296
3150000,-41.56512228300564,-18.33296261796009,324.8843275550753,396.3235168457031,319.0,237.0,13.697531787363026,68,60.69435018928145,367.57351490723136
3150109,-43.31634983121564,-21.50128180367042,196.91528792958707,567.6279296875,434.0,376.0,31.92077704063473,43,64.78801434702743,286.2930947107544
3150158,-42.044224604836586,-19.759283583890955,106.68702806998044,894.75,784.0,185.0,20.708771223420328,24,44.96361367849274,326.05692319809253
3150208,-42.71951563055397,-20.242524793833148,79.610819558613,462.0625,391.0,233.0,17.360776470269307,16,13.636122522615963,276.14165418144376
3150307,-44.15549418861366,-21.486503729191146,329.110841544345,1022.6337890625,954.0,246.0,17.3898027957881,71,3.0388547897811518,216.37310568048701
3150406,-44.24656006166203,-20.47251908486171,263.57525253947824,1012.8181762695312,899.0,220.0,18.162040294548845,55,23.30188524497115,147.24704414694355
3150505,-45.83199411543966,-20.531845598911183,404.4945816602558,891.3218383789062,699.0,568.0,32.47916572997343,87,15.055136758493216,27.235473110296546
3150539,-42.42303681472043,-19.743328444462446,65.56053333543241,305.0,254.0,181.0,20.657290839496284,14,5.673345765171592,287.1868596191166
3150570,-45.24671812211364,-16.050573760050078,1237.9738371288404,539.3822631835938,463.0,184.0,8.705103833320534,259,19.810090912601176,19.810090912601176
3150604,-44.4271023927229,-20.519237730424518,288.8843399370089,941.6290283203125,795.0,331.0,26.97750828608403,62,40.58657781867301,133.71468661856983
3150703,-48.65959013193907,-19.94016737064724,357.483718464151,523.1538696289062,472.0,128.0,10.99871614711334,78,22.46245646681171,162.0869934538123
3150802,-43.29989569089486,-20.633329866858194,640.2284423215315,759.7681274414062,641.0,356.0,20.644774698232887,138,4.488561461916737,244.18920536380332
3150901,-45.51624322729783,-22.55467552748335,212.51359017565846,1217.021728515625,880.0,811.0,73.07767348173094,46,36.420387185589334,249.5013085344316
3151008,-45.586143750146555,-22.363576158149613,124.45698066800833,889.9285888671875,824.0,174.0,17.275358198291826,28,58.74607911226806,227.35193163097847
3151107,-42.36552876992067,-21.6791162698823,201.78337269183248,211.11627197265625,113.0,192.0,14.653678759401199,43,5.960238005568308,380.70566066221613
3151206,-44.86714468540587,-17.39529269701186,541.5270672207698,545.660888671875,481.0,238.0,15.349871927271696,115,7.4038738212798,7.4038738212798
3151305,-43.03005320578394,-21.262656816253184,148.47444312646985,415.9696960449219,342.0,280.0,18.171163016685504,33,56.75104969123541,299.1879878709206
3151404,-44.88865209604281,-19.58656260388549,570.9267643792555,718.6470336914062,605.0,427.0,18.897045888001387,119,32.06670870324503,49.52309123350528
3151503,-46.04936825812736,-20.44152539829821,910.0719226626679,809.2385864257812,693.0,460.0,17.613502829761867,197,10.020120906443502,10.020120906443502
3151602,-48.642945193883214,-20.082730925929756,310.25064772181213,487.6764831542969,448.0,84.0,6.409608964251421,68,7.995838128220148,176.91246392998266
3151701,-45.992018916427064,-21.80710636805126,477.858027911745,1012.25244140625,804.0,504.0,39.22068054806004,103,26.480948549350313,161.1005935803182
3151800,-46.562716916716965,-21.810326203379024,537.4832453876734,1214.3983154296875,872.0,649.0,34.75769996134242,118,12.749348442154941,163.05949954053295
3151909,-41.55400933070729,-19.58548222051369,704.7308440767229,310.9285583496094,170.0,526.0,34.477214940441165,154,46.04913213105443,373.15072727556975
3152006,-44.9240137578627,-19.13227877256451,2586.64410773851,673.524169921875,567.0,307.0,11.55800443834897,559,16.87273419064797,16.87273419064797
3152105,-42.91608559332758,-20.412000695703547,472.63232379499823,536.1553344726562,399.0,293.0,21.44130528900529,103,0.8720573757874631,266.8777777799521
3152131,-44.97259791411982,-16.608962305756883,607.9292325098068,530.7109375,469.0,221.0,9.685130444893812,128,9.666768142822741,9.666768142822741
3152170,-41.472249335268124,-16.837550007908284,1215.494400760159,760.3601684570312,412.0,533.0,30.95967874436918,261,29.97552120990226,330.14276022223106
3152204,-43.074693106921295,-15.715087253396499,1750.3456786149181,650.5698852539062,475.0,852.0,26.966032189456875,372,122.18527971909664,123.48353820497445
3152303,-43.08174942517084,-20.662447488062288,283.80593869648874,686.3709716796875,586.0,194.0,18.52903613151365,62,1.3074319936750365,266.52985484411244
3152402,-41.770719434636064,-17.815949672924116,622.5672956453636,631.1014404296875,422.0,395.0,26.22534008311027,138,110.82458673128254,330.1039230819754
3152501,-45.94027144135291,-22.265241429683424,545.5616101147607,884.9243774414062,812.0,359.0,17.165100212397338,119,51.14345092235118,211.940128470501
3152600,-44.93377366349401,-22.17414331066155,273.5164479902014,1049.5245361328125,889.0,966.0,39.53392021701265,61,41.8917948721135,230.9980597384048
3152709,-44.06293712838274,-21.096537530731794,257.82349201478064,1016.5789184570312,917.0,333.0,18.92810251452719,57,44.02557343855557,197.40577684251582
3152808,-48.95475747056875,-19.329449629212867,4827.028474191204,655.7828979492188,512.0,330.0,11.00226822580248,1041,78.05483084961915,88.1255202548297
3152907,-46.86213404181085,-20.785158033407704,209.06192704290152,776.465087890625,701.0,187.0,17.89143762454654,43,33.78521682101898,63.73741809802063
3153004,-46.40239586033486,-19.759948333370573,611.7672614986077,1092.858154296875,930.0,287.0,18.34231215640482,134,62.07099675001126,62.07099675001126
3153103,-43.15417761008383,-20.767672899894517,231.10991032700986,706.97998046875,603.0,194.0,21.5187384783885,50,3.031133287910283,263.67853952638603
3153202,-44.083327485864295,-18.726464927623333,715.683325943537,642.3355102539062,542.0,275.0,18.307693623791202,152,6.6839260769046005,110.70276407195297
3153301,-43.575455285793645,-18.638005693510884,188.8134209169075,1177.047607421875,1007.0,274.0,25.58743279840278,42,41.6854847772371,164.69342404437728
3153400,-46.33701579598115,-18.240182570326816,3502.537233986892,829.3453979492188,545.0,521.0,18.005175218334443,747,31.954689673610577,31.954689673610577
3153509,-41.94660506087244,-20.434950091055992,150.86715486552566,914.638916015625,688.0,646.0,71.84686519196758,36,88.81940934763779,358.03115773391215
3153608,-44.11294317773676,-19.464884034236174,128.3037089118734,765.5555419921875,703.0,163.0,15.1961488747153,27,15.597949985370223,108.99339083635947
3153707,-45.602007100080804,-19.280153052511388,555.0440764697269,708.8974609375,623.0,296.0,12.649776522970386,117,28.005220236732388,28.005220236732388
3153806,-43.895077068182246,-20.72996924562536,147.60562314279377,989.941162109375,908.0,280.0,21.041445204339038,34,23.65543759581165,192.9707462913811
3153905,-43.78321671829363,-19.980816251863555,72.7509550601244,914.4375,753.0,360.0,39.754501412908354,16,2.8035020757857607,165.1458862882657
3154002,-42.38871499544659,-20.0143611920086,766.2937837680802,498.448486328125,259.0,661.0,31.176694431556278,165,23.55174734400398,298.9625701428008
3154101,-42.431327316940504,-21.51901145786899,219.1930115511641,217.36170959472656,145.0,222.0,16.330999473634538,47,24.66748782561812,366.9155151255465
3154150,-41.94117572989123,-20.238238216457457,151.96323531959206,704.46875,534.0,352.0,31.57089323268676,32,74.57309172988325,350.89490372601034
3154200,-44.292586128367766,-20.83831904984784,609.7880769679323,1078.9630126953125,939.0,286.0,19.235940797602115,135,52.663649611117236,162.13494090388272
3154309,-41.15277869582833,-19.211802476727282,1068.4158833092079,260.3991394042969,102.0,761.0,29.837273638598564,233,13.870390910230165,412.0826412452308
3154408,-43.75191275191604,-21.085014852361468,187.6311738267541,1133.857177734375,1002.0,243.0,17.562214873305873,42,26.40192395149415,224.11605540524545
3154457,-45.92746250051687,-16.276240418919016,1722.5069416109473,636.8388061523438,481.0,426.0,17.075842038779,366,90.83991320822975,90.83991320822975
3154507,-42.9941852770507,-16.05506097060153,1316.187273657415,824.3262329101562,578.0,512.0,20.020565276723556,282,84.74186413742966,146.88196169784584
3154606,-44.071373164869904,-19.780720908660467,149.90866896137595,846.78125,737.0,200.0,17.680295046847856,32,19.89284126655867,127.98388525123201
3154705,-45.0773390965489,-21.147946685658464,47.80254409369081,844.0,804.0,77.0,13.293750393490058,12,1.113951726158777,127.83362889662276
3154804,-43.77250118917923,-20.10657196853583,240.5870215324685,1036.9019775390625,771.0,732.0,51.503719061642094,51,3.1465251205232523,173.79713579401545
3154903,-42.66210425906625,-20.14102602069168,393.3079226259142,377.8915710449219,274.0,362.0,17.219525478735004,83,12.269386623906165,277.06818807388987
3155009,-42.90253360350328,-20.21502587016595,118.24006761237979,499.862060546875,307.0,439.0,38.533665943656914,29,2.6131052952815566,257.71997477918023
3155108,-40.55559530470889,-16.675920437629806,480.4949838644825,596.5979614257812,342.0,492.0,34.65582133321627,97,49.70845434560889,409.85085985936695
3155207,-43.49382830377301,-20.869875542595413,242.00221703294665,775.2363891601562,704.0,144.0,15.493495594938896,55,10.679697173678695,236.7307971473482
3155306,-44.344273614142395,-20.26842434577358,226.86986564844847,931.653076171875,811.0,390.0,29.192094555530154,49,21.09321962481365,128.4449350350789
3155405,-43.14022367293047,-21.473247690413903,203.96856704447418,461.1395263671875,413.0,124.0,14.057310818583762,43,59.87448332348133,300.0960749040698
3155504,-46.298312683809634,-19.240230430360523,1331.8260941551998,1013.0726928710938,840.0,357.0,19.739776455399337,289,7.830631220285672,7.830631220285672
3155603,-42.55155561432704,-15.709505425998694,3125.439063304104,899.0748291015625,728.0,635.0,24.432650901688053,655,103.82832667084662,172.4812072806433
3155702,-43.14948771901766,-19.970452553047046,368.0287049934268,756.0499877929688,650.0,523.0,21.064974519804327,80,37.785444572563065,223.04420900757043
3155801,-43.174871654549825,-21.24807731839891,263.0674092043191,534.7321166992188,435.0,435.0,23.689152073653243,56,54.52412763396262,285.0813058847425
3155900,-43.88133431907953,-22.042557145832586,360.72734629828483,870.8148193359375,479.0,860.0,51.69484971161299,81,32.64422358583529,280.0783978706968
3156007,-43.05419951689238,-18.25479702900858,990.5145308943465,833.9521484375,653.0,838.0,32.56512317729147,209,37.75830580402135,212.84026575673136
3156106,-44.37832261955249,-20.98190828901585,398.6626804806292,1016.5341186523438,906.0,270.0,20.254429477817283,88,41.70297603692088,163.24101960896925
3156205,-43.030103038660435,-21.63942589705214,73.54383971076459,422.6000061035156,366.0,149.0,34.048018675896564,15,38.41567004253773,319.29150604608685
3156304,-42.838810028161795,-21.212462361336925,74.18685540091246,386.1875,319.0,327.0,26.332743232177922,16,57.590291010408286,314.13315996296296
3156403,-47.56277880226205,-18.9040235757427,408.6101451776922,975.1363525390625,821.0,215.0,12.881275555434705,88,61.52478717502888,61.52478717502888
3156452,-42.515263998097396,-20.978094146614378,120.58819370530546,811.6538696289062,650.0,551.0,35.15404500195016,26,64.5589319844213,333.6023453985055
3156502,-42.23489657946495,-16.3686863700677,1103.9539692113176,643.4957885742188,406.0,512.0,33.94366455438151,236,27.691708469562258,234.41003224121508
3156601,-40.49356926721124,-16.463902680148262,963.8149773562327,454.386474609375,198.0,662.0,36.22852330183843,207,36.65418330937794,406.7692599143034
3156700,-43.77990103981079,-19.851106173099495,287.8825931129977,883.9508056640625,717.0,497.0,40.45128972760728,61,6.630409805872531,158.2035039170436
3156809,-43.06551812365671,-18.649461692973507,917.3322201836854,808.89794921875,657.0,275.0,19.066943800412247,196,53.4545469236246,216.45209443779268
3156908,-47.267849232833655,-19.902735996367664,3076.6318451454863,999.5484619140625,532.0,770.0,25.458852913843966,660,19.770445511951863,92.81923914556339
3157005,-42.151934508039076,-16.111454214782412,1879.3484759307466,693.4151611328125,431.0,550.0,29.458026656080325,395,56.960169492499205,230.5254403317651
3157104,-40.02846345703973,-16.11043655369367,936.4918165281415,210.9844512939453,123.0,555.0,16.350624461139795,193,4.139806225586933,439.43806674729325
3157203,-43.47715432233707,-20.03043884864756,688.9238618332893,1001.4671020507812,686.0,1091.0,46.11374691042556,152,34.5116534755013,195.39381996561616
3157252,-42.10801524901908,-19.945662484205666,102.81569132767618,901.5499877929688,727.0,384.0,41.09198863714687,20,42.46548118470358,324.7546032238412
3157278,-43.69249896724362,-21.965338535521884,420.9122066963464,814.0333251953125,444.0,796.0,39.07185984989742,90,34.27108807780764,287.20380948837965
3157302,-43.533576584737474,-21.24400883747952,190.38892869930714,840.2999877929688,629.0,551.0,52.58386191883191,40,46.10610556089652,252.39780858703458
3157336,-44.21473874389582,-21.121036038503554,2.5490705240517855,909.0,909.0,0.0,0.0,0,38.82350733020166,185.9114879667211
3157377,-41.79023645183267,-16.052967261596837,600.1391773130745,848.2936401367188,628.0,349.0,23.385306848401182,126,56.49733908814371,262.0940161869513
3157401,-42.810969753128155,-20.231765471793285,245.83890523575246,461.85455322265625,285.0,303.0,23.864740092666672,55,5.748026786381994,267.06472134926264
3157500,-42.40154015899005,-18.865130428972602,130.21370729710907,652.7777709960938,379.0,486.0,40.345150754679075,27,35.78076191430992,281.99841662582133
3157609,-45.56017094978706,-16.701347812083203,2902.5452676098794,615.1312866210938,469.0,337.0,9.449857190986913,617,52.12093960149842,52.12093960149842
3157658,-40.658221383328176,-16.901756810036193,269.8621782399714,497.2631530761719,284.0,584.0,40.875098222543265,57,63.06676611784233,410.71408107526736
3157708,-47.50918725330724,-19.37895577390903,729.7417097119614,979.0443115234375,817.0,258.0,15.474043006980072,158,64.27650191512062,110.67745972342175
3157807,-43.83420324305449,-19.74193266180443,223.1768561191857,747.11767578125,680.0,178.0,18.199779799152026,51,3.965992871879063,147.61603908544654
3157906,-42.26582927420089,-20.429314842949452,266.16709871124476,897.4918212890625,736.0,721.0,44.42483167495193,61,64.01596954993376,327.47241605595923
3158003,-43.0479362524691,-19.436388144741485,587.5220392039046,757.6370849609375,519.0,547.0,41.05252251433237,124,56.31832699979097,216.1205318782268
3158102,-40.11707406063115,-16.308796157621487,440.2258689678274,502.178955078125,163.0,770.0,54.34977112571739,95,21.27815761127437,437.6029626230587
3158201,-42.32541715044012,-18.25694229838005,628.2500917743891,508.0076904296875,279.0,634.0,31.260391547755827,130,74.58383777444286,287.99655641607865
3158300,-45.508763125096344,-21.27243528498642,158.68805801775306,878.441162109375,819.0,168.0,13.64801069535592,34,27.795142591315344,115.4489682136682
3158409,-42.55633040071595,-21.28378188935179,158.4043053276837,316.93939208984375,226.0,440.0,26.40866480177241,33,53.528414242577014,343.53791539343706
3158508,-43.90200201384853,-18.917733570662172,1273.9896141318604,814.7802124023438,563.0,834.0,34.34475783937706,273,15.95913937756117,124.13048527462804
3158607,-43.18264066162469,-21.945454198595133,201.51308136992157,530.2557983398438,326.0,467.0,33.31083205039097,43,15.944987611887425,325.2416522702566
3158706,-44.06583001648991,-21.637017255488594,203.24870289023966,1089.227294921875,1018.0,195.0,14.042493927722585,44,1.470777348890155,234.54931749971615
3158805,-45.063714414014605,-20.884962016219806,111.12045655958354,885.6666870117188,795.0,199.0,23.779753894918116,24,24.53153213519127,104.05686131243418
3158904,-41.892123258132564,-20.055086592849452,352.55340225156397,668.7792358398438,491.0,578.0,30.96051361198109,77,68.0103662260937,349.7072828484934
3158953,-42.516850220425724,-19.385553468153905,265.4578731721267,380.9137878417969,229.0,749.0,30.456652532315903,58,9.234751354874504,270.37861280855276
3159001,-43.64388064177554,-19.18790626838311,671.9437059340999,1084.75,679.0,846.0,47.54287664416149,148,35.786909551746795,150.51143030302464
3159100,-43.67158716861089,-20.79522849218232,199.0241682799533,844.6976928710938,709.0,335.0,22.364729654130404,43,4.531598330481589,216.64499415148046
3159209,-46.27449556154022,-22.024058982670798,514.6183805838227,1217.3363037109375,1070.0,506.0,33.47589543053927,113,15.352526556233242,184.95123120899027
3159308,-44.10001291701025,-22.102260112305977,406.2994954055175,888.05615234375,501.0,899.0,58.34432429417726,89,18.90390891211337,271.07196523466115
3159357,-42.11965124877855,-19.875981183631087,69.82189037278295,829.6875,695.0,371.0,35.352957505328476,16,38.576790893270676,321.4993553239164
3159407,-43.93024119785998,-21.577308846272622,333.44756907597184,1103.2054443359375,824.0,559.0,24.791603218098544,73,15.845277035073162,240.23256041119384
3159506,-41.38979415305483,-19.4105997769689,485.7435190603137,481.88348388671875,184.0,699.0,54.52045644575901,103,20.759390785800754,388.23657816012485
3159605,-45.68309689820842,-22.23830992310554,349.16626002360135,939.1506958007812,814.0,506.0,35.021921184768004,73,68.3646694009713,211.88790246739268
3159704,-45.997872907315006,-19.562283422466532,285.10215944144875,984.6065673828125,795.0,353.0,20.61685046230735,61,52.73966933589845,52.73966933589845
3159803,-50.27502968033965,-18.988740212962025,2962.6304469211027,458.1334228515625,250.0,407.0,10.80374081033007,637,21.904527494749228,21.904527494749228
3159902,-44.94284884908614,-20.91592367352057,475.86900457181036,967.8931884765625,830.0,280.0,15.065765815430144,103,20.620599204148064,114.58048348623836
3160009,-42.81080829029942,-21.753406683975385,218.02480084821582,600.2825927734375,297.0,545.0,32.20218267521841,46,18.284230468464827,344.9942070093973
3160108,-42.60386370192055,-20.321479286909014,135.08797576557845,526.6666870117188,379.0,331.0,33.0117622372959,30,28.45927733645834,290.71556855698634
3160207,-43.26693154616116,-18.47606960832167,298.2928343322128,876.34423828125,690.0,900.0,45.97354083641696,61,25.105791640724373,199.41250214143193
3160306,-40.277378893204286,-16.501988061603644,494.9139270344749,635.638916015625,362.0,528.0,29.647110096990733,108,40.13300194863187,429.6818238250801
3160405,-45.290970973055984,-20.082635462374878,1124.8518042862415,851.1464233398438,626.0,395.0,17.848184463402376,239,32.34914128365274,32.34914128365274
3160454,-42.661331519624,-15.28597157286969,795.4320294810459,975.72021484375,792.0,622.0,27.97090930124367,168,144.00692471036425,144.00692471036425
3160504,-43.25170805898574,-19.241601213935883,105.94652001094073,621.6956787109375,526.0,231.0,32.87176343353263,23,70.82788051495541,192.05560442396114
3160603,-44.17448742455535,-18.389824154957164,440.13638013601303,632.5591430664062,525.0,564.0,30.100447871071683,93,2.910551941282927,110.06337483475826
3160702,-43.52811240734254,-21.458430661782597,650.0033101951703,845.2569580078125,506.0,657.0,22.030636355790516,144,59.0166718405496,265.34236531740197
3160801,-45.0727624709109,-21.567287361682155,76.11662667803466,987.066650390625,952.0,85.0,12.590734617131814,15,42.983205866642805,165.7358481680424
3160900,-43.97112926106664,-20.626369511905214,105.61374901793897,932.4285888671875,882.0,120.0,11.018947998628729,21,19.85782821023574,180.47675517929517
3160959,-42.028809160911166,-19.52198766303398,57.83857774641365,749.5454711914062,608.0,221.0,37.21415334954963,11,41.481803960181665,322.99096506176016
3161007,-42.905165042374044,-19.906409171569333,727.4047683505341,722.0189819335938,323.0,659.0,27.748385935927764,158,18.980077126966822,244.18719480613797
3161056,-41.44809919211097,-18.568365718289925,166.0989968078211,610.729736328125,447.0,289.0,34.48731516435477,37,44.52310919033996,385.29999736717264
3161106,-44.860648059193046,-15.89841387020252,3304.840686364565,557.0531005859375,459.0,316.0,9.558054328315515,697,1.9750639260818632,1.9750639260818632
3161205,-44.99466212068127,-20.715295719233804,311.102561512962,972.272705078125,840.0,275.0,16.521387986370172,66,42.94851868847872,94.88008699161428
3161304,-49.86011030341517,-19.796871109743982,1135.3020722344518,448.069091796875,377.0,170.0,9.05604679543438,246,15.007339166175086,104.62462138505896
3161403,-42.281950526663486,-20.794247316859703,157.0756308324635,735.5294189453125,556.0,430.0,28.265472505300938,34,75.48978608160662,344.71696746571894
3161502,-42.82209188602925,-20.90871293831507,174.93979709222913,621.5128173828125,389.0,443.0,45.638358831764506,39,32.998619079525426,301.356088534655
3161601,-42.30914245800981,-18.896243806787005,144.4794390220195,438.76666259765625,227.0,642.0,45.54678310828852,30,25.83523935621121,291.401918183025
3161650,-41.366300957274895,-18.916954750253282,273.4690006375313,365.0517272949219,202.0,531.0,38.193668898093925,58,20.715033327424674,390.38964233955477
3161700,-45.54595850121355,-18.176911275582405,2689.5143826911226,738.4370727539062,517.0,463.0,17.368239659085443,572,28.5295730807438,28.5295730807438
3161809,-44.82966968762378,-19.982809866038796,255.9756897157058,737.111083984375,665.0,160.0,11.837878723043238,54,45.09136156432904,70.38657007168798
3161908,-43.32082681248345,-19.816921309334,362.9905780320987,749.5949096679688,613.0,347.0,26.93166478036285,79,52.812204897835166,200.09900328632233
3162005,-45.5958475790727,-21.911676925938572,521.1372015280649,936.7433471679688,808.0,509.0,27.53026930548257,113,65.74048914139296,178.4854446840674
3162104,-46.001425324078404,-19.360546746000118,883.2553726909682,996.8994750976562,771.0,428.0,21.041023462552538,189,38.94823070245675,38.94823070245675
3162203,-46.43795754413436,-20.576843051492734,558.5869554262608,917.1300659179688,672.0,717.0,39.584552535333415,123,9.236991992895112,26.631830256298503
3162252,-44.338011224305376,-16.85976449513787,971.7705448549241,819.1990356445312,531.0,422.0,14.187171461016286,206,52.69346603719745,52.69346603719745
3162302,-45.921124399185544,-21.944587556861755,122.77485299482942,1049.8077392578125,873.0,488.0,35.4121506386618,26,32.641590017579375,176.6729668078328
3162401,-43.89354640330408,-15.908247113090212,1855.1853117430583,652.1943969726562,488.0,413.0,12.024645355811455,391,63.742082627984516,63.742082627984516
3162450,-44.23084918355938,-14.892934222897445,683.3082728511654,661.0,458.0,339.0,15.685437199613801,145,25.860044493279585,25.860044493279585
3162500,-44.27360453848416,-21.26372781306362,1446.9630626682192,1006.076416015625,895.0,351.0,12.696228357144921,314,23.244134865166515,190.86984667188963
3162559,-42.15355906313287,-20.370775048087985,140.91121106315404,920.1481323242188,810.0,361.0,55.5377395453029,27,69.03120966770025,335.52292047564526
3162575,-41.16870576296157,-18.752431176800503,131.86943683866411,356.7930908203125,243.0,234.0,24.05553731620407,29,48.3196371554218,412.72540613145077
3162609,-42.17105835100708,-19.355968047573096,118.85276917368174,297.5199890136719,218.0,268.0,31.42415860791513,25,18.878843962261712,306.118859176409
3162658,-44.525963580024545,-16.55384927125149,408.9439452039078,681.483154296875,584.0,201.0,11.934591928654626,89,50.909255676218606,50.909255676218606
3162708,-41.97608137803606,-15.344456200328205,1942.7300696359016,889.7254638671875,721.0,381.0,17.503646477953243,408,137.08357212387116,216.35732000097744
3162807,-42.77699738376483,-18.514229364272786,474.361026131548,738.2427368164062,567.0,325.0,16.17363850106283,103,71.0187970089843,249.04840170263816
3162906,-43.002984936301495,-21.584107911728303,400.68501953594387,495.25274658203125,309.0,528.0,41.48345370262848,91,43.26318196567525,318.45495155945133
3162922,-44.247646696589115,-20.072101657186312,72.56496933847666,810.7058715820312,736.0,337.0,25.208461337996482,17,3.962823771363043,131.87711173780093
3162948,-46.242712722132595,-20.745473734587588,292.7272628620267,798.078125,677.0,373.0,25.513356090866782,64,7.098991289817149,43.843141910265295
3162955,-43.99173421899547,-19.6963772810687,49.75095043890178,766.6666870117188,699.0,173.0,25.470549492609653,9,12.505955505947263,130.6474848185627
3163003,-42.12442804243214,-18.31645731510268,218.7608443815261,448.2449035644531,257.0,697.0,42.600439726023005,49,59.001229539301576,310.0193863463207
3163102,-44.56421359149948,-19.698412942215448,196.92942348122597,786.780517578125,673.0,294.0,17.703298492369246,41,6.92568798744816,81.25764945328045
3163201,-45.51867849008543,-22.330273765450684,79.76951994840056,921.3809814453125,830.0,474.0,36.19363226186084,21,58.58875174603758,225.28047776322177
3163300,-41.37565571373532,-18.398199091978743,323.28450887370855,407.69696044921875,275.0,500.0,36.118441577145305,66,64.01726452548222,388.7144339665134
3163409,-42.69382184375476,-19.93015974992666,184.7374248802662,343.9473571777344,277.0,183.0,17.485440175904696,38,5.845490013361941,265.882989851521
3163508,-42.66215920006114,-18.24359600286193,330.0993820633739,660.4000244140625,554.0,310.0,20.48142032092078,70,79.15575224294722,252.85203087848618
3163607,-41.77141296213917,-20.01774149866373,54.248754953965545,529.7692260742188,377.0,413.0,53.53407463587707,13,78.06138641687599,360.6115048469249
3163706,-45.03951184522319,-22.11439346628453,54.39345499686897,941.5,892.0,138.0,24.33490788925073,12,50.309007285818026,220.23152299315413
3163805,-42.713923850531636,-20.729883276426897,155.4320900030434,733.25,616.0,222.0,14.193541147596388,32,32.231197082777825,303.13385894315195
3163904,-46.641676710989884,-21.129128289472842,265.1914696972817,1067.857177734375,947.0,208.0,15.689861170426676,56,47.31937971859359,90.0096252107847
3164001,-42.569666209526744,-20.051261406091314,404.59029039926827,331.9659118652344,263.0,283.0,11.948781238712934,88,13.066661687937323,282.4540716924284
3164100,-42.5947493786545,-18.35010942789134,293.06519291736186,581.8125,482.0,253.0,19.042604000027307,64,86.25667776115021,262.360814861284
3164209,-45.406142540715216,-16.390182979141635,2430.491331420839,523.7918090820312,466.0,246.0,6.579625201133057,514,33.79255198315764,33.79255198315764
3164308,-46.513938972374625,-20.18690653876745,2119.571463151835,1042.6241455078125,721.0,755.0,35.73407828510662,463,14.909178717643519,14.909178717643519
3164407,-45.77617074718354,-22.162244206270646,168.55463929101825,875.0,812.0,233.0,19.150760829990265,39,55.749340195929705,202.128842503375
3164431,-42.602657673252,-21.028415139361705,73.03203210420907,828.7647094726562,689.0,343.0,39.14876488356295,17,59.31514150036201,327.34958688169746
3164472,-41.955859002269094,-19.50991767766516,72.20213760621846,695.1875,448.0,498.0,55.95008205630869,16,47.08007363417199,330.379002566127
3164506,-42.5447578711681,-18.061996380245954,507.0113081941381,646.7567749023438,478.0,501.0,25.484233997169603,111,94.99591225434263,260.525382522586
3164605,-45.04317878739556,-20.249631208920395,403.2473336290568,818.2471923828125,724.0,268.0,13.296640570265547,89,63.15979069521059,63.15979069521059
3164704,-47.00471987334376,-20.92185302792171,821.0268139280379,918.8305053710938,760.0,401.0,23.149173855441724,177,54.35395667603729,84.73066753356373
3164803,-43.22365426139518,-19.298623586170336,129.08280753530562,618.3928833007812,488.0,363.0,28.307559601724915,28,69.93175839683161,195.64054696978314
3164902,-45.02608058058699,-22.221854624357835,88.66644820570946,937.0526123046875,906.0,74.0,11.004598203048786,19,38.40431443249668,231.42290597207088
3165008,-44.56047452776268,-20.939750866240626,577.4198406236246,1014.1370849609375,893.0,265.0,15.307663824427479,124,33.53836146385961,145.28856662979373
3165107,-47.128577726127574,-20.785648181585817,280.15162591822445,922.6229248046875,766.0,347.0,20.93238614317754,61,47.83168130736108,83.26450297859081
3165206,-44.96500497491501,-21.73301596428987,377.6478403415531,1030.01220703125,887.0,392.0,30.53649864281877,82,57.94753567949358,187.12047829184598
3165305,-44.4731549328428,-21.664544217714663,385.28307036310434,987.1149291992188,923.0,131.0,10.780878684442484,87,20.88160187614337,209.50789542885377
3165404,-45.8522374314879,-22.78460437413059,270.69261151831597,1429.3809814453125,930.0,885.0,56.45605219689676,63,31.486791463010512,269.81965011131615
3165503,-42.40828674308261,-18.777580857480892,138.0702860597521,779.6666870117188,620.0,279.0,23.917293318838272,30,41.40840063283288,282.37594816567423
3165537,-44.11942986845608,-20.05692983516151,58.17334979958832,868.066650390625,753.0,327.0,40.46075658096131,15,8.614876243420328,142.23764960780818
3165552,-42.15632591156936,-17.623382901555704,537.9380604466423,916.539794921875,646.0,514.0,34.20721116726201,113,96.01181784863402,285.77280433066477
3165560,-42.82552974864829,-20.079857900227623,177.3796743778512,519.8648681640625,280.0,765.0,51.72899767160797,37,4.6674304158379325,258.7915172597628
3165578,-46.21493383775167,-22.558970266031874,148.01249786280096,1483.5758056640625,1358.0,239.0,24.30388398637712,33,71.7304815449323,244.28162091884363
3165602,-42.911361396738656,-21.768958651623947,99.53315268456936,614.4761962890625,561.0,162.0,24.091854841676515,21,21.273810278802816,337.1165561652622
3165701,-43.106073742317584,-20.90294476709737,168.24921099841595,723.0833129882812,625.0,178.0,18.8170246600977,36,16.29553715510269,274.2264572605255
3165800,-46.14129957172878,-22.155252818499132,96.23452950362116,1028.0,851.0,557.0,74.26585091927387,22,30.679392267325163,199.7251870969871
3165909,-43.241877411877795,-17.85521005077577,944.5741102332249,847.4278564453125,674.0,499.0,23.34057940952659,201,23.830581709301246,183.73810137566016
3166006,-43.34752884574868,-20.798756507819636,172.39146673865616,808.2564086914062,684.0,256.0,17.976291961137317,39,12.819304395903215,246.74267699437124
3166105,-43.07842132876263,-18.91298698947546,381.4439553078264,765.8095092773438,592.0,386.0,28.20514820611897,84,76.78883847936976,210.4415100783932
3166204,-43.59749195244072,-21.031869699827713,234.94815276935697,860.5306396484375,756.0,457.0,37.59153004103658,49,21.8939353373344,235.42434104356298
3166303,-42.45894593880192,-20.492436346116467,159.45144749525934,969.8235473632812,757.0,842.0,58.64585825874934,34,47.62177212707449,312.57867235353
3166402,-44.45874594680899,-21.917540412112835,110.9320493452251,1072.5833740234375,1002.0,145.0,18.768746428436362,24,18.660215397545194,233.4176472512579
3166501,-43.20754807361531,-18.38735561946689,219.34150665067136,909.8163452148438,702.0,861.0,44.10245219191845,49,23.65219911287912,201.67080353961202
3166600,-45.77862935590426,-19.3842962642318,328.2688491269946,750.9324340820312,649.0,266.0,17.33495749125833,74,41.30773683620354,41.30773683620354
3166709,-40.26449635722589,-17.7859247694809,212.12615228118375,199.6521759033203,75.0,210.0,12.173028811793282,46,168.54867708361505,486.00843027542476
3166808,-46.653178422612974,-19.157961142464693,1298.3200384043157,964.7857055664062,816.0,418.0,19.569906986787043,280,26.717696203436713,26.717696203436713
3166907,-46.091187674742194,-21.55240891328883,209.47873296681792,865.7021484375,793.0,239.0,20.04854848823839,47,38.5131593316787,132.93063435279439
3166956,-42.86076924513725,-15.857363934736819,539.9359740419313,808.6017456054688,553.0,737.0,38.334668123029594,113,98.18456883727094,150.33992099858537
3167004,-44.53759659124944,-21.831432520449635,220.47735433839262,1062.8043212890625,970.0,227.0,21.82352435730408,46,30.983317485752256,221.06785094761835
3167103,-43.40225342855248,-18.536177257790687,1218.957604574971,971.1102905273438,659.0,975.0,34.82192325083741,263,26.787973721305928,185.6206560568827
3167202,-44.25502947195496,-19.437938559193874,530.6939472295344,789.913818359375,656.0,328.0,17.498482984206756,116,28.631368970980542,93.9454984515336
3167301,-43.203674002961534,-21.143231975368064,155.69082562904805,694.9117431640625,521.0,340.0,37.06643249221759,34,42.99867401663422,277.394279585193
3167400,-45.80796348462745,-22.036898849195456,316.390473484993,901.5507202148438,827.0,318.0,22.74404078220074,69,46.63448122455716,187.9669888056994
3167509,-43.29281690577355,-21.963729315164763,129.83714795392007,506.0,365.0,343.0,26.577704978283194,29,18.739328522513002,317.63070740797565
3167608,-41.9881858599752,-19.99799745968054,472.02745979558676,861.6826782226562,502.0,830.0,43.28383242300223,104,56.25892970364808,338.35226560809303
3167707,-42.14747233029389,-19.217780247234117,200.29877599701285,280.2272644042969,188.0,292.0,27.752046686139217,44,10.975142822435222,307.64638143341625
3167806,-45.025595124251836,-22.026208035576293,188.37831700313836,970.9755859375,868.0,279.0,25.433302160509072,41,59.66560466582828,212.1781099922952
3167905,-43.25716847444442,-21.367454911253514,205.5239897472784,559.9545288085938,442.0,271.0,19.46262898499001,44,68.19246527563509,283.8398663187453
3168002,-42.05645027183253,-15.824761907329258,1207.485039355699,810.560302734375,555.0,423.0,16.21479188219336,257,88.63461844057402,226.2303743521162
3168051,-41.61176716853595,-19.73911012991902,188.91334532853216,365.3500061035156,208.0,478.0,48.079316204612844,40,61.53389921227769,369.8481233814463
3168101,-46.86650367394732,-19.915637570424085,1161.7044173041359,1157.70751953125,977.0,365.0,20.04468874531147,253,45.75271527005011,59.063773939854556
3168200,-46.15981406848648,-19.875953466407132,409.0509683769196,933.5494384765625,665.0,594.0,25.188894954103006,91,42.2651171121371,42.2651171121371
3168309,-43.684123681687204,-19.635124480143745,336.3895785873756,868.45068359375,689.0,741.0,32.496252034042854,71,11.97669276191343,157.54896640454595
3168408,-41.90257313187659,-19.300713451315826,729.298609319143,393.2371826171875,215.0,574.0,43.578691254073874,156,35.1491810783968,333.7657060746511
3168507,-42.859261809495315,-20.63306768577924,172.56429325509816,712.3846435546875,618.0,205.0,16.442699503135263,39,13.701555891807454,284.7246131120432
3168606,-41.38344654754466,-17.71469757461624,3253.043184509501,444.6797180175781,235.0,531.0,29.76750430025233,690,123.42322197828805,367.96877464114925
3168705,-42.60080415827296,-19.555769007261286,139.74715666100383,332.76666259765625,251.0,372.0,30.634382023402434,30,9.735400594227418,264.548540778441
3168804,-44.155306386426886,-21.11771215778308,90.19717238750309,959.5714111328125,903.0,183.0,21.732495596489024,21,39.500013730215365,190.72379068405226
3168903,-45.823281773616245,-18.859256017970225,2085.109848293476,864.8844604492188,678.0,439.0,19.918889784059303,450,62.133073508068854,62.133073508068854
3169000,-43.02475651488229,-21.17964046740949,163.4058319935575,414.3333435058594,325.0,431.0,24.89403815961647,36,47.760389565327095,295.61541180350815
3169059,-46.15059961376358,-22.355527020609106,119.85752633493394,1129.6785888671875,966.0,454.0,42.73473571245696,28,52.04378032224416,221.86976562025683
3169109,-46.383579428939065,-22.707338520085436,133.1774814473465,1219.4000244140625,1058.0,377.0,37.45531854446237,30,68.4478243116116,260.5159623088306
3169208,-42.066246357423125,-20.881642235176223,290.98468428011984,491.46875,241.0,670.0,44.84781391083024,64,77.3771569319039,368.78419971949967
3169307,-45.206621554147745,-21.686391817757176,828.863818032667,914.2154541015625,838.0,222.0,14.718649594952609,181,57.8937779192683,170.29607693022956
3169356,-45.067466705881756,-18.296334055199814,2682.379200910218,733.9217529296875,437.0,480.0,16.189647360462885,575,21.214198824482807,21.214198824482807
3169406,-45.49494221532838,-21.392070894719033,693.2938668634742,898.7549438476562,778.0,277.0,15.753651381794477,151,37.73569650247124,127.92017991822087
3169505,-41.70345312353869,-19.015412480988786,499.9679590817541,227.15887451171875,128.0,290.0,18.367277721168374,107,7.429803827933455,354.3630315280697
3169604,-48.75458499081448,-18.5355223816087,1843.3878066809848,706.8639526367188,500.0,415.0,19.02765293225246,397,21.36811574886139,21.36811574886139
3169703,-42.83978205540112,-17.244909944114788,1159.7885580584407,742.534423828125,511.0,468.0,32.39229841573198,247,18.712723951106366,208.18804843662488
3169802,-45.79918169347872,-21.885401361841,205.4824263304472,892.1627807617188,827.0,166.0,15.670289492216096,43,44.71325154249341,171.48489175352591
3169901,-42.96528574741121,-21.105380077685993,420.7079416895285,491.6444396972656,318.0,514.0,19.952207877788787,90,41.40218997975599,297.10292560789867
3170008,-44.84719890375753,-16.364223499254813,811.2445952296257,594.1754150390625,467.0,249.0,10.501381144066297,171,20.28372619652619,20.28372619652619
3170057,-42.070969706941106,-19.65922785550943,172.96124499849975,695.1621704101562,542.0,401.0,33.00977993354665,37,42.223497589154086,321.0944158093525
3170107,-47.97649713082769,-19.583046010298652,4512.052723528817,814.8372802734375,492.0,542.0,12.434357905917727,977,45.99855131276469,125.05718977885266
3170206,-48.3314804549348,-19.028294517534256,4135.92149045039,806.8872680664062,535.0,440.0,13.643052019544035,887,71.68196682936463,71.68196682936463
3170305,-40.66388486563731,-17.27469456932513,409.1811367110349,311.8089904785156,213.0,219.0,15.627116393995355,89,99.47158926036487,428.1468842498662
3170404,-46.81975646195985,-16.375554835418985,8438.623681168072,761.8575439453125,504.0,505.0,14.915925009292032,1783,124.75282979942749,183.4716334765658
3170438,-50.34332040013734,-19.40854037137398,1155.1787253785878,450.05621337890625,375.0,145.0,8.404744739783897,249,39.368392714151454,39.368392714151454
3170479,-46.3197231534344,-16.09079029677895,592.9365953784436,746.8504028320312,504.0,426.0,31.480100044492282,127,134.20387018742238,134.20387018742238
3170503,-42.73366734742793,-20.326800972216137,141.282215164043,473.741943359375,371.0,199.0,16.114870680026467,31,17.003026658235704,278.9166048064299
3170529,-45.572347090054954,-16.0263836336493,2064.035981917754,581.8245849609375,475.0,211.0,8.961808918513434,439,54.6189325716385,54.6189325716385
3170578,-42.318779374377065,-19.60098754659612,110.9673072360456,456.34783935546875,252.0,432.0,58.82195135638724,23,16.629911004590614,294.4538369997652
3170602,-46.33446588946752,-20.432451637489816,406.1420511091128,923.2413940429688,752.0,567.0,36.22096028841387,87,8.99040266822593,8.99040266822593
3170651,-42.2993830350644,-15.342249441844432,491.77140805032104,960.5294189453125,816.0,304.0,22.351417810288325,102,141.3051148727075,182.85814980314893
3170701,-45.411985049640215,-21.55560147632935,407.8442270113155,922.7000122070312,786.0,384.0,20.21196578936673,90,49.75443222359552,147.9123602148112
3170750,-45.93440098558528,-18.465725410510384,649.2057473044842,843.216796875,669.0,341.0,13.753088201230744,143,60.62211752477843,60.62211752477843
3170800,-44.72783086895093,-17.49397009431849,2209.6055599451065,593.4733276367188,479.0,552.0,20.940374640074754,469,0.9766228451541831,23.95203851149341
3170909,-43.93597320261259,-15.641185620914422,801.0200620149262,655.91015625,515.0,315.0,12.330096676211406,167,38.732065881271595,38.732065881271595
3171006,-46.86830694263327,-17.8680988890171,1886.4877943564206,675.3838500976562,521.0,456.0,20.02336650413363,396,43.04108596623736,43.04108596623736
3171030,-43.62915178110828,-15.540107300558203,1587.735231707804,520.8342895507812,471.0,279.0,9.152664531135155,338,61.151503785820665,61.151503785820665
3171071,-42.72768519781707,-17.485637103292344,620.1240896368399,770.0992431640625,564.0,377.0,27.256256396942366,131,44.797329706751796,223.48712555761938
3171105,-48.3394383485948,-19.60243057095677,1019.2784836087376,738.0687866210938,593.0,288.0,13.735527597011759,218,47.118561460286415,133.52306537544095
3171154,-42.255083954392624,-20.038005700634415,107.85452666413039,671.0,568.0,288.0,24.531326357625044,24,35.25779823334226,312.9979958193674
3171204,-43.94463487322515,-19.732131712207416,73.61636801436543,794.4000244140625,720.0,129.0,18.560493499078422,15,6.510913152163954,136.83416679246022
3171303,-42.88616243369367,-20.74006492273238,287.37327771354467,716.7777709960938,630.0,190.0,14.99967962532316,63,19.815975894197432,288.4860116141729
3171402,-42.280789183570796,-20.911547414186092,110.94912578351796,595.1304321289062,366.0,449.0,47.5883645104856,23,81.08660304197868,351.50830349031327
3171501,-41.92570980868237,-18.609773014129743,166.38887161761522,261.27777099609375,195.0,217.0,13.515606914296043,36,22.53265714456705,335.585097730672
3171600,-42.34086867157914,-16.713946965838975,880.8475219439715,543.3114624023438,320.0,463.0,34.239207091597656,183,8.401171415384564,245.17067020275127
3171709,-45.11026575187586,-22.341737947661336,334.42008885741234,1242.5205078125,905.0,814.0,60.38889966996733,73,29.550871151698964,239.81411033732135
3171808,-42.67173074885416,-18.79008345047286,431.1808586316183,822.752685546875,665.0,271.0,17.282456410608894,93,61.09048358366431,254.62158587636537
3171907,-42.31720343867902,-18.4496681663799,273.76703011989594,476.4210510253906,289.0,479.0,38.19585222862091,57,57.15961733214002,293.3678198159501
3172004,-42.83952798414883,-21.01030660283495,245.96664222329855,416.963623046875,336.0,511.0,20.159586384960438,55,39.0282977560848,304.1789704766322
3172103,-42.5566844298059,-21.757889947352393,210.04351033177227,291.978271484375,191.0,255.0,21.872201350633752,46,7.975398596774014,367.5883029753661
3172202,-45.40209978914614,-22.555011354036363,99.63083226140589,1168.434814453125,915.0,724.0,86.72252499411557,23,33.5557766926732,252.29645171271554
3200102,-41.124798982738426,-20.08938746687799,949.9690026175231,657.9310302734375,302.0,882.0,55.533423611429455,203,66.95459965187057,427.61288969513953
3200136,-40.74761680336069,-18.97076396770603,469.5330238752067,289.9514465332031,133.0,558.0,34.981728678762956,103,57.768430752481756,455.1625034159843
3200169,-40.99651180335863,-18.517748171705332,464.4820376066491,450.6019287109375,185.0,561.0,33.5381536365195,103,79.25631010955263,430.5573609725477
3200201,-41.51429153980525,-20.7196823262677,756.1622602241114,502.6708068847656,126.0,994.0,54.115237588581444,161,97.38085676123242,411.43412238338965
3200300,-40.82567626662378,-20.563175558336052,619.7207026109099,680.1555786132812,49.0,1172.0,45.261513895887795,135,115.23804089088446,471.8158200388148
3200359,-40.98608003776823,-19.02175333089132,220.09239560272545,618.1458129882812,264.0,571.0,37.761389878542985,48,40.86607826897965,429.8290416349633
3200409,-40.684459239848536,-20.718551146944417,396.0854213591665,73.6941146850586,0.0,590.0,24.192455588369157,85,104.61423784699903,491.0852471099552
3200508,-41.55283785205862,-21.072312087882175,181.72799643222243,412.1000061035156,85.0,817.0,57.27908795727528,40,58.189824157457075,425.10826040381704
3200607,-40.17550434134414,-19.767189715787612,1409.2357821445912,40.62925338745117,0.0,420.0,7.4194567761931935,294,32.84685104047674,518.5287632027882
3200706,-41.18468496957988,-20.963354427513064,221.6888468908146,221.63829040527344,28.0,767.0,55.21888370634737,47,73.64266959949546,453.43391497698127
3200805,-40.98292723432835,-19.57290983710937,895.3142980020493,335.6428527832031,67.0,817.0,51.82630544731062,196,8.624644651282454,432.28873947146144
3200904,-40.830987586606035,-18.66474582680997,961.1411710139364,283.6698913574219,140.0,512.0,25.237050590937283,206,81.187818652844,449.2981892205416
3201001,-40.33050034951727,-18.48567345719751,436.9672048166394,135.6989288330078,42.0,197.0,9.039680213108742,93,106.02222175676583,495.6279242707447
3201100,-41.63167041408258,-21.084179213611886,90.93566811457276,325.1000061035156,102.0,523.0,47.08718635965208,20,56.825556080539485,418.6791943206383
3201159,-41.297623370637425,-20.1275711384171,369.86323560774326,906.0609741210938,654.0,584.0,37.12987413238181,82,75.75835321054925,411.3016925554196
3201209,-41.189959379717756,-20.76615566099059,883.9300289843231,199.0157012939453,19.0,968.0,39.8282670832568,191,95.11027823880703,444.20852235730075
3201308,-40.44182436671178,-20.28875335014881,281.86477259360254,219.27420043945312,0.0,760.0,37.38022640664778,62,83.55449284331078,501.7120178804295
3201407,-41.20321097325455,-20.552459360109033,656.4313061386347,595.7928466796875,105.0,1443.0,80.59024305140102,140,118.62847656737021,434.4846566345505
3201506,-40.6562254216522,-19.487290667284384,1380.1394296586514,195.46958923339844,33.0,708.0,33.240545991331835,296,4.2898236738125295,465.4986553690143
3201605,-39.83335563646856,-18.443421644293746,1178.5554403997958,40.23228454589844,2.0,91.0,4.006657611687132,254,108.79735696629737,544.5891920824212
3201704,-41.26456924851799,-20.373944125216468,368.5065954979509,820.3780517578125,358.0,840.0,50.65075175172207,82,100.85807382717073,422.2111327275867
3201803,-41.726918245889635,-20.584814399103774,173.00588394794613,1025.1842041015625,765.0,1221.0,67.44194709262078,38,109.55443209775828,385.37720269543337
3201902,-40.84669084221011,-20.306702502700336,1242.5942408572882,882.6824951171875,135.0,1519.0,33.55539891092066,274,86.89789844911431,461.67032178307886
3202009,-41.81188389862055,-20.636689172266195,152.63002963270992,998.7647094726562,632.0,1246.0,65.70352347298825,34,102.78251336291831,379.6678777793929
3202108,-40.81032946514802,-18.26423336097973,2282.4817857407033,284.2494812011719,147.0,487.0,18.964015311507044,489,113.20780592390933,440.4516844514062
3202207,-40.346791523466266,-19.975458558082185,277.70486575365067,113.51612854003906,0.0,640.0,27.767479832808124,62,49.157920353660735,504.2182439062206
3202256,-40.49991472615317,-19.203890425309435,355.22785851266235,220.3125,79.0,543.0,25.522390765039734,80,33.526593177185774,480.6639340751251
3202306,-41.704203025799934,-20.7662530585792,488.3668713811785,733.076904296875,579.0,497.0,26.112431708118326,104,90.28734645745466,395.7953146815783
3202405,-40.54645167238686,-20.584918768096948,590.8821193147451,198.921875,3.0,784.0,42.58746200454577,128,117.1619542521641,500.05496915434645
3202454,-41.54725419670784,-20.249707460774836,240.97771513368934,879.1964111328125,627.0,591.0,48.68716051925838,56,99.04441230252897,390.1511301314156
3202504,-40.42007707946496,-19.838842248902612,207.90786145068705,271.46807861328125,41.0,632.0,48.48837102372982,47,33.75502560814624,494.2935953078878
3202553,-41.69039483235564,-20.488369508217136,336.30192775744945,1137.0833740234375,692.0,1807.0,69.60890072639609,72,112.29512045166624,384.8278964613549
3202603,-40.85689686381522,-20.754230736756963,213.2863502111286,420.77777099609375,28.0,752.0,60.450546564198326,45,96.20929016458743,475.69052699162705
3202652,-41.63319705194097,-20.32821246231731,172.27956123743206,841.23681640625,703.0,354.0,25.64904933775234,38,106.42732570720254,384.3298180376273
3202702,-40.86515856239539,-19.72635376904873,538.1648568706587,326.96551513671875,119.0,944.0,56.07622453751236,116,23.020738263791692,446.56881774722547
3202801,-40.94645138336082,-20.967466569783117,561.7367587778717,33.83470916748047,1.0,214.0,9.047041118036901,121,71.54568546618296,475.9529159035894
3202900,-40.88983549021386,-19.949092149465674,299.0767674446106,565.7096557617188,164.0,885.0,65.81620554934842,62,47.76199107829278,448.10851697124235
3203007,-41.657035165460094,-20.35072335816237,477.71954241674393,936.23583984375,502.0,1745.0,79.78974467665957,106,105.72454002318936,382.7967228359965
3203056,-40.002532379725864,-18.949038275809073,663.1708985175937,51.11111068725586,4.0,140.0,3.591648167672727,144,51.03023490321029,533.7049588980045
3203106,-41.39048139991864,-20.8001423791823,170.2794518340379,281.1282043457031,114.0,731.0,55.57516581119955,39,90.67023438221828,426.6976185574679
3203130,-40.435043781672306,-19.715390020878285,290.56794452201575,229.77049255371094,61.0,633.0,43.76579782646998,61,20.336181683110443,490.9481126627869
3203163,-41.057068173793894,-19.87126330130649,449.5951710958034,359.653076171875,174.0,651.0,38.44994390619981,98,42.068415223987714,429.38478199972917
3203205,-40.030621409031895,-19.38424581902623,3514.1041110930964,48.3754997253418,0.0,607.0,6.517370502008127,751,2.8887970187022387,530.3305083054748
3203304,-41.071656032462684,-18.877713496168678,319.25961990095675,596.6514892578125,379.0,444.0,35.54713103301139,66,47.20158884468804,421.68532463285726
3203320,-40.89356489791247,-21.10251417650596,129.22560426499695,26.962963104248047,14.0,38.0,3.827123718061232,27,57.69136630844137,487.0156296271
3203346,-40.770844338331536,-20.42837015781065,276.28186355158687,790.2000122070312,584.0,438.0,26.235265725554328,60,99.79736681595925,472.88676960853763
3203353,-40.52300860717073,-19.42706384319799,327.9704145491123,201.19444274902344,44.0,510.0,32.71910982183803,72,8.738339012080642,478.99169049013256
3203403,-41.375538113835184,-21.087133583803322,887.9820049395785,295.626953125,4.0,1070.0,39.12506573975586,193,60.10663622146134,441.91226965525897
3203502,-40.276148815373695,-18.1394181305929,1097.5323676671833,152.02552795410156,68.0,216.0,5.96776442611167,235,142.36710686890382,491.61053136156414
3203601,-40.51189724540558,-18.015654777589567,533.2902413560078,237.63157653808594,172.0,138.0,5.341688529638767,114,154.9324650708693,464.51227957788376
3203700,-41.43466521523106,-20.427310927278295,649.0338278478011,785.8803100585938,332.0,1013.0,58.70262541659182,142,111.7609157345225,407.32427570833966
3203809,-41.34391545660535,-20.936401829787453,327.759492918849,433.5,208.0,568.0,63.03899755311209,72,77.06124637404284,437.3574340253962
3203908,-40.52317502070348,-18.69907826247068,1432.8786237379536,180.84193420410156,61.0,463.0,18.064397861803428,310,89.22547576597961,481.17723062749064
3204005,-40.82047236524387,-19.14833763883348,844.5425968030468,343.1593322753906,98.0,621.0,41.2422608597015,182,38.58695693038594,446.97043962082637
3204054,-40.03881783103233,-18.17988459698486,431.8420411683619,82.49462127685547,33.0,115.0,5.107976502222724,93,136.0255360758319,516.954424606897
3204104,-40.197090119918805,-18.37025442611684,967.5427094679326,116.3756103515625,24.0,197.0,5.223268974936387,205,115.92242609884079,505.63677400797354
3204203,-40.771170114393904,-20.83874196770496,76.74203679803759,24.823530197143555,1.0,70.0,9.466521881475751,17,89.1694029172877,487.25171326988095
3204252,-40.51544723800861,-18.253927204118586,370.5782244578004,215.91139221191406,126.0,176.0,10.234296679136085,79,136.1402706226043,470.05138792878313
3204302,-41.06849979456049,-21.14445496213257,581.8861765190959,41.7734375,1.0,179.0,6.469985124977809,128,51.853512161469446,472.83943428700405
3204351,-40.30804986243132,-19.230609316980665,648.3928434578702,142.46377563476562,26.0,429.0,18.481305588119007,138,27.832792820648944,500.83987689014606
3204401,-40.916812289453425,-20.820487728914816,195.42347642872483,258.4130554199219,5.0,767.0,58.45629406594667,46,88.0419142864723,472.5476786366486
3204500,-40.53591027699331,-20.120130591114474,705.0459177251905,449.0067138671875,4.0,881.0,50.83611458371536,149,66.28307490051202,487.9764641037743
3204559,-40.80262848775804,-20.082531026116197,736.06898397021,896.4905395507812,565.0,605.0,23.566906061518086,159,62.10890968696001,460.02070961303355
3204609,-40.63288724226514,-19.877889180983413,673.6345438780263,586.3150634765625,144.0,793.0,60.362159830409155,146,38.76922096542096,473.04292670084027
3204658,-40.56911108888706,-19.123418032384045,291.2876865360886,181.5084686279297,97.0,164.0,13.189008906308613,59,42.303779896746086,473.4274058066339
3204708,-40.5068957221798,-18.952719281017036,426.4515729798004,176.93258666992188,97.0,354.0,13.565277301590298,89,61.21506815454345,480.5984535898884
3204807,-41.654061866503724,-20.984136543413204,260.16431117989123,524.1896362304688,244.0,719.0,43.77617496439736,58,68.03493923544633,411.323718980101
3204906,-40.020813816027534,-18.74898773610953,2351.1482085380703,63.75442123413086,2.0,203.0,6.206328463712324,509,73.0928145560794,533.424267271821
3204955,-40.68099419554831,-19.719525267457104,345.3338605482131,279.75,104.0,855.0,41.43636427981936,76,20.957608829431557,465.52228420607344
3205002,-40.300885275186346,-20.12924740386271,535.9234638595954,45.4568977355957,0.0,571.0,15.78380292369368,116,66.55572287002879,512.0707914814071
3205010,-40.14717003296176,-19.07252465155456,591.926490562968,78.09091186523438,9.0,121.0,5.612105748254083,132,38.41204382532173,517.9269931947392
3205036,-41.00196455743995,-20.65028561200595,410.39023311436176,757.1777954101562,75.0,1280.0,48.92026588017222,90,106.24316453530845,457.69289723479324
3205069,-41.139579211644,-20.373124458015912,195.6297716582194,951.3333129882812,751.0,407.0,46.21806813718062,42,98.19727952761875,434.5476368596319
3205101,-40.51271019017413,-20.400536819114883,313.76386919245124,178.5,8.0,589.0,37.708859781427584,66,96.49778622968847,497.77094459015257
3205150,-40.6251060569468,-18.615097189431765,417.89509752299637,199.21591186523438,137.0,193.0,13.856439214754989,88,98.15719394768408,470.76815486219675
3205176,-40.330817374382875,-18.967039618688535,467.8580372678116,148.4466094970703,77.0,391.0,17.27757739180999,103,55.655879758284314,499.0493628770154
3205200,-40.37869494551316,-20.434178282960684,212.5891336509958,14.30434799194336,0.0,48.0,4.161137334282782,46,99.56859879485818,512.1265335157208
3205309,-40.29832587290262,-20.279224192558697,80.73376907315105,20.823530197143555,1.0,167.0,10.529007195798865,17,83.06255171139942,515.9146027616187
3300100,-44.39036081226237,-22.931143356166384,731.8076465381309,512.9224853515625,7.0,1445.0,127.19017049840697,129,46.76298154688422,330.7615043853651
3300159,-42.135981118961716,-21.652480389549243,88.87316052336246,133.6666717529297,88.0,172.0,14.375996715984801,18,3.6118369579582903,400.57754342124355
3300209,-42.293002540394795,-22.75510072730494,641.1765081109479,27.565217971801758,2.0,60.0,4.700442023439475,138,104.7460910684207,451.43568081480424
3300225,-43.12197346254748,-22.237507198337717,108.54734569601715,591.6521606445312,372.0,425.0,33.646591428458684,23,15.623959673604265,350.3594166569266
3300233,-41.961066356607624,-22.779138401494702,58.51651985384524,18.33333396911621,7.0,30.0,5.82740126986776,12,120.65227572445569,479.6009737086173
3300258,-42.17903076572903,-22.918238512013684,144.4569686781615,9.533333778381348,1.0,200.0,5.322185740145089,30,126.11249739984535,471.71272216611777
3300308,-43.913874083407144,-22.425788937503047,594.5220586061478,532.2000122070312,371.0,652.0,30.743936672669875,130,5.786606729667516,311.06844332745857
3300407,-44.18852835791815,-22.5060804940259,539.9260921915993,509.2869567871094,392.0,540.0,21.068973621892944,115,1.9666854833163196,302.58128110388066
3300456,-43.37647256035196,-22.730134846851318,82.5111568942666,23.44444465637207,7.0,45.0,5.622032699246541,18,51.70671176454811,371.0524749657226
3300506,-42.37318599964392,-22.199389973725697,381.7501368550584,789.927734375,571.0,855.0,47.22878860354531,83,44.93849506394146,408.8906110405464
3300605,-41.68244468994547,-21.124254473896332,589.7269944148138,341.3571472167969,67.0,787.0,43.753608365432804,126,52.289452123731046,416.31327847737026
3300704,-42.05625690822868,-22.709199694245267,424.5752019453794,11.452631950378418,0.0,48.0,3.96108678652699,95,109.88241875990937,467.29161097262687
3300803,-42.72824313175142,-22.516329646404973,968.9227353446186,302.6028747558594,5.0,1701.0,76.45440124390052,209,59.66508761496251,400.7246981959263
3300902,-41.91518526120447,-21.49747340954049,558.1071654921398,283.20001220703125,70.0,778.0,52.31707757992113,125,7.5705140891895715,413.02071062650595
3300936,-41.65009964870431,-22.19666699625918,305.4601185582578,25.97058868408203,4.0,62.0,3.861263784169814,68,60.33620047595348,471.898568041629
3300951,-43.25877800972836,-22.04457815900778,117.32602467481047,446.75,329.0,340.0,25.389224671798654,24,9.33087282080382,325.9679806842894
3301009,-41.403910980304936,-21.748110699755852,4000.067295629531,82.123291015625,0.0,1350.0,17.03478084243711,876,9.914361531811016,472.12461860528293
3301108,-42.333462383687205,-21.868681485925265,743.7741570891812,376.30865478515625,87.0,687.0,38.773750457475465,162,13.677904668680569,393.46322669588363
3301157,-41.50097788875534,-21.525496031215546,522.7341303769499,84.0862045288086,15.0,396.0,17.662937170970704,116,9.920703978199997,453.0225128926522
3301207,-42.56416424960012,-21.892954143350973,310.2788530830294,327.3432922363281,109.0,480.0,41.568900361728446,67,7.025157000321882,374.5300559742313
3301306,-42.14079325704673,-22.481915990720033,457.0841789310798,161.21359252929688,4.0,893.0,47.31472486801157,103,83.73436041257487,445.8014315114649
3301405,-41.845615171327424,-22.1353176412409,337.14967354852706,160.77333068847656,9.0,775.0,41.31666973279048,75,56.14002229379871,451.2223788997137
3301504,-42.34579368762822,-22.055732613469157,103.01884770672768,559.727294921875,397.0,300.0,35.52466726792796,22,32.812276454025,402.90700548917425
3301603,-42.497967580398225,-22.05618871209706,370.73556965310127,741.4939575195312,446.0,590.0,42.37475331549931,83,25.693455030859223,389.6935130334305
3301702,-43.29878111869958,-22.634088572242856,467.9205271974206,185.4646453857422,3.0,1246.0,49.710341453891466,99,47.23825473870995,368.2040604966734
3301801,-43.632204942698976,-22.5044707291959,121.00233291555196,564.4074096679688,195.0,454.0,32.64823012720045,27,16.27878400304113,335.3634789250387
3301850,-42.96476322022691,-22.58707003932832,346.42349935509264,184.53164672851562,3.0,1902.0,48.67515435492273,79,57.03932669162657,388.0870710018079
3301876,-42.21754655412272,-22.82706925308025,49.85297262016684,27.200000762939453,1.0,43.0,14.270869675624635,10,115.378824230865,462.3437415270323
3301900,-42.852831800398285,-22.750036573720237,438.7361777089536,44.288658142089844,3.0,503.0,10.783457913958477,97,77.79702219432615,408.7038272684924
3302007,-43.81208408990493,-22.833106910353443,291.5060163680464,193.5625,0.0,924.0,54.842941201637586,64,38.97089995396761,354.0065737261252
3302056,-41.65443992382266,-21.42360346048468,289.49411259870976,118.69355010986328,39.0,421.0,18.667773058009733,62,20.106844725117796,434.15866965080994
3302106,-42.082102405763244,-21.727575986439643,439.7698139734566,135.35714721679688,55.0,347.0,18.30183044367018,98,5.819732413078681,409.09384844310654
3302205,-41.88906787078524,-21.22551347268633,1098.7271399851888,204.16049194335938,70.0,561.0,25.92841659035039,243,37.3207447193514,403.6303583248796
3302254,-44.586365383389065,-22.440553116478117,230.3920813333243,1012.219970703125,408.0,2080.0,101.74388511550607,50,7.317916617908848,273.916860638428
3302270,-43.61133528907056,-22.662004138827907,83.24956076033413,52.05263137817383,21.0,126.0,22.45731646015376,19,30.999061288598394,350.31094338063025
3302304,-42.135404253794576,-21.247609778345275,264.1990865021944,312.94915771484375,165.0,436.0,31.749379812591478,59,41.79166907599343,381.0980484714057
3302403,-41.97368775531467,-22.295270303691716,1204.203402031213,257.3094482421875,3.0,1426.0,49.230363584954226,265,68.96757293969182,448.9542906701004
3302452,-42.27643686994747,-22.02488734439991,77.16858359146863,414.4117736816406,295.0,243.0,31.44422095844878,17,31.70900478164999,407.16522414184976
3302502,-43.11199292488257,-22.612280638484272,390.7879052022472,264.38372802734375,4.0,2001.0,76.0835412058883,86,52.44164978836643,379.4085114395986
3302601,-44.063663559442794,-22.928850238457102,341.6086580520496,484.0952453613281,5.0,1337.0,116.06765818402673,63,45.00226591944758,347.8917829011724
3302700,-42.813717384299224,-22.91442789710635,353.0936217131093,87.66666412353516,0.0,419.0,31.465819516541266,78,96.30821113296633,424.29548720145425
3302809,-43.73920833604191,-22.52159359787774,97.61174233816564,495.4285583496094,399.0,204.0,23.173706085679232,21,10.711296110277152,330.1298967000385
3302858,-43.448533631494044,-22.79880635872074,38.07180934865028,279.70001220703125,22.0,821.0,92.6203835600141,10,53.20941601855803,372.3382032360232
3302908,-43.47301850369887,-22.506021135875798,287.2822980172932,648.7833251953125,86.0,1178.0,77.78346375631419,60,27.541942576276067,345.91503034944583
3303005,-42.15185569536757,-21.394976944909544,315.60753093939275,261.71429443359375,140.0,514.0,35.39324942258213,70,28.496945197732106,386.24324334866833
3303104,-41.92923603770746,-21.040321794268028,393.1239185612649,322.8795166015625,145.0,551.0,51.25053085369948,83,57.91045409505697,389.76659577687
3303203,-43.425595042425435,-22.819865014354733,17.846032961271703,24.0,20.0,9.0,37.56501836537159,4,56.50143158295658,375.5977885905094
3303302,-43.04829225226015,-22.91489373408553,133.90041640307754,76.48275756835938,1.0,185.0,24.94974405884315,29,85.10426637614825,408.15734791956424
3303401,-42.497226706006124,-22.318921519030056,938.3139974325895,1087.9417724609375,368.0,1380.0,60.21388184107363,206,52.380401457190246,405.87220528067854
3303500,-43.50274106757756,-22.686268085787148,543.6050262991339,251.579833984375,9.0,1092.0,61.36272950230095,119,40.25687813031656,359.2101302886194
3303609,-43.720101397630316,-22.615978053455358,207.43083259370178,275.1428527832031,39.0,584.0,56.95936545927338,49,20.606790466202227,339.61798753123503
3303708,-43.30294258698831,-22.183253525127064,573.2311115218326,511.4206237792969,308.0,525.0,34.428085946476614,126,8.900888394540724,332.6080402887603
3303807,-44.70870300143655,-23.149055478804996,909.6913060350344,627.934326171875,0.0,1617.0,100.62528141511638,198,36.546641534498875,337.8403337948751
3303856,-43.40250169460679,-22.367097765090737,308.91939233709127,648.4000244140625,407.0,729.0,36.381866699700666,70,16.27883939944509,339.47891165791435
3303906,-43.15735357580216,-22.399444943325257,789.5350732887164,977.6744384765625,260.0,1686.0,78.27407623971456,172,31.27807101801254,359.6795431712337
3303955,-43.99477569957227,-22.5465334136043,84.80380641110241,433.5555419921875,375.0,114.0,16.283971748000052,18,4.770549723921557,317.4036776488838
3304003,-43.89803711086842,-22.634034779196767,472.5915593104437,437.05712890625,90.0,473.0,27.09182229982164,105,15.267387921146861,330.86875105731065
3304102,-41.96837654640252,-20.90627190066973,288.3479874674231,534.6613159179688,203.0,627.0,39.38697786632959,62,73.02779650145983,378.8946150921045
3304110,-44.32447306544611,-22.44400718241067,46.46029895078391,439.6000061035156,393.0,293.0,23.872305458178452,10,2.348993885716296,288.87177378899526
3304128,-44.23489744870499,-22.352100683091294,286.3527351198718,555.6349487304688,390.0,501.0,29.499338858802947,63,6.565086529819321,286.23327673287713
3304144,-43.58921788269238,-22.723847678537368,65.6858055377379,35.33333206176758,16.0,55.0,5.188003956507583,15,37.85947448339899,357.0919413437104
3304151,-41.44521365871022,-22.104887707852292,718.7988813314587,9.0,0.0,43.0,1.5656595814659933,156,42.92379780217443,485.7373482207286
3304201,-44.483866588549034,-22.44119809378367,1106.6856065485626,734.1991577148438,395.0,2177.0,56.89511532641724,241,2.8389613788645534,279.49046135924374
3304300,-42.58744503163808,-22.73693691300349,452.2293709842488,150.41175842285156,31.0,697.0,36.84901288348733,102,87.94073015243194,427.40063983571184
3304409,-44.07745754110794,-22.77925595149796,849.5457521956414,658.15673828125,414.0,847.0,52.91752830724291,185,28.576156332590415,333.5462504071001
3304508,-43.53824052575709,-22.161173441917885,477.2801218824461,538.9708862304688,329.0,397.0,31.059693723454586,103,7.784743383513809,313.58845353037304
3304524,-41.94743803381943,-22.454669645129087,221.52570069767535,39.16279220581055,5.0,279.0,14.24845490534138,43,86.76658706255076,460.4744074862677
3304557,-43.458201929248894,-22.925935113335836,1154.941404336132,93.90361785888672,0.0,768.0,36.330239365046154,249,63.889082304063514,382.86392513944736
3304607,-41.91521419937315,-21.969198376405217,819.9857275085524,396.3033752441406,14.0,1430.0,65.73537494589372,178,37.47854491350781,436.2671307241041
3304706,-42.191272868482855,-21.55519004968259,600.702947858721,174.22308349609375,85.0,306.0,19.77312393787956,130,13.891030245863693,390.5825372668749
3304755,-41.13764543262119,-21.415033313466594,1115.3731233142316,25.15289306640625,0.0,108.0,3.989121433623188,242,24.57424887937197,480.6657825800782
3304805,-41.78649797625068,-21.660496834765013,1040.5238976348191,248.29693603515625,21.0,1408.0,53.85310821482016,229,4.835533313764872,432.72482409649587
3304904,-42.992919938708134,-22.82632134378002,235.79921093862504,46.769229888916016,4.0,209.0,11.81199667998396,52,78.98927791834913,404.7573247652672
3305000,-41.08120250420659,-21.781284493021847,456.6112832305953,4.079207897186279,1.0,6.0,0.5200113509272258,101,12.352916353898507,503.6326532258916
3305109,-43.36470946456158,-22.787757626453626,33.85318550374359,29.625,13.0,56.0,5.917758787666266,8,57.4515510956521,376.7034040805253
3305133,-41.94770628920553,-21.369305992888815,244.98303661961108,223.6981201171875,107.0,493.0,39.6758860866032,53,22.10554827726376,404.1343508184016
3305158,-42.93020780487954,-22.172722952548988,217.61348301172256,789.6458129882812,543.0,652.0,45.05592924521469,48,17.25879994260698,360.9252297067611
3305208,-42.12565845340817,-22.787775156063983,331.31463806703687,22.716217041015625,0.0,78.0,5.911142689066804,74,114.70610255047153,466.92147391616965
3305307,-42.10473039398865,-21.885184052295575,382.3661765670404,240.96385192871094,81.0,532.0,34.32354613617885,83,22.061014505457106,414.83866817567036
3305406,-42.823523380781,-22.024077666102233,544.9867194406688,540.9745483398438,175.0,818.0,49.165194282079725,118,9.64944433641046,360.00782243943956
3305505,-42.51921136578957,-22.878555462252866,344.37417232617736,73.86419677734375,1.0,531.0,28.047610169787024,81,104.87635307551339,442.94325664130974
3305554,-43.698268183347594,-22.75904421541479,253.96079168003052,48.05454635620117,6.0,263.0,14.3147136961716,55,35.15701853336991,353.69872607800875
3305604,-42.41469738327388,-22.56748222813876,942.704586067237,195.51690673828125,6.0,1469.0,48.753417137271384,207,80.6343339396376,428.9551933985249
3305703,-42.66213485706486,-22.106266588977483,420.8029697081074,789.627685546875,317.0,803.0,47.02485489657716,94,23.680057931465864,378.70118856216976
3305752,-42.719373798302485,-22.78336916077495,133.76201460603625,150.23333740234375,38.0,507.0,44.01262239884584,30,85.9353043183117,420.98761554443075
3305802,-42.87387829028469,-22.314585286705775,766.6200310355052,1050.4822998046875,757.0,1202.0,58.64543583882878,170,32.81832126549018,375.1471517261831
3305901,-42.156478038301465,-22.129646781329775,605.8801671536639,720.9849853515625,296.0,1136.0,59.82350329951455,133,46.27796702394891,423.60427371159005
3306008,-43.10932106126625,-22.1256585489579,318.4149869941175,411.7945251464844,282.0,434.0,30.316735315037683,73,4.04528628602885,343.41594060327895
3306107,-43.85868089321922,-22.233044210884724,1292.305440516211,631.1649169921875,393.0,686.0,35.49835513631833,285,20.831930525652243,297.60171920677595
3306156,-41.82771488102519,-20.888317542311718,191.2755601713434,706.3255615234375,580.0,310.0,27.671065958907317,43,74.92018890053097,390.58658858733696
3306206,-43.569161289351285,-22.357108371668478,538.6258218307048,490.5423583984375,307.0,478.0,25.325407667007184,118,8.361436526991662,327.1449046898089
3306305,-44.08882471752596,-22.493323335759452,186.54455530177802,469.9772644042969,380.0,233.0,18.363331861344108,44,0.07696273180417548,307.304720684574
3500105,-51.05653958462331,-21.573842365010474,420.6610022895038,383.7826232910156,313.0,143.0,9.671742175601912,92,82.99387625771344,87.77606232176076
3500204,-49.655214041949755,-21.291176164279612,220.59213408455253,403.7200012207031,378.0,92.0,6.27390304250299,50,6.707911913099561,186.81551504295112
3500303,-47.04026109277085,-22.04894365511011,483.4262832691893,646.6886596679688,568.0,224.0,9.287965778727067,106,47.43058947826275,198.9796596677608
3500402,-46.69317920027608,-21.91010502313144,137.36468610633165,1207.258056640625,870.0,623.0,60.41142020476544,31,29.21983770683492,175.9893388110417
3500501,-46.60280932490433,-22.474253453351828,59.970228023827076,946.9166870117188,796.0,381.0,38.15323126694896,12,73.97238525954108,236.42100634432222
3500550,-49.26200723658193,-22.85798657844393,408.02389426901937,633.1572875976562,542.0,165.0,9.872988593675831,89,33.12841350048342,315.4696730512858
3500600,-47.87395584155179,-22.598831167596348,2.187541455961764,536.0,536.0,0.0,0.0,0,30.825672549754703,288.8007070352508
3500709,-49.106102985784666,-22.570363611487906,954.9480003667995,592.6826782226562,491.0,220.0,12.284932602044481,208,47.94959253563058,314.6761812738249
3500758,-47.86720303353441,-23.55102656376967,147.05216041952372,599.15625,557.0,103.0,12.06190196035185,32,49.76545274744649,383.47794207947425
3500808,-51.39398415445825,-21.93415186561731,112.05121552571654,387.7407531738281,340.0,93.0,11.147487848127408,27,75.38737346040213,75.38737346040213
3500907,-49.093998887415445,-20.533720720404396,314.23909163009375,503.328369140625,448.0,100.0,8.28790812786605,67,19.398003490258414,203.7415358782331
3501004,-47.385889226495166,-21.018105382339893,930.2710213167593,744.186279296875,520.0,470.0,20.98741845998596,204,23.154627313834933,120.14585006080706
3501103,-50.19234100882831,-21.61112831441772,306.1643571155146,440.78570556640625,387.0,114.0,7.993046100895944,70,48.070569804172855,169.6066143090973
3501152,-47.279049413741845,-23.531033042893796,87.43679589405656,805.631591796875,641.0,319.0,21.708349334344106,19,21.196760186156357,363.35233453710595
3501202,-49.92135149766658,-20.289084217159257,359.2156760394573,472.75323486328125,395.0,133.0,9.180234197723394,77,39.80742234384263,113.89304825719533
3501301,-51.51456129471601,-22.12988996052748,355.8675550976768,401.0789489746094,344.0,120.0,9.487675039711911,76,58.62072469831559,76.87206482990685
3501400,-49.731296992207355,-22.085797349325397,162.3672167994082,532.0833129882812,449.0,196.0,18.977405886618257,36,67.46627333545888,235.21059797942925
3501509,-49.76030527668828,-22.452000655851105,80.96805853862315,587.8333129882812,509.0,155.0,17.08485245952556,18,54.768210942774694,249.11538607539998
3501608,-47.28578885352601,-22.72224908595856,139.74558761995286,575.1613159179688,533.0,209.0,11.67636715021802,31,50.13689187363441,277.4830865006826
3501707,-48.030503339997566,-21.722962443293365,124.68595146294683,631.0,558.0,171.0,16.91740064003343,25,72.56904448345189,221.62020561476535
3501806,-49.77195558857283,-20.292380465174116,248.28000279795378,482.2264099121094,430.0,108.0,7.9594567217881425,53,41.578368819176106,129.31968834174725
3501905,-46.79681085389342,-22.699607642413202,437.07196204178035,791.2857055664062,636.0,405.0,28.18043978409098,98,74.92590187294199,263.9059427931385
3502002,-47.6779335128671,-22.12085991981228,323.58529818058014,801.7808227539062,669.0,316.0,23.431308139792037,73,82.33775621419036,233.21535922459293
3502101,-51.32847970872718,-20.835131994778596,963.4353912416846,358.862548828125,285.0,136.0,7.577697663064042,211,18.915304187081674,31.326157088022867
3502200,-48.45969386430337,-23.43720231553304,1013.9014154272154,648.6444702148438,571.0,264.0,13.342983062214403,225,15.091204205560787,398.53727387404786
3502309,-48.174639881199326,-22.799514812767303,704.5147201754153,516.5364379882812,449.0,166.0,11.904084700401688,151,5.120509435053894,323.5397722472167
3502408,-51.428114614493765,-22.361503939867617,320.9860674282536,423.7323913574219,347.0,155.0,10.13671802842812,71,32.34258779438074,101.25141499210876
3502507,-45.237103899887096,-22.915004734408583,117.73122355528176,698.8076782226562,531.0,553.0,52.3931967759886,26,7.55267270124135,295.12988562991177
3502606,-50.9228031261774,-20.475636052814703,186.6658985139802,383.20513916015625,345.0,82.0,7.211936310875603,39,28.74709404836417,29.086632983057104
3502705,-48.818546986106796,-24.420107015965844,980.5358426021412,886.3013916015625,318.0,792.0,27.63716969141395,219,26.768052119258666,445.37396952457624
3502754,-47.074592978437856,-23.432691111177945,153.92701143119484,740.9697265625,640.0,254.0,19.12114981454798,33,4.195790627942164,348.4114778509947
3502804,-50.575244189642255,-21.11260074609703,1155.1141983419657,376.8218688964844,194.0,286.0,7.993046091842588,247,12.69361271612391,107.40763211398846
3502903,-47.650583781944015,-23.544606714527077,263.0003044018522,622.6034545898438,553.0,250.0,13.818508326666109,58,38.14040491971819,375.32114108607044
3503000,-47.820769741271384,-20.1444848884684,205.36967913247645,567.2888793945312,491.0,222.0,14.93418182677317,45,8.07124037775092,139.51053244547836
3503109,-49.06413125184647,-23.178697545716652,296.4404661441222,637.015625,556.0,237.0,15.087798503305521,64,8.956178449568975,349.8083593176412
3503158,-44.43839210230744,-22.67375602118761,152.87430758494884,760.8235473632812,520.0,934.0,74.5104763467663,34,21.213898077938612,303.72948802746913
3503208,-48.18114123821541,-21.79206133770751,1001.4733010279015,641.5223388671875,493.0,268.0,14.811917564981007,224,68.71621673485669,238.09842956919056
3503307,-47.325672662050145,-22.346749988827085,635.2202265877277,653.6713256835938,571.0,176.0,10.662838244306418,143,83.90099755205938,239.62114546430783
3503356,-50.43541275486969,-21.766943919909394,258.5231891749427,408.129638671875,354.0,100.0,9.507250656269418,54,74.0039838079673,155.322678954115
3503406,-48.98329219722412,-22.075473345434766,511.07385640684515,501.131591796875,410.0,180.0,10.21804995838042,114,12.155613014857764,295.4002954215039
3503505,-44.711558433509545,-22.67440300407094,303.20943013206124,990.140625,528.0,1253.0,55.30953710285766,64,15.751502399749429,290.5239690572728
3503604,-48.654437455146265,-22.628453984297405,81.91750696208328,592.4736938476562,521.0,167.0,13.94441597218936,19,14.946091075486025,337.8589143868459
3503703,-48.78032115762173,-21.184764428107464,140.1357679478824,561.48388671875,518.0,80.0,9.778434305172764,31,65.73640121470781,255.3304933004886
3503802,-47.13564355985425,-22.5589547542477,174.15338068734854,622.9189453125,565.0,103.0,11.323169830999406,37,71.88455332418901,255.75099350132385
3503901,-46.320558269733425,-23.386394492284104,93.19440664537251,766.1500244140625,697.0,133.0,18.448209916417955,20,10.147911539004145,335.52516892697236
3503950,-50.72873332280518,-20.179070823641695,71.15452195424587,424.8235168457031,398.0,67.0,8.156849331721624,17,25.29318607500855,28.99747807334522
3504008,-50.42152639299045,-22.602277612939346,473.163603390567,529.990478515625,459.0,128.0,9.402782860888655,105,34.45235594872692,198.27647483726253
3504107,-46.58655641914472,-23.122985930607427,473.3422648506239,836.2571411132812,745.0,419.0,22.364019898775965,105,39.305039408844294,307.59375136544367
3504206,-50.58066365123785,-20.644252857642773,441.2107992414385,404.5157775878906,338.0,125.0,8.556684992131034,95,30.079558228133173,67.52276772335811
3504305,-49.31611412187918,-22.18730523916908,538.7727095372975,497.51666259765625,436.0,135.0,11.297046433894753,120,47.319227956402315,279.068749945507
3504404,-49.9443471057023,-21.459488068518464,331.918451060541,427.4929504394531,380.0,116.0,6.933248495771688,71,24.128588469085237,177.5323928953346
3504503,-48.893796811903066,-23.07402519121976,1214.1148938834667,707.9962158203125,555.0,290.0,13.594058828633973,265,21.774139182809943,359.74736505952706
3504602,-49.43647373553038,-20.93163922809977,113.40835755411536,499.75,457.0,100.0,10.89375739931574,24,51.36063202577525,184.8246464933066
3504701,-49.334012007727544,-21.892120744557584,88.46387767419219,468.2631530761719,426.0,74.0,9.261857197034736,19,26.645175658018513,255.414046029372
3504800,-49.552503386994736,-20.7108987671075,152.70228226482868,538.272705078125,498.0,95.0,9.608081738671668,33,57.84005676006064,164.21581621604793
3504909,-44.334953485077925,-22.735031482764235,621.4922748310491,922.4306640625,465.0,1074.0,59.52835904778847,137,28.42489950751523,314.9771450043599
3505005,-49.57242602720022,-23.581807766159038,152.97629316337407,531.4857177734375,466.0,188.0,17.58772704625891,35,48.194121741713914,331.3005175441044
3505104,-49.9218347104419,-21.291119114581125,201.9637396261096,386.83721923828125,351.0,69.0,6.467524027643225,43,7.015243633705883,165.91995463270882
3505203,-48.717997249187015,-22.0670473304981,439.53234026487917,483.8541564941406,410.0,155.0,12.6010123809917,96,5.470885594394213,299.46777530854223
3505302,-48.54098371477187,-22.479458940172808,147.59055097121745,550.0294189453125,442.0,259.0,21.520437895048662,34,2.942089050510818,317.93170110870216
3505351,-49.08339677239467,-24.44528495116337,414.64532976131886,828.8478393554688,551.0,575.0,29.992521174875847,92,21.60896371170354,425.3668076495198
3505401,-48.42527968745954,-24.890626221438133,999.6563387820497,623.0720825195312,172.0,889.0,45.757582873859526,222,32.597796133157736,507.1142840777078
3505500,-48.652139221730074,-20.512475246889547,1566.8342074183747,521.372802734375,441.0,183.0,8.849344399988873,338,20.833657014343455,220.2409588685508
3505609,-48.09677723976927,-21.232203040138987,136.24552920553833,540.3928833007812,504.0,155.0,15.214489103735522,28,28.81267048759956,194.0060860894767
3505708,-46.87880373784765,-23.50610281962936,57.7855591699481,815.7999877929688,733.0,272.0,21.62181360144841,15,2.0938088967595294,353.2269245958401
3505807,-50.743611613199754,-21.948843832643597,175.61785848718137,439.95123291015625,363.0,147.0,12.725772410799074,41,97.1079967105605,134.03613046863998
3505906,-47.57325099779487,-20.867213167131045,851.6094089811668,795.775390625,602.0,333.0,18.73685462154955,187,29.777225834478923,127.01979380860881
3506003,-49.12480038955433,-22.254678853845736,666.7653827462345,531.4345092773438,453.0,155.0,12.708995874134292,145,31.29704248135249,298.9471232806092
3506102,-48.50893530043246,-20.942181635009046,699.9015853386372,574.86181640625,505.0,135.0,8.285481793363756,152,30.56016698223448,219.96477232513797
3506201,-50.8624199644004,-21.332597394484907,281.09393653459847,397.70001220703125,331.0,128.0,9.111683934593497,60,49.738097910213966,94.17988414344309
3506300,-49.49213628425503,-23.03311227307631,242.11405467428267,613.1818237304688,504.0,194.0,14.414348949951709,55,11.171721523959635,303.99169025138605
3506359,-46.031388597687744,-23.760855580820238,500.7212575217709,347.6759338378906,5.0,1075.0,84.3864267457588,108,16.64612040013666,377.0439213275771
3506409,-50.47983848542321,-21.428460616305816,158.8319449527189,439.4571533203125,374.0,104.0,8.419180653544915,35,44.57317581903731,134.0547856709416
3506508,-50.349947565292986,-21.2598079367763,535.6954552801326,404.940185546875,330.0,154.0,8.25102327237664,117,22.15499349781379,133.97449870502265
3506607,-46.01877264323836,-23.624430821782138,302.4880146132782,808.3382568359375,612.0,301.0,21.078722097193168,68,5.8925961008507945,361.966223767966
3506706,-48.464441640663594,-21.93585907404586,682.5856357989833,511.735107421875,418.0,204.0,14.787953154730513,151,35.37386910273895,270.3221685507761
3506805,-48.53115641996963,-22.10749691080182,368.87247843202204,525.3373413085938,426.0,247.0,17.18782444736552,83,20.362512905002188,288.0089590093234
3506904,-48.28647519364823,-23.128075428193615,674.0029532182962,621.0878295898438,481.0,498.0,23.392011330783337,148,39.86321066311125,360.3148626131031
3507001,-47.673578816171656,-23.28557504096573,238.07957949861884,580.3921508789062,535.0,109.0,9.777040898670734,51,14.676550885168647,349.1145300146503
3507100,-46.476581825706326,-23.173898296110018,107.5779241938144,972.375,763.0,546.0,47.4031776902715,24,32.74120394818597,312.42934600075273
3507159,-49.16217756576061,-24.31508737496168,133.45483907870948,960.5172119140625,843.0,273.0,29.314745827816857,29,37.79932036352374,410.57877333437057
3507209,-50.501270811909045,-22.244465754977824,121.2199837854132,475.69232177734375,393.0,178.0,15.78148273607518,26,74.03100350471857,172.2596627903597
3507308,-48.78801157520505,-22.170284508542945,118.17893983703107,473.0,410.0,133.0,13.581961734677769,26,4.649038567587831,312.2446558482158
3507407,-49.07232357092904,-21.610621554171566,560.9621799308807,447.4590148925781,378.0,112.0,8.380981516894398,122,11.051213182080163,255.8883559519469
3507456,-48.99126193579274,-22.683839816574817,348.0291980924085,659.3766479492188,597.0,135.0,10.4643307780341,77,42.72159988009395,330.5788854186177
3507506,-48.46632224276029,-22.86308102333314,1473.1089904466644,684.13623046875,447.0,473.0,15.871953967265476,323,24.893701859748766,346.0236560747905
3507605,-46.556298405844935,-22.94025482101705,506.45740027632564,864.7964477539062,768.0,324.0,19.592520824162172,113,58.84972418559356,287.19985155167006
3507704,-50.34075083944418,-21.55371958917444,204.0013374350965,447.06976318359375,383.0,107.0,7.885937505434313,43,48.90167166932108,153.1161490653783
3507753,-50.20856907800871,-21.17386064410906,102.08091983105987,381.5909118652344,335.0,80.0,6.13070204551184,22,7.378523494737753,135.86301024991874
3507803,-47.62874842393957,-21.047412385493434,271.804905933328,698.73681640625,541.0,343.0,22.044947500510958,57,9.148592002117667,142.225591850566
3507902,-48.08072351400539,-22.272076763312825,1099.6734703332186,694.8739624023438,471.0,425.0,18.18455528025783,238,46.9339925669321,270.3568933754251
3508009,-48.57492831528223,-23.750779549795425,1197.5627505378798,649.5464477539062,584.0,140.0,10.336131648434375,269,13.990909048664653,423.9918551215661
3508108,-50.20029118526448,-21.048498110572357,316.65155495423824,385.8611145019531,320.0,129.0,8.53982265781547,72,6.00230941230601,126.61129987948593
3508207,-47.6925195776218,-20.20999628360209,267.82387113571167,755.6034545898438,545.0,360.0,26.55555099864648,58,19.808195431032868,125.2853103908806
3508306,-49.37473398014692,-22.491188075445766,245.00850736815482,560.888916015625,499.0,126.0,9.1538067901431,54,67.40861856161484,286.1467540350754
3508405,-47.077041862596694,-23.29962845659097,248.6498960321769,839.0714111328125,636.0,540.0,38.33208471850308,56,9.112035941288404,334.0123318707151
3508504,-45.713421846834365,-23.103038287150408,369.8336136052385,631.1585083007812,542.0,378.0,26.86981978920337,82,2.46424936541203,306.16810841377617
3508603,-44.991775385033556,-22.70345725560399,285.83515446446836,670.8615112304688,522.0,586.0,22.136076132282174,65,5.509451729140263,281.32531179300946
3508702,-46.617625118990865,-21.536069600272665,465.4741839794442,916.3592529296875,756.0,420.0,30.117280697993262,103,3.651396044674558,133.9651256267801
3508801,-49.549365504976535,-21.730832106975207,925.458868380636,449.91583251953125,376.0,146.0,9.841498693686264,202,26.8727773162274,227.21183204689387
3508900,-51.2227360731176,-21.94967239081995,244.3397176899016,372.19232177734375,321.0,96.0,9.473956781382428,52,78.63296647827929,91.92615626289702
3509007,-46.74415792060399,-23.37912257170123,87.6282311975956,841.8095092773438,748.0,268.0,26.293722481476834,21,13.909872507632059,337.4525717005124
3509106,-51.98718844027894,-21.802730839547486,553.4519130960107,332.90081787109375,259.0,142.0,12.250718821275001,121,16.922470742978117,16.922470742978117
3509205,-46.871094312842565,-23.349602922899763,125.01826352532953,803.9642944335938,737.0,156.0,16.408682640352264,28,10.833526831307992,336.01965912458866
3509254,-48.19366449370734,-24.770180009414236,450.09733619261533,326.6285705566406,49.0,840.0,50.33760862481961,105,19.456963312870535,518.4846838689715
3509304,-48.83845777285385,-20.87352042780076,174.01569422800094,523.7105102539062,483.0,101.0,8.72606791174544,38,48.48505127535808,239.88827289189152
3509403,-47.30961551091487,-21.277307479736052,651.7069546375424,725.80419921875,528.0,537.0,22.16642241395622,143,11.606843585946915,135.1003155810783
3509452,-48.439631697148485,-23.60695600347014,183.27881583105773,630.9755859375,583.0,111.0,11.740817926596955,41,4.310463043213662,413.7656809791205
3509502,-47.04541395310691,-22.88225744819957,784.3554411102086,661.3720703125,561.0,335.0,13.025824465098431,172,43.17899433901556,288.1824575702844
3509601,-46.76022300949703,-23.218116988203352,80.62701155245304,822.631591796875,762.0,143.0,14.417767221998714,19,28.89336938265725,320.00015461408043
3509700,-45.53442668253639,-22.70199672890027,287.54692243319005,1556.484375,1081.0,761.0,60.75596135377557,64,21.882666371389707,265.0618897560168
3509809,-50.00845418638038,-22.6113163908554,464.24800388514996,531.543701171875,452.0,159.0,10.527580801406055,103,31.983443420843912,235.84944768436884
3509908,-48.00644364239852,-25.01757093526532,1244.9083730913699,118.2099609375,0.0,789.0,39.30869462076805,281,50.113684091802526,540.9829447223474
3509957,-45.04137790665985,-22.727468392821585,45.16765565332025,566.3333129882812,521.0,172.0,16.960713377383843,12,6.561976074494907,281.9142977999121
3510005,-50.42184702599176,-22.808247978806786,588.2554637026042,441.7480163574219,354.0,206.0,9.52232514275813,127,12.079307868772394,210.94297528476912
3510104,-48.6266754455906,-21.343589528059734,67.47724347189069,559.2000122070312,512.0,92.0,9.711725638115414,15,57.19338878565462,247.89757288997922
3510153,-49.79325686473616,-23.01771017659509,59.41308260709047,465.8571472167969,425.0,82.0,9.745212241644694,14,6.533261584728104,276.8083399570502
3510203,-48.28890086920179,-24.03802770588659,1648.000649084337,724.123291015625,608.0,304.0,13.657123043571657,365,10.723934048946639,449.4887631920612
3510302,-47.73233515932467,-23.46653899053811,176.22208553366363,579.1052856445312,533.0,115.0,13.164147353045825,38,33.90594551329806,369.913417169536
3510401,-47.47962218777627,-22.98023137420248,318.4381057918072,573.267578125,512.0,137.0,10.048195683766048,71,20.290014210736864,310.7423211526838
3510500,-45.4811668133892,-23.635354461642926,461.14507799223065,415.2549133300781,0.0,1185.0,79.38168415170315,102,33.54245986375155,367.608044231281
3510609,-46.8396435777851,-23.54894616988021,29.242397935129702,770.6666870117188,751.0,50.0,7.87239511912287,6,4.093898335280109,357.3273765797553
3510708,-49.94652893527975,-20.067195751516056,644.2035066559911,422.3623046875,375.0,127.0,7.979953564460236,138,16.50213398952151,109.59311240547281
3510807,-47.088801795769,-21.798222521287506,847.0751153212041,657.8296508789062,561.0,271.0,11.224786044094127,182,20.10558273442493,174.3476954283821
3510906,-47.14673751513443,-21.26369455090183,179.77529536467046,960.4210815429688,731.0,321.0,25.468204683755197,38,21.618527758345397,124.01986622763884
3511003,-51.56870545216721,-20.897372910333484,1060.4882113467902,314.0216369628906,261.0,145.0,7.87337651809559,231,6.957274172545207,6.957274172545207
3511102,-48.96471310646675,-21.134074958948165,283.2859229091555,536.4915161132812,465.0,134.0,9.636511250686116,59,61.33675268953875,238.4577467464446
3511201,-49.05227716992017,-21.062734709173974,152.7732970425859,531.7714233398438,480.0,94.0,10.574116686390584,35,62.87398880947085,226.93884898657217
3511300,-49.26416984966368,-20.913842024890123,194.48657887987792,530.0487670898438,454.0,137.0,11.257801786886334,41,61.419916270342014,200.25623637931147
3511409,-49.14666875805734,-23.060404980320754,501.8763071130961,677.1696166992188,560.0,220.0,10.990347434094009,112,17.150154872890134,336.4265069417318
3511508,-47.76029128308982,-23.187310185640616,136.38186814077199,549.2666625976562,504.0,96.0,10.412794182367701,30,10.701343877546025,342.21105550579585
3511607,-47.91199009987338,-23.218384205132228,174.62635453324765,588.0975341796875,529.0,112.0,12.501618047781019,41,21.749420985864088,351.4774747168243
3511706,-47.74672152897948,-22.529758488166916,167.6726046865806,572.4615478515625,503.0,470.0,18.569273644267057,39,43.79210726730631,275.8781285612619
3511904,-50.463545345804995,-21.567226429054205,165.69190258625895,425.7567443847656,365.0,114.0,9.465369106440173,37,57.50630646091047,142.830227717524
3512001,-48.5895305715226,-20.746503927556528,424.95573609601706,564.3735961914062,506.0,112.0,8.427121999976995,91,27.55603636530165,222.6555336224549
3512100,-48.721399565685644,-20.26604432051041,720.4308313895017,497.33544921875,440.0,126.0,9.07857458556941,158,13.506703863670625,192.23122641265203
3512209,-47.142371661112016,-22.369216002295676,182.5947970021516,629.5640869140625,585.0,87.0,9.30490411837628,39,83.46585450827574,235.87358385083712
3512308,-48.0461110522686,-22.96314384196157,470.47410080209374,507.441162109375,459.0,115.0,10.366624383388494,102,10.606983643831873,332.41478202369245
3512407,-47.414017483427045,-22.479703902673915,138.67966118827462,680.7777709960938,632.0,95.0,14.899932092071559,27,66.59647902620337,256.5825281016416
3512506,-50.301902615766494,-21.373480214523482,243.27957380283624,420.53704833984375,363.0,131.0,6.7224016836331755,54,30.391399413093655,147.05912130190111
3512605,-49.30760815362512,-23.630747953711793,295.2955609038472,600.578125,496.0,195.0,14.24366291675593,64,44.70321582211694,355.64463828800905
3512704,-47.6101262194794,-22.236797114430956,286.5523889493197,693.4754028320312,597.0,302.0,22.277550516749923,61,77.72629048640654,240.7973188311651
3512803,-47.18251615881425,-22.6518049551902,151.36967690940946,581.375,525.0,98.0,9.73720916237696,32,60.78259104619779,266.93584851186074
3512902,-49.77499741526054,-20.444625300012724,446.2631794223562,482.83673095703125,417.0,125.0,9.570269891292748,98,57.87993045633728,132.67577248027877
3513009,-46.959440924709746,-23.673633177050704,337.9436422837898,896.9177856445312,757.0,234.0,13.601539865897685,73,21.88127675274592,372.81488266816916
3513108,-47.745154358145435,-21.339375055006148,316.9846597407013,659.9275512695312,539.0,300.0,23.329571684419736,69,23.18006976373626,171.3932090995902
3513207,-47.40056180688382,-20.371215850884234,384.26853508036584,886.1807250976562,693.0,349.0,22.53315838091894,83,25.144744153993408,94.24863138532777
3513306,-50.769131334706834,-22.738300811207413,151.839532982558,385.625,334.0,121.0,7.882366490677764,32,14.140428354411908,178.56994359177548
3513405,-45.006494656879404,-22.550959284086986,306.36961815319955,859.1790771484375,521.0,1402.0,83.46633409708217,67,4.557848345953459,265.2239630155484
3513504,-46.40529476534244,-23.867593955800672,141.59899173863232,196.13333129882812,5.0,816.0,91.62786192704525,30,40.241990567459204,388.82575581510866
3513603,-44.94244099209792,-23.05271687673089,1393.9507639585063,1068.194091796875,781.0,939.0,37.701591386488694,304,10.922631356004585,319.0451436196925
3513702,-47.65359562968327,-21.880815627327234,750.4053510650992,687.3148193359375,529.0,413.0,20.741093455152427,162,58.52313751313413,209.69760421296417
3513801,-46.612460423972266,-23.699387890361397,26.958797834813595,795.3333129882812,769.0,50.0,8.899753723672532,6,20.42853290469422,371.31632926759573
3513850,-50.62556428668097,-20.445522253880387,93.2013229727745,399.4444580078125,358.0,77.0,10.676200960148286,18,47.27053547971684,50.748330330696945
3513900,-46.69664526963169,-21.662783225216486,238.00326224043965,1169.9200439453125,792.0,616.0,45.805146576868104,50,9.41749458871666,149.02327442878038
3514007,-48.35314860217146,-21.51478948116397,133.07541368436068,605.5,559.0,88.0,7.8723822532589445,26,68.3253127466218,233.01733325888102
3514106,-48.34004004759502,-22.39581180010178,631.3228218825534,639.8368530273438,452.0,358.0,19.51584403900212,141,20.521800165366322,297.554607146829
3514205,-50.528881167784235,-20.12123030113747,75.34852533601224,453.23529052734375,419.0,68.0,9.566935106065054,17,26.925175249704836,48.66339180654598
3514304,-48.337796911956936,-22.117188298316922,204.4615565724671,569.3488159179688,458.0,251.0,23.997915662213472,43,39.59477312128863,274.60357005595273
3514403,-51.58583786256237,-21.555450391462443,484.32988500688225,353.233642578125,272.0,146.0,9.01956764682981,107,37.48707002156269,37.48707002156269
3514502,-49.413747126243344,-22.392846640641558,267.978776155971,565.8499755859375,494.0,144.0,14.952429129175073,60,64.66879105004595,278.0028974515113
3514601,-47.98537634246917,-21.249105001703285,105.05413676891476,589.5833129882812,517.0,183.0,16.021578164785158,24,24.668700654021674,185.23969516309705
3514700,-50.198998946899756,-22.44960327857691,514.951603285037,541.339111328125,415.0,261.0,14.984021491273205,115,54.07119453262689,210.33124857340053
3514809,-48.23439410231681,-24.496798337500966,1653.1400663238019,312.0215148925781,21.0,931.0,48.41702332811929,372,6.882950518366879,494.0674677439868
3514908,-47.36883969183271,-23.070892818398402,207.30881500151008,580.3616943359375,517.0,125.0,12.007345987416233,47,10.77910204447372,316.7409203278659
3514924,-49.08961581823983,-21.161141357251946,91.64917934685946,490.5789489746094,447.0,104.0,10.562572007708802,19,51.470556952632805,228.23321201521804
3514957,-48.84915799769895,-20.953834578115554,86.19471013173461,509.2105407714844,477.0,82.0,7.269899867888029,19,57.18186163283557,241.87911925376415
3515004,-46.84729615565882,-23.650139927423055,66.51661170553416,819.4000244140625,786.0,73.0,10.635009539425488,15,14.456992728877387,368.51174206375583
3515103,-46.82924087161915,-23.85489819471135,165.66393429692835,795.7179565429688,753.0,157.0,11.049395207184114,39,36.426251476099765,390.7069149111922
3515129,-51.472600154369516,-21.80015699894316,224.62397850304842,344.448974609375,292.0,109.0,9.924930816173703,49,61.34064161295861,61.34064161295861
3515152,-47.17759197768871,-22.48609132168469,106.90000033937395,644.9000244140625,618.0,62.0,9.574322067840898,20,78.33115270011523,249.2713158001323
3515186,-46.79408368735701,-22.192628776159474,379.6050957040861,799.0,627.0,492.0,22.30626975287056,81,60.11571146244607,208.44945602943258
3515194,-49.43075854684572,-22.67269668839995,190.880435699597,536.9091186523438,483.0,125.0,12.264594642578858,44,50.68734800781004,290.32991408671137
3515202,-50.41123923909397,-20.26487193820626,291.332083360292,461.2033996582031,377.0,155.0,8.91221504063126,59,44.94640890648735,63.466213901980424
3515301,-51.66738566435426,-22.484962025120407,258.29974341671914,371.870361328125,327.0,98.0,10.342973954236882,54,16.73713529772832,87.34844033324995
3515350,-52.587239553149985,-22.51877630939013,569.1822424419224,341.92742919921875,253.0,179.0,12.372147315910672,124,6.151517990475871,28.687227018939655
3515400,-49.51987773951664,-23.39233683929908,417.30002220347524,554.93408203125,466.0,411.0,28.128166850178232,91,27.16206206188665,322.839756412783
3515509,-50.282451360326895,-20.269654500243007,555.0144069315866,464.52032470703125,359.0,174.0,9.075230017160573,123,44.08156598603966,76.58199406038028
3515608,-48.696180879845656,-21.310571296668037,173.85540004912764,546.05126953125,478.0,125.0,9.86857466052681,39,56.29592552461827,252.77637240361648
3515657,-49.54124875482667,-22.36383954041873,100.55919654201716,577.0869750976562,525.0,126.0,13.871673166946179,23,74.75967585530579,264.7968324672608
3515707,-46.3722843923885,-23.561950716310964,27.43091610725969,811.1666870117188,786.0,63.0,11.806124290955589,6,8.64131596208724,354.97417525506717
3515806,-51.37494834651718,-21.698541957861718,215.17524738237262,348.3333435058594,294.0,100.0,9.795930593300378,45,64.39175042493223,64.39175042493223
3515905,-50.155567289008765,-20.66914721518982,203.2674806881696,459.3555603027344,403.0,101.0,8.79141356460386,45,45.407834297262106,105.33129825004612
3516002,-51.170589136402185,-21.53800883332037,509.5563875483349,370.2831726074219,299.0,144.0,8.403953366111866,113,75.34511193139693,75.34511193139693
3516101,-50.69644242660761,-22.88194423922906,222.64577659592032,371.9615478515625,331.0,92.0,9.245753015802165,52,4.86789325759072,194.76040913334393
3516200,-47.38150254672702,-20.55594869737823,610.4999050945044,913.8461303710938,677.0,447.0,23.52171371028912,130,40.37607477285882,95.58346238565859
3516309,-46.720161925568334,-23.2731404813836,51.67639681790024,846.6666870117188,785.0,117.0,18.99835053061668,9,25.31141736306193,325.5302985088961
3516408,-46.73350966580261,-23.31502299445892,151.74912771582603,816.61767578125,764.0,129.0,13.19064092009008,34,20.761207636347134,330.2880192784936
3516507,-50.56412642338199,-21.499430793077007,132.93438634183258,427.6000061035156,371.0,97.0,10.522993068080469,30,53.48353340779265,130.08474222704058
3516606,-49.57806870515291,-22.319956499848836,357.83124248776585,597.6710815429688,497.0,208.0,16.717507835678447,76,76.59481370925086,259.3818176145577
3516705,-49.68822207028644,-22.229313744924582,558.1129211867228,597.4754028320312,455.0,241.0,20.64666944516769,122,76.79665605035869,245.06730852093906
3516804,-50.2001710850433,-20.804893938933237,184.6831835610792,414.3999938964844,377.0,73.0,8.05346996100954,40,29.695307866801077,109.46248993993
3516853,-48.448908650809244,-21.793193514785113,252.19313938356936,552.423095703125,461.0,179.0,12.565633273104142,52,46.4943245912824,259.07894030077415
3516903,-50.416129526537354,-20.638620606500787,487.1874493509531,424.8773498535156,351.0,144.0,9.514132832665606,106,38.69094931391685,80.56711730404402
3517000,-50.02908351500553,-21.783144631509344,689.4790831683204,443.8211975097656,372.0,155.0,9.803062591092992,151,60.239449068156034,193.46893289950523
3517109,-50.19857642232637,-21.33817716507901,274.25658846087754,401.4482727050781,354.0,88.0,6.811000191942869,58,21.018364254050077,150.39968622778585
3517208,-49.762359068185006,-21.56955699021442,278.37802435457706,431.45001220703125,386.0,110.0,7.240082640144064,60,26.027708711473768,199.19169417983696
3517307,-49.85942234502948,-21.87931138149428,215.00668048672378,477.7391357421875,406.0,130.0,10.059108483871182,46,58.98663967553669,213.87098157524989
3517406,-48.36378631522297,-20.314653845859826,1247.5191336097196,503.2794189453125,446.0,134.0,6.009123716424339,272,12.834042898229885,194.67733870603843
3517505,-49.19212816026191,-20.743201419237575,312.284615367651,517.5072631835938,455.0,119.0,7.945331681293764,69,43.876639674125975,200.5338469274994
3517604,-48.55357628500204,-24.21176612044554,420.9348516315222,844.6979370117188,707.0,270.0,19.35853424289022,96,35.897423313377125,454.54265789108234
3517703,-47.772623087474926,-20.48365419522736,352.58234775904566,647.106689453125,524.0,299.0,14.770389698468719,75,43.30443849676454,134.02750157820637
3517802,-51.28129263998781,-21.09022775993225,557.5647905254737,372.27117919921875,282.0,166.0,7.719286346655709,118,43.204010872126695,43.204010872126695
3517901,-49.002859718472926,-20.372760701909883,630.8051223875955,482.446044921875,439.0,103.0,8.944333232952127,139,4.637795200346731,195.29491466580612
3518008,-50.34664597555005,-20.067798081224456,84.56504269409925,469.9375,424.0,76.0,8.644855756954675,16,22.623353750337813,67.79384604718733
3518107,-49.58859153289766,-21.916326595327167,459.0205890983343,477.1717224121094,422.0,132.0,9.527425444829033,99,43.95648552577987,239.5166744790097
3518206,-50.69447472081056,-21.285837935871605,962.1038219453767,400.6009521484375,329.0,144.0,8.105753297923053,213,35.33130555443343,107.23977152678559
3518305,-46.059072569157216,-23.426419281211388,273.93512417934835,674.5499877929688,591.0,219.0,14.574252839466915,60,5.439080099901779,340.0644495717002
3518404,-45.23202189799586,-22.792816461195127,752.2900531413034,895.5272827148438,525.0,1421.0,56.19988102134632,165,3.332505331867991,282.343194243616
3518503,-48.218001993122655,-23.369015576332814,571.6368975508958,681.421875,627.0,173.0,11.549651499544183,128,36.72351964830394,380.06210414386317
3518602,-48.226431614060786,-21.395981207792154,267.5503220902756,601.915283203125,520.0,149.0,12.60131307644193,59,51.330873366699294,214.90910263663793
3518701,-46.23053684618811,-23.94760427429029,140.3596894154325,41.264705657958984,4.0,175.0,17.111559723912393,34,44.99365309597199,397.68922446819727
3518800,-46.45620771343542,-23.404787345565435,317.79795957077295,826.5797119140625,736.0,470.0,23.06574211642064,69,7.488954979035111,337.8372408355784
3518859,-47.98079958487403,-21.452973577750452,414.04399668518454,576.7333374023438,508.0,199.0,14.048067012279178,90,45.745737961227384,198.0829373630175
3518909,-50.713356393148544,-20.624883675596354,247.11554108001292,395.84906005859375,337.0,113.0,7.712222415004169,53,25.98331830166365,55.82644322697544
3519006,-50.37346690562343,-21.961664255246617,367.69935119803995,465.4358825683594,405.0,106.0,9.689623372738462,78,90.72440775400918,168.78307387123166
3519055,-47.06957037946965,-22.627287380328152,57.48909821920097,605.6666870117188,578.0,54.0,9.897984928295152,12,66.76790002516832,261.297681769567
3519071,-47.210647337961035,-22.878523558351766,58.08568003773689,610.8571166992188,579.0,65.0,9.031858840879945,14,35.75313503729313,291.8097810756544
3519105,-49.04011476529021,-21.888689413108096,539.8446473656222,458.0254211425781,387.0,142.0,10.131587676812947,118,9.053503473067599,277.519630614475
3519204,-50.61951653868781,-21.800323934830285,307.4622662579641,433.19403076171875,356.0,156.0,9.18872690750661,67,87.24007384990554,138.5962231033075
3519253,-49.107781668331015,-22.81787154766723,400.6472672605887,636.977783203125,593.0,110.0,8.725159860358492,90,43.336424055077735,326.8183995253064
3519303,-48.02551326449738,-21.950696551382265,290.39738455880433,704.2698364257812,511.0,316.0,19.111640293459143,63,75.39355041007244,239.40438682031478
3519402,-49.21886641051354,-21.07439049346169,266.0306735141203,461.8448181152344,410.0,125.0,9.937186404306587,58,51.22542906906273,211.98713032715332
3519501,-50.077155740505084,-22.81065969199972,222.08391632977873,468.67999267578125,384.0,182.0,9.653308686673391,50,12.28853315514985,240.23616520550934
3519600,-48.8480497564435,-21.792686904132154,687.1331185949966,465.3809509277344,388.0,163.0,12.025900833096467,147,10.318867535734599,286.308275707382
3519709,-47.216568024497285,-23.801642555851526,1062.785047776997,855.8008422851562,518.0,549.0,21.719805336775348,236,45.635315056953814,391.17809425867176
3519808,-49.18055808969593,-20.368601577142375,352.93742919061333,469.9866638183594,373.0,149.0,8.074677238641828,75,6.702648136979662,191.53206185543598
3519907,-51.05592299057803,-22.648444037287703,598.3278923947364,402.0902404785156,295.0,204.0,9.593948506940853,133,14.278250127030065,150.48072749756173
3520004,-48.5760919216254,-22.541013379356258,100.55527692474425,498.5,445.0,97.0,12.08533699541208,22,4.655630209141329,325.3694302277036
3520103,-47.68189166826375,-20.062813328815583,470.5651307431981,605.554443359375,500.0,316.0,20.93373093302107,101,4.806863332223754,126.9407381820373
3520202,-46.14888156345013,-23.13495680304356,289.57751145772636,772.3809814453125,623.0,643.0,35.185012764178204,63,20.85875794081515,308.016863442722
3520301,-47.47515711107224,-24.548957579985245,1980.9391745328903,84.04308319091797,0.0,996.0,25.225758352175117,441,16.085555685167094,477.3531040583924
3520400,-45.33011217363748,-23.85012635898456,326.67554182652384,422.10809326171875,6.0,1132.0,139.42349083016407,74,61.715673193030135,393.5837373747249
3520426,-47.71484909315665,-24.857846071639226,189.7573119699955,8.071428298950195,0.0,18.0,2.8605091380702565,42,20.51488408583724,516.1273587859969
3520442,-51.25815299681704,-20.431509927884004,647.5889696059749,346.94287109375,277.0,121.0,7.692440709442735,140,10.519230144379579,10.519230144379579
3520509,-47.19979019141991,-23.104307551372315,309.0525365425274,623.0298461914062,545.0,210.0,13.101241012337653,67,13.99500124200893,315.64911810349554
3520608,-51.26179913909913,-22.130729975630736,132.4383716955781,415.625,361.0,120.0,8.98193890167313,32,58.21654501673184,97.65103418010607
3520707,-50.26499084754595,-19.948937105520685,284.43705043103546,424.75,372.0,112.0,7.5370314843493045,60,8.759763260870303,77.79603533351137
3520806,-50.957096415504296,-21.742303559525354,91.33963092043996,422.1000061035156,373.0,94.0,8.886958672829078,20,92.62056191573197,104.02321745155591
3520905,-49.60730624352834,-23.065302812602706,200.253510909155,581.8408813476562,477.0,220.0,21.303660796285016,44,7.102611627926347,295.6447009000614
3521002,-47.62994601955081,-23.40294666934759,170.9380806144327,600.361083984375,534.0,334.0,18.869166134083667,36,22.662662268736465,359.8369607361283
3521101,-47.715085798586664,-22.42599235745714,190.5455783912912,638.3902587890625,508.0,432.0,25.555047930885294,41,55.570599474018465,264.2635284374746
3521150,-49.400619930122495,-20.650507753916532,135.1729274438694,500.46429443359375,461.0,89.0,8.495823995716313,28,43.81582316964265,176.7127183157338
3521200,-48.54604509844952,-24.51335616872818,1154.6885682391003,474.35797119140625,71.0,978.0,59.1124306522221,257,4.9776955996603345,473.7050843713269
3521309,-48.06677121382446,-20.418050108375418,463.98218980804086,572.0900268554688,505.0,195.0,10.756796946794077,100,29.533836868009942,163.91096482479497
3521408,-47.52179912399081,-22.586379233719565,105.47150880936533,625.6956787109375,574.0,199.0,15.115256745601533,23,50.76349399153801,271.65711000689845
3521507,-49.397880653869336,-21.26630576586299,253.83441631589085,442.036376953125,391.0,100.0,9.186839246765997,55,23.25881714471531,206.72187925413905
3521606,-51.344874649920584,-21.482091825164954,215.98101064190269,374.5454406738281,296.0,132.0,8.473030599064371,44,56.29766641101213,56.29766641101213
3521705,-49.141970333336474,-23.871799149528,1091.1269839676097,652.9124755859375,533.0,307.0,14.170698227321681,240,59.49435645709387,385.0619654124646
3521804,-49.05581575313148,-23.46966236653154,1102.6458214791492,630.1311645507812,554.0,175.0,12.45568203847431,244,22.089884502728818,366.52056614307463
3521903,-49.05566578300227,-21.355175688798855,490.7912843609229,491.1666564941406,421.0,147.0,9.417392555251546,108,35.53344382005856,241.83565257921373
3522000,-48.79361360406257,-21.95260850354223,232.0423588566482,464.10205078125,405.0,138.0,11.490146864104865,49,7.507131969726437,297.78852506959385
3522109,-46.833438944380596,-24.090852429853015,610.1917189415544,272.5367736816406,6.0,795.0,50.68583582124238,136,62.39046414609858,416.64620504165674
3522158,-48.83739595242355,-24.618625934571284,188.82039112225175,446.78570556640625,158.0,707.0,67.68242487516932,42,4.870728134794725,456.4178040587839
3522208,-46.86111962490144,-23.735432424040436,144.7801268529147,842.59375,771.0,198.0,17.829810373773938,32,23.952264854592237,378.0424373550751
3522307,-48.12092969176089,-23.643406931177335,1789.8989819893613,670.3391723632812,557.0,195.0,10.4399311876762,398,26.79543730655992,402.88753457469295
3522406,-48.8729298209397,-23.91499004307401,1833.71915587876,724.9413452148438,604.0,382.0,14.129817470276416,409,44.011727117664435,409.37849315978656
3522505,-46.96721646220017,-23.551277306277463,80.42924604471773,827.4444580078125,758.0,173.0,22.544541405346692,18,12.076440265179402,359.5519652296732
3522604,-46.77127280892225,-22.43079071089333,523.48247104045,713.113037109375,609.0,516.0,22.707474629739703,115,78.02417120629148,234.10911698468706
3522653,-49.221572857262224,-24.56947923886592,410.27399461809546,694.97802734375,339.0,656.0,30.724251811615222,91,13.512457937290247,422.861290041021
3522703,-48.81596745474611,-21.54688389442784,998.2220493936911,499.5140075683594,435.0,125.0,9.457696703387942,214,27.478464371112583,273.8853913651497
3522802,-49.457308270573314,-23.67288357772479,505.8907027086243,546.5535888671875,468.0,171.0,13.735006311886545,112,54.117809744788225,346.62930440400595
3522901,-48.70239624439006,-22.2513907926698,131.64805559348315,486.0,419.0,146.0,14.6923194126274,31,5.733573135781108,311.6050614252297
3523008,-51.4398238213431,-20.59414239485324,304.43759317230433,333.046142578125,273.0,120.0,10.888609903890705,65,6.295678946103874,8.144278451318712
3523107,-46.33242091827193,-23.464114652306712,86.97418839298189,767.1500244140625,735.0,73.0,10.093614047988984,20,2.087837184383023,344.12061088518044
3523206,-49.304670766818,-24.080114897131217,991.7669638870284,754.7918701171875,518.0,637.0,20.13924994382421,221,67.39175681532096,384.1362685580813
3523305,-47.12777521802086,-24.29231017351803,277.35819024965167,292.9838562011719,19.0,1126.0,65.3159041251246,62,60.78501294461763,442.96171605056986
3523404,-46.81334586143182,-23.006644608035163,333.23810756392777,805.1666870117188,728.0,235.0,17.051830747669428,72,45.69944681012795,297.66055114225003
3523503,-48.6295553688023,-23.154435524068735,972.6959822569042,721.9583129882812,558.0,345.0,15.111534928019573,216,20.14833531947165,381.7244370069
3523602,-47.83436658149653,-22.294721953691724,564.3068092847243,798.5,637.0,387.0,22.501094348425273,120,57.311834386669126,257.9672027077261
3523701,-47.16929938339791,-20.65702116212557,156.57781912758946,902.941162109375,733.0,336.0,20.272560429434858,34,38.8232230595282,79.09113485366278
3523800,-46.92004079641362,-21.749150405975303,134.9313539955765,792.3666381835938,666.0,364.0,27.015808270464273,30,16.714636960812673,163.6694555904654
3523909,-47.28548931715604,-23.30863682052964,664.3518834682181,644.4930419921875,504.0,338.0,15.49517495392742,144,4.375322817411989,339.6736842437274
3524006,-47.06661203705595,-23.146690662122186,200.62505391798913,726.1591186523438,618.0,182.0,14.613045455384116,44,22.179230583370813,317.22854837502774
3524105,-47.810320597317386,-20.331072830299025,729.6532071810216,635.2012329101562,506.0,356.0,14.979534908392226,159,26.065687491300444,136.88651662810625
3524204,-48.41763069842168,-20.649603816812117,274.0388394938782,520.816650390625,466.0,125.0,8.113121669345098,60,7.935547208950445,203.13635021742226
3524303,-48.28789708134803,-21.218445012080554,700.7422679681331,586.5394897460938,502.0,164.0,12.16308728903498,152,38.75202962338916,210.49830261252865
3524402,-45.991068337932475,-23.298251930492256,451.40481598488986,635.376220703125,559.0,180.0,12.400700495879153,101,2.3427382290434786,325.9360817426826
3524501,-49.58467472620991,-20.94622899597367,144.53610584326088,484.1515197753906,437.0,121.0,10.703239074746236,33,42.65728368400086,171.92403176824453
3524600,-48.05416774206175,-24.77512612822966,692.0344900470227,185.18666076660156,21.0,1071.0,37.64568197899096,150,25.095572117630716,516.9581928887163
3524709,-47.01154672133164,-22.68895540737903,149.8314479663968,599.1212158203125,553.0,109.0,9.090788821816972,33,63.120801834214284,266.57471304079337
3524808,-50.55263193548987,-20.28614085008051,375.72197459451854,449.28570556640625,384.0,137.0,7.956274603278153,84,41.52092112955561,50.38305213476527
3524907,-45.709665926926895,-23.280707222374986,183.39851753599942,758.5897216796875,646.0,339.0,26.02309295497512,39,6.993718966184696,325.7423132227345
3525003,-46.89698805551681,-23.543875700022227,20.15459894295782,776.5,749.0,50.0,11.200579479169749,4,6.663648234584735,357.63741078731783
3525102,-47.825914246883684,-20.99415274276027,515.7363071031868,578.8318481445312,498.0,316.0,16.01625834749239,113,6.8744904901452015,156.7115457522877
3525201,-46.7210346821976,-23.11835940586604,193.72064753156155,816.0232543945312,744.0,138.0,11.946361747767302,43,39.79334967370882,308.5537062893248
3525300,-48.556618811085684,-22.29806971864724,686.7286030324176,563.9932250976562,433.0,297.0,14.865729608691082,148,15.935810366235463,304.4734324730615
3525409,-47.57296272520215,-20.340496228051503,138.46217563655227,867.48388671875,801.0,149.0,12.052600908313993,31,33.98075055412931,112.11931653072479
3525508,-46.21220426321701,-22.93865252396226,378.72871235292405,1119.7470703125,845.0,822.0,52.151064730862515,87,38.331582425860795,286.23791461143225
3525607,-50.79959493724859,-22.278264923535215,407.7569796247408,472.2934875488281,386.0,179.0,11.583451996364564,92,60.65054097070744,146.97937183842396
3525706,-49.78063548935135,-21.089278065980423,865.5461845444515,427.98394775390625,355.0,156.0,7.420256290564227,187,20.66271073670251,163.06129592369092
3525805,-49.79278853542411,-21.970512079841072,115.59946518857032,498.4615478515625,453.0,83.0,9.552896966370746,26,62.49541039192833,224.88713951123975
3525854,-47.78644438611312,-23.10212369699286,53.57816612999886,530.0833129882812,486.0,123.0,16.271233575665065,12,3.929130566175162,334.5839362092382
3525904,-46.91320424921979,-23.194952761429082,431.85366141051054,815.3626098632812,685.0,564.0,27.364890497800328,91,22.624210298998058,319.7873971250889
3526001,-51.43602428231634,-21.44950455476154,591.712038455531,348.83721923828125,279.0,146.0,8.045849875555271,129,46.20062085064893,46.20062085064893
3526100,-47.650851834432586,-24.21156771403892,824.1796974493191,182.27174377441406,13.0,788.0,38.73802733468911,184,28.29439867033864,445.5893938654516
3526209,-47.025591857358826,-23.955622205104465,526.1383267147467,738.8261108398438,571.0,295.0,13.717397190677344,115,52.52445037006926,404.6277882730856
3526308,-45.2090062624271,-23.085437352585714,260.9639621851966,929.7321166992188,772.0,629.0,35.88525258157311,56,4.920943233605841,314.01798628566553
3526407,-47.86542163747185,-23.015908829948252,390.71451476216316,521.7471313476562,469.0,137.0,9.996543455195386,87,3.7529208393522557,329.2363780761862
3526506,-51.03430062098299,-21.151665854993784,535.0893891090527,376.22882080078125,295.0,147.0,8.30862570729469,118,40.771444704729966,69.08690552556826
3526605,-44.88885407859697,-22.51849637007948,172.28531132265925,982.1621704101562,523.0,1952.0,94.3769955946674,37,5.42631673761671,266.99124046668743
3526704,-47.33673590597462,-22.172085096861007,410.42914974782616,641.3095092773438,567.0,205.0,13.144777851247305,84,67.45373709638062,222.15505771487778
3526803,-48.82534863765942,-22.676207454339362,805.7669697245583,643.3841552734375,524.0,237.0,9.475632542741,177,29.318183412597353,345.5490034055121
3526902,-47.36366414750254,-22.598109765582407,576.6048813937232,594.772705078125,519.0,246.0,11.308875814499842,132,59.4429432707363,267.0105399957242
3527009,-46.652899275158646,-22.512219439652707,48.35696312878281,776.2000122070312,680.0,282.0,44.89993962429652,10,79.84588748462149,241.20225262185156
3527108,-49.68372831743093,-21.651095813591525,568.3993317950517,446.9917907714844,394.0,113.0,9.599662837357792,122,28.69642178310203,211.27897858860652
3527207,-45.06147714236057,-22.79125731972811,423.0289365174249,748.0333251953125,522.0,580.0,27.448824883741654,90,9.124992285341774,287.7648899872868
3527256,-50.23620577258418,-20.951270126570492,105.21012678835541,390.2608642578125,341.0,96.0,12.66990441517708,23,13.131043275209164,116.6837460813077
3527306,-46.93384035946422,-23.082276616095676,51.70647269580513,748.2857055664062,679.0,219.0,21.091729959160016,14,34.27376171073337,307.80266935959804
3527405,-50.99112932937394,-21.642865193274403,308.81185612268746,388.9696960449219,320.0,135.0,8.311894601812181,66,84.99220599323544,96.60034895825592
3527504,-49.55155058303988,-22.47532642907434,189.7279979735613,543.48779296875,498.0,97.0,11.663504155545526,41,64.5836561775594,269.1731384444699
3527603,-47.78136937318637,-21.55407750023014,609.2264662040398,611.9111328125,518.0,268.0,15.797063300153233,135,40.81912305821344,190.31132429504748
3527702,-50.351723996841976,-21.673715168493406,174.92180560249835,405.4750061035156,359.0,86.0,7.8839134053205955,40,60.76685625845572,158.81516831697195
3527801,-49.81677216662484,-22.42582173709678,157.16721079126,577.3428344726562,465.0,204.0,19.942567463143515,35,55.34598814583154,242.66850731984889
3527900,-50.383167623563054,-22.325231816751668,471.98083985131234,495.6168212890625,387.0,204.0,12.365146481685795,107,64.88157947212859,187.16597890497488
3528007,-48.72059287537988,-22.487425464048762,227.81121844798326,536.3846435546875,440.0,180.0,13.083291469830254,52,7.816239401874582,331.0560685235486
3528106,-49.97465298879667,-20.837061320014126,240.2494799066335,454.3269348144531,383.0,150.0,10.452493459479093,52,37.43339473995043,131.02526783598668
3528205,-50.183822759321544,-20.09748010269995,316.5615771729499,454.94287109375,398.0,114.0,8.714446322245637,70,25.521953960459182,84.69874378627611
3528304,-50.23107060980164,-20.597536537934886,305.26139842532575,441.13433837890625,373.0,129.0,8.262984028373594,67,50.326587772856264,94.62621346156678
3528403,-47.22473824878739,-23.511692341827953,195.23828089423478,820.952392578125,646.0,289.0,16.63558496734779,42,16.136048403457544,360.0260151860795
3528502,-46.559956745851714,-23.316736096444334,310.63274758215994,894.5507202148438,783.0,295.0,31.555869683526485,69,17.73239934789023,328.72404096052543
3528601,-49.3023667306346,-23.045674108865736,224.2553361253813,666.7115478515625,563.0,196.0,14.439741231487044,52,12.662303976011739,321.60717593803815
3528700,-52.05589477359996,-22.128051820048842,916.4347476251423,370.0351867675781,281.0,183.0,12.346758507282436,199,33.692663738562395,33.692663738562395
3528809,-50.74598652784904,-22.652075654158356,531.4907139232382,416.6134338378906,328.0,192.0,11.063200049577617,119,23.290063478871403,174.23308030687517
3528858,-49.138263123956825,-21.255722687629085,109.55630518309772,476.7200012207031,435.0,79.0,8.757513905646109,25,39.89186423731202,228.89027866600742
3528908,-51.172208333272,-21.777624335387575,197.77297595702112,358.06976318359375,307.0,92.0,9.143747386965993,43,86.50528215908507,86.50528215908507
3529005,-49.981936602242435,-22.177457036011038,1174.3884755177423,504.1968994140625,410.0,243.0,16.294879329362153,259,79.89778355945515,215.2074239564109
3529104,-50.83330453300798,-20.476688927174898,73.47569740843028,377.8823547363281,349.0,65.0,5.719405654811602,17,34.60536317947599,35.47213883845135
3529203,-51.12316574656052,-22.171576438604575,1252.5147854844108,426.6776428222656,312.0,216.0,10.10559905061025,273,57.845123909371004,112.18077892079408
3529302,-48.428942891351724,-21.609798527821873,531.9657076736912,585.85595703125,515.0,153.0,8.491584812132752,118,57.123403308461505,245.36668183337704
3529401,-46.44687942213751,-23.663159022051914,46.58160545211285,822.4000244140625,787.0,93.0,11.78116478572612,10,20.154261289262323,366.34943252606104
3529500,-49.57149158858776,-21.193029492010574,189.7695330902934,428.20001220703125,393.0,82.0,9.024527152707979,40,19.330646956488618,187.33592630846076
3529609,-50.18869761141827,-20.399233082228733,230.48624384775758,448.3673400878906,368.0,139.0,8.56277422728612,49,56.70390812983006,90.22341261940832
3529658,-50.61588840295987,-19.957277269734643,145.48186058271676,385.4193420410156,322.0,112.0,11.076481361388543,31,7.6366610737668275,41.3301718217678
3529708,-48.10781492825248,-20.18454074476034,811.2502576252446,523.2298583984375,467.0,197.0,8.564393246744665,174,4.7451817217524175,168.77033050831506
3529807,-48.43230760851014,-22.466260821058558,214.31465948559344,607.9786987304688,451.0,271.0,20.17195077779391,47,9.388390315618805,309.5523268426805
3529906,-47.39342510398478,-24.194931788092564,986.0090356487781,335.0913391113281,31.0,700.0,43.15376089544293,219,47.035551903712204,437.4016197277422
3530003,-50.12323373242013,-19.95187030940945,214.4986068829894,407.2954406738281,378.0,84.0,6.8244147995560125,44,9.312620498246604,92.36670664265927
3530102,-51.13011852607686,-21.080110303083003,907.9718689499423,382.68878173828125,293.0,185.0,8.34886666944949,196,38.43170912973845,56.7625841852558
3530201,-52.000602971646565,-22.35075943034369,1219.0405617216602,368.80224609375,278.0,182.0,13.177436285004488,268,20.130977586349044,50.46429543889743
3530300,-49.504448237334785,-20.828366100004015,247.7414176799357,520.5471801757812,451.0,118.0,9.673900191783954,53,58.00622327886066,173.6638725086606
3530409,-49.48651948865568,-20.59315566443592,172.89246918540448,490.9459533691406,443.0,85.0,8.157229966054011,37,43.393778902065065,166.21270946349628
3530508,-47.032104353121724,-21.448650529277952,859.5537441205233,666.9000244140625,547.0,469.0,19.842882956192582,190,10.334949978480152,136.37535989840393
3530607,-46.185758094397315,-23.570063218161803,725.4623234607279,775.7777709960938,614.0,390.0,16.759839513977333,162,7.022028038906848,356.10555212262693
3530706,-47.02872225825146,-22.23289065629663,807.256056509912,651.1875,578.0,220.0,10.635351747303138,176,67.77651422904546,218.10400555140075
3530805,-46.989365436057895,-22.45164490435348,499.63909205049276,657.7565307617188,585.0,142.0,11.215614065956007,115,87.87584465196538,240.50028164818076
3530904,-47.60168985838732,-22.94356672831435,131.73408710677177,557.586181640625,488.0,141.0,12.339538907927274,29,15.68626949328972,311.24108329539126
3531001,-50.07884779223164,-20.86090055277031,101.62464963458478,423.2727355957031,375.0,86.0,8.998829249971395,22,29.859011588139968,123.32196742786691
3531100,-46.6681105468197,-24.071860760131305,138.32475596573204,156.72727966308594,8.0,809.0,50.10399331249609,33,61.038042904707105,412.8214649408271
3531209,-46.66863631682356,-22.70698114968166,109.93811181280762,900.0,759.0,327.0,33.29357247621562,24,82.01378076054039,262.76385020475993
3531308,-48.53460827180953,-21.260612235692857,343.4443429466337,611.3200073242188,533.0,197.0,14.31009736844774,75,54.86503019142199,235.35528586421327
3531407,-49.76341998296823,-20.737258377105327,502.84389191586524,488.4907531738281,433.0,130.0,8.95520060500945,108,56.511345674736255,145.03474644031292
3531506,-48.68224947291082,-20.91131191242172,255.44028983917087,546.4151000976562,499.0,103.0,9.55063838461512,53,43.67701571958381,236.2282778206065
3531605,-51.572218026448546,-21.256360420759634,231.94243722967803,322.0,271.0,96.0,7.718558478896996,52,29.337763852570426,29.337763852570426
3531704,-45.800864911939776,-22.933560226290155,333.605794031173,933.7083129882812,615.0,1009.0,58.510047741760786,72,15.209737024122711,286.65877884228325
3531803,-47.3055563652679,-22.953118796103315,245.76273479964584,588.1052856445312,539.0,106.0,9.861206951742176,57,25.31411675713876,302.41634554659584
3531902,-48.15369715332491,-20.689149113798685,1385.2891873084009,541.9932861328125,463.0,253.0,8.06919108047387,299,12.139018974509158,177.06488150982855
3532009,-46.779795135175156,-22.89171220243717,163.96153985429555,856.6052856445312,752.0,237.0,27.88280198284641,38,58.79878979056962,284.57593051051043
3532058,-48.16984311164984,-21.513226037882063,232.74810574948788,583.8461303710938,506.0,143.0,10.76346496448219,52,59.389599326740154,217.53594000589823
3532108,-51.29848203304618,-20.996090996466798,253.11872869171202,379.3928527832031,320.0,110.0,7.513353392463153,56,36.7236317752964,37.07925033726826
3532157,-51.20028058828084,-22.59551972369677,288.9855562178418,407.6507873535156,323.0,154.0,11.907116383341988,63,12.236395103373924,135.3362131085451
3532207,-51.52151179684864,-22.56537832272774,352.56380002759397,381.26580810546875,295.0,156.0,11.319183549665023,79,13.188894751552683,104.74177144127755
3532306,-45.384931865158116,-23.41677495354257,831.7097523454577,835.2637329101562,720.0,519.0,25.796850831679333,182,15.174800617220061,345.50713411844794
3532405,-46.366075525905536,-23.19371967276015,332.0578334219754,904.5416870117188,766.0,428.0,35.18750138927241,72,30.328273888820334,314.2526745236794
3532504,-49.645328552631035,-20.86870064113144,206.93266126140952,499.5106506347656,458.0,92.0,8.485484905072783,47,48.19182316885176,162.36761479330983
3532603,-50.046827976225075,-20.67433310455277,427.9874635292217,457.7849426269531,399.0,114.0,8.619626735147827,93,49.26427000888127,115.51670286488078
3532702,-49.78083905433926,-20.890935495363127,139.53947257064283,463.81817626953125,424.0,99.0,10.209204219723048,33,39.7967528398955,151.24531943072543
3532801,-49.51660673913071,-21.061144924787264,217.72461559530348,451.8958435058594,405.0,81.0,7.820230396444202,48,34.978238742426946,184.34866442462402
3532827,-48.97646606076335,-24.191191317145837,376.7368501005694,901.3563232421875,707.0,377.0,28.38692297038258,87,49.24197245476931,418.378523521798
3532843,-50.909030524194584,-20.37089480493694,111.39221628662199,371.9583435058594,333.0,62.0,6.777541566019271,24,21.94768126630152,21.94768126630152
3532868,-50.34387067499791,-20.777324446335665,186.04678015224636,410.20513916015625,356.0,112.0,10.027935637135739,39,28.348791611962262,95.74777880205026
3532900,-48.55199370841356,-21.775502850289488,158.06820795405656,539.61767578125,432.0,163.0,11.464030798559453,34,38.09792785839073,266.2868013120463
3533007,-49.32944880162932,-20.47349524699799,542.3026571236551,499.2627258300781,442.0,114.0,8.638769566682146,118,23.053166413684526,178.38728680594767
3533106,-51.648008732160875,-21.321128701675313,40.27173656690866,370.77777099609375,349.0,42.0,6.853241538337251,9,21.295129900339777,21.295129900339777
3533205,-51.50560520836425,-21.136211817951754,268.99302489031106,330.9152526855469,275.0,101.0,7.9199095227636604,59,28.443689978929633,28.443689978929633
3533254,-48.91905422450678,-20.989952781298935,109.36326003726572,531.2916870117188,490.0,98.0,7.790781145479737,24,60.94994404307255,236.5021183530556
3533304,-50.25238249804326,-20.870493352790657,82.18985757045448,389.8235168457031,356.0,74.0,10.281602054274984,17,20.997974404625808,109.62154269624054
3533403,-47.28269948086358,-22.785264486017258,72.85556687414646,592.5999755859375,549.0,72.0,9.599895072361061,15,43.52179794008741,284.0157354477607
3533502,-49.282757093950735,-21.470140028255422,924.5082467691973,429.4208068847656,301.0,192.0,8.914151488711946,202,11.851766053775766,229.286078573861
3533601,-47.729439348045034,-20.70585686592704,349.42275466490537,721.109619140625,601.0,234.0,13.823898298532022,73,37.98857195793044,135.00740683288376
3533700,-49.93983483172306,-22.43956243353081,310.0241655027494,538.9705810546875,449.0,202.0,14.649363108837825,68,51.163120619307726,232.5100351570891
3533809,-49.386005583342964,-22.951763261915943,197.24762440565974,621.4222412109375,540.0,167.0,14.675508598416476,45,20.605075090790823,309.33128203904295
3533908,-48.95969220344088,-20.70488614512314,819.7379358550534,512.6722412109375,457.0,110.0,8.08256694315446,180,30.0286138191228,222.07489277964552
3534005,-49.2427645670255,-20.617920624012488,242.23677335772663,510.86273193359375,458.0,104.0,8.791395323290201,51,34.84907141978781,191.17121737910261
3534104,-50.09393605241844,-22.141393044839315,216.64419946726412,496.8085021972656,432.0,175.0,16.369167153458577,47,84.57717100077909,203.11398552258174
3534203,-49.35356180303853,-20.200717014438656,241.5976604493335,466.5094299316406,411.0,103.0,10.726378896363324,53,7.5473166639502525,171.72804438735787
3534302,-47.90556564195406,-20.699788063341337,298.74753476586193,701.227294921875,579.0,204.0,15.040035852882383,66,30.42940781567735,152.34181875627434
3534401,-46.79108249513032,-23.528572630542953,58.33827688265592,768.7999877929688,726.0,174.0,16.973771480241997,15,1.4381061871653342,354.4357106065991
3534500,-50.2573173826837,-22.294576270513133,222.07369759026915,468.95745849609375,391.0,184.0,15.026140162263564,47,69.5261273817788,196.45149731656215
3534609,-50.87274884276686,-21.732576513916865,249.92435594461858,419.3859558105469,351.0,129.0,9.606010678285232,57,87.6437306084926,111.56812959770788
3534708,-49.85353334217963,-22.95116971506276,297.7436967929825,445.609375,391.0,121.0,9.257745351067054,64,7.297365542177502,267.73432948028693
3534757,-50.40241334115233,-19.92054427785094,285.1799233769998,423.984375,333.0,164.0,11.468167450719543,64,7.904025550487487,63.29894510498661
3534807,-51.738529513929215,-21.51011065484692,263.59656227659434,329.9152526855469,265.0,124.0,9.057878223517983,59,22.606163690175833,22.606163690175833
3534906,-51.27370494207081,-21.497434016432138,345.10484896879643,366.4266662597656,289.0,147.0,8.97183800374251,75,63.78980082836542,63.78980082836542
3535002,-49.497114685873676,-20.3199670524355,712.2491126554087,477.4210510253906,401.0,140.0,8.102950926619044,152,26.682544565228064,158.11108551577433
3535101,-48.8274840938398,-21.10138819723396,83.02277108095586,544.3157958984375,505.0,80.0,9.28292216195425,19,67.76937514161627,249.90802554683347
3535200,-50.74942445167664,-20.43623522660763,321.58659180626273,388.7164306640625,346.0,87.0,7.754015847003233,67,39.322129014239465,39.322129014239465
3535309,-50.2221769411291,-22.830480990441636,547.1647235583514,447.7295227050781,354.0,220.0,9.73538437890878,122,12.20648830031651,228.9754636907114
3535408,-51.85842487499757,-21.46537981721922,353.4108620285988,304.3246765136719,253.0,118.0,9.400098183546605,77,9.303110712703576,9.303110712703576
3535507,-50.62540655089268,-22.458485734890182,1003.4672503694892,479.87615966796875,371.0,206.0,11.113215342623135,218,47.97570844613209,172.23928261954444
3535606,-45.64308447111958,-23.48076293168524,801.1827593045309,817.8277587890625,636.0,549.0,27.569084607591876,180,12.807162016633422,348.4626236329208
3535705,-48.7655050807141,-21.017925983449572,155.2963030738756,534.0882568359375,484.0,108.0,10.81421153349551,34,57.35505005300067,247.8076454875696
3535804,-48.795026961975054,-23.43883215490524,1017.2654519574717,621.9151611328125,521.0,210.0,10.595128814545717,224,10.083061066835906,387.4099199505131
3535903,-50.59463997118067,-20.06711239663059,141.41571849770844,412.2903137207031,354.0,103.0,8.600247612793451,31,18.0199514023756,41.93565908039364
3536000,-50.822834512678284,-21.85339859815867,368.1339066112414,428.5714416503906,346.0,142.0,10.456663587551411,77,98.00230004089742,121.84540864569229
3536109,-48.40382962081083,-23.09993189399874,206.58021341916174,814.7999877929688,617.0,372.0,26.37678167456148,45,38.108478685410084,363.95299811490634
3536208,-47.84951018572758,-24.6770588421611,360.26023285649717,48.125,4.0,237.0,8.608327907250759,80,13.347518786066168,500.48940294389723
3536257,-50.03840018277084,-20.275554136882892,86.3604697715491,453.31817626953125,406.0,106.0,11.679264567490355,22,40.15724227887649,101.61448434437638
3536307,-47.28749563300053,-20.703848353162005,596.1233899109066,815.671875,678.0,400.0,23.742720946093105,128,49.483558246693526,92.37759653853627
3536406,-51.79014943762043,-21.198386093422624,381.3170149512589,288.3333435058594,252.0,106.0,7.211834839832221,84,8.110706312534875,9.277151055508972
3536505,-47.145217259548396,-22.74679983283454,138.14431443624198,585.0,548.0,81.0,8.12754507540965,32,51.67281613654618,276.0161593178987
3536570,-49.30298215620828,-22.56891950476973,257.9920607460663,578.4181518554688,531.0,93.0,9.536455731866896,55,63.45739905856279,296.4750358665832
3536604,-49.46278452171335,-20.065857927762412,733.0015873480588,466.9447937011719,375.0,181.0,10.774090111741307,163,10.829788247484258,154.99398331885894
3536703,-48.86087465488868,-22.29962877595746,733.0375956734642,524.3562622070312,426.0,181.0,12.45215127860161,160,12.440816172752395,321.37680998595613
3536802,-46.44145728745319,-22.77663346005344,153.90963588934392,1105.6470947265625,976.0,339.0,28.537664705359767,34,67.93461427084857,268.38163910424186
3536901,-50.10508155263133,-20.206718947540093,264.079083555378,454.368408203125,392.0,138.0,9.990601354227948,57,33.78469098069704,93.58312706881406
3537008,-47.43931169706142,-20.207013190153575,707.8270842554048,839.826904296875,579.0,474.0,31.220996356717094,156,15.405169140499725,99.0380895968575
3537107,-46.88663495110977,-22.755114250181855,112.50071504060179,701.0833129882812,605.0,248.0,22.63788844960635,24,64.24646382705916,271.3376756646812
3537156,-50.80295828230041,-22.81620604950857,144.60730951745063,353.80645751953125,320.0,77.0,6.106918007672228,31,6.057073056393783,181.90508995409343
3537206,-47.16243977839629,-24.16227338383374,663.6689839893952,368.19049072265625,71.0,683.0,47.48874944040043,147,67.05283715117335,429.34539246113343
3537305,-50.09533394866584,-21.40592812065292,716.9594060536474,412.275634765625,356.0,123.0,6.966574254921945,156,23.424283480999335,162.8943951635136
3537404,-51.106119147305236,-20.67934820458572,963.0543546061963,353.69195556640625,256.0,163.0,7.323830492142671,211,2.12960144438296,40.081652185482675
3537503,-47.980254032225155,-23.119989340872582,221.79049381054938,546.425537109375,496.0,118.0,11.04384367835482,47,19.163729309767522,344.6521034462197
3537602,-47.01398429434849,-24.280879962835265,326.1346541810781,135.6849365234375,7.0,720.0,43.82924292798278,73,70.36624676313754,439.93791557062195
3537701,-50.644221948597384,-21.57231988571982,237.19923636782914,390.9622497558594,343.0,102.0,9.963672842760127,53,62.941454364762926,127.56818920298352
3537800,-47.43908220044471,-23.78552955261108,729.0564331468195,910.2865600585938,646.0,491.0,22.41582745083271,164,53.44421160135037,394.56884289770255
3537909,-47.730763102326335,-23.856848993241517,680.4176123272628,751.131591796875,616.0,366.0,14.263362239981976,152,47.693872779001936,410.58649041503156
3538006,-45.45767805724566,-22.879622896002257,750.9254149766639,772.6871337890625,529.0,1348.0,55.30824649858219,163,1.6293104867238166,285.86655588293706
3538105,-48.91315220574996,-21.210982000031144,191.58408227469772,542.7750244140625,494.0,99.0,9.881744893770977,40,56.20704092421853,246.95196370670817
3538204,-46.570935116353795,-22.778330134113702,157.85316576249897,964.058837890625,874.0,203.0,18.885099058640876,34,76.81680708957894,269.50290717532874
3538303,-51.732611557214895,-21.853829333761563,493.00089441332966,357.4433898925781,271.0,170.0,10.681576568119745,106,40.30964661440942,40.30964661440942
3538501,-45.175192353781746,-22.59002350038011,165.86927218921483,986.1944580078125,588.0,1233.0,102.89921592654065,36,13.54255006340152,262.91168354933734
3538600,-46.30142285260621,-23.047128766798618,388.0033161556348,924.5595092773438,772.0,574.0,35.39342924951269,84,39.228762128852594,298.018622396013
3538709,-47.78263510780979,-22.72403909354786,1389.7929033460096,534.2000122070312,452.0,202.0,11.33837513207814,305,23.696570607700114,296.6067667860873
3538808,-49.36752009009553,-23.186398589515036,508.2232043603435,607.2908935546875,518.0,320.0,17.894280946677082,110,0.3094386956024906,323.36528049761404
3538907,-49.41197084185907,-21.95739775563952,822.591374929063,483.3465881347656,376.0,192.0,11.394195841636835,176,36.47523649190198,254.9708446350831
3539004,-48.67043347427407,-21.093548431687477,213.17299104109406,547.6087036132812,496.0,97.0,9.656096344871322,46,52.80394220282647,241.16314672394927
3539103,-46.98184693505988,-23.37879036487649,106.12289211526513,762.75,674.0,214.0,29.39696110598513,24,1.253496087527292,340.9353162665986
3539202,-51.620735509919605,-22.47949816197863,485.35065312031657,376.1523742675781,278.0,194.0,10.353714185700316,105,19.286857975611817,91.1542352615213
3539301,-47.38897027574494,-21.997027158353323,733.1367603437975,637.370361328125,565.0,293.0,10.46952006590889,162,53.744855445912094,206.84176875164593
3539400,-49.192718813925836,-22.424078266604884,394.06793369632214,557.9431762695312,480.0,165.0,11.609994267056202,88,48.56701028074576,300.12680661805877
3539509,-48.249157637249816,-21.005588617633315,424.27850732114166,547.021728515625,479.0,148.0,7.154636544901002,92,15.08654864837435,197.0040930111758
3539608,-49.93606763853055,-20.997639600605297,292.40127220004797,426.421875,382.0,91.0,6.811818975307356,64,24.02927166895513,144.10175981067428
3539707,-50.21044780873621,-22.62687964018709,329.8500673417002,519.4647827148438,443.0,133.0,11.427640059897143,71,34.58869058778195,218.30523554447868
3539806,-46.34866666636223,-23.53033333317923,12.93387478031218,784.75,775.0,26.0,11.573159284701573,4,4.597717878978503,351.45156876349796
3539905,-49.8191254900539,-20.751342531133975,134.53037004359066,487.6785583496094,438.0,100.0,10.27967945515366,28,53.31779879939196,140.45918603180857
3540002,-50.187425338010506,-22.027651238763365,780.5713456971571,464.5229797363281,386.0,211.0,12.288258369542906,174,91.5607163416965,189.22864506969884
3540101,-49.35872697524925,-21.729480614318774,182.90753992274404,455.3902587890625,388.0,144.0,10.163748976623516,41,12.49713626231238,241.31954211917065
3540200,-48.066143203323975,-20.9846215571648,365.8649382283911,519.3624877929688,487.0,130.0,6.262199222067031,80,4.185994218851635,178.64967947821322
3540259,-50.52324816519431,-20.452398036712857,207.96375511027873,395.26666259765625,349.0,98.0,8.999437780754995,45,52.11026591500349,60.25746389205316
3540309,-49.753905223531184,-20.175217312526183,221.07755639590323,444.9791564941406,391.0,119.0,7.64758207783165,48,30.139137083796946,129.8297503654951
3540408,-50.51716286989709,-19.90795963231018,319.8525842977688,403.6323547363281,311.0,159.0,11.429994113651796,68,11.829769041741946,51.27112584040763
3540507,-48.11897562121122,-23.174156981467736,267.34397252462804,553.6500244140625,502.0,123.0,10.67417048900878,60,32.116112445695755,356.39222087835
3540606,-47.51787498163356,-23.227468153342166,562.7671190556139,559.6129150390625,498.0,141.0,9.625358183689178,124,1.5788168456124518,337.8586257574599
3540705,-47.44782909538363,-21.841810989312126,242.42267027776688,609.5357055664062,539.0,215.0,14.189442307459059,56,44.55577690323586,194.65515521091783
3540754,-45.29900600748705,-22.826082669409423,43.43211581837386,548.0,530.0,34.0,5.996927131256549,10,1.7868619732774078,283.9589139697124
3540804,-49.391806863782534,-21.076467571703382,349.80998468771577,456.09332275390625,401.0,110.0,8.879069108398266,75,39.08760638480123,196.3416166839375
3540853,-51.07420285758136,-21.83652353070788,64.37775466870517,369.0769348144531,334.0,85.0,8.806946027693455,13,94.47396376277533,98.51958989741276
3540903,-48.08716320562463,-21.34142806887246,167.84203031472862,560.974365234375,505.0,169.0,12.75711661354212,39,38.70206038454215,199.6192954082013
3541000,-46.52804087699246,-24.016618732852244,147.12253395002335,162.65625,5.0,861.0,61.356590772352625,32,55.726784915647414,405.75280377511405
3541059,-48.69849142434382,-22.820140502211164,181.47036769613624,736.720947265625,663.0,182.0,12.386917771429278,43,36.542479197791884,356.7861085296587
3541109,-49.43179918937077,-22.123351962843483,275.75885842368007,531.111083984375,461.0,142.0,13.847918833822543,63,54.123706316961865,265.2940511112216
3541208,-51.62069720872714,-22.107985270974467,738.2387499483302,379.5853576660156,316.0,144.0,9.485814410322313,164,57.737452983043134,67.32485506232615
3541307,-52.17682603156643,-21.9147279943214,1260.5034221429378,309.5054626464844,247.0,188.0,11.2612574788134,275,11.015196175407013,11.015196175407013
3541406,-51.34237371187845,-21.992394506929664,565.1992488792166,390.23577880859375,303.0,167.0,9.936731618606386,123,72.72574844384928,82.93066642711328
3541505,-51.83826236681697,-21.793253322786143,745.0588444834575,354.3742370605469,265.0,174.0,11.250810097331886,163,27.514480572259348,27.514480572259348
3541604,-49.872659962155865,-21.525522734821568,774.3652544571087,425.5672607421875,358.0,136.0,6.943594922381898,171,27.707322059801356,187.88921049135783
3541653,-48.03599919459912,-23.30206699061775,203.5470634624362,628.4222412109375,569.0,117.0,11.2872129292342,45,37.41249117891576,365.16946947565367
3541703,-50.64520452553809,-22.203456294693282,660.6863678498194,466.862060546875,375.0,201.0,12.115747591052342,145,72.549714503709,157.16869338425613
3541802,-50.24509986631314,-21.799652241505484,235.17154808156192,417.8235168457031,369.0,93.0,10.52736649951387,51,69.61224912117835,175.07106160932537
3541901,-44.783684605376756,-22.505367813305526,257.6757740303874,920.0535888671875,500.0,2073.0,88.09858272645813,56,3.0403572657347433,270.5573091494094
3542008,-50.36818456207282,-22.1010416964816,318.0693989833817,466.5362243652344,385.0,184.0,13.257839020552922,69,89.6876741800412,175.94097085396405
3542107,-47.584673673502884,-23.046884073915805,113.70081459078938,547.75,499.0,116.0,11.936960550521391,24,7.968034115738611,321.27404688452515
3542206,-50.92834116487861,-22.282002666340798,1574.8552498240024,449.205810546875,341.0,204.0,11.124544419379408,345,56.75172559621349,135.60430434377474
3542305,-45.529483160086635,-23.249696086717655,315.97011048160493,838.4929809570312,720.0,390.0,27.82655504810078,71,7.008827035872675,324.7406011286237
3542404,-51.29458196130439,-22.25241606238701,258.4701371528208,456.25,382.0,127.0,11.596228705579948,56,44.40095991648662,102.80967227468506
3542503,-49.18079182784023,-21.887684517447436,407.45112266391516,452.6666564941406,378.0,163.0,9.873660452256859,90,18.270738103202227,266.54109443995156
3542602,-47.8210148412917,-24.50371458547326,714.2878266563639,39.28395080566406,5.0,264.0,6.035146922049344,162,1.8591054109448935,481.3482477460327
3542701,-47.507227716095755,-20.64762185863925,243.90407385025173,794.5740966796875,658.0,283.0,23.6284750532737,54,53.63136251973132,111.06282571771503
3542800,-49.036321113724526,-24.608852956684494,330.12698519136757,525.4400024414062,207.0,655.0,52.76134504843657,75,2.905346859904627,439.9889505172579
3542909,-48.18654389131143,-22.05897546563199,477.8101023612544,614.4038696289062,504.0,250.0,18.022685096783924,104,56.11689996288204,259.31452717037376
3543006,-48.77669538751648,-24.25458466947011,685.258669462055,896.0657958984375,771.0,258.0,17.900300647322286,152,41.26551439111311,439.0323372453781
3543105,-47.56904012828259,-20.449774260224373,134.790568058379,857.862060546875,757.0,180.0,15.209825931680369,29,44.05149193005601,112.51461948768592
3543204,-49.92589518084197,-22.753195591759674,204.45474848058075,521.5555419921875,460.0,139.0,9.675487347219505,45,17.477661401806913,250.46644256101254
3543238,-51.581278369912546,-21.776932067759393,188.76444915868342,345.92681884765625,283.0,128.0,8.618259951962163,41,50.82203903441552,50.82203903441552
3543253,-48.35933867908255,-24.19081413939609,319.2515517473221,816.7391357421875,668.0,270.0,18.986468164725625,69,16.305757589045026,467.7446449908853
3543303,-46.40218729196717,-23.698270981621626,110.7488221609965,801.9166870117188,761.0,83.0,10.116699392712283,24,22.941274704263723,370.1008373973908
3543402,-47.821883931306225,-21.213826327398287,648.8000667560846,607.4285888671875,511.0,260.0,16.039302966688457,140,14.852005962004974,169.0955333624115
3543501,-49.44654008854745,-23.846066838898878,394.31391755491495,575.8953247070312,491.0,189.0,14.477378268105602,86,71.96000610140965,358.221806381173
3543600,-47.440500017112804,-20.058985126889354,169.6018022717908,608.7838134765625,516.0,312.0,28.66227963509619,37,2.546392923119665,102.62460466432297
3543709,-48.032090790241845,-21.595290272364903,313.8100675707683,562.9705810546875,507.0,149.0,11.335810546252253,68,62.17469745646062,212.21320564193235
3543808,-50.71722517040782,-21.682818682500567,354.76717343740165,404.82666015625,342.0,121.0,8.322462444510084,75,76.6901559311695,124.82150747601145
3543907,-47.580317086305804,-22.37297606014422,484.5335929878056,617.8165283203125,517.0,209.0,13.879678116166202,109,67.36840082598641,252.72837810993033
3544004,-47.598325849490855,-22.84871130272264,240.73586734570563,604.7036743164062,534.0,134.0,11.45531021657491,54,22.78587425501919,301.3931820784147
3544103,-46.37812528846675,-23.739521739176872,31.745191322639585,781.1666870117188,760.0,49.0,8.242839040652585,6,26.12979338658504,374.61548849769093
3544202,-49.70863007819459,-20.022919158262322,626.3676126319915,446.5839538574219,377.0,163.0,10.987020347778781,137,19.782487867436526,133.45695901850448
3544251,-52.83437953647413,-22.48838811079151,742.4155771620572,305.8812561035156,237.0,188.0,12.011633329947168,160,10.466612004608498,12.760218252566926
3544301,-45.3003449095921,-22.934165249493226,125.99312331993133,684.9285888671875,529.0,774.0,47.215872743102544,28,8.767181733135862,295.44887354193054
3544400,-50.78754363770514,-21.36253633176726,241.1167910033837,398.3333435058594,322.0,140.0,9.846649632435629,51,47.54522999530696,102.53116258360733
3544509,-51.02009219178644,-20.25206625671577,244.12666517030448,345.94232177734375,321.0,91.0,5.791513188284115,52,4.513604301793178,4.513604301793178
3544608,-49.57714682744626,-21.46771197823365,301.6515694661066,415.3731384277344,376.0,89.0,7.852466058591318,67,7.356760965502506,205.45298880076325
3544707,-50.991676580328615,-21.868694223191767,137.7034197403118,384.3870849609375,333.0,99.0,10.690361911530552,31,94.00364758340649,107.58718279432762
3544806,-49.50116155468357,-21.346970272204125,315.8086009779945,413.0882263183594,377.0,75.0,7.564051715824256,68,10.17813756672275,203.13556565330265
3544905,-47.853933956073384,-20.833108415220476,298.6950437426567,660.242431640625,550.0,277.0,15.200116371678579,66,20.236932119318343,151.9177951379544
3545001,-45.84398090377801,-23.579696951800873,419.43747993931174,913.4086303710938,772.0,318.0,21.044756512770174,93,11.568170658975218,357.598539249954
3545100,-50.877817422247404,-21.587063188231905,175.83583428151906,387.27777099609375,343.0,95.0,10.53184917034795,36,73.63939578882572,105.75057955699182
3545159,-47.73478521136546,-22.87041530879217,96.0367184523493,569.2105102539062,509.0,120.0,10.673868070326362,19,13.212075135356748,309.08473053352805
3545209,-47.301173817850305,-23.18124474099165,137.79395165946335,558.625,504.0,153.0,13.01914556516401,32,1.1060362582835594,326.49504261720193
3545308,-47.57476066878622,-23.654393837029073,280.1593618374318,645.3833618164062,575.0,188.0,14.725334327977906,60,48.797019029304096,384.4633646785512
3545407,-49.96194813367103,-22.86919833825387,180.15391572378576,438.56097412109375,394.0,113.0,9.611722509038366,41,4.185579080049982,253.61335248061985
3545506,-51.84227393880039,-22.477679304015517,455.89674200490117,354.3131408691406,274.0,159.0,11.669820108699106,99,15.013487315194007,71.82041734508488
3545605,-48.81964146440696,-21.31889749388498,324.2485612910241,526.2816772460938,450.0,159.0,9.783429022801224,71,50.381146882433264,260.9664602740593
3545704,-50.72734591041433,-20.01100998499189,271.42205492127687,375.877197265625,320.0,110.0,8.375941013106077,57,8.704135735396001,29.103111919662933
3545803,-47.426715871127364,-22.800111614080706,271.9605506872758,577.9344482421875,520.0,117.0,9.551042801095473,61,39.223652003915944,290.1868999229054
3546009,-45.863301995793556,-23.424299923113054,281.54439174663275,737.8709716796875,598.0,375.0,24.754690517135167,62,6.921479544819333,340.3335067653793
3546108,-50.90822859904831,-20.06655136032943,183.73245825525373,364.875,320.0,107.0,10.924457059021323,40,4.782633536375327,9.787604260587981
3546207,-47.485327305071465,-22.12165045082307,144.3895775731653,691.8787841796875,620.0,165.0,14.031286891517762,33,70.69852029031438,223.5818841498577
3546256,-47.43791760381949,-21.275992852492834,153.00590993184596,599.9393920898438,520.0,206.0,18.149202850953237,33,4.831911382609904,143.6554741071261
3546306,-47.249307779823646,-21.853531405620434,289.3884614026174,664.7384643554688,568.0,224.0,15.709600554116195,65,32.385346569888725,186.34840974412865
3546405,-49.56932381378288,-22.81050853351254,1126.793209148571,539.7654418945312,419.0,249.0,12.743659938268218,243,35.43641827074051,285.72901649114334
3546504,-48.367230026412344,-21.454869368782553,132.28113719075918,599.6666870117188,543.0,122.0,9.091631353075908,30,64.81542667272196,230.6183151045734
3546603,-50.95040097427228,-20.241223683628586,217.29794110916555,367.0638427734375,326.0,105.0,7.614961887129727,47,10.036854950398286,10.036854950398286
3546702,-47.52235752842609,-22.474873098565677,100.45304903108627,628.8695678710938,569.0,171.0,14.592543456154631,23,61.80182596876884,260.38928917068034
3546801,-46.24224156980876,-23.28895870975456,366.6834748405963,757.202392578125,622.0,472.0,28.588677228632157,84,22.70262725997616,324.853655869982
3546900,-48.060058756244075,-21.67169714345048,153.56862767320126,616.1714477539062,529.0,203.0,19.30076067513687,35,70.96881465717843,219.96866565171132
3547007,-48.15445451917312,-22.565216521691415,268.51268549915403,543.9835815429688,447.0,376.0,27.798022586925363,61,15.47699436173592,300.8979970058643
3547106,-51.7373708700404,-21.316388366140522,164.52035844977945,344.1388854980469,288.0,103.0,9.396314173735869,36,12.042019291010392,12.042019291010392
3547205,-50.7958401571942,-20.259850833228644,128.89958488568664,399.8214416503906,353.0,94.0,9.347135016607528,28,25.578816967722155,25.578816967722155
3547304,-46.91555115826283,-23.450273395507892,189.1780872857198,801.7948608398438,725.0,259.0,23.62394511413391,39,0.6042357093278617,347.7332038063802
3547403,-50.81163641828658,-20.09517866060285,208.36393365170807,385.9772644042969,321.0,106.0,8.808988981663738,44,12.793765831980615,19.079785349624668
3547502,-47.50524442060064,-21.683438576739697,752.0484538292512,681.3636474609375,531.0,374.0,20.77513889521824,165,31.911062049935026,183.11199066134952
3547601,-47.36550188508528,-21.50162006235149,279.48414385225624,673.9193725585938,542.0,254.0,17.65974235839772,62,7.363726290526135,158.4190550211148
3547650,-50.72041694067827,-20.257678358359016,77.36585990060121,419.8666687011719,368.0,100.0,8.633553836065005,15,33.027614717732064,33.109314426444165
3547700,-51.72101581421014,-22.03711160690445,574.0223007919267,382.5271301269531,294.0,161.0,9.210184938650219,129,54.49662164055355,54.49662164055355
3547809,-46.449132734739656,-23.722782352794564,187.6047993376851,782.047607421875,582.0,280.0,16.429662020280507,42,26.17395060893182,372.9460190120145
3547908,-47.19661972393304,-21.09199934981608,314.99597928021103,846.0147094726562,683.0,360.0,25.82855143710878,68,34.00223878448462,111.8833406583071
3548005,-46.95225844690763,-22.60268488548332,160.07633549626917,639.2352905273438,588.0,169.0,10.255450856477669,34,74.42903005764498,255.98936184246776
3548054,-50.55504637660139,-20.873115987573424,1310.3746968740597,371.9790954589844,274.0,171.0,8.740763933150681,287,9.83154096787029,87.25104695715169
3548104,-46.682549048690106,-22.132077189721667,112.44212023541331,898.719970703125,814.0,316.0,24.695598396323785,25,47.03862246273432,200.10423286665318
3548203,-45.69982043679599,-22.829351226463565,137.37367664370686,1104.0,987.0,401.0,34.80947736951437,30,18.357751193671355,276.2747798812442
3548302,-51.37075809007233,-21.82456606813958,97.34279613848776,343.875,295.0,99.0,11.45390031533065,24,71.62644660141162,71.62644660141162
3548401,-50.51665211868779,-21.660385953228182,129.35748996865004,394.6896667480469,351.0,90.0,9.22704442222202,29,68.973085737048,143.81733932953432
3548500,-46.29064070106329,-23.867689365541295,277.3465022277087,313.625,0.0,1076.0,55.99569342314392,64,37.61590118346507,388.7569436762466
3548609,-45.68546791217731,-22.681024603811476,253.8215496428311,1245.9810791015625,884.0,873.0,67.48203032557893,53,30.69225449544611,260.21067268148624
3548708,-46.550271608011116,-23.814376001728732,420.0513558611274,765.1263427734375,458.0,372.0,14.787004289493531,95,33.25079534113943,383.5539455096174
3548807,-46.56824561329174,-23.623912280327346,11.24954541027546,749.0,742.0,13.0,7.104538289394483,3,12.112918522325886,362.6590969949062
3548906,-47.86631191692233,-21.919907278102837,1127.6281255269423,732.2081909179688,533.0,428.0,18.497043063326874,245,75.76557698258303,226.26612593951347
3549003,-50.67527979117972,-20.365584158175782,74.03663432784379,403.941162109375,368.0,69.0,7.755024183355922,17,41.76063447625875,41.76063447625875
3549102,-46.80268831980915,-21.97803751013743,526.7703118426725,799.5130615234375,620.0,732.0,27.987964771279238,115,42.25629163626662,185.27718167715193
3549201,-50.38425157912403,-20.409219099215253,126.62860355898738,407.3928527832031,366.0,92.0,8.950244409377005,28,60.49880983907675,71.53960653404538
3549250,-50.35415893044782,-20.520062388169332,177.21299230121076,402.89190673828125,361.0,91.0,7.826099228790632,37,53.16440646363527,79.31033579164203
3549300,-51.67287585646973,-21.21948088054605,111.38303550425917,327.3333435058594,269.0,105.0,8.278840848143858,24,18.983513495326957,18.983513495326957
3549409,-47.94074598415074,-20.54889793364416,411.7356154518202,639.9886474609375,531.0,238.0,13.843897344413522,88,39.224236077974034,152.38142660492065
3549508,-47.62845959381147,-20.586037835932135,282.0827474379912,753.1333618164062,606.0,307.0,19.94318948714893,60,54.46602856156274,121.29645329323915
3549607,-44.58841125872268,-22.74892469768859,575.5747755756602,1116.97705078125,484.0,1408.0,72.8854644910834,131,21.274663590285996,303.5272772260088
3549706,-46.881700119542174,-21.604793798051247,426.27833487372845,787.574462890625,563.0,440.0,26.55067757773946,94,2.2150902881810826,147.26239038017405
3549805,-49.357606895163755,-20.79756071938234,423.97742513474077,526.3936157226562,469.0,110.0,9.288842349875637,94,57.134191026419046,186.49881279694313
3549904,-45.927799017622775,-23.091029015614822,1101.209756613709,749.38427734375,546.0,1249.0,35.340842020333106,242,5.9557564039620035,303.2135788363261
3549953,-46.93618958106958,-23.8502824735798,183.8732957514003,813.2564086914062,710.0,264.0,20.610835428255772,39,38.29771661649764,391.70853026569074
3550001,-45.252626418689026,-23.242512766595453,621.1579213431105,943.5941772460938,757.0,689.0,32.6962881313425,138,5.9320147815020965,329.6466367916876
3550100,-48.54133104757978,-22.683546796287906,652.4730947772041,616.8181762695312,439.0,405.0,16.436888896017553,143,16.93626322027564,335.0317797797711
3550209,-47.99341162384593,-23.915372800009028,924.8882783642039,706.840576171875,616.0,200.0,9.070760359845178,207,20.23238584248066,425.54525693078415
3550308,-46.6499270044965,-23.64694470688837,1527.8242313805968,782.6527099609375,250.0,858.0,12.751040108029617,334,14.80942805110178,365.86659055944847
3550407,-47.92403799839723,-22.557019113039885,609.6391812972724,625.6790771484375,465.0,554.0,29.68881989513796,134,30.10590066967212,287.3889989931337
3550506,-49.772002895432394,-22.679497234659046,742.6661754576489,525.0496826171875,448.0,164.0,11.176206131040379,161,32.61776876338733,260.76208564858166
3550605,-47.108395219502555,-23.548643985803906,301.8475845269859,881.86767578125,704.0,320.0,22.506064302255393,68,16.32570274472496,361.637159959148
3550704,-45.60765521524918,-23.749960362964636,415.52332498598844,385.5531921386719,8.0,1145.0,93.47192607191374,94,38.56357063716593,378.43707223525365
3550803,-46.7533327869805,-21.756514864551306,251.18087428435683,1097.5357666015625,888.0,537.0,53.74770596553492,56,19.10004774320244,160.2690503331526
3550902,-47.566855709100295,-21.462195828948914,623.994924524799,672.3533935546875,526.0,365.0,20.351010827877708,133,16.9388784587694,167.81612139301845
3551009,-46.48417498013402,-23.959161111849784,152.2054532142356,219.93939208984375,5.0,777.0,55.032755156539544,33,50.09065324057139,399.1992808673899
3551108,-47.78302031178599,-23.664578979743915,363.86032821889967,625.8875122070312,539.0,158.0,9.966907254727204,80,51.545606401132204,392.2079431490089
3551207,-49.48485827500654,-23.257674061266812,156.51310943160206,763.0,634.0,263.0,24.557147646089607,36,13.104719563511264,317.4021026969057
3551306,-49.91770033450195,-20.630482134948135,170.39908633753657,456.10809326171875,412.0,99.0,9.07915432551962,37,60.19110713772307,125.64742509336286
3551405,-47.547995335341994,-21.31649624999771,271.6475788541138,622.9166870117188,519.0,309.0,24.07485556459557,60,6.9282633172483745,154.76096266602744
3551504,-47.61053740399041,-21.217431008425514,130.06285905465484,588.27587890625,519.0,234.0,19.90416982786412,29,5.587923448631656,152.08711526217098
3551603,-46.68610118226371,-22.589096844724434,206.98450001794845,892.9786987304688,680.0,415.0,42.041943582921455,47,88.99242136322881,250.07952510375378
3551702,-48.00869701490207,-21.12518479413724,404.0084912730381,557.6705932617188,499.0,172.0,10.996171435207934,85,13.960442557888232,180.22873389921497
3551801,-47.933713337336556,-24.274509248948007,1064.7803543219343,206.71063232421875,12.0,851.0,34.38219229197176,235,12.63220681837322,460.76206160647774
3551900,-48.79307993091987,-20.795288803912303,139.94106600247324,539.6774291992188,483.0,91.0,7.850900029796274,31,40.96587339795648,241.53370172792373
3552007,-44.84047487592527,-22.735074884066886,418.702051660046,906.8924560546875,591.0,1212.0,46.90146038120449,93,18.920703464214483,290.6908515658437
3552106,-46.52377278152782,-22.611598772803635,447.4999137306586,931.2989501953125,731.0,520.0,36.247739031666676,97,85.01984843041636,250.7117683256927
3552205,-47.44688776847375,-23.463483299147608,435.5465678330511,616.6565551757812,557.0,342.0,12.079753790842913,99,28.012141648446832,360.52976258800334
3552304,-50.90030754530247,-20.666354120160076,603.7863263292238,364.87969970703125,317.0,106.0,7.350554004043464,133,12.569357300894067,47.704926552699455
3552403,-47.26495386165253,-22.843004748493946,150.10074111167341,596.8485107421875,560.0,74.0,7.461820517957086,33,38.141111576033644,289.57752574578984
3552502,-46.31064905425293,-23.61029629108298,200.61528493836522,787.0,738.0,150.0,10.685701518762396,43,10.274868306013772,360.2847144733873
3552551,-51.0783966819392,-20.474753795692376,330.3667445294559,363.40277099609375,326.0,77.0,6.326555828514249,72,20.583211019471005,20.583211019471005
3552601,-49.02797595665059,-20.930539336664815,342.88763228524476,519.5134887695312,467.0,104.0,8.22628372757036,74,55.93194021398112,223.6296549528152
3552700,-48.62958847504052,-21.71269019454795,370.7718354286626,527.6588134765625,420.0,173.0,10.37484604921924,85,33.43741330192577,268.76465598580205
3552809,-46.80366661413178,-23.621999973487224,0.5131111107766628,807.0,807.0,0.0,4.320988808232146,1,10.63697092326068,364.84166565977966
3552908,-51.34209554863762,-22.50431258198352,611.1764466250315,406.28887939453125,306.0,192.0,12.422568638283153,135,16.16381496469061,117.8099651844505
3553005,-49.39734331942223,-23.4745929510703,148.09213451482356,594.441162109375,497.0,221.0,23.070775829670897,34,31.464337707562272,338.17762629301967
3553104,-48.53252533317147,-21.133525016596476,114.81270684022456,565.5925903320312,534.0,62.0,7.907432119844236,27,43.99105652931484,229.4667136739984
3553203,-48.424986012843554,-21.13347578246758,128.5968879982829,612.3928833007812,555.0,124.0,9.698943721743477,28,36.85183692211909,219.23348259885148
3553302,-47.24009759328819,-21.60153998219558,560.833395652473,686.758056640625,550.0,314.0,20.062399347331578,124,13.53403071587343,161.03604646132644
3553401,-49.6458820277877,-20.52913614102175,728.8484844183549,498.91876220703125,428.0,140.0,9.623670800853088,160,51.6028467994105,148.2657649114223
3553500,-47.61530552523587,-24.005797897398857,748.006357238628,694.0484619140625,334.0,640.0,39.20734442911842,165,49.270026065762224,422.77502756532346
3553609,-46.74105917240263,-21.450682731836086,219.54674632754177,852.551025390625,739.0,349.0,20.96861677901623,49,11.597399134025913,126.95921565373804
3553658,-48.40008892028683,-21.070881825439024,52.939150341786444,621.3333129882812,602.0,52.0,8.747089876049406,12,29.698297724034507,214.1803554576096
3553708,-48.53550765542917,-21.425240834734932,605.1979295192286,561.88720703125,464.0,218.0,9.850126230665294,133,57.21618476727036,243.81422817711587
3553807,-49.2349648557145,-23.532651131473663,442.75263066682965,632.239990234375,577.0,215.0,9.461798151594515,100,32.32093411308494,355.2549192993423
3553856,-48.68536948837188,-23.943498833827213,237.17755223065615,674.7843017578125,625.0,124.0,9.062509105840133,51,34.40797295375611,426.463950532696
3553906,-51.626779749083326,-22.357226590731585,204.9788310583681,402.65216064453125,352.0,104.0,9.593933637872869,46,31.298197072696674,84.40594018992951
3553955,-50.60209491790635,-22.766393127124353,303.82058876845986,436.3571472167969,357.0,195.0,10.198406595646329,70,15.664236256789238,193.58126935316292
3554003,-47.86797899826037,-23.35937745115864,521.9940763199702,595.77392578125,520.0,155.0,11.17638072762212,115,32.031382900650954,363.9312274553763
3554102,-45.50215998120135,-23.086614849301718,610.5301116071641,699.0372924804688,540.0,816.0,25.58031729853198,134,15.668770599352687,307.44249740328826
3554201,-49.30926168601739,-23.343985078039417,289.31603024713695,674.0,576.0,230.0,16.13132702105378,63,16.48996051211233,337.4858838001098
3554300,-52.37278440279854,-22.418294404659097,1544.818003082648,358.33233642578125,249.0,215.0,14.443001427287692,337,20.81675547152585,29.0724087134299
3554409,-48.34592521215068,-20.777622942442036,225.1292764339596,530.4600219726562,473.0,117.0,9.82105544761737,50,7.541149051046177,198.7487305159037
3554508,-47.709806363123974,-23.045757306757647,401.1792149823159,521.989013671875,472.0,129.0,11.587310595722146,91,1.061662575509833,325.8181636824703
3554607,-49.612821150701016,-23.19341219971088,189.22251843474805,644.0681762695312,462.0,402.0,32.24828180898958,44,6.796725485917328,302.6791410524027
3554656,-48.210841087925054,-23.248415562807665,70.00522281136364,606.8235473632812,537.0,150.0,19.547132917522486,17,44.236632592533326,368.01529538849815
3554706,-48.164788652192,-22.441670648349252,312.81619683932513,764.1142578125,507.0,377.0,23.85561001669563,70,27.30858011902532,290.45028437093947
3554755,-48.34208744514959,-22.03121909523976,59.19678912591189,537.8333129882812,493.0,148.0,14.3753438317358,12,41.59509196723988,268.20421285554374
3554805,-45.60282004289499,-22.941843116197905,185.28928408864886,639.1904907226562,536.0,728.0,37.14999051774552,42,3.678144047193688,289.96358690437455
3554904,-50.871255966151075,-20.272241569295524,152.63126338273287,378.29412841796875,332.0,104.0,7.208665713516763,34,18.86950288072118,18.86950288072118
3554953,-46.6828737594529,-22.829235879555256,119.47813753597438,858.576904296875,790.0,212.0,24.965415666961157,26,69.0946895549661,276.35531240457874
3555000,-50.53459166734328,-21.946019289204205,621.7528581749648,450.4057922363281,372.0,147.0,11.035371730668777,138,96.24177126995282,152.9753661921621
3555109,-51.588795267364134,-21.3909294673399,239.84743690676987,360.29412841796875,299.0,116.0,9.193436638468727,51,29.113778699508515,29.113778699508515
3555208,-50.111107290301845,-20.94173791111826,162.80259539186954,418.1142883300781,370.0,100.0,9.937015208897886,35,20.338935645214626,125.93119160017656
3555307,-50.458155217567025,-20.082419652078787,150.5478397095576,447.77142333984375,395.0,95.0,8.308542975933044,35,26.593489562931673,56.06530597998304
3555356,-49.747863960689166,-21.218425133320377,207.80434880964458,414.5777893066406,361.0,91.0,7.25119656128801,45,8.14070506555801,174.3370154361978
3555406,-45.025481898672915,-23.378140637942433,693.6051552705467,456.79998779296875,3.0,1472.0,107.22573900750251,160,31.251000277936924,350.30295096613395
3555505,-49.667976027419726,-22.541287453676116,279.80059082992375,542.5737915039062,476.0,160.0,11.99916496798344,61,51.23056936376768,262.14696537753576
3555604,-49.15849906742868,-20.93503715213211,258.92064131237566,521.362060546875,463.0,118.0,8.862544815629777,58,61.03409007766793,211.25071047063454
3555703,-49.8854489432068,-20.887180895548543,73.28037611953914,456.3529357910156,422.0,60.0,10.615820182700894,17,37.01205710926736,141.79334429986517
3555802,-50.65440569328338,-20.210349329875196,202.57234947942197,425.8409118652344,363.0,114.0,8.08123194787547,44,30.582233275125656,37.44447021590772
3555901,-49.29537603689341,-21.765343398029366,146.5260512130335,453.3235168457031,376.0,136.0,10.588518257116363,34,12.194243853430828,248.8057618885663
3556008,-49.2627611424301,-21.205449626337952,329.34688743390143,454.3194580078125,394.0,114.0,8.905753894883402,72,37.12566713683536,215.01800639512692
3556107,-50.101363076516414,-20.419594515401123,152.42454902641475,464.4545593261719,411.0,109.0,8.701194100115032,33,56.71966637730638,99.52582107143819
3556206,-46.98257380612182,-22.977013029952225,146.40005205385387,756.6451416015625,655.0,262.0,22.52697923054784,31,39.80331859029492,297.1896568480292
3556305,-50.921907137617794,-21.20172828874507,868.7762539377436,385.764404296875,302.0,152.0,8.316312407757525,191,40.45540159182687,81.9788424589317
3556354,-46.41530447723439,-22.887026094360934,143.70214206166565,930.2903442382812,832.0,323.0,40.32974541295858,31,58.72993613386003,280.4712567123177
3556404,-46.90248361047372,-21.860479573121935,261.7202577823773,776.137939453125,617.0,505.0,23.860092139947565,58,29.01535271104764,174.97873870358342
3556453,-47.014356164509365,-23.621118721524972,42.810561537742615,905.5454711914062,869.0,53.0,12.291816339991072,11,20.74117177389346,367.9041585177067
3556503,-46.82507799953072,-23.216317548478333,32.6096618315205,774.2222290039062,727.0,83.0,17.109471924726897,9,24.730837013909643,320.7390286107055
3556602,-49.82716580047024,-22.233320836598256,239.02664582431316,544.5576782226562,440.0,219.0,22.44539731103688,52,75.58002216641184,232.19708371424042
3556701,-46.977973482329176,-23.047272106047167,80.64835633058101,732.11767578125,657.0,188.0,19.193844604311185,17,35.413225743207875,304.74457685615437
3556800,-48.31105486967233,-20.883342586865087,205.92215064913034,549.1521606445312,500.0,103.0,8.725955075211749,46,8.993966292249644,198.459356664336
3556909,-48.64884619424589,-21.176309415934224,91.17634606175125,574.0526123046875,529.0,73.0,7.765527678583013,19,56.14767500222999,242.37358392839008
3556958,-50.487103027999986,-20.196079148175965,46.92641754262149,478.79998779296875,454.0,43.0,6.0918928284192315,10,36.14475976479329,53.970443083462364
3557006,-47.40698824979876,-23.576785491100154,182.24541170243174,750.1190185546875,601.0,380.0,24.856023795881523,42,34.22477622079556,371.4634290829383
3557105,-49.989160408104944,-20.46004685045372,426.5737836044282,469.05682373046875,396.0,138.0,9.043478188254452,88,59.55693298261169,112.03096039893335
3557154,-50.04911164395399,-21.125090057932333,318.42669251095504,390.028564453125,350.0,107.0,7.367531322709507,70,7.646513528713111,143.88137715042672
3557204,-49.727156926610654,-23.04967785169286,180.2361079417169,491.29730224609375,421.0,130.0,12.551338368641574,37,5.263725101232161,284.36749605393044
3557303,-46.94241127502662,-22.23452432839645,75.28545359894633,654.3529663085938,618.0,86.0,8.939938856510908,17,68.66058073624201,216.04292381744727
4100103,-50.30879453299916,-23.30642471281616,237.81062064506114,554.79248046875,418.0,253.0,14.675568686376273,53,39.12190658789661,252.87101721012712
4100202,-48.820314273927394,-24.78445741060104,1330.701620798558,571.2244873046875,117.0,904.0,64.29120702227637,294,10.659857150848842,468.8077328208483
4100301,-49.31229723330803,-26.027322202499686,196.07077104691416,891.723388671875,816.0,191.0,17.41343819193079,47,117.29716872606495,520.7624327136762
4100400,-49.32447742113887,-25.29699250649396,188.61125400010496,1009.2142944335938,903.0,187.0,13.424892255764151,42,43.437547273169606,469.6218000742318
4100459,-52.69161951750049,-24.813728128474054,392.2371216248721,456.5666809082031,334.0,272.0,18.770940749183783,90,123.75053155492579,164.168651480653
4100509,-53.94993515853597,-23.903362441323416,657.7831229129806,285.1805419921875,223.0,163.0,9.867006827912146,144,7.461280663828681,7.461280663828681
4100608,-52.32426099115944,-23.074286220028643,414.28706680238247,449.29998779296875,363.0,164.0,11.566890612356739,90,33.59039992637149,92.79459021488721
4100707,-53.401950230676825,-24.098820738472064,445.0019623488188,372.57574462890625,291.0,142.0,11.4097976778539,99,64.78478119177683,64.78478119177683
4100806,-51.255200192081205,-22.811883421369885,425.3978581428528,386.7978820800781,321.0,204.0,14.813624469951932,94,10.936041206434972,142.27272010596633
4100905,-52.83360070409791,-23.128544718087486,376.1158873112872,350.7926940917969,253.0,196.0,13.779757727073047,82,8.491892562195986,58.27897003441302
4101002,-53.480922397041844,-25.917307635784383,296.47982936073095,503.7536315917969,305.0,464.0,20.119899472351985,69,111.43598617058456,111.43598617058456
4101051,-53.141905962299404,-24.644855478997826,106.31471167039126,433.65216064453125,317.0,228.0,21.70988164586333,23,116.71023948121889,116.71023948121889
4101101,-50.271377314328184,-23.01589003499781,231.1922586299479,421.17999267578125,358.0,133.0,10.206446938445861,50,7.238805898866161,237.0635020678893
4101150,-51.91742235821366,-23.190454650736598,102.54138566367328,458.68182373046875,378.0,142.0,13.426366018274138,22,54.95761731840608,126.22787482969443
4101200,-48.72076070011462,-25.304666128377953,916.69036084041,295.736572265625,0.0,1504.0,54.83107827064099,205,67.63385629891714,513.0429308929082
4101309,-50.12995447822237,-25.956861575827222,464.3760133208707,829.7884521484375,764.0,169.0,12.904890361804433,104,102.83963167089794,439.2719166110339
4101408,-51.443526578675474,-23.570381429046755,564.6592823630199,686.5555419921875,496.0,352.0,19.59448766695622,126,49.29301919629555,187.51938847118402
4101507,-51.427491956205586,-23.438455314719715,375.94286174234,704.9642944335938,583.0,226.0,15.912085383209941,84,62.70742333579685,176.77571179885223
4101606,-49.97607888319329,-24.09143653599949,1355.6099637998268,755.2052001953125,531.0,500.0,20.79694433949336,307,102.68285830983636,331.1646933221288
4101655,-51.81762192794624,-24.34635082470144,215.5419007157907,621.313720703125,426.0,343.0,21.038456134584212,51,34.23476163520542,225.6336579609475
4101705,-52.57530634896592,-23.954223289751795,499.3487240485847,548.861083984375,442.0,182.0,11.303298715732778,108,49.877019043950426,137.7572913201822
4101804,-49.440695712165606,-25.60703124048903,474.4583968343213,907.8598022460938,867.0,87.0,7.522937886538583,107,69.1065296617188,487.43649186474
4101853,-51.53539714483848,-24.37931417439469,240.72048506792635,575.4629516601562,428.0,334.0,22.838573490218845,54,6.655527751905118,248.59664440816832
4101903,-50.876069299961515,-23.40796293027206,429.16087469737977,517.2842407226562,381.0,262.0,16.638485609921602,95,51.4629459042889,213.2027529279242
4102000,-53.58414406745969,-24.42418012729642,979.3020319556817,380.213623046875,257.0,290.0,11.243622067546681,220,67.52183937123803,67.52183937123803
4102109,-51.69949313222429,-23.250428255786623,433.4018402993679,553.9042358398438,407.0,280.0,16.951277897244736,94,61.37377916701687,143.68281298742423
4102208,-52.06599653155546,-23.12941344822731,145.23347218893468,452.3870849609375,354.0,178.0,14.760936132222218,31,49.1961259785857,113.18476509674562
4102307,-49.68725674767492,-25.52255438709053,338.0405765334144,972.239990234375,879.0,283.0,17.517075918020883,75,51.99860593223853,464.9440341773994
4102406,-50.34675633487021,-23.159090368936557,454.795922704041,453.89215087890625,360.0,239.0,12.89962332612877,102,23.257527658218727,241.30856842585638
4102505,-52.04460938993697,-24.087441022534332,519.1324078217149,437.3109130859375,326.0,356.0,19.842791949692824,119,24.09406634587249,191.05575686288387
4102604,-53.52932422845877,-26.246755319037028,156.62241976428777,675.7222290039062,557.0,308.0,27.866278550892968,36,92.64396016671648,110.92949602581643
4102703,-50.161333301307685,-23.10561130595036,117.8263868978247,474.0769348144531,387.0,164.0,15.65622422987008,26,17.964259683681973,251.97289590342874
4102752,-53.63104865969138,-25.88287341875434,144.4472561739385,450.1212158203125,330.0,206.0,23.558254715414474,33,96.20033914949805,96.20033914949805
4102802,-51.23814193075593,-23.005760448644185,246.974311131984,488.0169372558594,363.0,255.0,17.90175318523801,59,29.440095424515764,156.41717883697697
4102901,-51.52844647257415,-26.168832912668957,1197.4490198083222,977.3186645507812,667.0,557.0,28.828447974683005,273,87.02549816910025,308.1242082830574
4103008,-52.75002030116161,-24.256802280877373,303.55345386918634,585.9091186523438,506.0,187.0,12.219500799242095,66,86.91966455674041,133.14260546167583
4103024,-53.224091231455255,-25.641195629191692,151.13813599478453,438.0294189453125,342.0,220.0,18.178014659438258,34,132.4216109510096,132.4216109510096
4103040,-51.56937287533845,-24.858723414210186,617.0324696749449,889.2919921875,496.0,606.0,21.456881730694956,137,22.230714165332564,267.0411553174338
4103057,-53.42115258773823,-25.428718977110734,267.81969251390547,416.7868957519531,314.0,243.0,21.996910560964075,61,105.74756076072327,105.74756076072327
4103107,-48.93591650994523,-25.11506609646923,832.7806766293943,883.3121948242188,251.0,1008.0,25.415945449179315,189,44.69767570173574,483.31713985540154
4103156,-53.55381327664195,-26.16350560514896,176.0727886715904,561.4000244140625,453.0,255.0,21.04467512432915,40,102.13888820239683,107.91705236442733
4103206,-51.82754498772638,-23.712098584480803,323.8003769554198,478.27777099609375,351.0,308.0,16.11913402783104,72,17.402272200561473,175.8132253874087
4103222,-52.838664009184896,-26.08586747656381,189.28568372223526,630.1777954101562,500.0,244.0,19.5626137700484,45,111.70532474864854,177.31783361781663
4103305,-51.59383198345866,-23.938085819385737,329.2418764606118,470.7162170410156,353.0,266.0,17.836263114220944,74,8.47908884499945,209.98868383704672
4103354,-53.08849956281691,-24.800330467730493,338.57322046905756,546.0130004882812,359.0,351.0,21.467888272741245,77,126.09764565151174,126.09764565151174
4103370,-53.54233918222088,-24.16475779313337,291.1784213120118,324.18182373046875,278.0,108.0,10.092534677984897,66,53.81828433625365,53.81828433625365
4103404,-51.712175682237024,-22.81299297684994,181.75115682929754,419.52630615234375,325.0,193.0,11.28079479051121,38,16.678702518139435,106.05170769252643
4103453,-53.36676475845421,-24.691780680153265,277.27313665114343,570.3485107421875,466.0,187.0,14.215768217275407,66,96.87127483089847,96.87127483089847
4103479,-53.5605623836532,-23.941259056251667,325.2746381042525,327.84722900390625,263.0,144.0,11.734169203020006,72,46.23267795013103,46.23267795013103
4103503,-51.33406615277112,-23.67004121127906,138.24377695657313,691.0,540.0,257.0,21.56313032199406,30,48.0454153910502,202.90301253477463
4103602,-50.08257442510043,-22.99411393026188,365.5402786079794,434.5249938964844,375.0,130.0,10.520417398789736,80,6.896167783192537,250.9240025660501
4103701,-51.28386082456435,-23.17813059103037,496.82698410283774,525.9259033203125,386.0,289.0,13.270699574785729,108,48.78082573729136,165.48742621960642
4103800,-51.566983097065325,-23.628698530040257,158.70505002699792,663.7647094726562,545.0,238.0,19.71208766884234,34,37.5663180978331,186.04536198551926
4103909,-52.78756587656847,-24.61740940301393,804.1268677255139,487.22344970703125,330.0,313.0,19.08685209464112,179,118.65789059832413,144.53329913608405
4103958,-51.78163569109759,-25.130570338965153,447.3595973690972,1026.6734619140625,855.0,328.0,14.626738296848117,98,58.79270209288528,260.25764959717964
4104006,-48.85047188324724,-25.18936391378567,522.6297676200047,828.8632202148438,505.0,813.0,31.20676842453911,117,55.10993740881326,495.05540330568016
4104055,-53.01404946474376,-24.934119106770503,435.6039982046932,622.3571166992188,361.0,463.0,19.047656252313914,98,136.29993547126807,136.29993547126807
4104105,-49.65826713218224,-25.97702648781341,301.89642804674804,830.058837890625,782.0,118.0,8.847798571431996,68,101.76474933142312,485.92653034715806
4104204,-49.61883084725933,-25.292896722002602,1249.5379409436136,842.1428833007812,512.0,622.0,24.226575319364137,280,31.555203229393676,449.72275739936424
4104253,-49.46195987342352,-25.289278630642855,272.998262940906,861.3230590820312,620.0,404.0,19.39989531085223,65,35.74542989460233,459.7266391310391
4104303,-52.38035826529921,-24.10404769366101,760.1701987460256,612.0059814453125,407.0,332.0,11.85057823826443,167,50.633339855509824,163.25450676770964
4104402,-51.25160089920769,-24.64781672412312,1512.1433796202764,683.8357543945312,443.0,593.0,36.49228369479806,341,16.180858946617246,289.6346482484504
4104428,-52.016691317373756,-25.52127502280495,1498.7106641689315,808.0760498046875,493.0,517.0,16.754279654235734,342,85.98205417500259,245.60886877444906
4104451,-52.12945321593366,-25.288671237241623,578.6869428968057,822.7862548828125,586.0,445.0,21.132328092535783,131,95.9164985734,231.7675233036498
4104501,-53.76830391835545,-25.611047314054375,420.261729802005,294.72222900390625,229.0,159.0,12.499183589437072,90,81.96781386316233,81.96781386316233
4104600,-53.5914724330204,-25.470382957167832,283.3507856121287,332.8254089355469,256.0,155.0,15.31735619694586,63,91.18100584560548,91.18100584560548
4104659,-50.15036744728738,-24.89407496277727,650.7502523241565,980.1597290039062,778.0,412.0,20.514214453422824,144,38.212443550264105,382.24868830615264
4104709,-49.71464623962529,-23.459892554750127,453.64514851756394,535.9293212890625,469.0,205.0,13.181905872119355,99,36.57888835979548,311.6927419701815
4104808,-53.37879307885902,-25.026622565053405,2103.733571386896,663.8755493164062,375.0,465.0,15.852963515315174,466,104.21504463148234,104.21504463148234
4104907,-49.8402738043697,-24.80033806679761,2507.357320948504,960.960693359375,482.0,756.0,16.56391674277058,560,26.45884594439516,394.7912424023148
4105003,-53.15504078336671,-25.242104854476132,573.7659692456946,649.590576171875,431.0,423.0,23.6136466070506,127,128.48729956240467,128.48729956240467
4105102,-51.56059860645692,-22.806488659142573,377.49699102248996,423.2987060546875,292.0,243.0,13.840665339951013,77,13.505770822625934,117.09458591505215
4105201,-49.27958796968154,-24.87689888933381,1353.1901920549572,649.7161865234375,254.0,795.0,35.6784065235131,303,8.952306552462346,440.47352391286046
4105300,-53.762238390850136,-25.241786916569872,1173.276236466132,498.23773193359375,241.0,490.0,17.563984280935326,265,67.71709206922354,67.71709206922354
4105409,-52.4525667063198,-25.81069942246309,991.8118874607608,681.3928833007812,499.0,384.0,19.804583443812117,224,135.02212555144953,210.96116306160772
4105508,-52.62742033868327,-23.727894930634022,797.9176234677434,483.4444580078125,321.0,274.0,12.76846153352012,180,33.76140024798479,121.48736534412596
4105607,-52.959524908282276,-23.38449137943892,398.8533394327387,355.8690490722656,249.0,214.0,16.08472840344361,84,21.298133153038137,75.98814512795745
4105706,-52.35600657022245,-26.344941678579932,703.4764577839524,880.783935546875,613.0,418.0,14.61653742300435,162,96.75261504127678,228.33394235202258
4105805,-49.18968088036747,-25.30459895011566,194.29065983742476,973.6097412109375,898.0,220.0,13.596843515831276,41,49.3052439201267,479.50715170671464
4105904,-51.97077894909432,-22.83733285551995,403.5999009171501,386.75823974609375,290.0,196.0,13.738538705022941,91,26.98945001342122,90.4398942660571
4106001,-50.504722970969276,-23.608182453980557,530.5128118256107,698.8728637695312,486.0,521.0,30.45855182079544,118,73.11057494379635,256.14838668089715
4106100,-50.129251879063375,-23.597568715368183,198.86340736597776,502.24444580078125,452.0,109.0,9.29716383541321,45,64.81448814541642,285.6003850473637
4106209,-49.5253364376114,-25.721938092376206,302.48965630773455,901.640625,837.0,131.0,10.304433272858347,64,78.16468174542642,491.36249063847197
4106308,-53.23661816841519,-24.737818463057472,534.948285647668,552.26611328125,324.0,378.0,15.817236832559944,124,110.40669233685594,110.40669233685594
4106407,-50.62224116289147,-23.2271286010888,637.7516758227721,515.71630859375,387.0,286.0,17.304683711287076,141,32.291541064769596,221.33034453944995
4106456,-51.92464817238016,-26.184399214088565,1575.128777959384,992.6353149414062,628.0,603.0,28.756644107810207,351,110.88975335957026,269.0786691479173
4106506,-52.56402379616876,-25.991636412056074,671.5430558845401,692.76318359375,463.0,541.0,23.366191430046175,152,128.94143205328717,203.478435140464
4106555,-52.140979156879915,-24.119947312374727,156.58046198356897,566.5294189453125,436.0,245.0,23.554459084571747,34,33.292940653709664,184.93652629623577
4106571,-53.126465958022436,-25.597220126433005,159.7887948397547,428.16217041015625,336.0,239.0,20.90010367209249,37,139.65631269514407,139.65631269514407
4106605,-53.0842140744921,-23.75609637665722,776.9766372591257,403.63006591796875,340.0,158.0,11.69885102801322,173,62.92382617757819,82.76946665945731
4106704,-52.16078997121334,-22.988850484457082,255.37190122436732,419.4285583496094,336.0,156.0,12.919693084787022,56,38.56413804881241,94.99492236642637
4106803,-51.22888279195247,-25.921775009745037,1473.8584614042193,987.4024047851562,731.0,503.0,23.757920720338596,333,52.130085582658694,331.4019316818097
4106852,-51.475972308456086,-24.016227943576233,315.4107542205602,573.013671875,390.0,364.0,24.055373228465125,73,12.069975205867122,224.61943298797235
4106902,-49.28725873191674,-25.477179068513003,428.09033163357526,919.3125,874.0,117.0,6.811930507438802,96,62.663843630712876,486.6082656080871
4107009,-50.46504416540104,-24.01288779118189,573.6729459185153,711.7131958007812,556.0,342.0,18.71029105006025,129,103.62611554245134,289.0344924505896
4107108,-52.8918232379713,-22.635172411379575,241.1042875694111,311.98114013671875,241.0,153.0,14.467468501543319,53,6.533537856010488,17.112481553567
4107124,-52.70281081198191,-24.98751122372123,341.01835435442626,565.2055053710938,403.0,430.0,21.127559200238846,73,129.68035905760033,168.14362332955585
4107157,-54.100454091646334,-24.954367200899938,308.46133732702583,363.76055908203125,231.0,281.0,24.473087410807278,71,34.356198073302636,34.356198073302636
4107207,-53.07538346499619,-25.75058109465925,419.74094501230866,535.45361328125,394.0,269.0,17.836169230596767,97,147.44318940090713,150.9141737647757
4107256,-53.289272432984724,-23.347642688989257,422.54204554110765,322.1075134277344,243.0,175.0,11.746409191751674,93,16.712308193821436,43.56289696575435
4107306,-52.21619092249438,-23.559779859715746,121.64814965706319,343.77777099609375,282.0,132.0,11.87138813750978,27,5.88767138463081,135.49585389142538
4107405,-53.15480879420903,-25.90765150433386,192.18756562564522,622.5581665039062,463.0,327.0,22.732751948080686,43,130.5208735473414,143.9458349166985
4107504,-52.26846377432248,-23.758178381442832,474.0608697216958,390.5865478515625,281.0,282.0,14.850503808995562,104,14.501887145864263,148.45437256589997
4107520,-53.79593868111164,-23.71379699494907,137.25912400800735,324.4375,261.0,157.0,15.932416319646716,32,16.625053023496847,16.625053023496847
4107538,-54.22436789655899,-24.71338921084593,115.76473597530276,249.7142791748047,219.0,86.0,7.477737507309426,28,13.661028656942182,13.661028656942182
4107546,-52.787570904188506,-25.3529939157837,321.7653205441311,646.3142700195312,512.0,297.0,20.11973311642123,70,154.79340803792078,166.45934318076831
4107553,-52.630709328827976,-24.122467138464074,297.6487117866054,566.567138671875,458.0,221.0,11.590077381053208,67,67.8043445536765,142.22572888415243
4107603,-51.285271053264864,-24.004458427921705,708.445543428883,746.5974731445312,423.0,729.0,34.66007843713917,159,29.32117982893552,236.31378977838375
4107652,-49.29935162567435,-25.677592056151727,110.28214562404901,902.6923217773438,869.0,69.0,6.28457990474476,26,81.42094649459455,502.3327987450944
4107702,-52.03543872187963,-23.904346384556227,251.08802245371044,366.6111145019531,314.0,170.0,11.393515481419131,54,9.872505907910696,175.95632113303117
4107736,-50.510897185537196,-25.516075530241977,400.6869735028595,856.6774291992188,801.0,156.0,11.449491847068769,93,47.662806179584216,392.5266285777734
4107751,-50.431190598625754,-23.877967647594783,127.01361043006182,611.137939453125,527.0,235.0,15.199377919704817,29,102.94105817537591,281.27250842649147
4107801,-52.34735262273756,-23.334034491297672,190.35854429285973,402.8571472167969,296.0,224.0,11.897741412013414,42,13.434869011244018,108.59328118794791
4107850,-53.29376370189956,-26.23752353771854,249.42430474236608,732.559326171875,530.0,369.0,24.659323762188503,59,92.57671039967074,134.3973586872438
4107900,-52.08872921349987,-23.605696223369453,153.85007195547223,362.0,292.0,124.0,10.842536824676538,33,7.335198272378601,148.25612900834975
4108007,-51.40169573496157,-22.891140962792782,240.4584786100313,455.7962951660156,344.0,207.0,16.087326396894646,54,24.695164995405904,135.50271109824433
4108106,-51.9558249923612,-23.106379318301578,81.33214611466974,426.1764831542969,358.0,121.0,13.032312782602103,17,55.178125461962104,116.22829492138466
4108205,-53.33293896759237,-24.29424174024932,273.13130901474506,346.3442687988281,280.0,183.0,14.917309266472053,61,79.12279374804922,79.12279374804922
4108304,-54.48448575598618,-25.463775321438973,601.7997343288735,221.05184936523438,124.0,182.0,7.745742975243401,135,12.420340927614673,12.420340927614673
4108320,-53.87390247932614,-24.09240125525965,312.10243123210967,287.191162109375,232.0,137.0,10.396520286347307,68,20.767094330827305,20.767094330827305
4108403,-53.130394682348744,-26.048089965371055,736.2015667790547,658.3154907226562,507.0,361.0,18.252466760982667,168,114.98491543919161,147.9038939957892
4108452,-52.08846306522132,-25.697881802063403,225.0133810332045,774.5192260742188,529.0,392.0,21.364526104840913,52,96.57407601246572,242.30210780808935
4108502,-51.39206867684673,-26.470288867790543,1085.613021420315,1098.7408447265625,823.0,513.0,21.97728052556905,247,113.6980067223331,324.9642531591798
4108551,-51.90564363208806,-24.15966508702189,136.2841133074835,410.3999938964844,349.0,139.0,15.576881773382318,30,26.444209933672536,205.95742391488423
4108601,-53.051586890143476,-24.17268274787962,564.4196486845613,437.78570556640625,283.0,232.0,10.682954062341993,126,98.7162241849609,101.24346614194711
4108650,-51.995065677272244,-25.12978421862817,713.3821347123012,897.10693359375,671.0,431.0,20.324313921175087,159,74.39191494525812,240.99041395511762
4108700,-51.449550558987546,-24.18821319827734,319.2494572876021,530.3380126953125,413.0,306.0,29.11743142431299,71,6.621000928817984,239.3477219422985
4108809,-54.232204049473395,-24.190816046780593,558.0198744796216,267.8479919433594,214.0,136.0,7.777216633120189,125,8.94138229865184,8.94138229865184
4108908,-52.7407988433393,-22.923309479115783,486.479961194098,432.03668212890625,327.0,176.0,15.036242013535006,109,33.09983687756598,48.7050214950733
4108957,-50.83937902606956,-25.169378800223743,238.3608296168968,808.7884521484375,600.0,429.0,27.42310482167384,52,10.875582803417528,347.54465881876393
4109005,-50.07669384446827,-23.465028120309196,193.65337847638875,482.26190185546875,444.0,77.0,7.9731219181695785,42,49.24358461972996,282.05393367560436
4109104,-52.8261470071926,-23.326202883448403,200.71304075978696,315.3043518066406,254.0,157.0,11.790763404347976,46,10.01225116466928,77.36261184929415
4109203,-51.67808720445247,-22.956809764693944,210.5479917069897,495.6222229003906,415.0,159.0,12.2846354331627,45,32.41441243913369,119.8555213713977
4109302,-52.86297417772004,-25.055887356297557,1222.2723229154944,636.9525756835938,327.0,601.0,23.97435055028053,274,147.36688760696023,154.55439110529014
4109401,-51.489381642878044,-25.371802745148663,3127.2538938773796,1072.648681640625,725.0,578.0,17.42965976952875,706,33.966392196000264,296.49908292865257
4109500,-48.36689316637474,-25.233475903731474,2015.0099501814693,214.63796997070312,0.0,1235.0,44.27362934970229,453,68.29222570730445,534.6687908656878
4109609,-48.767413521406276,-25.81874783242508,1333.7779935235158,319.4696044921875,0.0,1293.0,63.82095339365909,296,119.802413205339,548.939441442112
4109658,-52.37371613294427,-26.165275806027296,486.5519964406267,856.9532470703125,577.0,440.0,17.054796543087505,107,116.41959525258235,224.43467301099153
4109708,-50.28713730898555,-23.778120519503933,905.0646335342899,607.6231079101562,498.0,409.0,14.71365577315035,199,89.73379585080266,285.0148036621142
4109757,-53.02329764750645,-25.15276543582179,149.67446706723422,762.8485107421875,576.0,297.0,22.806077473804166,33,141.44382113604507,141.44382113604507
4109807,-51.0369543662771,-23.233934870229998,307.38329838588834,434.6029357910156,334.0,236.0,13.768161947150851,68,41.07041484819952,188.30258700935454
4109906,-53.58668182283873,-23.37261485776266,662.7656023362651,314.0680236816406,231.0,182.0,12.245684634114857,147,13.41646562169158,16.478518537565247
4110003,-51.847918778086125,-23.226817132575945,160.05506556481123,509.9117736816406,386.0,213.0,15.159116873278727,34,55.21871052419321,133.29400216778518
4110052,-53.08661658639725,-24.687892638346913,102.23868493922055,441.6666564941406,359.0,221.0,18.830748522593925,21,124.02925138747881,124.02925138747881
4110078,-50.73903990882866,-24.43929773791976,326.0814155675471,807.9154663085938,715.0,253.0,17.906464416882898,71,58.78140857515029,306.76343964291004
4110102,-50.656136153236126,-25.22359284004573,762.4874510318041,859.46240234375,803.0,135.0,11.476165905573417,173,28.866090745812777,366.75920781714865
4110201,-51.19703272586192,-25.63554414531585,936.5592428846285,1133.5,878.0,465.0,24.38342281420164,212,20.345976538184914,328.6003892474942
4110300,-52.22462121806356,-22.719364063026624,191.96540836524218,327.0,260.0,160.0,14.370332071948548,42,8.36996985732372,65.4788692888039
4110409,-52.67342568502624,-23.487399081597914,124.96712837554514,408.6428527832031,330.0,132.0,14.225925673097095,28,23.60551792509257,100.45745065428389
4110508,-50.588253577625956,-24.9908035137249,900.5189471421763,862.260009765625,780.0,213.0,13.707872146148821,200,36.84574801918295,362.75999943974193
4110607,-53.72082016280906,-24.044233354966583,650.4673854447901,305.14788818359375,236.0,139.0,11.171718101083599,142,32.03073134598165,32.03073134598165
4110656,-53.35401111817225,-24.438075803663658,73.91864013578743,445.23529052734375,364.0,144.0,20.669043298963906,17,85.75360625548937,85.75360625548937
4110706,-50.82465924215963,-25.488192783813783,1000.8328516623005,867.30224609375,771.0,433.0,17.005824774770677,225,21.644483895704475,363.04808214259475
4110805,-52.11341834789559,-24.352502240575966,569.7686633793637,530.734375,373.0,449.0,18.57046939157075,128,53.137006919271776,198.2649007520304
4110904,-51.96630334005469,-22.661800115173122,197.2634177627042,337.30950927734375,269.0,150.0,11.697770502549268,42,10.989823251470872,75.92271995812806
4110953,-54.35846528561185,-25.1579036157861,327.292671661824,241.69862365722656,215.0,110.0,6.39869131880008,73,6.975394061570628,6.975394061570628
4111001,-50.41347750648014,-22.98039458026306,194.80146903637797,400.48779296875,354.0,112.0,10.905933662556935,41,4.020675432866365,223.43390436698206
4111100,-52.00961121554272,-23.704127680831384,243.05650372151285,352.8653869628906,295.0,135.0,10.589409713366873,52,4.144064913853887,161.5724166136084
4111209,-52.822457239331726,-25.98714137060491,250.7920569041744,550.5789184570312,467.0,263.0,15.76529552700785,57,122.74312614599442,177.68797065749837
4111258,-49.48975399804719,-25.12525260317971,323.5589552829042,724.9865112304688,450.0,656.0,26.44895016943804,74,18.857940302593907,444.67490255645697
4111308,-52.898112714458556,-22.729106848504465,129.03756706416607,376.9677429199219,286.0,149.0,16.358136106330782,31,16.324929344212013,23.565600239899386
4111407,-50.86098954017893,-24.98571888388759,612.3692905828357,770.191162109375,520.0,510.0,30.053214268116985,136,11.026188145715345,338.58443309265004
4111506,-51.62952572504783,-24.281863223346523,439.96649321727455,647.1875,459.0,338.0,18.886623565356885,96,14.168771763950785,234.2822133446823
4111555,-53.42351297198264,-23.3523384210003,420.8669788688421,321.346923828125,234.0,210.0,12.729682745056879,98,15.938818516064844,30.601130221105272
4111605,-52.17740072233091,-23.597181484261775,94.7163678118959,347.45001220703125,291.0,104.0,10.162989203620713,20,3.7488376343408403,141.2011236395928
4111704,-50.0779441618517,-23.72185188661302,126.23516607563943,532.0740966796875,473.0,133.0,12.238570305449668,27,75.90461535047808,297.7756177383265
4111803,-49.947860198381015,-23.14864665161309,608.4966707825661,511.7970886230469,405.0,411.0,21.657614747532943,138,12.136686434794347,272.00749249300816
4111902,-51.55636545728679,-23.065651087465024,471.04393741395324,536.3523559570312,410.0,230.0,15.532816147192463,105,42.10104200582096,137.10475279324086
4112009,-49.704611854496,-24.331316612200002,1448.4188314480707,982.6738891601562,654.0,592.0,24.898092500297675,322,65.23091119715696,369.00143920564204
4112108,-51.68565413020878,-23.626404744489413,193.55148170795292,610.4545288085938,430.0,333.0,22.238211306690598,44,34.04341527015992,179.74830030904977
4112207,-52.81220389393468,-24.127224797186383,332.97646244987845,508.53521728515625,400.0,195.0,10.818431243996585,71,79.25608305359144,124.09558285845793
4112306,-50.16344400685219,-23.730530254002204,191.8154114857316,599.8571166992188,502.0,225.0,15.87719704037482,42,79.74040277682927,291.4560126469477
4112405,-52.54109405710204,-23.440998992363024,164.35990303568542,346.4117736816406,274.0,179.0,17.13580105065901,34,9.209626895275452,103.81102922206706
4112504,-51.77114116991364,-24.2070123461424,411.7450618883595,548.3804321289062,379.0,290.0,21.180740021686915,92,21.960042936959244,218.6514573092409
4112603,-52.07731698710807,-22.57283806539894,129.09936701040715,303.93548583984375,262.0,120.0,13.045499984290325,31,5.7205288015465365,60.9694134339983
4112702,-50.92517657523001,-23.251694431669833,159.14480321854353,412.6571350097656,331.0,143.0,15.246019755526403,35,36.69935739639846,198.24993333234747
4112751,-53.410842946402774,-24.413147544854322,240.86515946127474,416.73077392578125,302.0,245.0,19.307218271940005,52,79.52208290757261,79.52208290757261
4112801,-49.909370767046845,-23.457591214602385,296.1972138285637,588.4179077148438,489.0,241.0,17.583585564420112,67,42.143762204670104,296.16144810788273
4112900,-50.231560435725854,-23.474736419026623,320.1025683088228,534.4444580078125,442.0,263.0,15.430169324351644,72,58.00885033202078,269.4323261377177
4112959,-52.83365930766465,-24.39668076138487,353.6750533878803,514.9146118164062,394.0,265.0,14.227436801523705,82,104.38605096780528,129.91466044783178
4113007,-52.448432915427965,-23.63626245220135,211.39628303516656,376.3404235839844,290.0,206.0,11.557933964513868,47,13.613876316229222,126.71591439208568
4113106,-51.68918771727968,-23.85835311675823,183.5974125592038,440.8809509277344,351.0,232.0,19.427815032887082,42,9.429091859747604,196.94799339914687
4113205,-49.870617586292724,-25.769003958256214,2106.220821729861,860.5052490234375,768.0,234.0,12.582852673682984,479,77.54319472693487,461.81957209522596
4113254,-52.49048842092812,-24.900118884770798,548.4591028988361,569.1935424804688,411.0,322.0,20.37908338412911,124,106.35959859248955,186.26034951319886
4113304,-52.38122946407523,-25.347585561610263,665.8200426185504,804.6842041015625,627.0,418.0,19.887023972365366,152,119.8036218100297,206.97857888623747
4113403,-50.71035920448321,-23.02603408559484,341.31790181808174,400.4800109863281,332.0,210.0,13.10685221924689,75,8.43131602863901,201.957002557707
4113429,-51.63680163798422,-24.088065855569713,143.62252454459667,489.3333435058594,373.0,217.0,18.330955566580123,30,5.118898214743917,218.15567136432875
4113452,-53.556507816139685,-25.259687636024378,352.1356186848134,506.5542297363281,347.0,329.0,21.895311476890853,83,88.48811243121312,88.48811243121312
4113502,-53.07210134159062,-22.948803694034552,719.9033245081082,398.1677551269531,316.0,193.0,13.994544282717646,155,21.316248581845755,29.0066727330931
4113601,-51.98361146854687,-22.9852188620076,235.8865522472188,398.2115478515625,325.0,191.0,13.541803753796767,52,42.86948916851977,103.3348290008848
4113700,-51.11000907071638,-23.515013587262924,1648.5445743612945,564.5411987304688,384.0,429.0,16.468002265184758,364,71.17293828757967,204.3025413151072
4113734,-52.330543391837665,-24.347360320305626,905.4167925259098,691.594970703125,461.0,373.0,17.207868596764047,200,64.72114649294114,176.74630500156516
4113759,-51.76757630141596,-24.07824576408727,200.9407604476437,471.06817626953125,373.0,198.0,19.769708248725575,44,12.720305711128558,208.2879610601225
4113809,-51.66564312934543,-22.730036459158143,122.98453763965517,368.3636474609375,289.0,144.0,12.577149135705007,33,7.666120570465379,103.43842856284869
4113908,-50.85605055484922,-25.88296692773031,758.6075153863057,924.72412109375,768.0,446.0,23.370193322070424,174,56.578153487441526,366.7348281289422
4114005,-52.58782698360406,-24.36252812338344,772.1703419201076,649.2339477539062,473.0,336.0,12.806796065852433,171,85.24071980280517,152.1008307880471
4114104,-52.05457669459846,-23.27779536121727,287.6424718461931,489.421875,369.0,225.0,12.995208289488104,64,39.42577587899343,128.2994634689783
4114203,-51.704022437291044,-23.47915375045563,335.80757664423436,576.118408203125,411.0,357.0,18.900307462786476,76,43.83126239779854,164.70892012946754
4114302,-49.322656682032665,-25.841634671241096,380.6816225219518,914.1976928710938,813.0,306.0,14.610647392167492,86,97.40987491243396,514.731654970251
4114351,-53.342932220324826,-26.096518906395477,223.79859158489853,654.0392456054688,463.0,374.0,28.06456476084686,51,107.8943235242563,127.4475324698625
4114401,-52.20943540543987,-26.031956051578735,1075.4227061644197,884.6776733398438,519.0,550.0,19.516589972424022,242,122.55302157987057,239.1336710146729
4114500,-51.638833095643555,-24.48926621148037,573.3488215366378,739.5360107421875,449.0,465.0,24.467776225666654,125,16.931804035809332,248.34250086740568
4114609,-54.13604081117364,-24.572150541821536,749.6843037996441,314.98773193359375,215.0,222.0,13.58297388530051,163,18.909811115699686,18.909811115699686
4114708,-53.221411211870986,-23.582442979965812,482.3549852017313,360.3644714355469,284.0,156.0,11.672401681716941,107,42.98231434024872,60.35609138027133
4114807,-51.865750175230225,-23.526033870022832,474.90321720950305,473.6448669433594,329.0,307.0,15.807244426321926,107,27.868982514069824,159.97754775962542
4114906,-51.28340953273134,-23.776668278800457,370.36957328300923,756.3012084960938,509.0,417.0,21.038787056225644,83,44.0554044221258,215.46239077474942
4115002,-53.06432209758693,-22.730617885723916,236.6033295886591,324.6415100097656,238.0,196.0,13.621892436291256,53,6.983575292087313,9.520238277154043
4115101,-53.21146748578871,-24.0523296761717,440.000390060246,373.12371826171875,288.0,158.0,10.395053748919844,97,82.79527159589388,82.79527159589388
4115200,-51.968801656029086,-23.399294968183955,482.9481971701607,480.5135192871094,379.0,196.0,13.774157695225396,111,32.55444108801458,143.26897321086713
4115309,-52.580723923117034,-26.334875155249293,233.83261143229902,808.73583984375,663.0,236.0,18.282623818455708,53,93.32610284058592,205.9128237327959
4115358,-53.79372384722523,-24.444693196298868,292.2311876518652,388.8153991699219,314.0,158.0,10.872652611868228,65,48.51360376549599,48.51360376549599
4115408,-53.09323935428416,-26.249080958969262,384.99775002896786,749.1838989257812,610.0,322.0,20.30000878864634,87,92.51524162637277,154.4371753624267
4115457,-52.253643391562285,-25.10077410417051,502.9861702118069,739.8261108398438,530.0,459.0,23.091533803457367,115,94.5964537706712,214.95892384748677
4115507,-51.66057753588101,-23.754699970261804,214.0642472319305,541.5652465820312,390.0,263.0,18.79936033971255,46,21.255788289075742,191.90002229044987
4115606,-53.90516522160576,-25.35304889102944,628.0639176238328,388.5602722167969,253.0,364.0,16.694090545139563,141,57.13902753169027,57.13902753169027
4115705,-48.55460408527875,-25.75824697962824,127.54242536611855,96.5,6.0,550.0,34.792901868950956,30,119.2012767155692,558.9425029246706
4115739,-52.21122317151175,-24.700816439487937,394.6095036296174,710.272705078125,463.0,454.0,23.398607670431705,88,73.85440084208834,200.7204758929831
4115754,-51.18419349432034,-23.911534960105943,104.23290922958404,984.7999877929688,867.0,327.0,33.63768406579249,25,43.75911315431599,233.39817203888492
4115804,-54.09164179107036,-25.258670221945717,319.3734601531178,374.875,242.0,309.0,16.745649283523182,72,35.87452327700983,35.87452327700983
4115853,-54.186310815238464,-24.433997342886233,194.02141902782023,292.0652160644531,216.0,173.0,15.664441077136972,46,10.008906957235812,10.008906957235812
4115903,-52.74608292296487,-23.201269234308104,221.74045685026795,320.2916564941406,260.0,143.0,13.14408936991264,48,7.184145666578072,70.0807964391133
4116000,-51.48496827217321,-22.974824590297146,89.65170716773719,553.0526123046875,504.0,91.0,12.471176309753114,19,32.039369071640984,135.21786728269615
4116059,-54.24368574877495,-25.094947339127348,333.85096031986177,288.89190673828125,216.0,245.0,12.766336299115709,74,19.201118125228597,19.201118125228597
4116109,-53.006472604961765,-24.024033356531838,355.79572163522243,426.0379638671875,343.0,151.0,9.342160086818236,79,84.27696401047453,102.60019653111887
4116208,-48.85683923117061,-25.52075765365129,685.0605107760057,482.8152770996094,1.0,1336.0,75.21682169069425,157,87.94778314001414,519.4870903200302
4116307,-51.73485231843198,-23.13310562675265,132.99095654208213,517.413818359375,417.0,195.0,15.3982085342057,29,52.14130519972614,131.0263356980112
4116406,-51.797174121147954,-22.913781998618514,187.59121513273567,439.2195129394531,364.0,128.0,13.003666640724607,41,29.643019752915446,108.12396890746649
4116505,-52.61138734486118,-23.16890393956412,125.82017537299544,360.4333190917969,288.0,131.0,15.29761912547355,30,9.388000736456641,76.50561854741717
4116604,-50.70956296964455,-23.344480745422306,124.82254627533257,537.2222290039062,448.0,175.0,16.54110929892823,27,43.264303168557085,221.7239846780585
4116703,-53.2765830257987,-24.498442856688758,481.24799258913845,436.1308288574219,295.0,263.0,14.300199351986322,107,96.0135687195907,96.0135687195907
4116802,-52.558488169899405,-24.656547927945418,549.3510647770017,534.0487670898438,387.0,308.0,17.44448585925437,123,105.65151491994166,166.94199230525086
4116901,-52.25206363172988,-23.190568126487356,406.1605884004384,477.30767822265625,369.0,195.0,12.713691745870111,91,29.464834967786654,106.43343332728396
4116950,-53.25820224333577,-25.898148855547905,203.21535651013255,609.8636474609375,479.0,345.0,19.6419425235076,44,130.27077784648344,133.56109726646625
4117008,-50.53951693622337,-23.41777388927443,293.2566479071975,578.432861328125,457.0,241.0,17.080252988694966,67,52.2038334316533,240.33061619552083
4117057,-52.574313806677964,-25.22487131384267,1224.7950172079727,691.5559692382812,429.0,562.0,22.960367313238578,277,129.18674890677687,186.76284564707805
4117107,-52.95497136935679,-22.788564716383807,268.5867447638884,378.6949157714844,251.0,223.0,16.76960678925534,59,19.524074312873104,22.36295953890128
4117206,-53.07219162356089,-23.42650750102761,135.00310554541647,379.0,314.0,113.0,18.433278750465472,30,26.996906248361796,67.26950901707666
4117214,-50.74063047881175,-23.591990260007258,75.28262425586581,712.4705810546875,575.0,205.0,14.011243118217175,17,70.44104635771295,236.967444945399
4117222,-53.96266430655856,-24.440985256533114,201.79197766073048,359.67498779296875,282.0,132.0,10.10084020749647,40,31.790416750447392,31.790416750447392
4117255,-53.37732572918531,-25.590209415573845,347.76949898619205,383.3717956542969,285.0,206.0,16.831006801898436,78,116.13195890947281,116.13195890947281
4117271,-51.94377124494982,-24.45844374529646,537.8881033957005,591.5882568359375,404.0,405.0,21.639644797051243,119,47.078240600911776,217.628772349004
4117297,-51.5340577600632,-23.7786525108712,161.79884070530534,531.1428833007812,439.0,174.0,21.392787244241777,35,25.243866964838954,201.93875750912093
4117305,-50.948195774279085,-24.135879127881136,2401.556548905559,723.6679077148438,430.0,712.0,25.262450107239086,530,52.72051987661647,267.35925249719304
4117404,-52.230632296734896,-23.458150557124725,173.25545863993466,410.4210510253906,290.0,251.0,14.703823010344069,38,12.746052861129387,126.60096402553225
4117453,-53.909779471108905,-24.794270592351822,293.65831160824746,450.13433837890625,294.0,270.0,17.2028987575084,67,45.53499319278935,45.53499319278935
4117503,-52.120595375767124,-23.463814599525257,170.9095898391679,430.15789794921875,342.0,172.0,14.182537403129848,38,19.117816526442443,135.42417696676713
4117602,-51.812008338725384,-26.45223203544811,1543.1366119412705,1134.300048828125,896.0,435.0,15.830058816701923,350,97.33634830204554,283.1633626248703
4117701,-50.05721036083911,-25.442613587904944,1460.9162427885458,887.162109375,796.0,321.0,12.943801712101866,327,47.500102526695905,431.0846344506994
4117800,-52.26718524438153,-24.87597158578709,827.6436371663585,687.7650146484375,454.0,482.0,21.629196419712134,183,84.22691189983513,204.1239743436121
4117909,-53.82532954546506,-24.273531135177183,657.1390786776319,309.90972900390625,248.0,165.0,7.619938377681913,144,39.21743006652128,39.21743006652128
4118006,-52.633637843768575,-23.267096994724966,216.10844075120986,334.0638427734375,274.0,129.0,14.668849705618246,47,1.8442353366200899,83.01039133322516
4118105,-52.14292918543861,-22.84673172994512,368.856339443475,374.07318115234375,293.0,156.0,14.029755524230781,82,23.493133673204575,81.84133462051288
4118204,-48.518066142245736,-25.528998499051756,808.7358595458791,67.05000305175781,0.0,830.0,25.17612466303266,180,94.78107861377649,544.3475006856044
4118303,-52.099620931649724,-22.65898287200613,167.23598991055042,324.9189147949219,258.0,155.0,14.369204859224523,37,8.60707626287814,66.75137851129281
4118402,-52.51184165490642,-22.921508350085073,1192.7631114283577,406.1784362792969,254.0,265.0,14.968481082504669,269,33.90485983214051,67.26040264888482
4118451,-54.24973134921771,-24.633475544552834,140.226407174021,246.25807189941406,215.0,79.0,6.6845343885094985,31,7.337818687053842,7.337818687053842
4118501,-52.66098594923439,-26.168043233294764,544.9268316086382,704.5484008789062,512.0,347.0,18.018195360613984,124,107.27421855158723,195.95692371992524
4118600,-50.860771077275935,-26.178023503817577,422.0089577846229,806.50537109375,754.0,356.0,13.811639311405875,93,85.59778832483701,374.0006199699183
4118709,-50.75161086643809,-26.062585991877757,366.3331885840744,814.0975341796875,758.0,363.0,14.83200196393399,82,78.92474273000514,381.1701871602904
4118808,-52.32414667018385,-23.93144099184989,471.9166656816378,484.3551330566406,346.0,252.0,13.801138929462208,107,34.477766321157326,158.91402064990953
4118857,-53.3657384830056,-23.921760020493565,406.5821417598054,376.34832763671875,303.0,146.0,9.727768034593385,89,64.424345045129,64.424345045129
4118907,-53.70561690242566,-23.832585342192743,241.96748609188944,350.7592468261719,283.0,147.0,14.93866521431278,54,28.4876613371142,28.4876613371142
4119004,-53.75709788285859,-25.85045085902118,217.51269493531436,404.3829650878906,289.0,224.0,16.924338298636915,47,83.45469387225462,83.45469387225462
4119103,-49.454844075715975,-26.090720994965725,267.4920087913051,882.4483032226562,815.0,171.0,12.527148380684336,58,118.8513482279832,507.8872884832512
4119152,-49.15576505196832,-25.419082561212853,68.38382830750197,899.8235473632812,877.0,50.0,7.4765782743382925,17,62.107469402223344,490.8376487076253
4119202,-50.060725255320875,-23.902806586656702,218.31118748988956,678.872314453125,583.0,261.0,18.961713634460033,47,93.15010566015161,311.3482616127797
4119251,-53.47305141229769,-26.016183982636434,98.11387768480927,508.5652160644531,381.0,304.0,22.360077764644405,23,113.56053899864486,113.56053899864486
4119301,-51.63329971872168,-25.785099150091515,2027.7149692643434,1025.471435546875,649.0,679.0,27.93034202000605,456,59.60868903327146,288.72775754003777
4119400,-49.928915494553884,-24.475491353792403,1360.8436166038737,1041.42431640625,809.0,465.0,18.849630305900977,304,63.3137397006788,363.084574195143
4119509,-49.049753607372416,-25.474326540761492,225.78024057671428,936.780029296875,873.0,428.0,19.71895874473218,50,72.5841897926427,502.4812575956483
4119608,-51.77990157310334,-24.69146147290689,1658.0834285235032,836.6497192382812,456.0,642.0,22.25425601388755,374,31.04078966979942,240.83104038148966
4119657,-51.57321963631031,-23.206211328308132,123.23189546912909,561.1071166992188,451.0,228.0,18.723113924808196,28,57.69482167306592,147.51822573754671
4119707,-52.93458506996877,-23.095003429332127,365.975022749044,350.6309509277344,251.0,213.0,13.901352161087816,84,10.493338284482306,49.59528951225647
4119806,-53.70920240322724,-25.73751405769438,338.5003228727728,380.1688232421875,266.0,264.0,19.558690057937586,77,88.31588739831325,88.31588739831325
4119905,-50.07882231059678,-25.14110916398966,2041.2254014033824,877.9758911132812,587.0,533.0,17.06313411350255,456,26.888846845854026,408.0571662751274
4119954,-48.47222056935875,-25.6326551035807,190.97954705543816,12.600000381469727,0.0,23.0,4.4571225982036005,45,106.9492037718475,555.3379947845661
4120002,-51.41072080323225,-22.741092993611893,288.395612353459,382.546875,291.0,197.0,16.032153714671978,64,9.396193034084922,124.72100906570424
4120101,-49.89576420156646,-25.53072866343385,187.59214941877872,879.2557983398438,789.0,240.0,13.051972328188933,43,51.56159012786239,449.5216451044555
4120150,-52.38239670697352,-25.585577197998962,372.74392253067344,666.168701171875,512.0,319.0,23.04630603427584,83,123.19415029633281,210.88612535929138
4120200,-53.310391765866775,-22.835268590015534,219.58934120368212,311.3269348144531,0.0,524.0,18.786077427880837,52,17.40739641465038,17.40739641465038
4120309,-51.22454469257667,-26.229350916867556,216.94307316001505,877.872314453125,748.0,312.0,22.285949421925313,47,85.94656139829765,338.9119420156
4120333,-51.40447538684383,-23.024206705672626,146.0305327437818,504.46875,389.0,228.0,17.693125561999977,32,38.70965659306611,144.9534970752599
4120358,-53.72462045533788,-25.9671044420956,216.3894534315914,506.1600036621094,323.0,316.0,15.818173575532015,50,87.86894096500887,87.86894096500887
4120408,-52.15039968652548,-23.26580477661157,156.2534837499261,526.0,452.0,133.0,12.691633760860057,32,33.30186768608585,119.6777160113814
4120507,-51.07329436744677,-22.85855661628818,415.2198672667146,382.5326232910156,323.0,255.0,11.399047436842428,92,10.224438705951739,160.73477070309337
4120606,-51.09782785585182,-25.130110426222924,2231.780603107065,749.7650756835938,489.0,727.0,28.534058314938246,498,16.060793574024416,321.9651961262104
4120655,-53.15479258345998,-24.303509832434724,327.81770425103605,384.8857116699219,290.0,189.0,13.427048479667317,70,95.95152648156645,95.95152648156645
4120705,-49.93237663256145,-23.564143871264136,109.13997606933117,590.4583129882812,475.0,242.0,16.480707544115262,24,53.660679933450766,300.21284579779433
4120804,-48.99775170514531,-25.37033608181351,182.08961148001254,918.4249877929688,835.0,291.0,25.760381493211277,40,66.14264586503414,497.99859397568616
4120853,-53.97410872687161,-24.570379493983097,111.1122009800747,407.1071472167969,341.0,155.0,15.658421449078716,28,35.2333872812643,35.2333872812643
4120903,-52.95431243685857,-25.457024095813903,812.7437886511907,520.2771606445312,353.0,331.0,18.640071417248244,184,151.89029691286203,151.89029691286203
4121000,-53.52115037246309,-23.042186650868455,922.8230093987659,277.05340576171875,232.0,169.0,7.275530757111249,206,11.741059261140899,11.741059261140899
4121109,-52.13928439122366,-23.827359068258176,322.9778800010681,369.2933349609375,300.0,210.0,11.07835525856929,75,13.930127296592417,162.65916517659838
4121208,-49.47900518442685,-25.911296898899085,424.6085010673851,860.8041381835938,800.0,151.0,11.788526871575808,97,99.33595214194811,502.55778130412074
4121257,-54.07468547208163,-25.093965564517024,234.64679978974164,441.67926025390625,308.0,282.0,23.066831400374173,53,36.03538854811819,36.03538854811819
4121307,-50.916167112531994,-23.077760071359737,160.88662020117044,375.875,333.0,109.0,11.033700735535822,32,19.911317770178425,187.3569634377289
4121356,-52.95834136381577,-24.289009495810358,233.6432550624013,470.60345458984375,352.0,205.0,12.558824585138682,58,102.39124803012574,113.93968389453231
4121406,-53.546071107481744,-25.672732144254173,368.83951163385063,364.1190490722656,260.0,229.0,17.820045002409167,84,104.18143412320757,104.18143412320757
4121505,-50.62102115384229,-25.660003515805958,501.23103694152087,832.1504516601562,776.0,183.0,11.698100093462978,113,49.287573050509074,386.0552624487077
4121604,-52.95151438319543,-26.224169307409507,424.353973149322,720.8229370117188,571.0,312.0,14.249734461030146,96,95.1961571195131,168.1370057970925
4121703,-50.955723302485254,-24.59508916636247,1619.0139176575467,790.1212158203125,492.0,540.0,25.42174251657717,363,31.084891845063915,306.15775276374205
4121752,-51.96368929981446,-25.86752104502067,822.8899232391268,928.324462890625,542.0,612.0,30.731900831095054,188,92.23375638958936,259.21664316974824
4121802,-49.76067856566524,-23.261516384934463,624.5591605752707,566.6402587890625,409.0,372.0,23.798693854990173,139,15.963601788063421,294.6566548462089
4121901,-50.37286226945495,-23.450348071987417,372.20366160944104,564.3048706054688,422.0,387.0,21.76667466183904,82,55.51333445659356,256.10729516398396
4122008,-50.79431534300668,-25.721221193594022,580.4534441856667,881.171875,770.0,403.0,19.06626212949233,128,45.35852140377972,369.77553094204234
4122107,-51.434198549030604,-23.79570378431871,191.4485194226727,574.9285888671875,434.0,297.0,20.92573088234807,42,31.02614340420658,208.80628930890154
4122156,-52.60968601018208,-25.546000457374245,683.9159028660506,598.5,439.0,330.0,21.67512433248631,156,145.55669983305097,187.73065559732683
4122172,-51.336851597978004,-24.346587041121996,379.68903095368296,633.6951293945312,420.0,485.0,28.32645814333708,82,9.374042195203527,259.6498041677816
4122206,-49.34811075715738,-25.077792085586047,788.9862413248047,750.3898315429688,376.0,783.0,31.120616738130686,177,19.740506059408503,450.7639865790986
4122305,-49.68242034671137,-26.095546396216918,601.9551475457847,848.5328369140625,777.0,186.0,11.77746353088815,137,114.38840516774765,485.73636008624464
4122404,-51.40980866311554,-23.27072922386006,463.2383002107963,638.5643310546875,473.0,308.0,19.611404425346773,101,63.13987663604684,163.81950260236877
4122503,-52.258528310151156,-24.56512703145632,741.531594472006,680.5030517578125,480.0,390.0,17.789750191730928,165,78.01700394559693,190.75924402134754
4122602,-52.80428478091491,-23.477238078819553,557.3594504902139,395.1031799316406,259.0,241.0,14.507500359453974,126,26.042149678963934,93.41991541656856
4122651,-51.202533614399485,-24.3160541458573,383.261646556668,614.3604736328125,428.0,457.0,32.65975375918967,86,23.125864719957985,267.12849189847344
4122701,-51.583552908714154,-23.347636745924042,185.0046543823555,628.3076782226562,505.0,236.0,20.99324754312474,39,62.733064974497026,159.24028350329027
4122800,-53.41924160406849,-26.138867924571805,179.22771400026977,571.0731811523438,440.0,275.0,22.769446654094203,41,103.30223631377623,120.57993104287614
4122909,-49.67759555507211,-23.629391867433505,195.63203481584787,575.5454711914062,479.0,264.0,16.579833081717098,44,55.22995070313001,325.9653876835564
4123006,-53.28810974719824,-25.775821250624887,321.4305767044425,493.125,381.0,244.0,18.393585345809438,72,130.46434351697897,130.46434351697897
4123105,-50.40704594740971,-23.257314820690787,70.5558237042278,492.6428527832031,424.0,157.0,12.621380538996094,14,34.38613679480768,241.53892831400486
4123204,-50.79943537023019,-23.544072271912885,112.47363336570561,618.3461303710938,504.0,212.0,16.10225809949744,26,65.33116301486979,229.0101238181728
4123303,-53.362535161520505,-23.08136424813108,425.6950968429446,320.92474365234375,236.0,178.0,9.778754050745233,93,9.582986655528908,28.543474832854088
4123402,-51.837146867937214,-23.065580673566533,278.19767049420625,480.20635986328125,385.0,185.0,12.690146514428594,63,46.83523861178463,118.9159775960944
4123501,-54.30696437353404,-24.888645635214374,753.295560516417,257.21636962890625,208.0,193.0,9.797831383702102,171,12.650836404157262,12.650836404157262
4123600,-51.89678468832758,-22.712050642300763,149.2459566788748,379.10809326171875,289.0,179.0,11.472724325630129,37,11.41663171609275,84.82607601712337
4123709,-53.241829410003845,-23.1130422533265,350.5546915009618,323.3766174316406,245.0,178.0,11.779940734850218,77,6.336751547316344,39.58823512637015
4123808,-53.425313091145775,-25.77990881156287,319.7730045514181,478.9154968261719,279.0,319.0,15.88442139428411,71,116.69917100893149,116.69917100893149
4123824,-53.55707263998894,-25.382844659351594,123.06784774083644,413.5714416503906,326.0,205.0,19.366004933549323,28,91.2326167536008,91.2326167536008
4123857,-51.92971120692425,-24.907974647409336,832.66992891673,931.9235229492188,650.0,507.0,20.380524458567677,183,55.89826000524704,235.88689755734651
4123907,-50.538081440746126,-23.060188133310874,431.69405472278595,423.3829650878906,343.0,218.0,11.870870052212588,94,12.993304686879506,219.00314758866162
4123956,-53.1088539134409,-23.154493408287557,264.8051588572562,317.23333740234375,248.0,157.0,12.577834347877648,60,1.1446306484505968,50.398908461313574
4124004,-49.63126737487195,-23.749660316748404,241.30166065506637,561.7454833984375,483.0,200.0,12.639822376704654,55,67.57015142399166,336.8131946790214
4124020,-53.60577944059146,-25.03762914153326,308.9099479271099,667.328369140625,549.0,210.0,15.946432617063598,67,82.87185961334454,82.87185961334454
4124053,-54.42926130771366,-25.453427138637675,261.5496684778482,259.0517272949219,203.0,114.0,7.6781074160709135,58,17.555027409580937,17.555027409580937
4124103,-50.08485674371983,-23.295632815329824,707.5477927923203,520.1217651367188,391.0,350.0,16.999048401628347,156,33.533827943797256,271.3931494992246
4124202,-52.354748926106026,-22.699185482452588,224.25501940120012,334.6326599121094,255.0,172.0,15.073999845048492,49,9.160190363414085,57.75994870956719
4124301,-50.63103408618619,-23.583434081601673,166.8531523551792,785.9473876953125,605.0,445.0,18.78095710121313,38,70.5404760354263,244.62490837668645
4124400,-53.63159691530248,-26.064491547686487,333.56437043845654,537.4155883789062,340.0,363.0,20.652775452186322,77,98.40048520098141,98.40048520098141
4124509,-51.80329128124165,-22.719533459329863,282.32040271908045,363.3770446777344,286.0,162.0,11.458411738819047,61,11.557076677763565,92.1911599938209
4124608,-52.47843529339615,-23.3451381017228,221.09354858007282,330.4339599609375,265.0,161.0,14.11883360315001,53,1.1341682044362391,99.95632197200607
4124707,-50.77739388800737,-23.717840261864218,814.4840476103127,792.3277587890625,456.0,672.0,33.62077033169445,180,84.39649150181548,243.77742130111793
4124806,-52.795810897362024,-25.775514585353182,391.6370105724782,568.2088012695312,421.0,323.0,20.24690718074421,91,146.2795412402161,177.58681065211252
4124905,-52.331471612352466,-22.839734287318485,301.2551953913644,390.742431640625,299.0,178.0,15.296063190791276,66,24.52460625568146,72.57989437109883
4125001,-51.849142687174115,-23.9909848838737,356.14206792600453,381.54998779296875,318.0,188.0,12.106629357852224,80,7.013553836519144,195.62956878389195
4125100,-50.28904889428448,-25.66796880182225,693.4242961872369,858.7225952148438,770.0,213.0,14.74107748310786,155,75.31681388704423,419.1277237745194
4125209,-52.93842045818754,-25.658575979342025,383.58491374272853,485.058837890625,363.0,312.0,20.05136174897881,85,157.7065514354056,159.64245299797295
4125308,-52.31768068899446,-23.436294138177512,317.89118500892073,383.8873291015625,288.0,251.0,12.625785831109969,71,8.681001580047125,118.54622565810756
4125357,-53.9464930029455,-23.738085269615333,412.86117201671004,265.11956787109375,223.0,144.0,7.6903702232431534,92,4.7029288067747785,4.7029288067747785
4125407,-49.670221159660116,-23.957012652656054,398.1089543700218,626.8555297851562,517.0,289.0,17.759241786715044,90,90.35130222633839,346.2219887458879
4125456,-54.11920555376991,-24.81523161277754,189.5075705833733,355.7317199707031,264.0,217.0,26.072645255894756,41,26.093524658781824,26.093524658781824
4125506,-49.097665808887434,-25.66508122147115,935.439922790043,889.7681274414062,284.0,898.0,18.774451542478307,207,89.34556309183091,514.4401096576911
4125555,-52.61245726536015,-23.37290934221317,93.26655491720885,330.3333435058594,267.0,144.0,13.41472585940979,21,10.814479712397183,93.41346689812981
4125605,-50.44266480145615,-25.909679097166958,1362.0404720613733,795.3681030273438,758.0,114.0,7.1827853064580465,307,81.87358415948218,407.7238899028561
4125704,-54.260837300384395,-25.388981734830825,861.0943175544962,266.8393859863281,213.0,190.0,8.806497107242592,193,27.360866747091404,27.360866747091404
4125753,-53.887045976028595,-24.9077510553222,306.7676480971277,488.8805847167969,287.0,335.0,17.80733673031804,67,51.37772304456515,51.37772304456515
4125803,-51.87022798006281,-23.84374984670687,324.3584809200838,384.83099365234375,316.0,203.0,13.323130773431776,71,7.202513583824375,182.43531750188524
4125902,-53.17816378366044,-22.781040912590196,241.07799338083714,317.5097961425781,237.0,161.0,13.48887649349509,51,8.550393758205932,8.801904950959099
4126009,-50.722153029040165,-23.452948053266997,226.97106266207993,648.1666870117188,543.0,182.0,15.190913726857131,48,55.13350047540075,228.29905421321698
4126108,-52.54159706940575,-23.526212713547448,212.45899865590036,375.5434875488281,275.0,188.0,14.404655896579591,46,15.419028593035065,111.32627103849009
4126207,-50.605722029942605,-23.876294713419707,679.7680544434115,727.20947265625,508.0,619.0,33.741016180871426,148,96.69109896169446,268.37625643406875
4126256,-51.86771110731443,-23.468691017967316,100.22647249232978,524.6666870117188,424.0,160.0,16.711576732996313,21,31.894203279530746,155.7337006153129
4126272,-52.60617305810224,-25.708928008717173,140.12131023872644,599.8333129882812,468.0,266.0,21.961754935388498,30,147.37147371762967,192.83893768779842
4126306,-49.456094619152786,-24.249006540517776,1448.5766399847344,887.6666870117188,512.0,726.0,23.73101375527836,318,56.05975312192146,382.61069448383523
4126355,-54.02459621792131,-25.47162251486144,478.9357233438641,284.54718017578125,216.0,160.0,10.15761931782013,106,52.72257096524559,52.72257096524559
4126405,-50.87330868417075,-22.935357445675606,439.863568155095,365.7083435058594,323.0,138.0,8.513756693917257,96,7.720915408431178,182.57331375872377
4126504,-51.07201183527403,-23.055333241195004,512.1046764291823,430.4070739746094,336.0,268.0,14.741996697514201,113,29.798034983607824,173.07526010686814
4126603,-49.791115909568774,-23.6415109125326,279.5221284497529,650.6613159179688,491.0,277.0,20.426467978378703,62,57.5290096433638,316.8316982107358
4126652,-52.722981207789786,-25.690905877257904,160.57604868337512,526.2857055664062,445.0,184.0,21.327452670793974,35,156.74861225739673,181.13761097093104
4126678,-51.05209057313187,-23.822242810167243,488.0540813514963,795.7684936523438,479.0,599.0,25.161301919240376,108,60.22980580504297,233.57685754053924
4126702,-52.48395129231062,-23.199032148589993,194.50365009251982,405.8888854980469,333.0,148.0,13.925876033436007,36,12.47352745674567,88.29432533574058
4126801,-52.88897320226257,-23.6586465056255,584.4746173946187,438.85272216796875,307.0,220.0,13.852475661297087,129,47.31265266726952,94.20496467898003
4126900,-53.13457435116504,-23.33018203711888,427.8636351460591,312.7157897949219,248.0,163.0,11.39561367490899,95,16.130609571572574,57.153096357279665
4127007,-50.4095654233028,-25.315531646773994,903.9759992985055,844.4179077148438,780.0,165.0,11.629551518895939,201,52.074227379946876,393.33546712711626
4127106,-50.52316470172114,-24.249484475781507,1399.2794330744073,791.7721557617188,608.0,394.0,15.795405558129298,316,89.16887957177636,303.953818911301
4127205,-52.3875340515139,-23.696018018365063,316.62413041479886,426.5555419921875,281.0,281.0,11.748729383625207,72,16.931482934805928,135.68349601033214
4127304,-52.68227032947793,-22.72973443110791,706.712321027182,351.5379638671875,252.0,236.0,14.346338634494899,158,13.955024272029794,40.40512983526183
4127403,-54.064175382466786,-24.209599884219372,801.6549302749336,309.0382385253906,228.0,166.0,10.049406029462789,183,19.492528514244395,19.492528514244395
4127502,-50.46794592017349,-24.658201639226128,2982.2336638495326,877.1589965820312,701.0,533.0,19.3063067806281,673,63.763054557768726,342.2844810882787
4127601,-49.112123081035016,-25.900628369761147,659.4552174741402,929.9533081054688,551.0,1007.0,23.111863073167566,150,111.82380739826615,532.9069770542142
4127700,-53.77878453156004,-24.70551192399908,1187.3652213728055,499.5946960449219,300.0,351.0,12.427236485504244,264,55.60030367213508,55.60030367213508
4127809,-49.963723338691025,-23.721571042480868,603.4311559991911,582.2120971679688,456.0,343.0,21.0149360342305,132,70.87261589674749,307.1213335120501
4127858,-53.22288076739043,-25.44065159667165,512.2939038062468,456.6864318847656,334.0,265.0,19.17415776127292,118,125.26685626358142,125.26685626358142
4127882,-48.901502557649465,-24.95220947772993,667.5757425008342,868.7133178710938,465.0,601.0,31.11208752137642,150,30.932064860677755,474.1775189242604
4127908,-52.84394697145409,-23.879061176459803,699.8514618594199,467.03204345703125,376.0,190.0,11.825238960539076,156,61.39516432936603,110.45219147625687
4127957,-53.51168604802889,-24.64558096127945,299.29651811439544,538.5735473632812,429.0,193.0,11.542751248134058,68,81.99294116852528,81.99294116852528
4127965,-51.47935433918275,-25.012037394986507,939.6063907546923,979.700927734375,487.0,721.0,22.028806998697494,214,31.69424063696475,281.744393165935
4128005,-53.019146381913686,-24.50540467199087,649.4570850459859,422.15972900390625,308.0,221.0,14.155431713099484,144,118.12307264825499,118.12307264825499
4128104,-53.41614700199327,-23.67804427079276,1233.0437674848363,377.9926452636719,277.0,189.0,12.597931678575636,272,51.082901172171425,51.082901172171425
4128203,-51.075482432669936,-26.110479954440798,708.3703128080815,921.5527954101562,746.0,417.0,27.35607987383987,161,73.12689127653034,351.4804107437978
4128302,-52.107235943246486,-23.06659698300341,85.8422244945541,452.8888854980469,358.0,173.0,14.450997627506192,18,48.05314163062645,105.10198798774175
4128401,-50.82945091970874,-23.21573488926042,246.2645486742258,452.0555419921875,369.0,185.0,13.949279028956076,54,29.68270398112013,203.4284374521541
4128500,-49.78362524227893,-23.856079454478134,400.69521785806865,685.7954711914062,571.0,249.0,20.73138820534298,88,80.87362831465104,330.48714936667136
4128534,-50.238688354918345,-24.189347476625716,804.5651603071019,847.8388671875,610.0,427.0,19.41000335786346,180,104.02763305512049,318.8782143349129
4128559,-53.919505228895666,-25.008174061387674,325.38275880366564,515.8027954101562,345.0,301.0,17.508224407128615,71,52.867884551730114,52.867884551730114
4128609,-52.95874046048166,-25.88016608302967,294.10011736210436,548.8412475585938,416.0,287.0,21.095634781419683,63,133.13451921611326,163.45863572312985
4128625,-53.82334934853148,-23.53737150240846,964.945374074392,296.22967529296875,225.0,194.0,10.23794274567701,209,8.148584119136562,8.148584119136562
4128633,-49.39325643098271,-24.626968803582535,769.1854297146201,795.8439331054688,328.0,776.0,29.545080661212392,173,21.466935421125864,413.787049458828
4128658,-52.23675125554262,-25.407295770562538,242.41048817895353,747.5,540.0,402.0,19.295560795671335,52,107.99212628385513,222.08072310915344
4128708,-52.806706244324204,-26.278619506726546,309.0927426852286,774.48486328125,628.0,257.0,16.219910254857957,66,91.40985157900326,183.11343162420656
4128807,-53.59262471142863,-23.73588636650636,361.1085607307032,364.3589782714844,289.0,146.0,14.568194548735336,78,36.26301267205561,36.26301267205561
4200051,-51.05387612260027,-27.582099908662556,234.88610532227904,838.26416015625,688.0,318.0,28.45187085878664,53,24.112161664276336,381.53401545574303
4200101,-52.2567435135417,-26.56197453378792,945.2977622756734,897.0511474609375,633.0,535.0,18.176414223644112,215,74.7835370798486,240.6105927227882
4200200,-49.824687859858756,-27.455784642727586,209.9362301984802,628.7872314453125,364.0,566.0,41.808690308915644,47,110.03790636225955,494.5960943428288
4200309,-49.71815853091108,-27.32787844288385,131.6144892089069,478.5333251953125,345.0,238.0,22.87262482542672,30,125.0188488026633,501.95601017136005
4200408,-51.611779952982616,-26.7661209618145,1328.1811964437366,1190.3900146484375,733.0,599.0,16.387282963386276,300,74.28135885706115,307.39291637685164
4200507,-52.95512926534089,-27.055184484030864,140.12566235475242,322.757568359375,236.0,204.0,21.40343552447487,33,5.9740339677536,186.18296829302082
4200556,-52.851828847162054,-26.85272438951599,76.29132068809122,398.6470642089844,311.0,221.0,22.79171977681551,17,30.036856931628005,189.27405256641538
4200606,-48.93922890652845,-27.734493211781828,323.26337072625756,591.3974609375,180.0,929.0,67.60207624761892,78,114.5629507225079,585.5181453157352
4200705,-49.33015959997588,-27.70495954651392,734.3726834915578,803.224853515625,421.0,1118.0,52.61509875925181,169,94.575575090649,547.5596315340212
4200754,-51.92217960304199,-27.41660453431071,83.62160491012037,464.2105407714844,374.0,183.0,20.647336013471218,19,3.153445087353145,295.27732668757824
4200804,-53.33462823685342,-26.534747549995355,233.53099789004773,613.1923217773438,336.0,499.0,42.30289764020131,52,59.50470046127489,134.75048234442025
4200903,-49.066421555289246,-27.542974614160535,493.5111414799467,657.4285888671875,267.0,650.0,47.05134505450558,112,123.19115583263986,569.1258545173075
4201000,-51.07680823537114,-27.728298292594335,583.9225337700918,830.3333129882812,614.0,364.0,27.594060419219506,135,9.286751814958551,384.69796191806324
4201109,-49.139489006276975,-27.87977023855602,543.8672079741955,803.8720092773438,408.0,1245.0,62.20914988238782,125,89.25207977351239,570.023443356399
4201208,-48.832282901204636,-27.494927822275763,234.91191760078073,377.2363586425781,25.0,800.0,71.6687521280939,55,141.37361972981392,590.6285687184029
4201257,-49.36577898255907,-27.123916589276472,495.10868389345706,438.8157958984375,100.0,787.0,46.882541514314994,114,153.91310130660318,532.4149271303146
4201273,-52.18069980735688,-27.14326612803438,138.26733097620308,576.65625,432.0,291.0,30.663446377196053,32,13.608299623027172,261.605993052718
4201307,-48.75862753062061,-26.459085390286194,398.89790453296155,18.2608699798584,1.0,117.0,4.483434584728653,92,182.77822924351213,583.1853611306351
4201406,-49.46862416717145,-28.941088932039218,297.1745009459555,12.45714282989502,1.0,77.0,3.470816672946574,70,54.26950163515361,577.5811580837425
4201505,-49.013521011434584,-28.237699647065046,164.88194054644555,193.9736785888672,28.0,399.0,53.910492584394795,38,77.12057196609616,592.313972467733
4201604,-51.33670124149286,-26.92021958708481,91.63620714657009,936.2999877929688,758.0,363.0,32.93493371915064,20,68.71299058546522,337.1247540710135
4201653,-52.442766209227486,-27.069722318651465,97.83663051109761,563.5238037109375,382.0,409.0,45.41862801585919,21,16.182826526164217,234.54191631146927
4201703,-49.39558116336764,-26.97244760494766,118.58892263658345,299.1199951171875,88.0,815.0,68.33521004833823,25,169.53615330941014,527.2247190935577
4201802,-49.73988653448774,-27.436749040563146,89.18900331761688,564.6190185546875,471.0,199.0,27.67329593158807,21,112.80844535510658,502.2510543836111
4201901,-49.58769609860575,-27.328842628581228,208.6412338297814,600.75,402.0,473.0,34.92389588521103,48,127.14113798390883,514.5556759110048
4201950,-49.47598388747172,-29.020344429794395,101.2007486121729,6.61904764175415,2.0,8.0,1.5437689861325856,21,61.78631212977985,580.4932272119503
4202008,-48.62035473938658,-27.00631573241944,42.26648377161473,56.818180084228516,0.0,133.0,27.337251652363047,11,197.32887122542888,603.6074924700897
4202057,-48.65132454150492,-26.45339415256467,106.54877284914255,14.125,2.0,24.0,2.7264082298846914,24,186.908619949099,593.4242370318683
4202073,-49.61408166795811,-29.153582300069502,147.37297794222832,7.142857074737549,0.0,17.0,2.2670729874279623,35,72.05076264121121,574.9210199609997
4202081,-53.64795774547183,-26.766934516569478,139.02479429077357,434.2121276855469,303.0,235.0,26.61081261077199,33,41.615750000759306,110.89041633586399
4202099,-53.42632515985599,-26.67238011886357,90.16255645919591,421.2105407714844,321.0,302.0,35.23744004355507,19,44.55399316392842,129.34599140939974
4202107,-48.72535462474685,-26.6616102932968,137.86588668823242,31.42424201965332,3.0,75.0,7.34351447244988,33,204.1032310618052,590.4384827505723
4202131,-50.485411754836186,-26.418121048875275,545.240252030082,900.5484008789062,770.0,436.0,19.753973906162997,124,126.26069862644059,414.19066698986705
4202156,-53.61418998717425,-26.85576339134497,93.0343319689855,434.6666564941406,286.0,296.0,27.315390052101286,21,31.263790085044448,117.571339676755
4202206,-49.43543366687059,-26.799444218646407,381.1313563687727,621.6309814453125,186.0,741.0,44.11140811662231,84,187.57205050643358,521.3162745886214
4202305,-48.694714609063425,-27.43599615737543,362.0218706391752,147.50588989257812,0.0,869.0,46.97288223541793,85,155.28268919379192,602.8066558599741
4202404,-49.09636552112282,-26.88246835880966,499.0507876807824,226.7232208251953,15.0,790.0,37.82127092131743,112,187.49847648104273,555.5248475033254
4202438,-49.90783655021826,-27.76387355133933,500.00249916501343,962.5877075195312,840.0,558.0,33.52177381255171,114,75.94531191190808,494.43198292916117
4202453,-48.526223302587766,-27.166530174330724,27.037290449254215,109.80000305175781,11.0,320.0,38.049786055836286,5,188.8487037656365,614.8251816604193
4202503,-49.652875278843176,-28.36328912893793,924.8773122746497,1330.90234375,999.0,700.0,34.450851278861364,215,15.680628650819136,538.2548329405146
4202537,-52.38574252486972,-26.732029430523916,58.21339476760477,700.9285888671875,656.0,130.0,16.266919274435487,14,53.87134283398818,231.31099168684804
4202578,-53.09550809478148,-26.686603214204872,61.816421429626644,624.7999877929688,518.0,181.0,18.76299975555356,15,44.50395843193806,161.52440551011296
4202602,-49.562184095236304,-27.784174026119906,1063.849262084812,977.6693725585938,482.0,1217.0,42.83049490740339,245,78.33124408027064,527.5664753742515
4202701,-49.129206054768154,-27.21951093139051,290.2617365270853,420.7878723144531,108.0,726.0,61.09223164486406,66,151.69659212389453,557.0235718125397
4202800,-49.14406011523594,-28.24133476643023,210.59438598528504,224.4166717529297,71.0,410.0,39.77706569073604,48,65.11164738858629,580.4018797974178
4202859,-49.901882253018385,-27.368289604421662,83.36642345506698,555.9500122070312,382.0,368.0,39.68156731399857,20,119.6431211543676,485.1615010756386
4202875,-50.84406391762824,-27.34681141816257,337.9111628346145,881.9600219726562,772.0,211.0,14.677504981459911,75,57.22502371413948,394.384503783976
4202909,-48.913091848462955,-27.128882785164425,292.9672390380874,162.7462615966797,16.0,611.0,42.06971451181757,67,170.33467443935263,576.564808683583
4203006,-51.08569997551229,-26.763687825164197,980.5442414134741,1076.8818359375,851.0,454.0,20.835233672758285,220,95.89982444889843,358.6938652780433
4203105,-53.26300529675577,-27.024644946766244,171.45259418617934,357.4285583496094,219.0,305.0,21.675562987756912,42,9.211676686553384,156.85081435656448
4203154,-51.0081663803337,-26.62165356561022,630.6851665722206,1154.58740234375,1002.0,274.0,18.936528973229755,143,113.32370378159575,364.37295302035176
4203204,-48.708924388940964,-27.07298870167832,216.9773138370365,156.5416717529297,7.0,570.0,40.783460355544,48,186.24925851750027,595.7304882253684
4203253,-50.60675319703361,-28.06241092015951,1321.9788725739345,946.1258544921875,677.0,449.0,21.501555561921727,302,19.416682462691867,440.1726336550287
4203303,-49.214524452957576,-26.117240062464898,499.0347823156044,893.729736328125,809.0,543.0,14.49992196919861,111,129.71888317771533,531.8925914651569
4203402,-50.77115372845136,-27.849625398910938,1011.1873233588412,900.0347900390625,708.0,309.0,17.90641758995437,230,21.14681069786531,417.2493744651972
4203501,-53.13087729524541,-26.450573894710043,476.27474598027766,823.9815063476562,568.0,371.0,22.949358628664427,108,70.82904868766829,152.90271438754968
4203600,-51.242743491348435,-27.413472010393203,1727.7872582841665,856.8232421875,502.0,562.0,17.48096802850401,396,25.760545596370857,358.41308463934615
4203709,-48.801208117426185,-27.236751216821208,139.38970223348588,147.34375,10.0,568.0,46.688639017875374,32,166.05754791538735,589.1351366664618
4203808,-50.53454390446799,-26.255010117634647,1129.3325016023591,828.892333984375,753.0,406.0,12.61271419616401,260,108.59987764513097,407.3948790867671
4203907,-51.63005030028575,-27.413264381597934,231.60865942575037,638.4815063476562,454.0,318.0,27.725944875892875,54,8.00553780015901,322.1543287029396
4203956,-48.9475671302668,-28.451336723563667,50.5459621809423,8.199999809265137,2.0,18.0,4.8964664134941405,10,77.54687649638475,605.6606615077548
4204004,-51.69411009850683,-27.04359272521745,194.2952443389222,923.522705078125,717.0,516.0,26.201642231961408,44,44.900358478751855,305.48700639924294
4204103,-52.91991833662786,-27.14688950254228,138.83347872365266,366.25,265.0,253.0,22.303292172100583,32,3.122880020110825,193.23817479488352
4204152,-51.308569935017665,-27.655210050066728,214.62431484367698,720.9607543945312,529.0,353.0,28.708873205042227,51,2.0710300855190327,360.7041977851665
4204178,-50.92991006276827,-27.778560510468058,407.48497266322374,867.1666870117188,604.0,416.0,25.975162266635497,96,15.50011311567066,400.04208884683493
4204194,-49.55278226619025,-27.580155575222737,115.98954113665968,595.888916015625,407.0,490.0,36.93088725045244,27,100.54408502070895,523.4196838568905
4204202,-52.649610050909736,-27.125042279201107,622.3937611039728,600.5869750976562,343.0,395.0,30.225325148249365,138,13.973290994316464,217.08978219741363
4204251,-49.332772224487606,-28.599280161074745,73.3047797428444,113.10526275634766,20.0,236.0,23.40695127509659,19,40.69635134944534,575.8509441376183
4204301,-52.01116370042474,-27.24129371259883,826.729185031727,592.4224853515625,271.0,608.0,26.55479002286195,187,9.73738835296905,280.7189790245883
4204350,-52.63963509166297,-26.976131410131163,83.67078803386539,611.7391357421875,471.0,261.0,37.91318833936153,23,29.09683654724342,213.0107236451424
4204400,-52.72191338338495,-26.88340861806995,234.61904278956354,451.6481628417969,324.0,285.0,26.95496956908536,54,33.346326280451926,202.56360288604185
4204459,-52.67128091158709,-26.53452964634068,109.52428355719894,640.4285888671875,503.0,271.0,26.490395859627647,28,69.54733674974914,199.49552119010704
4204509,-49.32821514913183,-26.44103815660961,401.66950023546815,559.5604248046875,84.0,888.0,59.327388234770375,91,159.55731512699543,527.920847594228
4204558,-50.37578361670318,-27.596219360644252,655.3353491229936,893.8355102539062,819.0,251.0,15.536097998564466,152,69.14896326426889,445.5471460361697
4204608,-49.381511551616384,-28.714953777901453,239.5161547344178,59.36538314819336,8.0,231.0,11.947801797365893,52,41.389863133970984,575.8612839754276
4204707,-53.19586659347242,-26.877992560965023,225.07924245670438,523.1132202148438,383.0,262.0,21.406248306177368,53,26.65490517224301,157.23384394960152
4204756,-53.10497379824612,-26.970216099557884,54.14348815008998,495.4166564941406,393.0,209.0,25.68031875466126,12,14.424305772267322,169.03878919719594
4204806,-50.61789243367275,-27.292293601937672,934.2666292088106,916.296630859375,771.0,310.0,16.598522778255383,209,74.27414835156695,414.79535185923567
4204905,-53.47854695082838,-26.858037351870948,282.18106888607144,444.8360595703125,243.0,359.0,25.01857374684035,61,26.04022934405707,130.10673816288408
4205001,-53.5344950616719,-26.329908803542605,385.5568338781595,744.2135009765625,508.0,377.0,22.836390830690934,89,83.70077421432359,111.17332980433166
4205100,-49.78597843761721,-26.98632171959782,174.5655712960288,542.2307739257812,386.0,251.0,29.749171454683417,39,157.66433786515432,489.2620917026855
4205159,-49.554320959576,-26.70534402545783,365.13994596526027,799.1341552734375,535.0,467.0,34.518382521830894,82,182.91380375473517,508.7627686156913
4205175,-52.576820061789135,-26.742125045891175,104.42542637512088,499.8571472167969,399.0,208.0,23.89588813414746,21,53.729542672486886,212.97373974871113
4205191,-49.65154507576369,-28.990352725934102,67.18470274377614,19.266666412353516,9.0,36.0,3.837774011845413,15,53.65310654256871,563.9016180638811
4205209,-51.424814240354976,-27.28344679600004,219.67573022190481,757.5961303710938,525.0,420.0,24.567714889848144,52,29.466573710412614,337.366541290796
4205308,-52.244581514009475,-26.841768791256435,368.72296477574855,857.6309814453125,647.0,383.0,32.35529908127781,84,44.45544361905599,247.45296423396783
4205357,-53.33554226767254,-26.764832315856637,59.4195214016363,353.0,287.0,153.0,20.32882841038756,14,34.12716952894304,140.44780629460743
4205407,-48.51091033935923,-27.582680445006535,681.0736245028675,45.49677276611328,0.0,305.0,23.03983188361984,155,157.3676847000931,623.2579262218245
4205431,-52.792589467635,-26.63323989199713,95.06140755861998,601.8095092773438,480.0,261.0,30.89866393543759,21,54.46951843131546,189.66172581651392
4205456,-49.49205539214577,-28.78092187291394,177.95974546298385,21.461538314819336,8.0,47.0,2.4322684092412916,39,38.23556251666569,568.6659036618423
4205506,-50.87038806801347,-27.037993012501097,545.657567827031,1001.8319702148438,852.0,247.0,15.171110500755193,125,80.46771949117505,384.71242232881076
4205555,-50.766184054058904,-27.18758339983822,164.5500844474882,881.5897216796875,805.0,193.0,17.352719861952576,39,75.08793545488061,398.0306000840909
4205605,-52.661472073487005,-26.447798555756076,138.86684488132596,748.586181640625,582.0,333.0,22.586072212706,29,78.54860813462295,199.04020695531554
4205704,-48.658613136015205,-28.045436773005886,111.01015816815197,101.23076629638672,0.0,424.0,48.267376676637824,26,117.59047409720895,619.7267036154116
4205803,-48.86647219343791,-26.058438600127616,506.8699606815353,406.8189697265625,4.0,1392.0,80.28201137662892,116,138.36414124645506,561.7433619267009
4205902,-48.96675631485453,-26.93400240117959,388.54366451874375,133.72222900390625,4.0,497.0,34.98687813019454,90,187.17527020957993,568.8098269563606
4206009,-48.57861090273018,-27.379400983098968,122.30556870531291,91.55999755859375,0.0,455.0,46.564571267931626,25,167.7425367713874,613.0956721193288
4206108,-49.31352429302776,-28.152194524068786,331.4456793712452,474.6623229980469,112.0,1366.0,60.01177586794286,77,56.01168231180879,561.8262784748931
4206207,-49.02190988806948,-28.351964912849883,163.2660989612341,157.35897827148438,2.0,472.0,49.8616662289667,39,72.22850086074808,595.3744860692537
4206306,-49.021876783411614,-27.10402214452041,170.87663917150348,304.48779296875,47.0,803.0,60.84554511020289,41,167.79056396739566,565.5916422515694
4206405,-53.5711906531071,-26.579587859040235,334.74408650398254,560.80517578125,351.0,375.0,24.872361954048962,77,58.049658264733246,112.86322255360903
4206504,-48.94689213425566,-26.47624372749088,266.6760290050879,65.30508422851562,8.0,431.0,20.014434947412866,59,176.31248205068195,565.4410190320278
4206603,-53.48135723670958,-26.398737236005793,106.31243908591568,691.4000244140625,554.0,272.0,28.687268376615997,20,75.28363598155192,117.56619698120046
4206652,-52.782942103033115,-27.118270162255516,201.83703878242522,521.8478393554688,287.0,376.0,22.182161277553995,46,7.960950960087045,204.52405979449347
4206702,-51.40834136932149,-27.19476165133796,201.60528323147446,765.9130249023438,555.0,529.0,32.033200868417495,46,38.42365521881771,336.57738256173303
4206751,-51.21475952028588,-27.20746504518653,145.37614159751683,888.5882568359375,746.0,354.0,31.909821071024027,34,46.42758495938574,355.4593362144561
4206801,-51.37086399192595,-27.093431626319102,163.0649211993441,756.5833129882812,634.0,408.0,38.39834965651157,36,49.98678176200521,337.72186132790404
4206900,-49.53080402496252,-27.014887854789034,237.40993121732026,470.40740966796875,176.0,774.0,58.533292927569946,54,162.27441171842958,514.6077821914187
4207007,-49.27939638954357,-28.75220150563484,228.1562773026526,25.527273178100586,2.0,57.0,6.168837429649021,55,52.017577579887785,586.4704410001484
4207106,-48.85593840258307,-26.86070409180369,249.35808746144176,126.6551742553711,4.0,529.0,33.72899424460477,58,199.27773211185266,578.982469779096
4207205,-48.83674591574367,-28.230968517392128,541.4985232716426,197.6719970703125,0.0,739.0,53.40834324906916,125,93.5673566474596,608.4495044789991
4207304,-48.703123907661286,-28.195661172756,184.9222097042948,39.522727966308594,0.0,321.0,21.818167226758156,44,107.26001981697267,619.788193122767
4207403,-49.409656328977434,-27.505648892126707,117.91254386026412,750.6666870117188,542.0,411.0,28.271823101879598,27,112.11691987913065,535.4332579121345
4207502,-49.22258262155186,-26.993375839489325,436.6155682876706,351.7755126953125,52.0,784.0,42.593469085557565,98,171.77119230223875,544.4375750077224
4207577,-51.27315982998384,-26.987123760347014,117.78947677928954,881.2857055664062,702.0,342.0,38.12012565990644,28,65.02605381314652,344.6456180346011
4207601,-51.79595295220419,-27.369155962780933,140.75872969534248,632.7096557617188,453.0,308.0,32.46957184572956,31,13.450872442990129,305.1854676069693
4207650,-53.4908937355541,-27.0010354307926,197.98976425733417,434.4468078613281,269.0,284.0,28.491066411033714,47,12.500371677723663,135.08642169731505
4207684,-52.47369465809855,-26.678235880931346,260.1615797560662,663.9666748046875,525.0,263.0,19.448166551472276,60,59.485912823096434,221.68060027475371
4207700,-52.15424997335307,-27.039757625580997,256.83486927021295,775.8135375976562,556.0,442.0,37.26074975825765,59,25.046643564221693,261.13087002188223
4207759,-53.32764231857539,-26.8462622340604,152.42945258133113,421.79412841796875,274.0,278.0,23.918374903447877,34,25.296469859821567,143.74986307980103
4207809,-51.91757385932975,-27.02732006702372,323.59783997014165,910.8800048828125,582.0,541.0,35.07004561762455,75,34.86997307545892,283.56689936438494
4207858,-52.88893512168749,-26.628784721043694,79.1541801802814,548.388916015625,442.0,228.0,30.121745066545504,18,51.84058862943685,180.16674409108077
4207908,-50.75953474931069,-26.359204304713543,588.7310861134902,826.0302734375,749.0,332.0,19.58112713268667,132,107.91680693498972,386.4658623878654
4208005,-52.33738975987036,-27.24533430250647,158.06155482679605,431.6856994628906,318.0,299.0,28.272123846938154,35,3.0061294337822777,250.49967326386405
4208104,-49.89030351631909,-26.472180219589454,1304.249006039463,821.8187866210938,409.0,593.0,24.786369424869473,298,155.29586044386568,473.5841678002879
4208203,-48.75554340302499,-26.973476545483347,285.52325343340635,53.71875,3.0,296.0,19.088273130056763,64,193.10740909477644,589.9798648484746
4208302,-48.633907564205934,-27.10926091632375,54.36684585735202,197.76922607421875,5.0,501.0,60.94266781670319,13,187.23549287348308,603.5357479160122
4208401,-53.7093498091205,-27.111151412320815,284.0207415865734,279.047607421875,178.0,288.0,25.58373926742961,63,5.229969202951112,119.19732692608801
4208450,-48.650427926058775,-26.084090700296947,241.4139873823151,26.160715103149414,5.0,317.0,8.50432099787804,56,150.8395136789224,577.9717574736927
4208500,-49.541011072059916,-27.451540730780117,332.0769833754748,560.19482421875,370.0,437.0,36.29673746105708,77,114.72719936988598,521.6343870499173
4208609,-51.77320403820653,-27.14239810010662,183.7255422314629,779.731689453125,626.0,309.0,28.72015929436229,41,31.445152582975247,300.3086019460181
4208708,-49.84756276104332,-28.995563457623053,422.38116865605116,251.3737335205078,14.0,1005.0,54.87911705552406,99,54.650870323717164,547.275689914528
4208807,-49.050136880301025,-28.66276780445552,323.357907528989,19.689189910888672,0.0,99.0,6.845157996572013,74,69.15878282421308,603.7875133406578
4208906,-49.159871264144655,-26.481057788244787,534.8302921839058,293.86553955078125,28.0,1048.0,67.09833533323999,119,169.58107056216392,545.0963370747426
4208955,-52.87026060662791,-26.715306884800228,67.55833862069994,535.3125,358.0,322.0,34.879474946529605,16,43.23000428128201,183.9618219951628
4209003,-51.592736501782866,-27.152538724524494,246.7144116461277,801.7678833007812,552.0,499.0,29.672403375713884,56,36.70498158461827,317.8448775245476
4209102,-48.95435627517673,-26.242350591034782,1111.2330784844235,330.6627502441406,3.0,1216.0,37.42744840458976,255,152.55965342417295,559.6383609747896
4209151,-49.644582669604176,-26.860515466657386,405.36570651549846,640.5806274414062,287.0,718.0,53.05007177046836,93,177.2134821067442,501.3904334048824
4209177,-52.7182927900984,-26.391877996778828,83.63006064109504,805.7894897460938,607.0,366.0,29.69290137543699,19,82.04177534232359,192.73677851481327
4209201,-51.589093837062116,-27.249261365698416,64.54336170386523,679.3571166992188,526.0,336.0,28.798395026900703,14,26.462681906865658,320.79759383121643
4209300,-50.33897390667646,-28.020723693523216,2619.488928916864,990.0728759765625,758.0,468.0,19.305651974804558,604,44.2107036676382,463.1551585964655
4209409,-48.82673321209174,-28.48521625508497,357.12976734992117,16.839506149291992,0.0,277.0,9.881707602902475,81,89.10942075109605,617.8639906425728
4209458,-52.552067163324466,-26.855461984170738,61.924008866772056,576.0,491.0,189.0,24.267818519135258,15,40.9688946853375,218.2996708005421
4209508,-49.7378565880813,-27.212385700030662,79.44023481942713,471.3157958984375,349.0,249.0,31.74978435433992,19,137.50041396398535,497.82974913774314
4209607,-49.45015027145534,-28.383724986097608,282.8379871780053,501.390625,182.0,1263.0,69.18257289940331,64,31.366255642436606,557.5591995832184
4209706,-50.70464532062411,-26.85802304001827,930.1494308589026,1110.0986328125,865.0,474.0,21.739101088473166,213,106.2991176116946,397.5054748806753
4209805,-49.256407581261776,-27.468927609114502,292.9863696889952,717.63232421875,384.0,639.0,56.43474005403888,68,121.33422860469173,549.3169997406378
4209854,-52.051179006975886,-27.03321266502253,174.4530611364171,830.1052856445312,646.0,408.0,35.66262503806573,38,28.890028775099676,270.84972084947674
4209904,-49.51037420372566,-27.186478058420946,206.55956668313593,492.4565124511719,229.0,577.0,51.01455340212449,46,144.11893041598591,519.483964608572
4210001,-48.89333042889149,-26.729223460255678,258.01179962977767,200.24562072753906,25.0,481.0,40.609157958362125,57,204.18045606521125,574.284080107712
4210035,-51.50769028573722,-27.09050708101526,115.67811728641391,781.4285888671875,603.0,371.0,36.9273370923598,28,45.3897567491213,324.55708435638155
4210050,-51.35283759586245,-26.802581908743267,257.6995964506641,1119.2203369140625,931.0,386.0,30.635495438441225,59,80.28586794579725,333.3099157073135
4210100,-49.89049151338288,-26.197923490838225,1418.532368737273,845.109375,773.0,196.0,11.764787551317482,320,125.00613896000118,467.73552640863517
4210209,-49.05196600599444,-27.42876541123824,303.6914529055357,552.2058715820312,90.0,858.0,54.818825984991946,68,134.66222663416798,568.1816851290449
4210308,-50.36147202571966,-26.481962934478542,508.30207724589854,856.4824829101562,770.0,386.0,15.490973493374849,114,138.975326956768,427.13901404493475
4210407,-49.452989908628126,-28.86340695607952,60.1775670805946,12.571428298950195,4.0,28.0,3.7550037956355693,14,47.80251636482695,575.5869862514071
4210506,-53.19697012792628,-26.76209404897827,171.89963183831424,574.1842041015625,438.0,221.0,18.82070641894645,38,38.29676176584655,153.70166723693953
4210555,-52.63109546399997,-26.812197830227728,105.31749815680087,445.4347839355469,344.0,212.0,20.307729351410973,23,44.32678656110232,209.52639610844633
4210605,-48.98663602498272,-26.62589449554378,379.7675147121772,169.67059326171875,10.0,578.0,40.29914413959135,85,190.2444219651056,564.3240807837757
4210704,-51.14287449217655,-26.481385600383298,427.0747904442251,1093.1236572265625,922.0,309.0,26.27205931118311,97,113.62163516758343,349.77113754905844
4210803,-49.60330273164049,-28.839633374423403,201.71407474949956,38.16666793823242,5.0,165.0,9.374466004152694,48,38.60625429680977,561.3275612611309
4210852,-50.17725772633927,-27.18381162208689,335.34887301083654,697.2051391601562,352.0,821.0,49.06649898092265,78,113.89906117334567,454.727807307713
4210902,-53.046897996528934,-26.775047566560623,89.29466151818633,523.7142944335938,415.0,225.0,29.732846930332308,21,34.17243502897426,168.521281345141
4211009,-53.445847502446036,-27.09759623057037,200.28234936948866,300.2558288574219,205.0,229.0,30.076490308917418,43,3.533784694287343,142.6682615468785
4211058,-50.92523269031169,-27.191228042023774,177.05250271968544,966.8250122070312,836.0,236.0,14.804430368580771,40,63.76438304216355,382.8691170244625
4211108,-50.29038263090806,-26.660968454790737,556.1203114436939,907.2890625,739.0,558.0,24.09086202702641,128,149.8652613993538,435.6498192280278
4211207,-49.239759754739865,-28.6400133950779,77.15612246934325,45.94444274902344,7.0,83.0,11.412273218953528,18,50.63150622913354,585.7730374535217
4211256,-49.741772049965086,-28.720774937942387,249.19542444124818,457.4067687988281,46.0,1259.0,79.80198598388965,59,23.200331849860966,544.0126902615356
4211306,-48.72554574953146,-26.83287124742671,127.56463802047074,36.034481048583984,2.0,265.0,17.835719060393927,29,208.10428729702622,591.5991633956095
4211405,-52.900720916822145,-26.91404639576174,77.5526907229796,379.125,286.0,219.0,24.634241407910856,16,21.749674755235407,186.3219843855804
4211454,-52.8264459325969,-26.963664294444854,124.10006671026349,428.0666809082031,321.0,241.0,25.272084099286072,30,22.22493523643647,194.91108295432178
4211504,-49.03929651888098,-27.312685174966827,405.9241790436208,391.36956787109375,45.0,960.0,62.97759859128109,92,146.4363964753064,567.3202522642202
4211603,-49.586217778457595,-28.68439503764995,287.77683836687356,213.0140838623047,22.0,1080.0,48.62591138661075,71,24.175062122883777,556.336048469201
4211652,-52.79518382054334,-26.492058378605943,149.03907836135477,707.914306640625,512.0,370.0,28.649413353282682,35,69.01080947673546,186.57592391556102
4211702,-49.370719812930915,-28.278690141673792,551.5985781550407,472.7086486816406,73.0,1665.0,63.7216962133585,127,43.3646332863032,560.9176928024478
4211751,-49.97046402288898,-27.518154538545698,853.4426230331883,870.78173828125,704.0,304.0,11.489497981477083,197,103.14875790413292,482.04463537105164
4211801,-51.67940538439109,-27.28646933808364,228.09321475680918,675.0961303710938,468.0,436.0,24.745342963064424,52,20.9598712534136,313.36166031540165
4211850,-52.280535104829234,-26.70645462635801,168.82319975364953,836.3250122070312,669.0,329.0,21.56136677976062,40,58.752119818600676,241.08253326558892
4211876,-52.48792562073979,-27.21337011645718,83.02494365349412,441.6842041015625,335.0,245.0,33.655468008889734,19,2.3393499193371405,235.3970186731143
4211892,-50.071231062909185,-27.96286176738764,752.3282712856308,1197.0914306640625,940.0,632.0,24.34760065894974,175,53.324961065824745,485.54722225384165
4211900,-48.66171642583712,-27.774674060115505,374.9179769633338,192.73863220214844,0.0,1152.0,60.16366237829654,88,132.5378398538299,612.9045368223314
4212007,-53.313005829179176,-26.37314314461014,326.94985786639154,756.3783569335938,476.0,427.0,28.19555402003281,74,77.4769250000758,133.67301959879669
4212056,-50.16252943889037,-27.560077416825163,284.52043833211064,872.7120971679688,836.0,132.0,8.689168804612281,66,87.98001459456245,464.77160029254026
4212106,-53.18068013026352,-27.092942037996142,352.16399466618896,358.7875061035156,222.0,346.0,22.455198531860027,80,5.429246587413901,167.3659094670344
4212205,-50.171998999162085,-26.502263137645354,766.5119883911684,751.0701904296875,519.0,531.0,23.838653492441782,171,151.0010715596234,446.06988500377366
4212239,-53.674337320088604,-26.662534542196415,171.0514338472858,484.5833435058594,380.0,181.0,20.50756730749869,36,53.320636262900486,105.08701084242716
4212254,-49.72135437406802,-29.264639822114887,91.2662872262299,5.909090995788574,0.0,16.0,1.8808750234842528,22,83.34681975854912,571.4685797333243
4212270,-51.961077299817305,-26.704854289727184,622.4750924631953,1038.5106201171875,791.0,441.0,23.65093562433441,141,65.93266915427367,272.16459980492675
4212304,-48.75992319319619,-27.965378403425106,445.9890161929652,373.6019287109375,0.0,1146.0,67.7607763606997,103,112.78999410444169,608.0841909354684
4212403,-49.20819199724732,-28.482364017507628,153.08464917633682,252.73684692382812,74.0,312.0,42.91577476891841,38,51.838683366006315,583.0894377728749
4212502,-48.663087798497976,-26.81103741306897,48.69273949414492,29.090909957885742,4.0,95.0,13.475076190842485,11,213.31248560150425,597.5943147477088
4212601,-51.8766919926161,-27.353482086503632,102.38385154400021,566.3599853515625,421.0,257.0,31.52537769687321,25,8.228936829783764,297.1301570230933
4212650,-48.885606352205706,-28.398131132497898,101.19540520850569,39.739131927490234,0.0,137.0,22.440717846423478,23,84.30099444514127,609.4387961431653
4212700,-49.679723716228786,-27.54543989051806,300.48994903918356,655.0596923828125,384.0,774.0,44.91058862266725,67,101.82378611066993,510.4891353641839
4212809,-48.732384118981166,-26.757567894974596,96.20764505025,28.636363983154297,5.0,54.0,5.916855905286385,22,213.3327531969892,590.3793149390124
4212908,-52.97623260528803,-26.831428165877345,134.77070187404752,465.4482727050781,362.0,209.0,24.03127523711689,29,28.125012741108584,176.75367162523864
4213005,-51.23793921586343,-27.049583823624697,52.18160369247198,817.6363525390625,698.0,319.0,42.893680580584515,11,61.004805876225504,349.42785180001414
4213104,-51.77444677713659,-27.46088713716735,156.58471544459462,548.5142822265625,441.0,253.0,28.3819443103517,35,3.2503921433119847,310.5446858260391
4213153,-52.86887860094012,-27.0551881805004,66.07397870533168,467.9230651855469,362.0,220.0,30.486707185270145,13,11.700042319406505,194.14464073449216
4213203,-49.17256521357785,-26.728108434927876,213.62042929325253,242.74000549316406,52.0,683.0,53.03206394794942,50,194.55210511361145,546.6668756495683
4213302,-50.29658812664077,-27.407665082421197,570.1715017780662,929.0,836.0,384.0,24.224831339154033,129,88.67478392265672,448.25434835419424
4213351,-50.41321931099055,-27.18321111461512,407.25391914788634,1028.164794921875,913.0,241.0,16.916174455951026,91,96.6758993747353,431.91391832368333
4213401,-51.93010335207677,-26.86340231173786,562.367312819697,1022.9365234375,707.0,518.0,22.877042286410163,126,50.99952121596409,278.3544774295958
4213500,-48.61694098466574,-27.17511157104371,99.18676870130002,83.625,1.0,329.0,40.15182610879493,24,182.42639247499602,606.1036800310508
4213609,-51.00720933059092,-26.383808444331994,849.8104574475437,946.7462158203125,750.0,508.0,30.63701470291698,197,103.99480641038264,362.22238730506893
4213708,-49.97469199566934,-27.28582495556326,358.30797545798123,498.2749938964844,356.0,510.0,36.37704782284618,80,121.67738685210955,476.36235030716006
4213807,-49.991026781722255,-29.18262986422804,283.9748090254143,381.5384521484375,7.0,1046.0,97.9520686107561,65,77.78455585171989,544.6446975538812
4213906,-51.779669576533095,-27.23571697988196,65.1871167588979,673.5999755859375,570.0,236.0,24.667630950380424,15,23.53056497135714,302.3433354988818
4214003,-49.71325751619817,-27.062445146258383,303.7287290804088,469.9130554199219,269.0,461.0,40.47889154105235,69,154.24253401341144,497.58606124924495
4214102,-49.35566986583182,-27.268549789627862,229.7441299436614,621.9244995117188,293.0,564.0,56.604357831710864,53,138.76334719842362,535.8843260225519
4214151,-53.61065365011982,-26.432934259095276,78.18456272687763,616.4117431640625,515.0,188.0,28.173486442049413,17,74.6569982142711,105.77542768594597
4214201,-52.71935613502633,-26.72606605569188,275.3091746503487,510.3387145996094,358.0,322.0,26.605627746823778,62,48.95905801242172,198.80008661881206
4214300,-49.08783160241252,-27.67187364701501,281.83447072748095,854.3787841796875,581.0,561.0,42.667139721636445,66,110.27328665046298,569.9368349611357
4214409,-51.06071667544505,-26.909960813720616,321.8522521900013,946.229736328125,756.0,351.0,22.859227857454687,74,82.56350111014999,363.82450127065135
4214508,-50.131251685331264,-26.8922956518503,509.1323767984286,737.7913208007812,540.0,713.0,41.376839817415636,115,139.41464998416916,454.09246171177557
4214607,-49.844936766811,-27.157035451315316,251.5671236719936,422.7368469238281,346.0,202.0,18.299204505141887,57,140.6929937402336,486.46328129240413
4214706,-49.36957332963037,-26.617634403805475,555.2530670585111,695.8225708007812,76.0,941.0,46.626218975097444,124,177.1102200496485,526.4818800999989
4214805,-49.63220477596259,-27.19407470727545,247.50559571105987,527.4385986328125,339.0,423.0,39.63764742735872,57,140.90450797138337,507.76597211378896
4214904,-49.18536106254922,-28.094751604714254,302.86270033568144,410.0579833984375,114.0,1248.0,49.59550483693224,69,69.87251810941378,571.8700829048553
4215000,-49.59572760782786,-26.44426430454777,895.9144304050133,908.8851928710938,804.0,204.0,13.328637338673298,209,153.7611624878681,502.3586537064302
4215059,-49.754490954258756,-27.911640014753413,285.6813449896872,1087.8709716796875,858.0,743.0,45.16326472061384,62,60.659373489382205,513.2201451879278
4215075,-53.345939345232026,-26.977414511998163,191.31981262471527,359.0,215.0,292.0,28.5203530270211,40,10.705989977995188,147.24975503101015
4215109,-49.35225343268871,-26.894398299235352,130.577873990871,343.6875,87.0,722.0,81.30531052038684,32,178.90231725921905,530.5018761882639
4215208,-53.31637458890385,-26.64849218655272,229.15862284973264,487.11322021484375,314.0,364.0,30.870560328983096,53,47.120761704524284,139.26766097969514
4215307,-50.01171888393055,-26.970820181192288,177.7382036987692,650.1842041015625,426.0,539.0,46.879642682678245,38,141.74530034893968,466.9901565457468
4215356,-53.023607118323774,-26.589636503914566,162.87312600109726,689.4324340820312,544.0,294.0,35.0278001639292,37,54.5560306228609,166.2379475478529
4215406,-51.42703452420357,-26.89564267289552,103.56109132990241,1009.8800048828125,861.0,386.0,41.48588374252079,25,68.26449014612976,327.86515963135844
4215455,-49.12811243930091,-28.64954077789711,79.50519992876798,61.26315689086914,5.0,167.0,19.515227769158717,19,61.42374307917075,596.2361990570245
4215505,-50.44694526446785,-26.926097938549635,1158.5475374031812,1106.117431640625,889.0,427.0,18.908637606726202,264,117.26895804286283,423.8081928594425
4215554,-53.613753485473374,-26.92091613578899,74.92093474883586,417.27777099609375,280.0,256.0,29.552935851893412,18,24.831764154850596,120.63333210183148
4215604,-49.17840291490067,-28.013348475632153,197.9508685870096,508.8409118652344,251.0,789.0,47.349557026133354,44,76.11973239109992,570.0738370680278
4215653,-49.74325580406279,-29.12222972100171,154.41087789833546,41.657142639160156,0.0,171.0,13.680450943528102,35,67.58885311812058,562.3876536285561
4215679,-50.00362655198677,-26.666201785384803,709.2977325823158,637.1962280273438,435.0,380.0,26.61631034388269,158,166.70855599467112,464.0344895949053
4215687,-53.16632866923461,-26.592982830875776,117.20689940359443,573.8076782226562,447.0,293.0,31.656302981997463,26,55.99155351875122,152.37714784730386
4215695,-52.69662499947471,-26.631035258205895,68.40031403210014,595.8666381835938,491.0,219.0,30.287427251623722,15,59.013605916076855,199.00579911012065
4215703,-48.794821124290195,-27.738503655672364,352.36316935904324,447.4358825683594,9.0,1177.0,86.21019005247486,78,124.68918208901967,599.4034399181177
4215752,-52.988751003405795,-26.484339448727418,145.00946068111807,716.272705078125,530.0,377.0,37.04201841880858,33,66.26041202917936,167.4685099202477
4215802,-49.34846005509137,-26.29632011555013,488.7838758500293,809.9727172851562,200.0,851.0,37.74587601887339,110,143.768803114284,522.4745511069078
4215901,-48.93771385591216,-27.952787305685195,454.776990708895,646.4095458984375,272.0,827.0,55.97289082705632,105,98.86217941388445,590.9853231853949
4216008,-53.03261682928995,-27.02751225327606,166.26377621665597,391.368408203125,255.0,281.0,29.221161809863528,38,6.30438491328513,177.95184233333566
4216057,-50.34976829453446,-27.296409093934738,336.7005735952407,1056.52001953125,893.0,299.0,22.664980506188893,75,92.72144576059307,440.5532270604302
4216107,-52.557305081946204,-26.541765069736257,373.25180147681385,684.1411743164062,446.0,456.0,20.045701279476404,85,74.5300530315828,210.78749059971824
4216206,-48.64134373478483,-26.26208784111851,499.0670955404639,38.078948974609375,0.0,334.0,15.967619951412576,114,168.39178182019594,590.5471435854486
4216255,-53.59251522816992,-27.09110502059179,166.82163972593844,388.20513916015625,245.0,286.0,27.173000641617843,39,9.287390213958119,128.88761701155423
4216305,-48.85942666377327,-27.325595667850685,195.70479157287627,197.8913116455078,18.0,835.0,63.471511807314684,46,154.6625893510613,584.9843516804588
4216354,-48.7973840186556,-26.593223008481896,156.3066543834284,42.52777862548828,4.0,180.0,12.907953998860897,36,194.19042880205603,582.6994161379216
4216404,-49.814986157293,-29.202224626820705,180.45943717006594,10.050000190734863,0.0,26.0,1.8955808908022127,40,76.80622730497018,560.3883711271164
4216503,-50.008516117202824,-28.29808537185124,1867.9521224191412,1169.6427001953125,842.0,711.0,29.177385932748237,431,17.263021139789437,503.41379453837345
4216602,-48.65745968489226,-27.57927929684629,149.80872920900583,89.5882339477539,0.0,358.0,29.450473925837887,34,146.6042832180637,609.1125807654485
4216701,-53.5293559135376,-26.48085949837869,267.3673674892634,595.34375,438.0,334.0,27.16795355606805,64,67.28929139469753,114.66104642190182
4216800,-50.650664666117805,-27.598291858030493,983.3016855577007,890.39111328125,730.0,334.0,19.94557757874502,225,49.07936542790255,419.7304109214882
4216909,-52.85960901190685,-26.466476440984263,367.5516652436927,747.6144409179688,506.0,424.0,26.434584930037072,83,69.97492278270137,179.8080123498305
4217006,-49.164487974957055,-28.355316137843932,107.18609453737736,208.60000610351562,57.0,397.0,47.04966979356523,25,58.66784761743012,582.4696441696092
4217105,-48.971665858598925,-28.122321231062767,226.20510837435722,285.3269348144531,49.0,542.0,44.54716469676728,52,86.10341896917039,592.5939954498268
4217154,-53.23860530361351,-26.687905573505393,71.96101756207645,468.0625,383.0,219.0,29.962751226116517,16,44.40689540347278,147.86336687558253
4217204,-53.51378458078171,-26.728247793617,234.59040397312492,540.0,322.0,334.0,24.211166650257564,57,40.64465736706259,122.33228008483619
4217253,-48.83428270639811,-27.590467313297065,138.34271812438965,405.6551818847656,212.0,462.0,34.349776901152154,29,133.29405209173768,592.3878858710842
4217303,-53.041374347017765,-26.898332560135223,203.52411223761737,427.7872314453125,285.0,279.0,26.241986382618265,47,20.55084974084535,172.49062308748793
4217402,-49.06511075277531,-26.360941819640004,164.23604980111122,313.43243408203125,33.0,712.0,72.09456357754902,37,160.10649153366953,551.3519307890788
4217501,-52.34200481341179,-27.151778435166666,304.54569270275533,603.1857299804688,332.0,568.0,46.25526752711475,70,11.191581018933014,246.7090644200099
4217550,-53.02559662984121,-26.69404772417734,94.62259077932686,588.5263061523438,421.0,273.0,27.835860010027265,19,43.01464461936407,168.4463812759872
4217600,-49.52770565488341,-28.584467405729434,257.37082702852786,374.06781005859375,87.0,1189.0,74.48091427511233,59,22.01264801129768,557.671683410458
4217709,-49.65682213142863,-29.068984684133103,141.65504000522196,26.794116973876953,5.0,99.0,9.423064889526461,34,62.18982597594084,567.1640834645887
4217758,-52.94629669602489,-26.696142723325245,113.54178824275732,511.26922607421875,421.0,175.0,24.934232744031338,26,43.36669076854893,176.14033315077012
4217808,-50.09210945941815,-27.078001548923297,669.8479872224852,618.9295043945312,348.0,815.0,39.29460089707506,156,127.8943062473903,461.085605169046
4217907,-51.144675246898245,-27.1462996312552,392.55287858005613,855.7999877929688,630.0,494.0,28.933507316832664,90,55.91033812695285,360.72832697509574
4217956,-53.15560937582688,-26.678664677345836,58.97046964708716,599.0,445.0,232.0,25.318097455262485,13,46.535127858336224,155.53504262955622
4218004,-48.69896507485621,-27.25189824986417,283.3093776172027,102.52381134033203,0.0,642.0,36.96045401061477,63,170.68937979963664,599.3087431555675
4218103,-49.86810370280563,-28.80737452821236,325.3004154684022,500.20001220703125,84.0,1160.0,90.20860165653906,75,34.78891314666826,536.6936394723019
4218202,-49.268413396373425,-26.808245734109843,132.40766872651875,199.83871459960938,70.0,577.0,46.45647715865475,31,190.15791807094126,537.8604019826203
4218251,-50.66449383106153,-26.625182879728904,588.4391567967832,1037.38232421875,868.0,367.0,22.492018305047154,136,129.9391678282934,398.3479719547889
4218301,-50.25624078345289,-26.170794474525003,433.87132902350277,798.051025390625,761.0,84.0,7.237788062430459,98,116.05234228326309,431.7374316613405
4218350,-49.49107662382599,-28.49759249839277,159.34198154136539,433.8611145019531,125.0,1255.0,84.651943202555,36,24.104846283708476,557.7747295346746
4218400,-49.154784406320275,-28.565489803013985,162.83442487940192,184.6216278076172,3.0,370.0,31.680092984002957,37,57.240706938250135,590.8234735137318
4218509,-51.446829314123164,-26.965442699065118,188.59025977738202,926.4091186523438,717.0,578.0,33.365905993227585,44,60.30008072622152,327.37246858376363
4218608,-49.81022140932735,-27.312263370695998,112.15743076242507,420.8148193359375,365.0,123.0,16.340793267329186,27,125.95723898280531,492.76217780625393
4218707,-49.03647647266772,-28.48318117465695,311.2791052972898,94.94520568847656,0.0,404.0,26.514045412995422,73,68.61206879148631,598.7554909769252
4218756,-53.64648058666673,-26.988907814815803,121.9055808801204,384.82757568359375,251.0,255.0,33.85490413120781,29,18.504236902905152,120.01397642993712
4218806,-49.70703417687348,-28.90257306095362,239.03846921864897,64.72222137451172,8.0,263.0,15.515320228386216,54,43.39617028282756,555.0489514188887
4218855,-52.85325119904611,-26.78812913271216,93.55507855396718,478.3636474609375,389.0,215.0,28.76629532878059,22,36.3440746075644,187.58934969164102
4218905,-49.577419968455246,-28.039159488492707,1030.4056053888053,1283.864990234375,886.0,789.0,56.56478721768141,237,50.90600178315866,533.7278029221488
4218954,-49.9018564128064,-28.02410968323146,337.34241279028356,1285.175048828125,1023.0,504.0,28.852169756254142,80,47.177692655617086,503.26688599707904
4219002,-49.32835714042873,-28.49347768104862,251.40843676682562,230.0877227783203,39.0,464.0,31.52789190454918,57,40.02688975651731,572.4681717436022
4219101,-52.12533339992187,-26.784103534104773,164.66106036957353,897.0250244140625,774.0,248.0,24.582366439200307,40,52.821362018540306,257.718206491773
4219150,-50.95206635813874,-27.466838890263354,336.24349642172456,886.3544311523438,721.0,290.0,22.170772909279393,79,40.238077535091016,387.4135537579319
4219176,-51.75923936939272,-26.945922281602176,290.7814565449953,1056.880615234375,813.0,368.0,24.6031901155831,67,49.62837446789165,296.7575515004409
4219200,-49.34794484260033,-27.39083473205697,347.7308974908665,632.076904296875,264.0,636.0,51.89357600691521,78,126.09576693276159,538.907231105727
4219309,-51.12693954904031,-27.007654810776057,379.1636384455487,877.62353515625,719.0,385.0,22.354282257528308,85,69.91470085775094,359.2352587609467
4219358,-49.84688532368796,-26.827539635470554,368.5125860720873,554.682373046875,340.0,513.0,38.6042381689584,85,164.61099920064333,481.1201817589445
4219408,-49.84044521143883,-26.935439888707133,150.14298307336867,536.3783569335938,401.0,308.0,33.933149762366,37,157.3091762267566,483.17568479629733
4219507,-52.4133376018796,-26.86997452482005,376.0039762770757,740.7882080078125,465.0,460.0,30.687912953047448,85,38.41593203404719,231.97147819209573
4219606,-52.32329780862696,-27.02031832061186,223.98102057073265,696.2777709960938,534.0,380.0,40.430027105184635,54,24.921985218542474,244.43458553919808
4219705,-52.531693459364604,-26.96942634895036,284.2855704501271,671.3174438476562,385.0,447.0,33.949034041735025,63,28.25380740981421,223.1097724907511
4219853,-51.53713814060483,-27.477413223783817,194.5560501543805,713.7111206054688,494.0,383.0,22.972328184923562,45,5.749745068488255,333.04260476526935
4220000,-49.25414114059275,-28.826714321476242,64.0443890914321,19.928571701049805,3.0,57.0,9.36801023826329,14,58.6196079488596,591.6896245930258
4300034,-54.13870679041298,-31.6891566955223,1548.9023205582052,151.02162170410156,93.0,141.0,5.218785811799821,370,21.294974285947248,493.74072807279924
4300059,-52.05237065688169,-28.213977429330217,297.10846057813615,718.4058227539062,618.0,200.0,15.174142052318244,69,78.64049897072337,320.0394406273459
4300109,-53.22589361785995,-29.608391968668773,543.9848367152736,221.2283477783203,28.0,511.0,38.62394255432884,127,61.29610251145116,340.1973349081023
4300208,-53.73515161840277,-28.210509104643634,319.6355135701597,381.39190673828125,292.0,203.0,12.983334433750295,74,102.11659857500266,195.47165521279905
4300307,-54.78204590296815,-27.652419625649916,310.1524427430704,203.25352478027344,117.0,179.0,19.799783206165664,71,7.72937385452873,84.8697679661484
4300406,-55.83619862784087,-29.765208898987385,7781.86490349099,111.84195709228516,51.0,181.0,6.645748480697014,1816,28.216758952922046,246.93841421165442
4300455,-54.055410663359964,-27.81462825592,167.77715610340238,329.75,215.0,189.0,19.171779153079644,36,48.498214587111676,142.68520535701563
4300471,-52.90639927822005,-28.12752536121089,252.69179564900696,540.1694946289062,437.0,174.0,13.013945626644318,59,96.5490799367962,247.2801016841696
4300505,-53.061793612276084,-27.219255983503537,330.476853874512,363.4415588378906,248.0,260.0,19.62804544509323,77,5.905929007654161,182.85493715780308
4300554,-52.992729330617315,-28.802205577754528,122.1525763142854,400.9259338378906,340.0,162.0,14.591538983381133,27,119.02161574269303,292.3888385918776
4300570,-51.30742129042433,-29.364057944605403,70.46822405885905,452.70587158203125,299.0,306.0,43.46503690080246,17,128.13901180693944,452.409816698616
4300604,-51.03403098797796,-29.990028301334902,56.87703850585967,18.399999618530273,4.0,51.0,8.231037569568405,15,180.4723030365732,517.5921483514868
4300638,-52.31870613151123,-30.80947116285264,497.43904317356646,127.00847625732422,35.0,375.0,18.603952677980207,118,129.83742534777485,495.54966641537175
4300646,-53.196475531521756,-27.365875133467757,100.70359297189862,365.9565124511719,247.0,293.0,24.449487138728724,23,20.422771406029792,176.90969013401096
4300661,-51.502538364206,-28.592615098097138,331.8000238491222,678.2763061523438,513.0,259.0,16.943964529606216,76,80.6068233681409,387.1460305084605
4300703,-51.99581987648663,-28.969553128902007,239.85076692327857,467.9137878417969,245.0,463.0,36.299300725898085,58,144.0292242099288,374.3955636949078
4300802,-51.31715675161056,-28.880706632232748,340.7170529803261,622.4050903320312,308.0,487.0,36.965860093173575,79,87.99929891484506,419.48738922775317
4300851,-51.577019114985646,-30.917726976069773,518.9488459527493,12.472000122070312,1.0,50.0,1.6929667518687683,125,133.90524297710934,551.522793199668
4300877,-50.93271355710534,-29.636805668895118,34.22385850735009,78.80000305175781,20.0,291.0,36.18018032308005,10,140.26160607736523,498.8658047289624
4300901,-52.30118916724274,-27.390492003146594,333.8260290483013,546.5999755859375,352.0,479.0,32.59624349356225,75,10.052826135022288,259.70892057264
4301008,-51.96660153105987,-29.363080982064947,163.49198624212295,162.74359130859375,26.0,416.0,42.953945906852006,39,170.3055510237213,406.52519133694693
4301057,-49.89170896316562,-29.519924879859225,120.79330708738416,6.785714149475098,0.0,11.0,2.2195076102455062,28,112.5629616340154,571.4595292139194
4301073,-52.38857323955659,-31.443658461811452,97.05519400164485,166.7391357421875,86.0,155.0,18.238485750998095,23,60.95816497344,545.7225615027141
4301107,-51.75108873784712,-30.192992294549367,427.257749366574,131.20619201660156,25.0,324.0,21.7990579334237,97,203.4685681637143,484.234071258786
4301206,-53.052119117865665,-29.258104225939285,303.7135273562744,323.94366455078125,172.0,301.0,21.993243304053212,71,85.08544162495599,325.5562988281612
4301305,-52.91915881216872,-32.18827707993058,2512.8767772093415,42.850746154785156,0.0,203.0,5.568264107013004,603,19.66503806621336,585.7588446471663
4301404,-52.18377329009872,-28.86116131681597,269.1794193908572,606.3809814453125,349.0,386.0,32.45503055264534,63,151.2834290331642,353.0463086469279
4301503,-54.0038911502692,-28.537013176330383,349.08208670001477,332.51220703125,267.0,127.0,10.516809057395466,82,114.2436577971171,204.82502096727282
4301552,-52.0767850804824,-27.70984199049502,155.77220403123647,620.7105102539062,514.0,199.0,16.77244105465098,38,28.29463418925545,292.53224071161867
4301602,-54.01549099981697,-31.234467872829825,4094.0061836931854,241.5488739013672,131.0,248.0,8.98948451199402,982,16.55814734219337,450.64666681494003
4301636,-50.29266906332897,-30.210262622487082,99.85958847030997,10.291666984558105,2.0,22.0,2.621842393331152,24,191.29323425045368,585.4121776893443
4301651,-51.48970601286704,-29.386849626862723,127.19212103169411,488.96295166015625,233.0,423.0,35.63732443670293,27,140.1526650449569,440.9553628703465
4301701,-52.41665601868289,-27.569283859826903,262.71595638711005,752.01611328125,602.0,243.0,24.659903495605207,62,31.279497536386703,255.89142670765233
4301750,-51.795858474916436,-30.416385079051604,437.91860478557646,328.30303955078125,134.0,361.0,26.89316441473687,99,178.4282107305503,499.1905912644724
4301800,-51.44188344199726,-27.724774327914176,504.93625285383314,738.5751953125,462.0,401.0,21.750788707701588,113,9.365743605757642,351.23217780853776
4301859,-53.76424864693862,-27.20368962231066,61.35875867307186,290.76922607421875,233.0,126.0,20.13605040317554,13,2.6705033006939884,119.2081332282122
4301875,-57.33325402813426,-30.152633464992338,1047.7330238167197,61.98373794555664,40.0,54.0,3.216596351635743,246,14.57960699240881,218.01099747062773
4301909,-51.3641936473913,-30.375165358180613,712.8849937599152,42.1588249206543,0.0,235.0,9.89115010363634,170,196.82526624519562,523.8576572158632
4301925,-52.4052080820975,-27.403894433019282,148.60195606108755,559.7428588867188,331.0,437.0,42.85396191062225,35,13.001500602795899,250.5498834809645
4301958,-53.01535274603139,-27.9234406813661,57.80394591670483,417.21429443359375,361.0,117.0,15.763212805457629,14,77.50804708710515,224.89182486675097
4302006,-52.587483163078154,-29.11485839278949,649.4480079226196,552.4199829101562,303.0,401.0,24.129582127953714,150,132.99764955726795,344.2850851725972
4302055,-52.64100543229244,-27.48510480303283,130.99319676775485,661.7930908203125,436.0,344.0,35.448108761892804,29,24.035046536704833,232.0268300239062
4302105,-51.55334132696776,-29.126261502226214,287.1828402047977,450.2361145019531,147.0,514.0,40.38142446949295,72,123.0406076619491,417.70336061768734
4302154,-53.3409014061985,-27.698510749415064,185.13773107528687,540.3478393554688,488.0,110.0,9.95379299538423,46,55.570412267352765,184.58293439711434
4302204,-54.09758304217021,-27.673803310038593,113.73597287386656,263.96429443359375,186.0,199.0,19.51411255625713,28,33.0321834609267,129.4884735900204
4302220,-53.83779834686775,-28.65657897135967,695.6300090830773,381.3865051269531,310.0,130.0,8.272716665579127,163,100.13359418047024,225.61545781735742
4302238,-53.462759087146196,-28.866298072140182,500.77168210223317,387.6293029785156,334.0,103.0,7.464289131202488,116,85.99335653540709,267.23661483462973
4302253,-51.666787413150224,-29.35234222923104,83.81294342502952,480.6111145019531,313.0,263.0,36.799275192260446,18,148.32139909264143,425.97809037501554
4302303,-50.42207084843292,-28.59582847072028,2636.4197734855115,979.78955078125,577.0,623.0,21.722368122597686,613,17.715790147353736,478.67585354266566
4302352,-51.36667171521738,-29.471699245941966,78.89182815514505,153.7058868408203,35.0,357.0,40.13322876110606,17,141.261701950786,455.8770298075003
4302378,-53.85252091148509,-27.545337135369863,84.19913485832512,415.2105407714844,295.0,185.0,16.440943291115026,19,37.31008926945461,135.85164529294934
4302402,-51.92277203088026,-29.636098765384236,98.37073348183185,60.181819915771484,11.0,127.0,13.466044881420988,22,187.3303539286705,429.6783617639077
4302451,-52.41287223564631,-29.304331023008853,267.90052486769855,540.0484008789062,315.0,362.0,26.012600730115143,62,143.05414634216714,370.7363624537342
4302501,-54.969868165074615,-28.661103880505557,1596.5237362515181,183.16844177246094,105.0,184.0,8.1513790401774,374,76.10217269455343,154.89810655461284
4302584,-53.74997362421973,-28.353642404708044,198.16504408326,369.7083435058594,303.0,145.0,12.12804258314758,48,115.12624375753079,206.05104631716276
4302600,-53.74372652079319,-27.581941406736345,138.45713949669152,411.28125,283.0,201.0,15.497903709565414,32,41.42079247453825,146.2769058993726
4302659,-51.620448797553394,-29.537049265568054,112.89267260488123,246.39999389648438,124.0,330.0,34.538080419129116,25,160.9621334100142,443.2198862923426
4302709,-52.00669121420614,-30.185044018840088,742.891511965543,123.23563385009766,6.0,370.0,14.879470863389203,174,190.91094309689504,467.427626564877
4302808,-53.477803334627986,-30.59512714519467,3033.65890099667,200.345458984375,48.0,373.0,18.101226974657585,715,103.12943152233132,411.11998755401754
4302907,-54.80367581181012,-29.921072598106978,2357.6846729237586,115.81934356689453,75.0,115.0,6.101515932360807,548,9.589805828064465,288.8698919486106
4303004,-52.987850472244986,-30.207471664242053,3718.1437051668763,87.3715591430664,14.0,367.0,9.21160357582816,872,109.9343541997324,404.53693308179874
4303103,-51.093837555751065,-29.921035930519526,44.639157813973725,31.700000762939453,13.0,29.0,5.3518358234772485,10,174.81587360747534,508.2897599798934
4303202,-51.68083087481099,-27.81225722244407,218.47109454497695,676.3461303710938,567.0,228.0,18.225678718085444,52,29.58142546311628,332.5892354990543
4303301,-54.658076670013926,-28.335010486107162,258.12669658847153,219.38333129882812,171.0,110.0,9.44209195519222,60,64.74795536924913,143.60525201407359
4303400,-53.46583713597729,-27.24590271893151,188.5153180276975,368.0714416503906,194.0,328.0,31.03912216338443,42,6.952245620614282,147.285933758141
4303509,-51.788443988451284,-30.923369229709756,1686.5065554175526,69.55779266357422,1.0,429.0,8.851290984354357,398,124.94639479213753,538.0673161632795
4303558,-52.21813239886538,-28.615726370542923,136.81671420112252,537.8386840820312,428.0,257.0,22.62625442593683,31,125.66134852714968,332.82269688466516
4303608,-50.13537784113919,-29.058192807201202,1175.2949459254742,986.7977905273438,787.0,350.0,20.23483890463671,272,63.49769906939833,526.0236987001534
4303673,-51.09788589808654,-28.72695499799672,528.9466709299013,762.343994140625,424.0,469.0,24.760261903381164,125,60.748164298763086,427.99599461474287
4303707,-54.82982727291542,-27.96369952815431,224.69326109532267,203.09616088867188,119.0,192.0,15.277044438096706,52,23.294971214346095,102.56316456811372
4303806,-52.65929474849821,-27.735890745193473,273.2718267356977,616.703125,535.0,165.0,10.98115332552248,64,51.22272093164873,242.46562121232898
4303905,-51.04816655122477,-29.675220021827187,54.00824879668653,78.85713958740234,12.0,236.0,24.74241607375657,14,147.68941207737433,493.2818564547891
4304002,-53.82594480709565,-27.66744372806434,213.0203027566895,443.51019287109375,373.0,109.0,9.303534931448642,49,49.81503380215126,147.51008703589795
4304101,-53.05412011682433,-28.90433004720676,209.83842656295747,407.5434875488281,322.0,211.0,12.583383085560657,46,106.81902141874455,296.1945791005059
4304200,-52.814991847610926,-29.698766378544974,949.2182043297216,163.20269775390625,23.0,560.0,27.3397380196228,222,101.88787903652572,374.9955585286416
4304309,-54.71715180532839,-27.933133613946232,235.15497257653624,265.25,143.0,208.0,14.590485509894696,56,29.07152156894363,108.99737754145875
4304358,-53.745922142625346,-31.551899151475943,919.644476454705,211.4549560546875,104.0,279.0,10.263631265024667,222,35.35492929283828,492.5907247016955
4304408,-50.77589989410706,-29.350926429350118,248.6049306038767,712.2857055664062,339.0,527.0,48.36832739252808,56,105.90327303123092,491.45508671136037
4304507,-52.66909062559037,-31.216914022731338,3522.3254402540624,230.26107788085938,40.0,422.0,17.67796762194581,835,92.31640707028404,510.2489766224244
4304606,-51.17811586030646,-29.91082906500326,126.43238363601267,15.233333587646484,3.0,56.0,4.0063092079017535,30,176.41910545610784,501.806286998881
4304614,-52.23642740851159,-29.328138760798232,79.09314184356481,371.54998779296875,184.0,361.0,44.95840559059913,20,159.39139780952982,384.83348665137356
4304622,-51.38814472599511,-28.151579947722738,518.0810544965789,819.1092529296875,707.0,192.0,10.533294946319362,119,43.923671083637565,373.4977391754878
4304630,-50.0011504801006,-29.684555630593056,95.28265423513949,6.181818008422852,2.0,8.0,1.7077570077258963,22,132.25542728893865,572.5487161663052
4304655,-54.5817308609732,-28.95960260887226,1000.384913533926,308.77349853515625,172.0,232.0,10.625396728608697,234,86.52914310362982,202.84090702956638
4304663,-52.53905459260049,-31.83347106933681,772.9708037525415,36.7650260925293,0.0,198.0,7.426528265265469,183,25.5122451767387,572.7854729856348
4304671,-50.51090681410357,-30.135275965614333,405.37268531229347,8.683673858642578,0.0,75.0,1.8977670918537752,98,185.65232270391104,564.5615120777068
4304689,-51.35497441791579,-29.7045320342462,187.92061587516218,50.41860580444336,5.0,132.0,11.39859484507884,43,162.864690574726,474.05830113014775
4304697,-51.9843847189166,-29.281343893936413,75.73323339223862,382.72222900390625,198.0,279.0,39.95563515305084,18,166.10317600765137,398.89320307626747
4304705,-52.86141066633691,-28.276946578866138,664.961104998365,543.2185668945312,494.0,132.0,8.892615960454139,151,112.03696625938011,261.42959083627204
4304713,-50.34379659451508,-29.772589136016826,275.0832401579246,303.3846130371094,40.0,803.0,49.33364572916834,65,143.56320818882844,551.7681661492122
4304804,-51.502184913489785,-29.320986199943917,233.30680185556412,543.4259033203125,262.0,416.0,36.38814622706522,54,135.2014699301807,435.26982749082856
4304853,-51.93242865715028,-27.70430005077395,78.69146215170622,562.2105102539062,454.0,214.0,26.70180439423139,19,21.09831760967144,305.3870359199309
4304903,-51.96673383036399,-28.59502282208175,271.05061800032854,600.1384887695312,474.0,242.0,21.03158058791263,65,116.57741894536717,350.5080431610686
4304952,-51.73476408366903,-28.249165120829517,237.32375961635262,809.0357055664062,737.0,160.0,12.439424865970437,56,72.86946080585379,348.5101095727847
4305009,-54.03282746934764,-28.166447422865303,581.4879987630993,354.41790771484375,218.0,244.0,10.725971286527468,134,85.32122359115517,172.505328860298
4305108,-51.024452312000946,-29.103242171517334,1634.7484275279567,722.6981811523438,199.0,722.0,31.324117926927848,381,89.46594733095392,456.41446278202216
4305116,-52.00464731550266,-27.777027948255977,133.02253356855363,618.4285888671875,509.0,201.0,22.556179319468487,28,31.07721585101777,301.9019403876702
4305124,-52.79468609393891,-31.730068965808467,444.29620683938265,109.25233459472656,15.0,247.0,14.67066785284002,107,48.082414219984955,550.607360169072
4305132,-52.998678425292375,-29.632949318542373,152.5589718800038,377.70587158203125,83.0,487.0,48.003775745697375,34,83.42136580352764,357.34111543054576
4305157,-53.1598725113624,-27.628644738531364,77.5000411234796,381.875,316.0,113.0,12.401641573139674,16,47.847900952736325,194.4353206626187
4305173,-51.760979612045666,-30.584171328642185,316.6939818356186,200.65789794921875,75.0,382.0,25.667066589796196,76,161.40129441875192,513.9311033090836
4305207,-54.74029264703188,-28.133826017374766,195.58771840948611,205.62791442871094,145.0,169.0,13.577784404642642,43,42.27098720022634,121.83766486372235
4305306,-53.11299212022249,-28.096517206926226,691.2937856204808,512.5527954101562,383.0,201.0,11.142625647515318,161,97.40233448379433,230.00411697813203
4305355,-51.55530034643672,-29.990843073005404,218.34606279991567,19.452829360961914,2.0,91.0,4.982655777085852,53,199.81224066017475,481.63622598899974
4305371,-52.000553305406555,-27.943435233079526,189.25835389457643,604.0,502.0,186.0,20.53091026925493,42,48.37180179873603,309.9668495636196
4305405,-53.91121464594845,-27.987137665538693,393.60282509122044,426.13043212890625,345.0,170.0,10.581107524164267,92,72.0716260674896,165.96661918108887
4305439,-53.41226343366476,-33.65330844301497,194.7001524195075,13.0,6.0,19.0,2.2770974321691253,48,57.99276179674644,498.6731619911581
4305447,-52.00471020438689,-30.78102590985429,215.36198062822223,158.62745666503906,57.0,250.0,19.404539279827596,51,134.7866448737117,512.8590860982389
4305454,-50.2735988356804,-30.121922052918922,239.2787312241271,10.421052932739258,0.0,25.0,2.487981669850233,57,181.43008564570732,580.5809129132316
4305504,-51.91667047572119,-28.34528480704114,274.91470801085234,762.984375,582.0,279.0,16.632756670212697,64,91.33777242320683,338.8431602567783
4305587,-51.86386985202887,-29.390223808689925,57.464747610501945,130.2142791748047,33.0,413.0,50.78337384942803,14,164.79905839511656,415.47099706833535
4305603,-52.99220673874242,-28.473083701337497,279.3337732376531,460.4307556152344,376.0,168.0,12.414775639179943,65,135.65638255492183,267.8050583064546
4305702,-53.49476801628936,-28.16455648082427,458.0799281615764,480.9333190917969,358.0,196.0,11.30505003655278,105,106.04341976307761,209.3044919026963
4305801,-52.98803867838184,-27.687249418442097,215.49822102021426,461.0799865722656,339.0,247.0,17.248651285285042,50,51.33478907526636,212.067639200895
4305835,-52.12845764022925,-29.167368053020805,116.29212971404195,377.629638671875,174.0,459.0,49.50531178854193,27,168.06359503834327,380.32554194555934
4305850,-52.759473532851,-28.130221521735486,280.679451120086,580.3709716796875,512.0,113.0,10.553593050964711,62,94.8617897285502,258.52626713266716
4305871,-54.05768682602479,-28.403470595862164,168.6278402293101,281.8947448730469,232.0,99.0,10.057481346118452,38,109.29358525162438,191.60755358522746
4305900,-53.64616024443493,-27.796985899072887,502.77566881943494,496.99151611328125,411.0,164.0,9.83804197760223,118,64.2465733988308,169.9057195010552
4305934,-51.717869288499685,-29.263946067633384,106.21780855488032,436.9230651855469,177.0,432.0,51.36482982421902,26,145.0175645407338,415.8057758618459
4305959,-51.693869409956235,-28.993066955363943,177.75245523266494,415.3414611816406,157.0,479.0,46.583252793317165,41,124.67244770122959,398.04203856779736
4305975,-52.33277583606642,-28.123054508874624,405.6405401909724,669.5806274414062,599.0,132.0,9.380007425125147,93,80.05049701521085,291.71711285861636
4306007,-54.14301533470392,-27.488858079665025,359.9264129176736,262.92681884765625,151.0,234.0,17.97043532590042,82,14.814024311373652,112.65814917658572
4306056,-52.02967282257742,-31.006775413861103,661.2078655399382,44.651611328125,9.0,180.0,6.854107730033788,155,109.79209304312845,529.5462829945966
4306072,-53.250992791784775,-27.43332322988346,91.18589971773326,324.8571472167969,253.0,251.0,19.6876379753477,21,26.30449405753304,175.61277464465124
4306106,-53.56243801550231,-28.70296372918815,1357.8295533396304,412.9906311035156,347.0,137.0,7.658203880381867,320,99.24596266084457,247.17677342532815
4306130,-52.639909773807126,-27.630158879636763,162.1024133041501,573.810791015625,480.0,178.0,18.763586941779582,37,39.81077679373567,238.747146675437
4306205,-52.033756172195005,-29.541566138141512,149.92505288869143,61.74285888671875,15.0,170.0,11.462664262616093,35,176.5923435274488,414.8946685195023
4306304,-51.811693037314484,-28.4165087971933,174.13199870008975,734.0526123046875,621.0,204.0,28.448149132534994,38,91.75584073457321,351.6075597347712
4306320,-53.89228964481976,-27.241718426995813,361.09567262697965,317.21685791015625,161.0,286.0,22.402347269426873,83,8.337674918824387,110.98734531214468
4306353,-55.078901920328434,-28.202632845180567,220.11393516883254,182.5471649169922,108.0,166.0,14.006187777208755,53,35.792047578983585,106.93981397736414
4306379,-54.16196659711436,-29.813990505041374,610.0331618245691,112.85713958740234,66.0,106.0,7.062125413953902,147,14.836169757633657,303.890628007715
4306403,-51.08966150875412,-29.59995208618687,65.70009157154709,197.25,113.0,158.0,35.05667147441827,12,141.34858358404782,484.9114369929599
4306429,-53.496253216393676,-27.677676840993474,227.49852948915213,515.1458129882812,443.0,126.0,10.476392040532309,48,53.36554222804156,171.34801424525745
4306452,-51.848433307073435,-28.977037838324932,130.149256429635,431.2069091796875,183.0,404.0,33.441877474611196,29,133.98027017292577,385.55410776211875
4306502,-52.201638011042384,-30.604656946588623,1350.395287439227,282.0506286621094,55.0,442.0,26.084059956093576,316,152.35763192120908,486.16122906084377
4306551,-49.853734751542966,-29.367939657090975,74.12800833955407,37.83333206176758,2.0,118.0,19.457848060082885,18,95.429609023105,566.0015917276799
4306601,-54.6670586386333,-31.057434636847656,5174.68523665145,186.16380310058594,6.0,379.0,5.853655897530601,1221,64.13139672916438,412.8020321357473
4306700,-53.34871250336297,-29.558781704831155,117.82355281710625,200.0,49.0,454.0,51.38556489738137,29,49.21963233783808,328.2179298338184
4306734,-54.372418311172815,-27.4878004543946,237.0973191941157,189.32142639160156,128.0,145.0,12.771294040908328,56,3.737679730924806,95.58442573774799
4306759,-51.973899768626815,-29.09560010973055,117.7145775668323,375.0740661621094,99.0,493.0,50.6723602128538,27,151.79894082957532,385.31798626359546
4306767,-51.49284747460633,-30.076765221343067,509.12620688881725,43.966941833496094,0.0,171.0,8.179218221787618,121,205.342720689751,492.3779548379075
4306809,-51.92118589456596,-29.21392679167641,134.88741698022932,225.03030395507812,48.0,411.0,65.08709852561752,33,156.79293396630868,397.94164096455154
4306908,-52.671364798308566,-30.628853020209025,3353.6317371614277,258.4767150878906,48.0,423.0,20.102257585425043,795,154.7305523272987,459.2344766178228
4306924,-52.90876008675172,-27.685236700781747,58.807298485189676,521.7142944335938,445.0,158.0,15.789195401284813,14,49.95253949569609,218.55468606445467
4306932,-54.299113003636116,-28.458208786719027,554.9936772985384,274.3846130371094,207.0,140.0,9.220355997592284,130,98.10531808263278,177.57750200183187
4306957,-52.725194248383104,-27.52111296809876,120.5112723344937,564.5172119140625,366.0,271.0,22.323433939363223,29,27.446365397642953,226.0494645027126
4306973,-52.32115881162099,-27.827615367664023,148.4130267696455,729.6764526367188,658.0,136.0,15.80627977919888,34,54.03352294841248,276.34070239796927
4307005,-52.25751681045615,-27.643662635117913,419.60628101881593,700.9270629882812,512.0,295.0,20.897012393730428,96,35.801071174935146,273.42067450448343
4307054,-52.55543913557343,-28.421643703149492,244.3130506221205,514.1785888671875,446.0,141.0,9.73348833532573,56,119.54620514308357,294.16814508807306
4307104,-53.40041357480531,-32.020738144378164,1756.7817649077624,183.09738159179688,45.0,307.0,16.69703186765597,421,68.67484894917663,550.9968953034835
4307203,-52.57976132313006,-27.353406076559942,284.5966409863904,590.3076782226562,302.0,493.0,40.998960824722026,65,11.258638251589497,232.52026659806464
4307302,-53.52194098023561,-27.51056064901648,379.1513467403129,420.9891357421875,262.0,299.0,16.88607945752419,92,34.89497265631787,157.90466763263643
4307401,-51.1685092857981,-28.035613150150933,830.4805852416903,883.385009765625,578.0,386.0,13.817236834495558,187,18.900944632227326,388.00019770780244
4307450,-54.00793145765009,-27.32820697047906,151.80216189380735,278.4117736816406,170.0,209.0,18.774962843301335,34,9.674827661696085,108.18209615831037
4307500,-52.82787262616518,-28.86552591362237,797.7462920220569,473.0213928222656,343.0,320.0,13.740944074872829,187,126.47797244324549,308.7099751611543
4307559,-52.29063312551139,-27.925936326198446,106.3426249269396,717.4400024414062,664.0,95.0,16.6955297695998,25,60.10036413748217,284.05585732102014
4307609,-51.18745376907296,-29.648056310514807,48.82002961449325,81.0,45.0,122.0,14.88678157633489,11,149.98419430754723,481.4389657159512
4307708,-51.17240541386875,-29.853001237497246,23.005127458833158,13.25,2.0,32.0,5.098338785569012,4,170.25704513077352,497.77911836692874
4307807,-51.91857141624318,-29.510746924435935,187.82571647129953,54.75555419921875,20.0,131.0,9.022143714484464,45,177.76693133131604,420.771167327122
4307815,-53.176932096962595,-29.222335410675132,280.05704815965146,298.8461608886719,150.0,228.0,20.15039084158131,65,75.999299962614,314.3699533942431
4307831,-54.24819500636643,-28.568678485653322,425.172521578148,306.2577209472656,240.0,129.0,8.389927477665905,97,110.18001993384325,189.609878061121
4307864,-51.722237746751226,-28.885804653428547,133.88036645762622,498.20001220703125,337.0,297.0,21.49511531640676,30,118.20554257548842,388.56265814684184
4307906,-51.36569800987591,-29.210190717742066,359.00708575639874,612.8089599609375,331.0,434.0,33.0053090705701,89,117.4082067959492,437.40354288021405
4308003,-53.46660036055122,-29.558149142652358,165.28453199379146,192.8205108642578,50.0,376.0,44.51877979772602,39,37.80569813297031,320.6695743129167
4308052,-52.67310927317439,-27.376165841598393,135.7915668413043,603.0,385.0,378.0,39.7084557921698,29,11.583178400467906,224.70451576432723
4308078,-51.838185855930654,-29.58941076243775,82.41186813917011,100.2631607055664,63.0,82.0,9.046995531553785,19,178.7302473214536,432.2076684587542
4308102,-51.28658702251402,-29.454192941896515,101.33889282587916,131.0,25.0,327.0,44.38582671352191,24,135.73428754460954,460.32810765147815
4308201,-51.22092231561215,-29.031611132060018,285.6083150682971,631.4127197265625,317.0,500.0,37.261069065881095,63,93.25809044005659,436.5675033953428
4308250,-52.048989529519346,-27.85871426627255,171.66334825288504,574.729736328125,456.0,233.0,27.878964152316325,37,41.100451002325386,301.65721133966537
4308300,-52.37642742614993,-29.007518427805536,586.6229750206694,604.6187133789062,262.0,489.0,31.273121278340636,139,156.63967174190262,351.22824666135904
4308409,-53.50863890563601,-29.975839243994066,575.6470279190689,62.47761154174805,33.0,83.0,5.9462026623492505,134,56.76622613374088,353.97360283271166
4308433,-52.12806747215135,-29.38741231601858,97.67635299544781,173.4499969482422,48.0,275.0,35.23663990459953,20,168.8062132619279,396.8664844327897
4308458,-53.27352867272682,-28.895307850097293,654.7850625915453,368.8823547363281,312.0,124.0,8.01281684107357,153,93.10305880602289,281.30649097064475
4308508,-53.35901164939307,-27.340469721380394,264.9912605481222,387.0655822753906,230.0,303.0,21.110670484109455,61,16.68963060064747,161.39681262814025
4308607,-51.58414044972985,-29.240774403069047,162.82919097691774,558.1621704101562,299.0,385.0,28.02080624957269,37,133.93393872596434,423.5961128047819
4308656,-55.53806410217421,-28.23377276265407,791.6114993132651,100.92552947998047,64.0,97.0,6.735649914680432,188,9.830424108523749,89.88276662454379
4308706,-52.116817951577985,-27.59636629444083,210.98208368197083,660.6808471679688,534.0,234.0,21.50571742303639,47,21.664219719236126,284.2972330670133
4308805,-51.915297222627935,-29.8639335732705,521.9858627486974,33.942623138427734,2.0,96.0,7.128595733015133,122,190.3977753276236,447.5257898342527
4308854,-52.04065270270457,-28.384556439431268,194.66996350698173,737.978271484375,653.0,161.0,11.250567328525563,46,96.93172577012793,331.2274533391939
4308904,-52.18268461821601,-27.84987318969564,280.75432227831334,672.432861328125,522.0,274.0,16.258165058507508,67,46.8815952799224,289.4995766774779
4309001,-54.298725395919796,-28.02889811918399,866.6897205458954,358.6363525390625,268.0,161.0,9.103382704514853,198,63.97525600088136,144.72112978612523
4309050,-50.770389978653654,-29.88238713403879,330.8060585213825,58.93589782714844,7.0,297.0,13.050771928349114,78,163.57180153055958,527.971211062927
4309100,-50.89687797459782,-29.384503606986723,245.54026587773114,611.8947143554688,236.0,599.0,49.02082646847401,57,112.57700128263552,484.3694694960063
4309126,-52.914722730800904,-27.445187755182484,127.02823740523309,587.2222290039062,498.0,148.0,16.30305365011963,27,25.530335159093422,205.66199710253775
4309159,-52.601693871262405,-29.290023811327064,214.06331966724247,512.0195922851562,299.0,339.0,27.23112334752712,51,125.5310405481336,356.8328336903917
4309209,-50.94752831642987,-29.889672310992466,468.86185453645885,82.60550689697266,4.0,300.0,14.85387324905834,109,167.65213884510672,516.0175419552854
4309258,-51.659323482300934,-28.577759474657082,145.91770853754133,738.48486328125,639.0,175.0,14.420053864749486,33,92.02452063045266,373.60142164639825
4309308,-51.43403737560622,-30.177359583836182,370.6155763659626,73.3977279663086,3.0,245.0,11.588107473733503,88,212.95646243902553,503.99218454352075
4309407,-51.903018002135276,-28.854346213929016,292.93224045354873,476.7887268066406,236.0,421.0,30.947226834662274,71,129.04211089776757,372.88217946269975
4309506,-54.58291847975811,-28.1738028936156,299.9588136728853,231.0,168.0,158.0,12.231470339772791,67,56.55815328174296,136.0041542538034
4309555,-51.42438469310968,-29.546518574704375,52.74760665092617,88.16666412353516,25.0,162.0,18.153016978722913,12,151.2031000943807,457.357903963317
4309571,-52.665278854380425,-29.443775199311403,117.77756105456501,480.96295166015625,311.0,305.0,38.694269480131226,27,116.26478905944161,365.08996414203654
4309605,-54.29847678262726,-27.589614946573413,226.3399572428316,249.7547149658203,151.0,171.0,14.949244007744003,53,16.43120214992629,108.37673660290612
4309654,-53.88954254985179,-31.448632015427375,816.6987985987216,228.078125,115.0,267.0,9.55497367760197,192,18.011589828805587,476.9321962821971
4309704,-53.97704417359645,-27.57568025175038,143.0853017233312,365.0625,257.0,189.0,15.440399077564813,32,33.11033970274342,130.20081231578015
4309753,-53.163895581203626,-29.418511236480416,187.9857464050874,329.0,78.0,406.0,39.97132652596266,43,69.05488785702165,329.67176519847396
4309803,-51.78805348447153,-28.101337810252968,356.9238058589399,672.4512329101562,548.0,257.0,12.82260248433532,82,63.07927507461121,336.2441721161387
4309902,-51.62804255126188,-28.379874911705826,294.0278391735628,770.8209228515625,606.0,280.0,19.109408705267178,67,77.77159555266928,364.6195919949692
4309951,-52.44508179145681,-28.622608458721967,303.3842452345416,596.085693359375,453.0,268.0,15.192370335987585,70,133.96224067283998,316.7954550498439
4310009,-53.17075789615216,-28.59497170753217,605.8034860501066,411.8802795410156,343.0,128.0,11.117031587562199,142,126.22450368111517,264.23006126979817
4310108,-50.792591035630814,-29.560964210067777,138.31351517979056,264.45159912109375,42.0,684.0,53.62400991493964,31,128.96256300489196,503.981007200204
4310207,-53.895090497121934,-28.32178023589648,679.5848456313834,337.0130615234375,239.0,226.0,11.007014354697548,153,106.06425695537538,194.2487489501396
4310306,-52.13571142894269,-28.934349658534227,129.11984419357032,650.6785888671875,493.0,246.0,27.275066944868136,28,152.39166542939233,361.89601017830506
4310330,-50.1160426218852,-29.928189910792106,38.62392121460289,2.5999999046325684,1.0,5.0,0.8452613835959311,10,159.71429024364264,579.1493593652466
4310363,-51.7682037898979,-29.347184607809268,77.09653477743268,293.6842041015625,118.0,397.0,60.052141509957245,19,154.82663800670264,418.5993658526236
4310405,-54.17547153609783,-27.902364772824,354.35544313676655,337.4698791503906,229.0,195.0,13.677855350731635,83,53.03678915524475,141.30086818293844
4310413,-54.02546031588232,-27.896293183769366,99.33608155045658,378.7727355957031,342.0,72.0,11.068401057955702,22,57.86581876293915,150.97770059761805
4310439,-51.29852941904616,-28.71656504768021,596.3646650752053,720.9352416992188,414.0,457.0,22.300350783228005,139,75.78135976194062,411.0056539248819
4310462,-52.4200299392298,-27.933487799323228,160.37258530315012,658.6571655273438,608.0,115.0,11.003980017952633,35,69.22281595719667,273.5176048508952
4310504,-53.2410116271738,-27.247403417667467,181.0099735930562,313.3902587890625,227.0,209.0,20.122731288694283,41,7.303913012160309,167.50903316163328
4310538,-53.76430548132972,-29.577776431297004,175.79545566812158,396.5365905761719,200.0,277.0,27.06764801163698,41,9.142060514277054,304.56346709547614
4310553,-55.26972544667323,-28.807805225287137,1131.5730077456683,148.14230346679688,78.0,173.0,7.57061523499317,260,61.27116258553441,158.05595225094575
4310579,-52.194788334273916,-28.774897518970054,186.70358032453805,687.7555541992188,407.0,382.0,30.65709721446585,45,142.1814270370421,345.90587244909597
4310603,-56.17208492123479,-29.214152601487136,3392.348047312349,81.0304946899414,46.0,146.0,4.3132259245968125,787,10.945979367449281,181.27838727946693
4310652,-50.16438526084933,-29.456105578871295,216.61697374470532,440.6734619140625,22.0,901.0,101.62644873596885,49,107.4898509295079,545.8879249292382
4310702,-52.47667198927032,-27.35498919207665,212.9649930819869,534.8163452148438,320.0,533.0,31.836543758176735,49,10.874238098239596,242.19518648560728
4310751,-53.582654817525835,-29.515002470101855,113.45401836186647,341.370361328125,127.0,363.0,39.72861946626635,27,27.08012011692161,309.8651404256811
4310801,-51.15888622038469,-29.584504002656104,69.08377225417644,144.41175842285156,51.0,269.0,25.591484952044024,17,142.46176516816408,478.84431566226704
4310850,-53.264420128455534,-27.629204499016392,131.79521587584168,456.9666748046875,353.0,181.0,19.844042523124457,30,47.74670362194201,186.01341652370715
4310876,-53.01465882214816,-29.036658734349004,347.26530237682164,382.04998779296875,265.0,330.0,17.279106541755347,80,100.47702589734509,309.43951251619177
4310900,-52.54488543126207,-27.783838525174914,171.6695580817759,637.4736938476562,539.0,174.0,14.25093534458617,38,57.097967904958566,254.7990856704693
4311007,-53.33612312485683,-32.410064531315975,2042.6741339135915,48.99796676635742,0.0,197.0,5.653452428749652,492,40.34559269188083,539.4561873080376
4311106,-54.650276785526565,-29.458572876240734,677.7767341230065,201.64968872070312,87.0,312.0,22.389272739862385,157,34.53836759605784,247.1588105544173
4311122,-50.36083650158596,-28.94702640969832,908.2201416231692,854.9302368164062,612.0,422.0,25.33389639460953,215,54.74001842738388,501.28179535666305
4311130,-54.29880473036976,-29.292400004207458,841.2498348616064,346.71875,188.0,258.0,14.093578831203303,192,43.91181025627169,248.51646605008574
4311155,-54.153526566316394,-28.766432375432903,1223.5935759060085,353.31561279296875,253.0,250.0,10.801198791259026,282,92.60578479849963,211.69067135336084
4311205,-53.65549088241262,-29.260605097093354,1913.4191616969183,407.9198303222656,239.0,265.0,11.36773199347591,449,38.647490926514855,284.2095569158383
4311239,-53.03990455623501,-29.504774047058085,112.7814760254696,478.4285583496094,310.0,262.0,30.711851960476647,28,79.4154999011614,344.7957442330546
4311254,-52.788135272791294,-29.238779335360753,386.92537866998464,511.38201904296875,317.0,331.0,22.109539425964265,89,109.80535422812743,340.4947715326243
4311270,-52.83448745913937,-28.57011209149575,142.7303712181747,437.18182373046875,383.0,106.0,10.930894193233787,33,143.92711886781188,285.986602477154
4311304,-51.50235250707575,-28.22432332043421,1264.4696879973635,759.2312622070312,597.0,285.0,13.690350536399254,294,57.23092398968754,367.0618360412077
4311403,-52.00500612636779,-29.445111276828637,93.31340954639018,65.31818389892578,31.0,96.0,14.386791981353035,22,178.96341925682563,409.8385073880672
4311429,-53.202959998891416,-27.69700201876636,58.48743637558073,431.4615478515625,391.0,94.0,13.277607493783139,13,55.83961969441395,195.25351257160415
4311502,-54.154792299938315,-30.771905873775292,2570.212759548798,270.5599365234375,112.0,333.0,12.61153245581647,609,67.72560701364529,398.54134890553956
4311601,-53.061953087484554,-27.544103524969636,254.0410477714613,394.5762634277344,274.0,281.0,20.682802156808986,59,36.24230584945845,197.76304874654394
4311627,-51.21931469224168,-29.586174884357114,25.073679736815393,83.66666412353516,43.0,77.0,16.781665820203227,6,145.18714564650958,474.66674190694425
4311643,-51.21630923208156,-29.461203431404137,69.96930544264615,306.875,86.0,389.0,60.135381982420654,16,132.91597380462287,465.8986298049611
4311700,-51.67354032458963,-27.591286463712198,333.7802559705451,645.6104125976562,464.0,326.0,23.848423099177907,77,9.37499481001959,324.93695089770745
4311718,-55.77894054924457,-29.06494914339252,1681.1722830757499,113.04859161376953,60.0,194.0,6.0113811348208515,391,34.40378823166892,173.91302184389818
4311734,-50.00246012018179,-29.26296189863297,158.99949758592993,347.9459533691406,13.0,981.0,70.87204328121825,37,86.64399898013849,548.0196142017924
4311759,-55.55720827493871,-29.428340002177166,1393.8401064891368,117.84662628173828,66.0,156.0,8.773826053416876,326,14.544271332032531,218.97552054059784
4311775,-50.210476830203994,-29.634921392205843,621.6831001760438,329.6388854980469,0.0,890.0,76.39464193219852,144,127.34839358865891,553.1632775223608
4311791,-51.5470280469056,-29.55224328134771,74.56848388724029,155.73684692382812,32.0,411.0,26.953077458971926,19,158.1620279110177,449.362314819718
4311809,-52.269088202078834,-28.456778404397813,629.344335263595,583.5890502929688,481.0,257.0,14.813954764117737,146,110.46286685944985,318.0762767653722
4311908,-51.9491153498371,-27.47746426845194,233.47037123143673,491.4444580078125,371.0,277.0,29.055871824824127,54,1.3312141258817087,295.2469473389865
4311981,-51.5865384929066,-30.312047589578235,334.66588058136404,151.8148193359375,42.0,234.0,19.192386154532002,81,195.2261736631088,504.3454474099692
4312005,-52.168152753806716,-27.352040050052736,84.6610411927104,468.45001220703125,368.0,214.0,27.54832887089192,20,6.198679552515624,270.20056397248976
4312054,-52.145536890280695,-29.293390520737507,109.42519370466471,240.8148193359375,61.0,372.0,44.624075379106564,27,168.79118165819546,388.7945156283106
4312104,-54.467048763176685,-29.537724587269377,318.48972722142935,203.59722900390625,98.0,299.0,21.21294949382084,72,22.07035337782971,262.97864686025565
4312138,-52.19980430722369,-28.27985323037904,242.63873370364308,704.9464111328125,620.0,175.0,12.325543355799558,56,89.78198182448929,312.01926412053155
4312153,-52.13509537400536,-29.523586752721826,43.068000198341906,89.0,62.0,60.0,12.518121521480388,11,166.84709190583817,406.5119486623432
4312179,-54.659038664474124,-28.244073478440118,100.44539526011795,190.8076934814453,164.0,76.0,8.468352781617575,26,56.678997745488665,136.0939279480194
4312203,-51.81934638044033,-27.603830750693948,210.83879658021033,542.4901733398438,395.0,271.0,27.53545052030126,51,8.97562379757436,312.01130965889314
4312252,-52.07721171311525,-30.07645924438286,422.92452236358076,57.402061462402344,2.0,251.0,8.446122251398634,97,180.64063675603288,454.0926041339045
4312302,-53.74574604181094,-27.490597069107437,132.86533327866346,402.5,248.0,229.0,18.28558625657971,30,31.686160097853595,139.34971934457073
4312351,-52.05107782025496,-28.669127199928653,82.53281901031733,498.5789489746094,368.0,280.0,30.556841118002037,19,128.08981882020814,349.0190577312542
4312377,-50.80323501729955,-28.7010713551583,551.2710100915283,820.52001953125,517.0,494.0,28.773606040126182,125,40.26397853531737,451.1427361307727
4312385,-51.65620870277559,-29.140218981289774,70.95965262595564,440.5,281.0,295.0,43.537149178876845,14,131.5647977309184,411.17215605825504
4312401,-51.502165996225365,-29.71162465694651,426.58337601739913,62.099998474121094,4.0,175.0,11.369478368542794,100,170.68858954960035,464.69797566489655
4312427,-52.66032640569963,-28.6924319754039,143.6722594248131,458.4375,390.0,158.0,16.607052992153733,32,150.36053272204825,307.3096706018138
4312443,-49.95204125255585,-29.335669339549458,165.2649244936183,271.875,3.0,977.0,78.10817189261925,40,93.5444642738836,556.157170353596
4312450,-52.63727025216389,-31.63699964706791,242.46455604955554,172.5,65.0,222.0,20.49248560217946,58,48.99809572635735,549.7926893848685
4312476,-51.05155828142741,-29.521838564702456,94.52473429124802,494.1739196777344,203.0,492.0,48.123558398721805,23,131.97268202705934,482.1544157426911
4312500,-50.72867303158246,-30.854122558620105,1968.671679660678,8.857758522033691,0.0,31.0,1.970949132264126,464,191.25837716071706,602.892546087994
4312609,-51.81497571365855,-29.139183870143626,107.64870595745742,285.0833435058594,100.0,384.0,51.80674955606505,24,143.65256523515794,399.72303481587034
4312617,-51.22935771363525,-28.384673212428943,1193.394943146035,808.7672729492188,562.0,398.0,12.81743696039271,275,45.43407398884204,398.59820970953587
4312625,-51.77820510962224,-28.32715588200806,106.17633996717632,817.6818237304688,713.0,154.0,17.943313925708352,22,82.09785014080917,349.1808022784357
4312658,-52.82701253358138,-28.45879682275308,353.94430558383465,476.1851806640625,395.0,166.0,12.17720380839364,81,131.60540675068418,277.6778643992361
4312674,-52.44841150146193,-28.51727689642144,161.5604112725705,528.4444580078125,477.0,167.0,11.603907157191012,36,123.56750370944503,308.8671312858093
4312708,-52.85479632606065,-27.36876235638434,492.7576425168663,531.6293334960938,326.0,307.0,22.412087912995165,116,17.486286290280866,207.74247160400319
4312757,-52.1714376838769,-28.70642083726525,142.5101720644161,593.7096557617188,380.0,389.0,32.76764663680252,31,134.3003009524806,342.66958578085917
4312807,-51.74453421626427,-28.651632402303473,75.02740905247629,663.0,500.0,311.0,23.23058454931354,18,103.4280141066876,371.45029514105926
4312906,-51.754411837574935,-28.727252249007798,209.17446615360677,595.1799926757812,440.0,338.0,24.575101003713243,50,109.05389249934889,375.5722994042243
4312955,-52.973124222001644,-27.99836219594707,91.68921909108758,467.20001220703125,387.0,153.0,15.523409375187276,20,84.50614521112519,233.22662715609962
4313003,-52.03742941729315,-29.22186052584769,111.2079122075811,384.3599853515625,220.0,270.0,38.52760412575439,25,166.02502685559668,390.6842777800449
4313011,-54.124947860214895,-27.59408036779327,96.86744279135019,231.61904907226562,179.0,104.0,12.200895140328157,21,24.413365066649593,122.04214465859708
4313037,-54.821352985292485,-29.404759625697015,180.70698526874185,271.6046447753906,101.0,307.0,23.06768620568475,43,43.115207377465325,234.9561624207941
4313060,-50.900277328222096,-29.583892266888125,60.90535454172641,214.38461303710938,34.0,658.0,86.38945885157484,13,133.79075458686935,497.5585227430711
4313086,-51.316327936063246,-28.996143155652476,91.09312767256051,536.4736938476562,258.0,455.0,52.185700921248916,19,96.51917588816352,426.8987866530368
4313102,-53.41555767628034,-29.432488788369696,322.3795149233192,343.876708984375,119.0,385.0,34.294549441159404,73,45.13123654639304,313.7048001306558
4313201,-51.08681454734427,-29.3715984329381,291.8142818817869,445.8985595703125,71.0,655.0,59.28124380995364,69,118.2760257623402,469.2015351205752
4313300,-51.60735207916753,-28.7590802073649,263.3667308976874,665.8333129882812,516.0,283.0,20.44704890513253,60,100.45304734309009,389.0423642346484
4313334,-53.70619487284937,-28.076655577404015,262.3189003430307,462.7796630859375,376.0,160.0,12.797117369533039,59,91.70559597943769,187.36614084831314
4313359,-51.41088757262035,-28.98933874265813,165.83003801852465,544.6578979492188,233.0,424.0,48.59142097994108,38,102.6897759071076,419.1680096425949
4313375,-51.28792030461905,-29.846108079421274,229.88966678455472,18.11111068725586,2.0,66.0,5.786261382026037,54,173.88217042952934,489.4460392389923
4313391,-52.99455213370265,-29.763922955771534,185.24332318641245,100.17778015136719,42.0,346.0,21.390457131495634,45,86.28113675844,367.779993141365
4313409,-51.04847996472592,-29.73498602059719,222.27944915555418,64.04000091552734,9.0,229.0,16.372055034938924,50,153.93585484041355,497.5907321538397
4313425,-54.536670397624626,-27.548039634060338,222.82024899683893,186.19607543945312,125.0,140.0,14.043875592631489,51,6.75454067710142,88.54143861927902
4313441,-53.16690230559297,-27.56260560183218,77.84372208081186,371.15789794921875,311.0,120.0,18.212728993779663,19,41.34708873343766,189.94210571561848
4313466,-53.05767782254816,-27.743808506634494,87.71873152814806,392.1499938964844,340.0,152.0,14.078350524857177,20,58.03132913999675,209.82366664391384
4313490,-53.114592342731044,-27.898719427873868,128.14585477858782,422.8888854980469,359.0,180.0,12.980506152538943,27,75.76227918526438,215.6069530966052
4313508,-50.267156247813304,-29.915504173267287,677.0442530652508,51.082801818847656,0.0,460.0,16.186006474312492,157,158.61200156046013,566.9792321004345
4313607,-51.78299846401281,-27.718236999608123,176.18564600031823,625.5750122070312,448.0,282.0,23.138197821915462,40,21.481176166853608,319.57204350153165
4313656,-50.448584734039954,-30.36212023334011,951.3486214969307,8.559090614318848,0.0,34.0,2.1873961363464303,220,209.48770035199016,585.5081719604806
4313706,-53.381498733582134,-27.940473369582527,1415.82907750085,542.6358032226562,408.0,205.0,9.486013315077988,324,82.58990853635,199.2392097872802
4313805,-53.587649219959076,-27.324439132282233,139.98676837515086,352.2727355957031,231.0,248.0,22.495070910009133,33,13.360573331018898,140.99084669305915
4313904,-53.50736190697624,-28.328803664825312,485.65503612253815,434.2882995605469,323.0,183.0,10.313915358709387,111,123.88326842734813,220.40341581066573
4313953,-52.369869625761766,-30.258705722413534,832.6546865468845,92.97435760498047,14.0,351.0,12.64846121988399,195,162.42469852994265,447.9649630645649
4314001,-51.78589158329829,-28.596317487371568,123.67759221140295,666.0689697265625,493.0,315.0,29.94925766163474,29,103.64280879615056,364.68994009618655
4314027,-53.12190623034958,-29.698309366813707,337.5613829540089,217.582275390625,29.0,542.0,38.05284239866777,79,72.66226871851288,354.18378354518774
4314035,-51.42570362555742,-29.611227426088437,55.97350463550538,43.769229888916016,13.0,67.0,10.053237102688142,13,157.41984158191516,462.13868098838867
4314050,-50.856453327986856,-29.65977518475838,111.83966482710093,59.279998779296875,19.0,189.0,14.197605987657369,25,140.91596328650962,506.0298159435179
4314068,-52.869081316208884,-29.438583722404704,301.89538362342864,475.774658203125,228.0,363.0,35.22513711594609,71,96.74279518507083,351.99953013274273
4314076,-52.2433145370688,-29.758535856029518,258.98311574198306,73.70491790771484,26.0,157.0,13.136868395762372,61,157.45294350455282,417.65834963008876
4314100,-52.45438573455864,-28.267771783077766,777.1351269911975,618.566650390625,516.0,209.0,10.26994385808028,180,99.93548259058248,291.2305182740543
4314134,-52.39651917596054,-27.70782207729251,148.60815462376922,658.1351318359375,549.0,210.0,19.119380491377285,37,45.949432283448914,263.89583091165065
4314159,-51.729492247904595,-29.571005686537607,173.18915071245283,161.25,75.0,285.0,22.34485030857587,40,170.4026052266137,438.6079874844644
4314175,-53.69019108721572,-31.83799677939813,1372.4704362023622,191.63414001464844,83.0,317.0,11.594029219041772,328,58.80914923961527,523.6340090065337
4314209,-52.87495572826514,-31.959096472962315,589.6364951021969,71.05000305175781,10.0,154.0,9.222023988943702,140,31.088435419053432,568.544463687634
4314308,-53.59110026575459,-28.454986029143893,414.1588191948831,435.7872314453125,348.0,152.0,10.348770541203134,94,125.14277890992204,224.6488748647101
4314407,-52.345700184984835,-31.572152794660436,1834.5228047985584,84.77777862548828,0.0,340.0,11.789876996730039,414,46.29442766503819,559.3877845151021
4314423,-51.10713349605745,-29.462553755088422,83.65300813876092,300.9047546386719,76.0,492.0,57.783452583659674,21,128.1550759394636,473.9516772636086
4314456,-53.23850853427622,-27.528215224591857,58.407840381376445,401.5,320.0,183.0,25.547603512455776,14,36.86533186617142,181.97837727043824
4314464,-51.21998299741932,-27.851068111842498,446.5950139062479,806.378662109375,541.0,406.0,26.79562619300712,103,8.747805866920167,376.2039499026196
4314472,-53.33415703879509,-29.288070777117913,499.1606041211635,358.75439453125,110.0,370.0,19.563964690183205,114,59.11277239670981,307.9816534686088
4314498,-53.636946470793646,-27.22219712584305,103.71312833763659,281.3043518066406,211.0,166.0,26.426217363732654,23,1.4715469333594466,131.11851936803913
4314506,-53.413732166113284,-31.401559347725588,2251.9004903342575,281.5596923828125,106.0,334.0,16.823078186278803,536,61.55117135940872,490.9009420457277
4314548,-51.45557388376859,-29.09796436122241,88.02668136265129,516.2999877929688,266.0,404.0,52.49164246346565,20,114.01021064144352,423.02113198085294
4314555,-55.244228797163515,-28.06265331047744,312.111622903496,123.76056671142578,82.0,142.0,8.78721523659392,71,14.425280212093584,84.83500622649386
4314605,-53.1027851254533,-31.440641128526632,3522.3942863773555,237.00120544433594,31.0,409.0,17.94282457081398,834,89.71119660679103,508.67423242895984
4314704,-53.078760737699646,-27.335484038953197,218.10724121239036,486.0408020019531,343.0,244.0,19.79655822067415,49,15.090347813822035,186.01010548072227
4314753,-51.63814167115139,-29.442587912814993,79.19302083272487,289.29998779296875,110.0,386.0,52.63396464311618,20,153.8967090492583,434.77630315799826
4314779,-52.63948652631921,-28.036475979611716,500.4543846929446,639.886962890625,578.0,108.0,8.329926181893814,115,84.51256422038833,261.701970269721
4314787,-52.50987156093936,-27.652463314765587,89.54797410406172,626.9000244140625,543.0,185.0,20.38437819362849,20,42.19724542551364,251.27012648924534
4314803,-51.24786720505318,-29.70006138147772,152.94024157058448,58.13888931274414,9.0,124.0,12.172549510028594,36,157.66345757519466,481.0739536580955
4314902,-51.164070185628404,-30.08935448291458,485.8819249588996,46.64285659790039,3.0,209.0,16.112689088999378,112,194.57825192568723,516.2557386106655
4315008,-54.96005997310894,-27.85179295421432,257.4498510984704,154.89285278320312,92.0,226.0,18.57304599948637,56,6.619822730105837,84.82284636793295
4315057,-54.661832740391745,-27.5946639886954,95.06202192418277,161.64999389648438,121.0,99.0,14.56572210685207,20,5.620576861793432,85.05618659800813
4315073,-54.88484034444611,-27.750746154117007,106.68815634120256,154.83999633789062,101.0,163.0,20.190071325336007,25,3.2500289661820316,83.89583797519997
4315107,-55.142732898078336,-27.93257023547553,273.8768259398639,147.15625,81.0,216.0,16.594318940649345,64,6.124979060211941,79.37683157475061
4315131,-52.23067060702,-29.157135617408077,107.28272708505392,411.1153869628906,203.0,394.0,54.852593576644296,26,164.318327361493,372.7696035619018
4315149,-51.173134217268974,-29.524803163601153,51.68269690219313,167.4166717529297,67.0,284.0,40.91319397744447,12,137.13117976913753,473.541227549782
4315156,-52.31517710579177,-29.223477439475396,258.6429016981274,450.3389892578125,183.0,474.0,46.813627635055326,59,154.39647053148647,371.55391571958353
4315172,-51.48503094431536,-28.736768702663127,173.16451035998762,613.7750244140625,431.0,286.0,28.16710672625532,40,90.40741148363428,397.26332357282536
4315206,-52.14005238841515,-29.03852732021979,218.19908829033375,511.0204162597656,254.0,452.0,37.81048882741851,49,159.64446562344884,369.5087654381936
4315305,-56.15240040131609,-30.279036206926655,3104.0890483371913,165.95510864257812,81.0,202.0,8.276954915271656,735,92.4738091128302,298.61936777820597
4315313,-52.46998194460464,-27.840144489592397,271.787624838762,677.3491821289062,566.0,175.0,12.367351972829612,63,61.650276942722364,264.19232653844875
4315321,-54.06776788692861,-29.312037549970107,552.9775973632932,362.703125,168.0,301.0,14.417736893851256,128,34.387363280193775,263.6054134130499
4315354,-53.12128389128781,-28.7537827824024,211.65785955637693,367.93878173828125,323.0,114.0,10.090052318961709,49,114.6386704163173,279.81790569748836
4315404,-53.63425526689855,-27.56986098532622,294.13468994759023,451.18182373046875,324.0,202.0,14.502331420626275,66,39.17630541287909,153.34534643144113
4315453,-52.06330925417875,-29.12503022704783,90.35610732622445,467.6363525390625,343.0,267.0,31.48880882051017,22,160.27986000666135,381.4082866865633
4315503,-53.345130506436114,-29.81807560424041,962.5435161814094,61.16964340209961,27.0,290.0,8.72484563203238,224,56.97210408717726,349.97729679115736
4315552,-52.878976954307724,-27.25239260392765,224.59741638135165,431.8461608886719,295.0,296.0,20.63970652321571,52,6.723565144084301,201.06559983621318
4315602,-52.403163511171165,-32.21733034015816,2697.1994882933795,6.240310192108154,0.0,52.0,1.2283489633516114,645,14.189184692894262,615.0051319862836
4315701,-52.436751947568844,-30.02012559876796,2057.407993362285,55.752620697021484,11.0,236.0,8.755891001851413,477,145.96468384766447,425.2799453563473
4315750,-50.400915935237606,-29.616802935129297,231.6189898410812,531.4181518554688,117.0,796.0,70.53488027684921,55,127.3746486855884,537.329956330106
4315800,-51.82768975021531,-29.258740829988678,211.67922144848853,232.2045440673828,39.0,418.0,52.97046472418115,44,152.65767460740904,407.78029806521016
4315909,-53.172512060187046,-27.46578141978697,87.4636855609715,326.6499938964844,255.0,152.0,23.08903967887141,20,31.381977685777155,184.08608037197556
4315958,-54.83828194751776,-28.25223489226889,301.27123532723635,200.7058868408203,135.0,150.0,9.609996102821967,68,48.184861049287754,125.45161149474785
4316006,-50.549648370032905,-29.62809259854757,297.2917166966945,248.63768005371094,27.0,708.0,51.5789584535577,69,131.73406129576108,526.7184362990165
4316105,-52.75120672287332,-27.811185603445818,426.02005090378225,624.1145629882812,508.0,177.0,10.702574708899236,96,59.62076798130939,238.92231336474802
4316204,-52.89218888695632,-27.83385736624613,240.2109170788899,518.1454467773438,370.0,310.0,16.216561430551916,55,64.76097529964954,228.7589717530061
4316303,-55.07968216492719,-28.06073793891263,330.3348847432062,152.0410919189453,87.0,209.0,11.269035188653474,73,20.265137589816813,94.54874364251877
4316402,-55.112711788592726,-30.327305999247738,4332.4363050516695,144.72691345214844,89.0,232.0,9.101231186958483,1018,60.728415850780145,324.73698832045295
4316428,-53.13469497707231,-27.70802311109153,73.00486540887505,391.4444580078125,340.0,101.0,12.301439949349035,18,55.50154363699831,201.39301182059165
4316436,-53.09187445222179,-28.385048818069055,220.81293638050556,482.3333435058594,409.0,136.0,12.910830124612461,51,128.73748887024286,254.14473282632792
4316451,-53.25396055617518,-29.06728086728963,503.89201600663364,333.8389892578125,237.0,159.0,11.443448234849113,118,80.21978286761208,297.0585518711309
4316477,-54.83264169963165,-28.091292937863184,88.79842188768089,205.4545440673828,156.0,103.0,11.476368279358065,22,32.88812007324756,112.20288222636997
4316501,-51.52461575499149,-29.464627544656636,94.24466249160469,414.4285583496094,227.0,314.0,42.79715190372208,21,149.0417292894374,444.27073839387856
4316600,-51.8017577630349,-27.953840440033158,493.59615070093423,635.6160888671875,484.0,267.0,18.52007707645324,112,47.58182899265737,327.89900086760304
4316709,-53.28459029129788,-28.374119696199017,989.2391585279256,484.2863464355469,395.0,176.0,8.541758365870246,227,130.04933870199395,239.79154546217427
4316733,-51.898551935203265,-28.181055326983337,196.4623124273494,722.0,603.0,195.0,16.072506440375616,43,73.12611698319057,331.0114505752459
4316758,-52.12671329110814,-29.45416205781911,86.23920399323106,217.2857208251953,98.0,247.0,33.70649707466895,21,168.1431769073812,401.8885594888044
4316808,-52.40679254861731,-29.644199557243397,742.7996511822566,206.3314666748047,19.0,641.0,29.333388235067027,178,140.6012683526975,397.91591679117977
4316907,-53.82477642346877,-29.78534085513463,1767.2071053013206,111.90708923339844,43.0,400.0,13.218033693604774,409,24.688834971780047,319.06407832589554
4316956,-50.96646918577996,-29.478021354612885,136.40645665396005,585.78125,324.0,493.0,41.23378014371487,32,124.52447377414677,485.4041924065699
4316972,-54.096376744729284,-30.371547513853372,954.2455329596996,165.7644500732422,74.0,364.0,12.703282466290808,225,74.81826061247942,360.78357669967716
4317004,-53.175831442720046,-30.817383865165834,1394.782464588061,210.28700256347656,61.0,362.0,19.239503369473343,331,104.96498007105244,447.1399124146935
4317103,-55.56442851091297,-30.73816447493716,6900.512739704922,198.64569091796875,17.0,351.0,8.257736458632454,1637,116.46551316692847,357.49120632824975
4317202,-54.4973656516687,-27.866369625406122,487.5437157507986,282.25225830078125,181.0,172.0,13.080312256610084,111,39.73862480902246,119.01609711013595
4317251,-51.71319390059756,-29.166141819649376,70.54721082560718,270.6875,83.0,421.0,58.77469513811669,16,137.63577062411014,408.9394230777305
4317301,-53.00687111257398,-33.16357153302363,5174.269247462973,6.879269123077393,0.0,26.0,1.2950236956415913,1259,32.253423820517455,545.1844259724821
4317400,-54.796618492730026,-29.1260678918968,2412.4090252034366,301.5360412597656,140.0,293.0,14.490660030412382,569,68.69158926561023,208.03601395479257
4317509,-54.2955783458047,-28.250524304393636,672.8837496656924,280.27215576171875,185.0,207.0,10.44181722116208,158,83.07689030195694,162.99124201360803
4317558,-52.006549242702924,-28.495540706400966,124.61016994621605,701.5925903320312,611.0,162.0,23.485536399829034,27,108.61148305888868,340.9391086606128
4317608,-50.55683444348203,-29.873321386038658,1041.1076846513897,75.46666717529297,0.0,758.0,18.172417411175772,240,158.28001680125706,542.7353451656245
4317707,-55.42742785869316,-28.494801155068156,1702.5884863045067,118.38107299804688,61.0,136.0,6.548928410396767,391,27.82943833010104,120.53001832583922
4317756,-52.68264430897115,-28.366784859008963,204.13910282030702,529.4893798828125,434.0,145.0,10.353164465736882,47,120.84421332723488,280.9215342452891
4317806,-53.75953659046399,-27.90053583414101,477.03281073551625,483.7117004394531,400.0,155.0,9.689085672562763,111,73.67897316317732,170.95814063675533
4317905,-54.712870139481154,-27.80002651508106,372.25197323039174,248.12791442871094,143.0,208.0,18.442627262949117,86,20.842481124350112,101.08628110607575
4317954,-51.65857767977097,-27.922640984203213,124.66139109712094,675.6666870117188,589.0,225.0,19.531964744798156,30,39.80102671345223,339.21871592818906
4318002,-55.79798426987148,-28.746383787306115,3586.6640215609223,92.01203155517578,52.0,182.0,4.994946466531701,831,28.227992391149012,140.4593649281625
4318051,-51.86878697505291,-28.53744448690882,84.85807638894767,646.2380981445312,518.0,309.0,42.32080366822136,21,105.72596613931003,354.43584527464856
4318101,-55.130527086229876,-29.44791198906939,2497.291456343606,192.7310333251953,72.0,347.0,13.707430266115734,580,21.04744552457664,229.70075235544294
4318200,-50.557698644326265,-29.201488913164383,3299.444223676808,855.2716674804688,254.0,775.0,22.922845263384268,773,85.58030656830108,499.36483690977593
4318309,-54.366067169333085,-30.305734184792218,5036.475910283625,140.53114318847656,57.0,361.0,7.351476826308469,1188,59.60984030672341,343.4368394843066
4318408,-51.91068728192605,-30.289755174287727,951.0580246392637,225.75877380371094,5.0,539.0,20.36850632515168,228,189.87393166112165,481.9331441049397
4318424,-51.84036942477838,-27.794606171940853,164.43279466219246,618.9473876953125,430.0,299.0,24.993323804961356,38,30.171521557651424,317.4270294907989
4318432,-53.4688736484539,-29.642326701629084,76.36600567214191,162.42105102539062,44.0,326.0,45.391303076103746,19,38.58794827127445,327.5764427862786
4318440,-51.714452291524424,-28.4966467112427,116.19068025611341,701.4074096679688,555.0,276.0,22.996024101989775,27,92.34873210048626,364.26725098552834
4318457,-53.133279976279375,-27.79420287512641,101.12269625067711,421.9166564941406,360.0,139.0,17.057682807816573,24,64.74035548614329,207.10722062487062
4318465,-52.27401375150057,-29.065225029444786,98.5771608306095,543.9545288085938,259.0,436.0,53.50038029693242,22,163.5282302477601,362.581284613454
4318481,-51.26034367866482,-29.540473210320187,63.66210045106709,134.2142791748047,30.0,291.0,35.195793665205464,14,142.61997211326818,468.4313258622544
4318499,-54.13020034049037,-27.739093118075605,86.38296147808433,246.73684692382812,198.0,137.0,14.805654401969871,19,37.749201716742355,131.66808364730494
4318507,-51.66516066745669,-31.763781738501986,1081.689323445782,7.125,0.0,32.0,2.1120110442724536,264,60.037043650060305,614.7246017367881
4318606,-51.55902144791493,-27.77565001432585,328.58073796425015,771.6621704101562,627.0,231.0,14.03986288683662,74,21.378042908854308,342.2744999386893
4318614,-51.48485836887151,-29.547098122139108,49.50825302861631,138.57142639160156,23.0,336.0,31.563048286511638,14,154.35191786549436,453.22416706052513
4318622,-49.9631014801243,-28.650329360255924,1158.5085628228262,1164.2235107421875,881.0,459.0,25.160670823047827,264,19.836444349187264,521.4276507742918
4318705,-51.146807785474586,-29.75508817190811,105.83504851534963,36.959999084472656,4.0,197.0,12.27284223752514,25,159.294261683019,492.18354308595923
4318804,-52.121594174004905,-31.2334248476127,2042.7060975655913,90.85154724121094,1.0,320.0,10.402362056367583,485,83.6156998701565,543.0444839015621
4318903,-54.891001857973976,-28.41835967289265,1294.7410273412243,199.9933319091797,111.0,184.0,8.732747211723444,300,63.507197837463536,136.9786738876241
4319000,-51.06749673494243,-28.961477020853984,260.29877076204866,692.3499755859375,297.0,608.0,31.521120788144856,60,78.17284160101714,444.23742221178753
4319109,-53.953064626043336,-27.72959385941902,174.23572707362473,390.7749938964844,265.0,207.0,16.82998950816713,40,46.89063550425996,144.47723978138805
4319125,-53.88664488759825,-29.47545875196864,656.9439236298203,383.313720703125,161.0,333.0,17.27602759814937,153,9.991173185847257,288.5162387506194
4319158,-54.52120151136858,-28.67415075575951,1230.6296929577366,258.7554016113281,163.0,244.0,10.784713083858504,278,103.7010100940308,181.20266682819897
4319208,-55.25138342441922,-28.201411560744994,493.72933213971555,130.52252197265625,75.0,143.0,8.570182731905433,111,23.00566061456524,97.23769157538065
4319307,-54.97599034376483,-27.988259221910273,226.2671149596572,183.38182067871094,106.0,191.0,15.605859105036275,55,16.079110222620226,94.35666769486383
4319356,-51.5026290454019,-29.421762378636775,31.254241110756993,503.3333435058594,411.0,212.0,53.60402732859533,9,143.9797274369585,442.6147022938994
4319364,-53.23868671188451,-27.774340375113734,87.38965592067689,507.5,432.0,147.0,15.051584263578132,20,63.92835871565904,197.60274534439637
4319372,-54.89378191874931,-28.11364004881586,91.9003843581304,196.94444274902344,159.0,77.0,10.021395401152674,18,31.972979217985912,110.1020588332082
4319406,-54.238266425964945,-29.612066526876095,862.3544020913541,169.5850067138672,93.0,293.0,16.447993142759998,200,8.5127136941161,281.1027295053073
4319505,-51.33683907371106,-29.58926671122968,111.86496940627694,47.35714340209961,11.0,115.0,11.601911241744247,28,150.98179531999043,466.6341947659518
4319604,-53.6198858174835,-30.17644887987934,2216.514510985464,118.61289978027344,29.0,414.0,9.789759825102937,527,71.34203699698945,365.3840173884093
4319703,-52.55901290078269,-27.554042249124812,156.93962132092565,699.361083984375,511.0,309.0,27.722258278942864,36,33.307114243174,242.40159976672643
4319711,-51.76434809222423,-29.05761354724695,88.20169169083238,451.4761962890625,199.0,383.0,47.662021535100536,21,134.47949342000095,397.42289743355025
4319737,-53.91766045833684,-27.822060765954305,99.07614534813911,394.4761962890625,338.0,121.0,10.21608154368835,21,56.81517250077475,153.46524834661892
4319752,-51.37021325850457,-29.38461056986239,38.56113061122596,250.0,120.0,311.0,69.41199582245375,9,133.2993503077051,449.3246437317228
4319802,-54.75375084057932,-29.709442477570636,1182.8614599835128,108.2650146484375,75.0,225.0,5.9702363627552035,283,12.80252610193382,268.55447700938305
4319901,-50.99524475925433,-29.616766568985437,140.26033952180296,233.78787231445312,8.0,655.0,49.44997369145291,33,139.92268410487452,492.91712162937756
4320008,-51.13268973432979,-29.82479589629027,55.86085912492126,57.61538314819336,6.0,110.0,13.868366874233395,13,165.99289355149807,498.3672792933008
4320107,-52.894167289408266,-27.94082088292089,350.77922348864377,540.3975830078125,346.0,304.0,14.082949410519666,83,76.19023605687597,235.45319368693023
4320206,-53.36193873862,-27.501005826884594,300.4455245304853,454.4705810546875,296.0,260.0,21.28173492871782,68,34.16578219858397,170.1584878296711
4320230,-53.94991422061369,-27.64475372296062,105.30264604836702,401.375,299.0,177.0,14.625264658670266,24,40.30313185465284,137.81391154144853
4320263,-52.92835557629232,-29.310646612177194,237.9330139150843,428.1929931640625,281.0,285.0,26.813431987911073,57,94.32964748360743,337.5652910628178
4320305,-52.97901265296482,-28.666293892022153,173.70041526854038,391.1190490722656,336.0,104.0,10.948001948997998,42,131.010172349953,283.20759549359224
4320321,-54.5359129635328,-28.03311009109213,141.45223116595298,321.0,270.0,97.0,12.7227997034491,33,49.51983594331937,129.79662817226753
4320354,-51.60869472894756,-30.62373940834737,283.9677930660546,99.19403076171875,37.0,195.0,12.300688500968729,67,162.12235223070306,527.3815701719228
4320404,-51.93059376982495,-28.700185874859056,163.26706974115223,562.1080932617188,440.0,219.0,21.12146308529295,37,121.58201129969444,360.25070161744463
4320453,-52.243552703525665,-29.397051773887135,96.0982162579894,462.39129638671875,262.0,357.0,40.3793078241316,23,157.54168477305134,389.46535924719984
4320503,-52.313472722885564,-28.010236193468085,447.47997202631086,650.2264404296875,540.0,197.0,12.157015616587856,106,68.75049601745378,286.7420430354046
4320552,-51.627750439641886,-30.466983486114174,245.31091335695237,164.7586212158203,54.0,284.0,22.266282484217587,58,177.71424225656895,514.1903118089946
4320578,-54.460651382534415,-28.147431939709445,123.4413381088525,294.4482727050781,215.0,126.0,11.102069869877939,29,63.55889673513148,143.303392550892
4320602,-52.110278603545936,-27.415955167019895,156.2277672579512,582.138916015625,379.0,363.0,38.65008873791131,36,9.36221567241952,278.0689546621311
4320651,-53.56865009483812,-29.634274947917458,122.77616765908897,379.8888854980469,197.0,287.0,45.800656250324025,27,29.022526473551007,320.8715468014264
4320677,-52.56957433445665,-29.445761890222464,510.962532421574,398.5862121582031,124.0,502.0,43.285142445247494,116,125.46293075256878,371.3716577102458
4320701,-53.02402653895805,-29.402901331250025,140.79870431590825,434.18182373046875,320.0,235.0,27.1130860049562,33,82.67575163702273,338.4184812420328
4320800,-52.53554080262709,-28.837782358514392,1222.6043892502785,621.7279052734375,392.0,398.0,15.739054986236262,283,151.71754482937843,327.17039627012986
4320859,-51.7335160383537,-29.671002245375423,94.47246981412172,87.82608795166016,49.0,87.0,13.210516099710862,23,179.29596007785725,445.5771526098546
4320909,-52.01005816252316,-28.05531185038918,248.5145682869479,629.2881469726562,527.0,191.0,14.605108635280535,59,60.61771348656006,314.82775082961115
4321006,-52.860793496586226,-28.661364446377775,179.41356854513288,405.0975646972656,347.0,110.0,12.326300847523402,41,139.23599696398477,291.5016007708873
4321105,-51.44284337754114,-30.661391017704823,788.0854556607082,27.26203155517578,2.0,96.0,4.723153573586634,187,165.039782562548,541.5904584323778
4321204,-50.76009422464083,-29.670817376480464,445.5234445296228,142.76190185546875,13.0,621.0,26.917605035260397,105,140.3885183548,513.864537825333
4321303,-51.832100333984066,-29.743197571686352,335.9470132123679,48.28395080566406,7.0,176.0,9.903881646152255,81,191.37366529790052,443.9747512145088
4321329,-53.484864502677084,-27.40873021536791,75.23160580638796,448.27777099609375,355.0,172.0,20.651263788963913,18,23.858787987979824,154.49644036979115
4321352,-51.07577749624986,-31.28945156017415,610.5301651423797,7.713286876678467,0.0,27.0,2.663479476314134,143,135.1176419733291,613.2050147191138
4321402,-53.765195027694865,-27.37104192814352,322.3454613694921,389.46575927734375,233.0,272.0,20.292639920611627,73,20.36510333665071,129.5724474371313
4321436,-50.06138640689296,-29.602839346543252,151.87847373262048,96.1351318359375,1.0,752.0,39.32475225378629,37,123.9789624550783,562.8443544771933
4321451,-51.77657391734587,-29.47169101022332,177.2807971443981,141.974365234375,53.0,354.0,27.730656126487894,39,165.14987096742652,427.6717100143857
4321469,-52.59928426702274,-28.583084725083385,107.75567503180355,476.5,414.0,157.0,13.4030254919132,26,136.9471077969096,302.9627461736626
4321477,-54.11745420451466,-27.376224336238792,227.224687224254,250.46153259277344,150.0,235.0,20.471870043403666,52,9.712040333029496,104.47119282364659
4321493,-54.30286327825118,-29.471475501429037,195.12194074690342,246.68182373046875,119.0,271.0,27.356124290447006,44,24.935559418062866,264.6989230206572
4321501,-49.807863277562035,-29.32599385503892,169.3949065869674,12.91891860961914,2.0,47.0,4.480057919291421,37,90.37919082228599,567.5073599767549
4321600,-50.218959202254254,-30.030016288774142,139.7779931826517,10.580645561218262,0.0,32.0,2.352035234336061,31,171.03732290177297,578.2596581022848
4321626,-52.08931622796452,-29.28652703110976,76.89407782722265,201.88235473632812,51.0,349.0,43.56852255123302,17,174.3092289105745,392.37527159241887
4321634,-52.183425779764114,-27.489747032712014,146.5722451535985,633.25,417.0,354.0,31.3976770741905,32,19.159432357061508,274.19774409962776
4321667,-49.962017403051775,-29.47198011078714,255.0566424233839,149.42372131347656,0.0,909.0,50.3269070565934,59,108.47410257370122,563.0354294627509
4321709,-50.78020801001501,-29.481821427427963,162.22506381105632,365.5128173828125,87.0,707.0,57.05999547696123,39,120.14777154645489,499.63299226715066
4321808,-54.26913699866651,-27.731805059582978,422.00963057018816,270.9183654785156,178.0,182.0,11.942530308531504,98,32.21446025913756,121.26573405428664
4321832,-50.086063169659866,-29.425830629442512,208.17535519693047,530.2291870117188,16.0,979.0,88.79026872059433,48,104.29864297839391,550.3809386944997
4321857,-52.834232182894375,-27.617806310180903,184.0777489040047,597.547607421875,506.0,149.0,14.033302628725576,42,40.28824043222424,221.21730360853553
4321907,-53.929715250621314,-27.443953961301332,274.69537047855556,355.484375,230.0,215.0,20.22519851792771,64,23.856653029354394,122.57145324455652
4321956,-52.89156587633345,-27.526847120758546,256.1807277062908,572.6101684570312,391.0,274.0,19.400307600791518,59,33.80882334894061,211.60946856842517
4322004,-51.57295792979239,-29.844016910946262,807.490527946502,40.3532600402832,1.0,120.0,7.353360648322638,184,186.73263455743106,469.540469695162
4322103,-54.434583557237445,-27.63956256784513,190.5717557137832,221.93182373046875,157.0,135.0,11.00462501039637,44,19.053933242004742,102.75378219646203
4322152,-52.892671569853356,-29.11577503469698,209.08908439427614,444.7916564941406,290.0,307.0,21.077179324179472,48,105.97171609640925,323.7638685367453
4322186,-51.536832223404666,-27.931310113772525,131.4515383830294,818.8386840820312,692.0,203.0,17.574456809698102,31,33.83119127254099,350.5056025354982
4322202,-54.003095929235705,-29.020622844824388,2258.1287402519956,412.1824951171875,292.0,218.0,8.328444617701612,526,61.52834413584315,242.26962406350788
4322251,-51.42551585094662,-29.47374095990776,55.26702100690454,215.27272033691406,46.0,307.0,45.79440570923703,11,144.45158397211154,451.8721375446885
4322301,-54.55782217163841,-27.70761055185402,299.3438456049189,218.4202880859375,141.0,175.0,15.017047103895454,69,21.550607212115352,101.11686861367244
4322327,-52.15910939155556,-31.472703567292513,255.0301407072693,38.88888931274414,1.0,146.0,7.466136264861123,63,56.915995658528146,561.2504011632277
4322343,-54.6430077749834,-28.038389491286832,132.75694383494556,255.09677124023438,190.0,176.0,13.750732873086303,31,42.6564092286647,121.86616361025713
4322350,-52.02054686459591,-28.77201725052336,132.2767968736589,504.0967712402344,371.0,274.0,32.486509815589045,31,133.17083043037618,358.4205855262058
4322376,-55.161735763094576,-29.06938287410822,612.228334767744,245.48275756835938,126.0,279.0,14.500579223272519,145,60.39192345969903,188.76717964950836
4322400,-56.72906502138395,-29.84043310678299,5688.159422555938,93.93082427978516,0.0,207.0,4.528715702893527,1330,33.16249259319563,251.1889239007295
4322509,-50.923140242642205,-28.371270941896107,2127.969125800766,887.2921142578125,498.0,504.0,15.269069663497993,493,22.985065478450867,424.4853442826773
4322525,-52.11252183840142,-29.831048345119513,326.6551333144307,59.46154022216797,9.0,208.0,11.83388363021771,78,171.07031163643657,431.9366054525634
4322533,-52.68772947632143,-29.587500005435277,328.4500648127869,260.6623229980469,26.0,544.0,37.92292660213872,77,113.225375653596,375.6375154393498
4322541,-51.24813477286656,-29.35732333341463,47.204957757145166,323.81817626953125,217.0,250.0,66.68032208663895,11,124.59403774040133,456.2737934059336
4322558,-51.8346430517352,-28.49016897497467,60.92795911990106,684.0714111328125,581.0,198.0,31.701871849828482,14,99.55383358358225,354.2048575042987
4322608,-52.19522022871821,-29.57739575849737,770.3269241070375,157.69273376464844,13.0,627.0,20.50302362197957,179,160.892322029342,406.5234489751281
4322707,-52.53992832184984,-29.71424547387492,293.56795867253095,98.0,24.0,340.0,21.348308506592524,68,128.44553434701695,395.34517710223264
4322806,-51.55157274287761,-28.963840020332206,297.95490961614996,522.6231689453125,149.0,542.0,34.7108176219929,69,111.65738024454258,406.73383685013806
4322855,-51.861663260010765,-29.06565152973192,111.57396653294563,427.3846130371094,172.0,382.0,35.39130179387223,26,141.84601335677738,391.00436072221953
4322905,-51.994842185302986,-27.570651156404523,273.53450120519847,556.0833129882812,430.0,261.0,27.050678881204423,60,11.925935733357148,294.57074560530407
4323002,-50.869240158601116,-30.165065003934007,1500.7658964842558,37.01694869995117,0.0,168.0,8.210195256202184,354,195.99544708193636,542.0616307447907
4323101,-53.38803171436755,-27.172749211283392,184.55602569226176,280.6976623535156,216.0,184.0,18.975843603258078,43,5.967696483213917,150.97271053050983
4323200,-52.68684218968308,-28.552587955523546,236.8522169077769,443.7962951660156,387.0,123.0,10.1853135284741,54,138.6683137097758,294.5618256706771
4323309,-51.55679162298919,-28.85780915812123,108.10141043830663,628.2608642578125,433.0,281.0,26.94123391900085,23,104.8418992043156,399.3510366210107
4323358,-52.14313602854076,-28.128394009326325,150.63331893924624,640.5,550.0,176.0,15.432142320888522,34,72.1680538342102,307.61960735236187
4323408,-52.15001424557625,-28.556808932412913,180.61757243797183,519.6511840820312,405.0,255.0,26.299488167934168,43,117.71096911675751,333.89606965057766
4323457,-53.87978593005929,-30.347183513596786,496.5171986538917,227.1478271484375,68.0,384.0,16.6447227650245,115,78.60283234771302,368.10902515992626
4323507,-53.50901882003266,-27.32228050583932,80.29334963671863,418.625,278.0,254.0,19.692694300655134,16,14.101916810380304,147.5103018310366
4323606,-51.780767737389866,-28.81843786663585,112.12326802592725,501.75,414.0,176.0,23.37377503010803,28,117.34927801121124,379.585448996951
4323705,-53.70230487817523,-27.267003674029894,89.34094986505806,324.952392578125,225.0,219.0,26.36570087857594,21,7.39271880877545,128.06020016795208
4323754,-54.46527470471491,-28.381371254331675,257.79665748309344,232.4736785888672,173.0,136.0,10.97280470105099,57,80.61237786483865,160.1015989014426
4323770,-51.74203872402553,-29.40720776215003,61.79694666620344,343.0,102.0,485.0,53.73054080981017,14,157.70538374128802,424.9847381077456
4323804,-50.07105112624937,-29.805954236017378,61.42446989193559,4.294117450714111,0.0,10.0,1.3141926875997327,17,146.3481908181253,574.7082449368247
5000203,-52.92647402220465,-19.963489992286906,7772.677298815921,437.3772888183594,284.0,319.0,11.007355067273064,1683,28.55771102866348,157.28768907914215
5000252,-53.74954147444916,-18.208167948910663,4373.416714928113,410.6877136230469,262.0,627.0,15.413138503043527,935,22.250281720644523,77.63652287710622
5000609,-54.966592393850284,-23.158411330107032,4171.691896832548,395.6985778808594,268.0,301.0,10.887958445797496,919,106.88114596384007,106.88114596384007
5000708,-55.77194576300209,-20.696848233213043,2897.392731190659,238.32911682128906,140.0,375.0,12.187833365895873,632,33.18977810472635,210.13243965522958
5000807,-52.80520460630344,-22.111262302536055,3406.1476431507617,333.4550476074219,246.0,212.0,9.742174705983814,745,20.992295597896895,20.992295597896895
5000856,-53.865786487224554,-22.061043958864452,1282.3677138611674,323.96490478515625,256.0,156.0,8.720069315308084,285,11.78406300677886,93.98129651521906
5000906,-55.97183388790423,-22.20609753538039,1131.875725128688,500.3008117675781,243.0,466.0,15.532404959946684,246,44.3299170221226,192.2664355196489
5001003,-51.291060362035076,-20.075481315918903,2748.8154692370445,389.644287109375,320.0,165.0,8.485124717433688,596,28.695926991016325,28.695926991016325
5001102,-55.87649879818384,-19.74573793392681,17058.07152213063,150.4606170654297,91.0,507.0,6.265691531100123,3669,75.58986134170898,156.0059016224718
5001243,-55.44949667809621,-22.90631363515569,1636.1881591696292,489.98065185546875,356.0,296.0,11.791962603369768,362,127.26313177832851,163.11909077043677
5001508,-54.30590901424228,-19.80407606959481,3366.756958206184,549.22607421875,308.0,442.0,14.41994440079091,721,87.52385008945333,249.00907466374946
5001904,-52.57257133570686,-21.805279950749895,2405.362185381353,326.3082580566406,223.0,233.0,10.778517176989682,532,29.28460561604886,29.28460561604886
5002001,-53.17675931956782,-22.390810768056184,1822.5087416376919,290.9454040527344,237.0,195.0,5.9363273657447175,403,21.07450669727484,21.07450669727484
5002100,-56.53938181282191,-21.93582272068404,4909.836071395315,282.6338195800781,139.0,374.0,10.725774493961014,1076,54.16933704964882,142.01491649569326
5002159,-56.700775368080436,-20.548614127856375,2579.0695393364877,314.196044921875,114.0,609.0,24.108192699374545,556,34.47454881723921,122.46815548251408
5002209,-56.48226572624213,-21.03374185907016,5367.027628235519,361.64654541015625,121.0,599.0,13.740596312515155,1177,31.04292644688255,138.8344673750103
5002308,-52.432938371526845,-21.076794099911655,5784.537294938229,356.62213134765625,253.0,229.0,9.858114566927178,1257,18.953579294380155,58.84114744036544
5002407,-54.80428681943436,-22.586853292731444,2102.1570798819885,407.512939453125,290.0,226.0,9.082217171751585,464,69.89534374510544,127.72797656869729
5002605,-53.869214814032354,-19.34209177530969,6211.508956096135,505.2412109375,295.0,432.0,12.848351363894997,1339,29.81999603532002,182.52205988291743
5002704,-54.248625532667305,-20.91366979562512,8061.637833671644,469.15521240234375,242.0,453.0,10.545165110984653,1746,108.70328612079209,214.8587947196745
5002803,-57.09033409878905,-21.940970928436254,2932.9915048601106,253.0109405517578,106.0,405.0,11.515422917214163,640,86.3799875266378,86.3799875266378
5002902,-52.180508431124714,-19.095417784541592,3654.2845114339143,562.6953125,405.0,409.0,12.910495073696156,791,121.0197624324075,134.94295794376103
5002951,-52.69848680872156,-18.994161374653807,3253.36288082134,668.4771728515625,376.0,482.0,12.60081986533936,700,92.3020025544383,133.37325718313494
5003108,-55.0560336792554,-19.807160738381814,2638.042657249607,374.8691101074219,211.0,403.0,18.765846861574964,573,144.05447908117216,241.20029315398045
5003157,-55.383534764449124,-23.34687041277314,1046.4324789233506,438.4739074707031,340.0,209.0,9.391728055955422,230,91.6081523695508,137.66979659904604
5003207,-56.726752486582924,-18.724237587388885,64932.175017111935,116.16204833984375,22.0,847.0,2.5877377723451094,13885,19.38132235791363,73.25421392786221
5003256,-53.20299538978618,-18.51643736390328,4139.632537989877,693.6834716796875,371.0,515.0,15.106018015900979,891,61.17885420597952,73.72524216189083
5003306,-54.673188830405095,-18.281543529608005,6419.1520991921425,276.7366943359375,100.0,384.0,9.9674987128516,1371,5.619063296972957,171.3226265052738
5003454,-54.15102102334679,-22.155862225224936,828.2115276772529,341.3833312988281,269.0,166.0,8.1530860078984,180,22.93232600474862,100.35903795297985
5003488,-55.36315291574295,-20.60077457840173,2425.3234521970153,274.63238525390625,166.0,410.0,13.581393292621566,525,69.17827010466263,240.87620173654068
5003504,-54.58772882238932,-22.01381749509377,282.73064073733985,310.5396728515625,284.0,76.0,4.805491951659038,63,9.28087617552453,142.74522236251062
5003702,-54.83740168370345,-22.143542250190464,4054.0323889283463,379.2961730957031,272.0,328.0,7.522496892569656,888,24.454841377876193,154.03790515023718
5003751,-54.22459237597125,-23.739451931414067,1014.4984648115933,305.7688903808594,222.0,189.0,10.828490763869821,225,17.425010185521145,17.425010185521145
5003801,-54.43975839956465,-22.337285482042045,319.77618522942066,323.3150634765625,290.0,96.0,6.932077591422799,73,42.44751441913885,107.97679705166128
5003900,-53.86107075712413,-18.74464304006488,4877.912821454927,443.046875,265.0,478.0,13.8375008731486,1045,30.06368457125686,125.94586065183861
5004007,-54.192309036166435,-22.426684613475164,489.3887681784108,385.3457946777344,313.0,123.0,9.529984403612392,107,51.787470704223466,81.72664135228479
5004106,-55.99896251099664,-21.53716182232336,1213.6413040552288,304.93963623046875,204.0,218.0,10.701358909965467,265,9.529529703114639,193.6382982520584
5004304,-54.53704036398455,-23.433697108572723,2959.1752666337416,351.2992248535156,242.0,199.0,10.492027987133529,655,57.58325792323703,57.58325792323703
5004403,-52.02088216891696,-19.657499803645827,5751.925243856385,471.10894775390625,323.0,459.0,11.446979532364942,1239,104.56251874310806,104.56251874310806
5004502,-54.87431318800707,-22.005091070575133,1337.52790873684,361.4368591308594,290.0,174.0,8.009245714168385,293,11.648315719655063,166.02817017430056
5004601,-54.11778751426901,-23.341898489803043,2051.5537041258067,311.0284423828125,227.0,191.0,11.648017863200332,457,19.022219222158387,19.022219222158387
5004700,-53.798513005909356,-22.371250957629695,2007.911620712839,344.1954650878906,248.0,194.0,10.48054079304411,440,24.84331685971486,60.49297381078032
5004809,-54.53989768707187,-23.80952229705209,415.6524149077013,318.05377197265625,245.0,144.0,11.308813956729272,93,39.35579869360234,39.35579869360234
5004908,-54.34818275331141,-20.22674445839913,2906.5204801056534,535.9779052734375,258.0,459.0,13.47392363308972,633,106.96505056934892,277.0918634846453
5005004,-56.35345588308751,-21.582112318487116,2123.191572152078,327.34771728515625,212.0,326.0,11.13857719297786,463,24.832785338270043,157.99562389302898
5005103,-53.957995254878654,-22.70659599045977,1925.4736415622756,327.8325500488281,238.0,212.0,8.111808942546467,424,39.461204239179196,43.9442634740271
5005152,-54.49015114233499,-22.77601179198662,1579.997086870484,378.59710693359375,260.0,206.0,10.242621510672368,345,87.69047085365793,90.72115453682285
5005202,-57.56973413052526,-19.101765203284515,340.494042083621,176.16000366210938,84.0,459.0,34.574837571457465,75,8.350952556745549,8.350952556745549
5005251,-55.13025014781774,-22.679896869051205,1716.2542386269197,437.58575439453125,307.0,249.0,8.511215697415357,379,90.06232546762627,146.25125212889853
5005400,-55.396546669007215,-21.543368813437066,5364.579661460593,467.4488830566406,275.0,355.0,11.21836165386745,1174,23.71773599761221,240.38679609846983
5005608,-56.59411391569494,-20.12288031066866,5491.040004702285,160.42784118652344,91.0,500.0,8.112749999764818,1185,8.062970349424253,104.03987788945378
5005681,-54.27617048380083,-23.943654447444196,473.5618661697954,267.5238037109375,210.0,142.0,9.14817128623519,105,12.071064203677143,12.071064203677143
5005707,-54.0259678922958,-23.022021239804133,3169.743622470647,310.25250244140625,230.0,185.0,8.900490189170025,697,39.336261274184345,39.98174303647746
5005806,-55.9005657968711,-21.101525344810543,3891.479527453892,254.9703826904297,147.0,310.0,11.321033068640304,844,26.35547213756856,199.52299195953205
5006002,-54.21724492651383,-21.49089259675576,4038.440347056836,384.0635681152344,262.0,276.0,9.596995961167087,881,47.80025101943707,166.7006832239747
5006200,-53.421982947508845,-21.924937356208098,4757.660835485905,348.50958251953125,245.0,212.0,10.53819137961527,1042,30.941585166600767,74.18914425820135
5006259,-53.782697163910626,-22.60324106646181,850.2825152156875,316.5946044921875,244.0,159.0,10.224823640381144,185,22.666642113584757,37.95233478657921
5006275,-53.13083482164475,-19.227560480471222,5078.294323162176,589.2247924804688,393.0,437.0,13.366012341101229,1090,45.940607590473235,151.77862876375764
5006309,-51.39472371546289,-19.52772813453101,5387.460783534683,463.7083740234375,320.0,455.0,12.33414584415994,1159,42.93132181678324,42.93132181678324
5006358,-55.356673428585076,-23.71181852568872,1290.9862890541553,381.7257080078125,312.0,134.0,10.184665470532202,288,59.392471895942116,114.24711493842956
5006408,-54.33932803042435,-17.9132392593151,3553.275495212525,336.2239685058594,210.0,345.0,14.895388589805364,759,23.556603576740958,126.31970500022253
5006606,-55.58291815753272,-22.202057416118162,5399.920676119626,536.954345703125,343.0,364.0,12.12474705539688,1183,50.86937129712552,215.78258584459556
5006903,-57.383963086362506,-21.22596791501709,17473.225053879432,174.61593627929688,67.0,631.0,12.392914425526918,3804,47.1546456987148,47.1546456987148
5007109,-53.54414564932724,-20.596393377655325,17275.567164798267,440.6784973144531,282.0,408.0,12.059112746633966,3751,58.05454932964503,183.94316910019165
5007208,-54.560948602074276,-21.695330521852565,3950.6160081736743,339.3855895996094,265.0,155.0,6.607727958585562,861,21.706862477359465,166.72670303917036
5007307,-54.961778527319815,-19.447433715040027,1822.757667564787,370.7480773925781,175.0,541.0,23.465692943096176,393,105.53632849867716,245.80490116316705
5007406,-55.04340814652291,-18.814145059132088,8144.7290852591395,273.14105224609375,132.0,510.0,12.695778309137285,1751,42.23023558420388,229.21260772328628
5007505,-54.736040858351295,-19.979352598846774,1302.2021765746176,333.1091613769531,224.0,424.0,11.994609346489575,284,135.82475125666215,277.78270533577
5007554,-52.774591390254535,-21.318466745875313,6128.320065960288,368.0404968261719,252.0,235.0,10.45941520687541,1333,62.5599925753175,75.79578253085025
5007695,-54.48163781866446,-19.166729657711684,3838.2711124382913,499.03411865234375,234.0,505.0,15.166984399701354,821,76.75427208337383,204.17511247856547
5007703,-55.0299483470843,-23.881078219131926,844.3194739008322,339.7311706542969,259.0,157.0,10.552071785154617,186,45.34045510145031,76.29345837221585
5007802,-51.75840455110532,-20.282464557699452,3245.505422621034,376.4053955078125,276.0,233.0,9.633849005706304,703,39.238441499579935,39.238441499579935
5007901,-54.94250607148182,-21.093638192293053,5263.181554116309,438.4222106933594,209.0,391.0,10.539361397246013,1144,39.208762574859726,243.9147643113682
5007935,-54.43420538917762,-17.648835206874015,4148.250850875862,481.1988525390625,145.0,644.0,14.957745720418897,880,53.139470552803715,129.57493718920168
5007950,-54.989390982639044,-23.650637362052795,1785.3849460678175,353.0904541015625,250.0,199.0,11.705268828760195,398,71.11518041234555,85.12706191001814
5007976,-53.430611181798916,-22.66873332184841,1056.5721503216773,251.7179412841797,234.0,80.0,1.6814753108838651,234,10.356992852069308,18.64591570955954
5008008,-55.023843534463516,-20.44695536427775,2857.1981333754957,306.0290222167969,186.0,353.0,13.294840870919145,620,90.31874949723901,265.87727182739303
5008305,-52.21081527769553,-20.438778563350002,10205.184095200151,377.85308837890625,259.0,245.0,9.397673159894135,2212,50.008601416248226,67.79033917818356
5008404,-54.42554838589681,-22.466801752989863,319.2302057771012,394.2676086425781,319.0,156.0,9.869169045185666,71,55.92383144632861,98.87347717482476
5100102,-56.31919630049824,-15.17724724447797,849.7447367208079,266.62921142578125,176.0,503.0,16.75606420703226,178,5.7337845954735265,5.7337845954735265
5100201,-52.50051496863504,-13.977426308553635,7537.907518669963,372.3413391113281,244.0,307.0,8.69762102368033,1585,75.92825476304604,160.5156284212152
5100250,-56.36806372162394,-10.056170213614797,8967.316491097212,294.50189208984375,212.0,248.0,7.211169800522279,1849,51.637414894294956,485.84918655285315
5100300,-53.46718731423627,-17.45113664470696,5413.433892198838,625.8269653320312,285.0,593.0,18.263170749717947,1156,26.1444791376596,26.1444791376596
5100359,-51.755381356052254,-11.813652361530679,2225.7525145215914,323.5982666015625,222.0,212.0,7.711445198632622,463,99.66573079775523,113.36982422051676
5100409,-53.58291524679023,-16.890618048520718,3831.760618120432,685.6744995117188,488.0,369.0,12.511170663162035,811,20.70333184953862,56.33202255242626
5100508,-56.660598597741874,-14.75893148781931,1839.6075039403513,278.8346252441406,169.0,404.0,26.382477801286694,387,28.967957049335354,28.967957049335354
5100607,-53.29506073364708,-17.826823734706352,1424.806534152478,816.6953735351562,489.0,418.0,16.506910829968934,302,8.654547285083225,19.33462470739956
5100805,-57.82647743363701,-8.757823888823216,20461.587586792186,219.46267700195312,102.0,325.0,10.441774943528031,4206,25.557120335958196,483.2324952579857
5101001,-51.807059237102706,-15.130430529018104,6383.751183302142,283.33929443359375,242.0,296.0,2.3500288232866313,1341,18.21767039493577,18.21767039493577
5101209,-53.12056177503759,-16.751532820994786,684.0237661497667,601.1292724609375,443.0,394.0,18.82590224590016,147,16.75578697772412,16.75578697772412
5101258,-58.45976578745467,-15.253078284853263,1668.1181919751689,373.8323974609375,204.0,414.0,14.84213322684363,358,41.0235200756688,210.02671205441337
5101308,-56.85860238471745,-14.508540028514487,413.60730230249465,282.1176452636719,204.0,221.0,10.535933905459821,85,61.45053759164545,61.45053759164545
5101407,-59.8546615193156,-10.180263147078186,24652.482752010692,222.59898376464844,102.0,387.0,10.335681101511529,5092,108.3938302358114,408.38846984590174
5101605,-56.03029484455859,-16.811155178680487,11351.63903188333,133.6669464111328,107.0,199.0,1.367034356346834,2408,6.514804609233283,41.41729102493581
5101704,-57.42408889397291,-15.092976748927066,6000.0326689537615,228.9117431640625,129.0,486.0,8.437213715658054,1133,97.87246919569556,97.87246919569556
5101803,-52.44319085876485,-15.363559386652243,8353.4674270479,461.7432861328125,257.0,635.0,19.39580765258909,1753,63.435937378598716,63.435937378598716
5101852,-51.73985042386984,-12.21781105031172,4256.751476703212,327.7519836425781,212.0,209.0,7.20865832473469,883,81.48398502892032,115.88173735429076
5101902,-57.99907667093766,-12.421714954418151,15993.608538998757,336.6327209472656,229.0,268.0,7.033039000448557,3319,29.149394383079805,315.49894388204154
5102504,-57.832894451377285,-16.538575986278563,24500.52053235285,148.53802490234375,65.0,738.0,6.735877943474409,5193,54.916464013383475,133.9019668600865
5102603,-53.128200712122194,-14.376002503252447,5985.7833711933345,426.65020751953125,313.0,321.0,11.278996405781177,1255,37.688768619686456,183.15081295305035
5102637,-57.93164206381055,-13.687253272722947,9412.884253083728,527.0520629882812,299.0,389.0,8.118053776008253,1960,26.131961620564375,208.9502291967641
5102678,-54.95943783415041,-15.345662239405618,4773.5185526534915,698.081298828125,433.0,459.0,12.717091980767957,1009,54.90437959578477,114.1979887646027
5102686,-59.19353504638731,-13.580351474421802,6776.526320490055,537.9590454101562,297.0,463.0,10.524748666651162,1417,27.294591088592174,331.4886478636659
5102694,-51.82254238468917,-11.200383917524414,3438.8071267693304,243.85414123535156,187.0,169.0,5.359690202219499,713,121.18073011768968,121.18073011768968
5102702,-52.39822770172809,-13.330531285437512,10835.379265555646,353.2143859863281,222.0,253.0,7.484926105412101,2267,62.6130619940081,171.2304831278779
5102793,-55.83246375171647,-10.104917383849552,2402.2134368685074,278.8580017089844,240.0,109.0,4.959717759569458,493,16.756154761499293,468.68186678427344
5102850,-58.603272983629644,-10.939942885650733,3728.8891897811554,293.845947265625,209.0,226.0,8.510087977182254,779,4.362769135343528,488.82910269930585
5103007,-55.55234579361046,-15.11980747032862,6586.09203490708,462.50970458984375,226.0,616.0,19.905273445664992,1389,68.7539707666569,68.7539707666569
5103056,-55.04888343424137,-11.44863388674573,3861.669807963539,342.26953125,289.0,104.0,6.563294578209646,794,41.376855470083704,314.5009727776925
5103106,-51.14898724688456,-13.87010788281619,16566.179174679797,236.3574981689453,188.0,166.0,1.4469057592882932,3477,32.338449128904095,32.338449128904095
5103205,-55.468558629639844,-10.63075915757034,3102.2787311202846,304.90216064453125,23.0,459.0,7.85097723545663,644,40.44896407077791,406.18808835288314
5103254,-60.30335409594227,-9.291964373047946,27915.48645511316,152.25160217285156,94.0,245.0,5.706989525353171,5747,28.200156069574067,315.65194046659246
5103304,-59.751736549751286,-13.1934751435365,21487.305214147083,424.2257995605469,177.0,503.0,11.307427973428977,4482,82.47359710270209,405.54884123667347
5103353,-51.69888881616184,-10.40371958244378,5781.229835893959,281.8081970214844,196.0,364.0,8.595154490472122,1194,102.55979637490397,123.64034659617646
5103361,-59.333267546117845,-14.634622792882148,2665.13017472066,500.9356994628906,222.0,543.0,16.997205383579015,560,30.54232797000544,307.33100828913854
5103379,-58.67494367511757,-9.538278833504572,9468.300405117217,235.03692626953125,19.0,414.0,8.60216233228252,1950,20.537788511701912,490.49443700605536
5103403,-55.87994071429264,-15.503930555534374,4318.175228920765,314.43328857421875,152.0,685.0,21.704992669381703,817,26.060340959689096,26.060340959689096
5103437,-57.87634247952883,-15.61754127404686,356.6848947815597,172.64382934570312,127.0,188.0,7.413370896507616,73,104.5164261371712,157.00098776743738
5103452,-56.96031259029427,-14.729934457053751,1266.2485387837514,210.86245727539062,167.0,271.0,7.090745945827039,269,58.30763547061582,58.30763547061582
5103502,-56.805243079557926,-14.095644772950505,8273.756986147724,474.64544677734375,238.0,403.0,9.507394766667336,1729,89.59207805533885,89.59207805533885
5103601,-54.77632825357141,-15.656942201475946,2171.0640863999724,515.5173950195312,254.0,423.0,15.243694133842798,460,76.54102580931479,127.0746482410736
5103700,-54.18550645874949,-11.933834693401717,11631.976170808543,338.6243896484375,270.0,156.0,6.194061559439581,2428,65.14932935367237,280.44607642098237
5103809,-58.702884327906624,-15.5296039329052,885.2167227268219,241.40322875976562,170.0,180.0,11.063760235920448,186,36.01137411905043,240.11137025357422
5103858,-53.45526736009077,-12.994973471970791,16924.513328479137,357.82904052734375,277.0,270.0,7.008941991496124,3539,53.8549305565949,228.69434394931366
5103908,-53.34398417941836,-15.519592121053218,4515.276713692583,499.989501953125,334.0,367.0,10.481159732765205,953,102.54949521666461,115.615083220333
5103957,-58.32501614669494,-15.839914300343398,836.4915775954723,186.8531036376953,136.0,193.0,8.473333001727461,177,66.04366857553683,210.53286918933173
5104104,-54.62110619993253,-9.776659567441742,4737.246188160032,382.73394775390625,254.0,318.0,11.519897868129485,981,29.447393743828037,451.8483496035549
5104203,-53.5843571380129,-16.38340260495895,5070.716922413558,534.53173828125,273.0,519.0,17.279055226756512,1072,47.34871819088206,80.64801632902017
5104500,-58.59996737065724,-15.337050577228933,570.0187465306371,303.71551513671875,177.0,331.0,16.373402476738242,116,30.16753452524537,225.98104388737636
5104526,-56.058336926013546,-12.018754952459334,3424.8514631898142,370.12994384765625,309.0,108.0,4.720741290565497,708,29.63755117798916,266.9266301971658
5104542,-56.75364488833042,-12.141049813688555,2917.89790340513,318.2615051269531,257.0,142.0,6.45561205874999,608,90.89881743958057,280.70170757777254
5104559,-55.59073896213326,-11.111071412000296,4520.6128914654255,343.90289306640625,256.0,245.0,8.738065151984998,937,3.674146829090807,354.7712141471747
5104609,-54.596030251968436,-17.33387167248736,8696.092894149944,451.9186096191406,133.0,628.0,12.818484661763296,1855,88.99237761590176,146.67988208140835
5104807,-55.19189449336915,-15.974669833341855,2430.9385734163225,589.96875,255.0,581.0,22.942166517864862,512,60.998366044170574,74.43426432493486
5104906,-56.57074076477897,-15.336616954145367,1105.4902070173994,290.2016906738281,181.0,580.0,15.47523551148038,238,22.999551207530978,22.999551207530978
5105002,-58.864654620790525,-15.304636020525107,1345.8119207555428,412.0867919921875,226.0,366.0,15.171768975884428,288,6.923755497046365,253.80513775198716
5105101,-57.61881632653326,-11.023737540223841,22563.639687608927,314.6072692871094,206.0,359.0,8.904817227146212,4670,90.83785533535753,432.65459151466746
5105150,-59.32470889591335,-11.53275024444315,26397.27238713717,352.16522216796875,147.0,375.0,10.257595247844483,5465,68.19050128297673,484.680640086433
5105176,-58.62468230406074,-10.396128240704655,3192.940812630113,271.3424377441406,167.0,347.0,10.504126498868054,660,19.12084067150099,534.602801156497
5105200,-54.90308548557599,-16.182290548479585,2295.1697060531005,411.4753112792969,197.0,536.0,19.83681413596404,486,31.930387676372092,104.43054022421522
5105234,-57.779875901855554,-15.376311575495137,1801.7732115723193,180.28533935546875,128.0,116.0,6.366042462839899,382,115.23599390604645,139.80380202997972
5105259,-56.166392477212206,-13.036882131883528,3681.628676184453,391.11688232421875,300.0,142.0,4.6154113563873524,770,32.8372855478137,164.0898736234752
5105309,-50.94509175599981,-11.015168815601053,4262.590719670523,186.7986297607422,162.0,83.0,1.3056996300089958,879,33.49864601623126,33.49864601623126
5105507,-59.99046612651511,-15.190557002216378,13485.945615461096,265.6914367675781,180.0,743.0,12.075449553948088,2839,18.81002518320857,369.90930894714234
5105580,-54.05350809421495,-10.886806441169105,12285.559309777804,344.43719482421875,271.0,231.0,7.1827856058510715,2539,80.66684255733703,367.40231489639353
5105606,-54.35669197407529,-10.013189763831749,5200.411733089015,345.89886474609375,250.0,239.0,9.060277655757359,1068,38.49179400166238,418.02703078834014
5105622,-58.05483850111662,-15.653436647152907,1086.1513359704986,223.30471801757812,146.0,231.0,11.743176791976563,233,92.6599311568307,176.31685457725183
5105903,-55.81321060425542,-14.377529333493197,3923.906720715575,411.10302734375,198.0,446.0,18.879293148618757,825,13.412813739993721,13.412813739993721
5106000,-56.722385803447615,-14.35011748555435,1314.5616872683167,373.4295959472656,205.0,308.0,12.697516686152047,277,63.65877257750058,63.65877257750058
5106109,-56.483283147647526,-15.837579965159005,5504.389588312246,246.4801025390625,126.0,583.0,9.664104632992892,1156,37.540863505127675,37.540863505127675
5106158,-58.077281929295324,-9.76783793233301,9560.23530916078,254.64129638671875,189.0,374.0,6.800984342187754,1971,15.537285294716687,556.2665150337476
5106174,-51.88935072810127,-14.155833366322845,4009.7618018314242,268.7584228515625,225.0,215.0,4.732117901013166,832,17.100679534452116,99.16289183533077
5106182,-59.771359005469066,-14.299456707530565,4772.080139225349,344.94805908203125,183.0,568.0,13.385784442712287,1001,41.17382391653159,361.37569712192703
5106190,-54.90670784309196,-10.91930483983728,2386.353573404718,364.5740051269531,266.0,240.0,9.538119371300596,500,54.380896739632206,373.80040037291275
5106208,-55.050696600137925,-14.784489488197996,3282.3118159314618,466.13604736328125,273.0,559.0,14.55982948941141,691,51.53746459687069,51.53746459687069
5106216,-56.04088108427111,-10.699712140939488,5967.799090041313,306.7964172363281,244.0,216.0,8.711483414071065,1233,13.242698334631706,408.48256707397536
5106224,-56.1063314763071,-13.629035657873086,9531.252585554495,409.5077819824219,270.0,272.0,6.866214197749811,1989,62.714872811514,101.62734179097963
5106232,-57.422369389615895,-14.804350699739476,1341.3718328028917,223.63027954101562,163.0,355.0,16.093692671678756,284,78.63470654610424,101.86039578309102
5106240,-54.75917230318947,-12.996283837652323,12475.085361926816,398.0600891113281,284.0,287.0,6.766885580282976,2596,83.06870914430041,149.0246024799834
5106257,-52.4069925340641,-14.596549441989605,5509.962126943283,352.1617736816406,233.0,449.0,9.60037147846282,1156,8.331446219358465,104.75574073965552
5106265,-55.403851565771824,-9.752736564660086,5809.926355327014,314.7684020996094,237.0,292.0,10.245434696695309,1196,27.61099057948641,502.5620584975126
5106273,-57.30459198987348,-11.383891089557837,922.0741824586876,292.2251281738281,241.0,136.0,6.553822622032799,191,103.56171815959921,382.16541930177584
5106281,-53.259190022607214,-15.077961948656394,5178.795893421397,471.98712158203125,292.0,328.0,11.061621601154528,1087,68.24359625083233,142.45132932708992
5106299,-56.6826735046359,-9.59420113052862,4820.906308568083,262.1395263671875,161.0,260.0,8.276320626746857,989,22.112360182668194,543.7418237259607
5106307,-54.1091814791569,-13.678838579194881,24164.866766512394,442.00653076171875,279.0,460.0,9.25171140300861,5048,82.20626220640149,126.1886288076032
5106315,-50.88903178289454,-12.314996282972782,4394.642893378157,208.53988647460938,177.0,109.0,1.1464900699306801,915,8.429943345279813,27.184862405354234
5106372,-54.24941242421661,-16.795003602887892,3845.302433978766,446.2140197753906,232.0,542.0,21.978038769618045,813,24.579300469125666,123.56247367996399
5106422,-53.59437991376002,-10.149824824883893,14452.194341650698,336.4771728515625,248.0,252.0,8.083563299639106,2978,63.59328603088559,332.9693845625516
5106455,-54.67419511566185,-14.589370661874991,2438.8063881592825,489.210205078125,398.0,384.0,10.845492086203826,509,19.738790815841995,52.51847433427414
5106505,-56.94383561635414,-16.78182001894327,17136.19505020976,124.91914367675781,62.0,377.0,2.3304367460373387,3636,35.2680053983957,35.2680053983957
5106653,-52.721559826280505,-15.930916862515527,2737.1733866231516,407.9740905761719,306.0,285.0,13.805631802094966,579,34.812929955558566,34.812929955558566
5106703,-52.93743174225393,-16.66065669465629,694.0336646987125,580.7291870117188,417.0,437.0,21.056557148261277,144,14.620583142613597,14.620583142613597
5106752,-59.45811670456647,-15.516791521409171,8544.195511518046,349.1808166503906,201.0,745.0,16.610151552709556,1792,33.05304227748287,319.7552608786072
5106778,-51.714845031268446,-10.826001898862703,3983.3546808897518,219.8135528564453,182.0,293.0,4.589890699051137,826,117.83393173577251,117.83393173577251
5106802,-56.74640503596253,-11.73473624200154,6845.889979871921,338.05853271484375,243.0,164.0,5.483450817008085,1418,102.30517303878894,321.43673534951364
5106828,-58.98105534963086,-15.956563563494003,5836.141187679954,280.5762939453125,127.0,841.0,14.568424428596584,1232,72.59885971149201,269.2993052450151
5106851,-57.21719314709943,-15.523051825904,2025.5186948748305,273.5325622558594,130.0,713.0,27.874337188841917,430,88.16357273530177,88.16357273530177
5107008,-54.186336568745325,-15.84958445136602,6948.518712038174,487.2595520019531,234.0,528.0,16.023492854364633,1468,76.99447859353579,168.17015220378678
5107040,-54.21966993419057,-15.095240361924786,5451.451431044377,648.9755859375,455.0,401.0,9.213417029606958,1146,24.887178965452414,125.77055747341075
5107065,-52.74354601894592,-12.158237167122657,17784.57908214722,323.36163330078125,272.0,136.0,4.940841798936997,3686,47.040863299579826,224.50847442333466
5107107,-58.296960476608284,-15.56658253321066,1282.5480713797733,214.13059997558594,162.0,243.0,7.766174297583357,268,71.30587158636872,198.45612537499085
5107156,-58.456741008202904,-14.9275907063228,1338.1740683512762,542.03955078125,283.0,396.0,18.446390537935084,278,41.47060844329507,209.50313816064792
5107180,-51.56949833363949,-12.874043082376916,11331.808775801212,288.57525634765625,203.0,249.0,5.061196835135794,2359,47.142880946502075,100.98171548665245
5107198,-52.758481755148075,-16.496786285769065,626.9870657734573,508.9850769042969,378.0,224.0,14.70080670722474,134,11.439951478550363,11.439951478550363
5107206,-58.150563814672715,-15.272381857672535,534.0410358384252,331.95574951171875,167.0,480.0,38.36389269353779,113,74.13885907485128,177.26684106712037
5107248,-54.89727013250605,-11.934925492075985,3837.3324637687765,353.4727478027344,294.0,98.0,6.172255190045489,789,90.48150049919994,262.0168172649907
5107263,-57.35075931304576,-14.44913927462798,1155.801253478974,332.7736511230469,253.0,247.0,8.51151056262006,243,64.63611260035023,110.40302906307501
5107297,-54.266794064089986,-16.469949474577646,502.8688915884122,299.1100769042969,241.0,231.0,10.953015065486136,109,11.451766596601388,140.18693088749504
5107305,-56.80887773480069,-13.55178417073891,4526.585555165075,384.73291015625,275.0,281.0,8.581551157951003,951,87.32293579892179,140.48116644789346
5107354,-52.61698800973027,-10.695592300735724,7469.6694785626605,309.847900390625,263.0,118.0,5.575544603967739,1545,51.470427730904426,217.54617537761058
5107404,-54.737120809178165,-15.952763156045636,339.5868578189984,392.86566162109375,247.0,390.0,21.80457037218441,67,59.630318227958234,122.95088174718369
5107578,-61.00932576111275,-10.461987274128978,12704.57995814737,199.6234130859375,106.0,381.0,9.48194239065278,2605,85.07844474186749,338.189705573903
5107602,-54.6853149195961,-16.568309484611845,4816.953986454755,366.7216796875,190.0,403.0,15.777737651447993,1024,5.9257711107425255,135.45549125096935
5107701,-55.916027929752296,-14.746839988560192,7336.938913517632,342.7801513671875,181.0,616.0,16.38675455033053,1501,14.199166592341374,14.199166592341374
5107743,-52.541100150113934,-10.063932614074723,5609.478501431178,299.2013854980469,169.0,231.0,5.612189204549275,1157,35.54074874805098,222.7403722886668
5107750,-58.04829410311213,-15.051238474497838,1744.070538234897,387.2904052734375,151.0,526.0,17.984902047637103,365,84.73891374083759,164.94336072074134
5107768,-55.29464422916625,-13.831993140133514,4718.551765318029,460.2034912109375,347.0,264.0,8.103057571640923,978,24.5548247853394,52.61698662316022
5107776,-50.793120942667564,-10.33353361760609,6475.961770746391,223.253173828125,171.0,469.0,7.502173206537749,1339,34.06349591994782,34.06349591994782
5107792,-53.670828244499724,-14.805902564621604,3395.851871719584,573.0014038085938,411.0,317.0,10.931068060932605,710,19.69786057449604,160.42625464223605
5107800,-55.4476700373917,-16.53524183672293,9488.309358589351,180.32061767578125,135.0,436.0,9.075133929747542,2018,17.876231644690872,56.14212622937032
5107859,-51.96796267364989,-11.455008081105149,16691.893432917073,276.131103515625,186.0,195.0,4.645066978529842,3455,133.56387366623173,133.56387366623173
5107875,-58.654133609789724,-13.156172831698115,13610.32618799014,454.8698425292969,251.0,405.0,8.75893634928437,2843,32.88373022680854,307.12049741479825
5107883,-51.362067094030216,-12.022231231834928,1492.033638881985,283.62103271484375,209.0,232.0,9.01793358488183,314,51.03080950965054,73.7182429412014
5107909,-55.50085827888237,-11.711281704166604,3955.8937508552335,358.1098937988281,290.0,178.0,6.080853225997298,828,24.59124806234645,287.68564335829427
5107925,-55.68063274673986,-12.736970180191253,9303.448625594843,386.0794982910156,306.0,184.0,5.576127460161068,1937,25.159579176819506,180.01117510275782
5107941,-56.497071931246545,-11.214652296166754,8461.098884586245,358.0726623535156,283.0,194.0,6.487425429319024,1748,67.34788930668108,365.5025216626037
5107958,-58.29090846021779,-14.430012295696764,11628.65487081185,557.8904418945312,169.0,629.0,11.579568192297597,2437,42.03567693076156,203.51155753783095
5108006,-56.53085066886215,-12.56838550419141,4448.183291196823,340.1654052734375,260.0,154.0,6.1203143123626935,931,62.2360244893299,227.68373920649714
5108055,-54.983945286842044,-10.512571954747218,2400.510632694233,323.68902587890625,249.0,191.0,9.22927642436781,492,75.33932465101077,418.21029446844943
5108105,-53.45649309102453,-15.905038638910385,4200.086858810857,509.63739013671875,350.0,420.0,16.268517317918892,888,99.66624992858138,105.77131230266741
5108204,-52.88904089438395,-16.29486832483646,2423.5254283305258,518.26025390625,326.0,536.0,16.84549747747885,511,32.38435127842748,32.38435127842748
5108303,-54.31448190932957,-11.527198079090729,4579.144622526597,341.6740417480469,276.0,113.0,6.795547256872165,951,79.31371159514202,318.60567680603145
5108352,-58.96325327350496,-14.968084148532073,1909.65903246589,544.0827026367188,253.0,550.0,14.482602437776595,399,10.78691941299646,263.60879824272416
5108402,-56.24202815085901,-15.56297888686921,729.218607570976,191.2142791748047,153.0,82.0,5.702240641902433,154,7.014663154284076,7.014663154284076
5108501,-55.3465733536221,-12.422864556916856,3037.864290929865,381.9724426269531,308.0,129.0,5.658767028183058,617,38.01405619745908,207.62538445210018
5108600,-51.40567361969548,-9.980851599003648,7430.208138606045,292.1253356933594,183.0,436.0,9.642094108413433,1532,96.14676405677093,111.02614762799784
5108808,-55.33892390333621,-10.29600363084528,1109.247461383231,275.8008728027344,245.0,97.0,4.5840409249434355,231,30.00607727658431,442.2068212263341
5108857,-57.25551866944546,-14.289518476435054,1905.432575517334,420.319091796875,286.0,358.0,15.588699327693014,398,70.8832687709863,110.44010572145157
5108907,-57.219628375575795,-12.784098830346764,11575.191762157716,345.5385437011719,245.0,286.0,7.36296553961593,2412,13.74188923728016,236.4518549397089
5108956,-57.24630096235544,-9.969533677359735,5150.174398386851,277.0985107421875,205.0,241.0,8.025529868985616,1066,81.46237930987637,522.8796866864759
5200050,-49.449303485086965,-16.785378631174407,132.71205478906631,819.0333251953125,713.0,180.0,14.248488740753064,30,31.613480965248026,178.40725880971402
5200100,-48.71116747369086,-16.186453714385202,1035.029205787927,980.6868896484375,844.0,287.0,17.52250261562579,214,6.866241474025443,237.90998722231862
5200134,-50.32471313080325,-17.451874913448822,1554.2606136016548,531.1536254882812,473.0,183.0,5.484224000479654,332,37.67296519211892,132.9122495338449
5200159,-50.18705844240652,-16.363209449448455,98.98729252349585,706.478271484375,640.0,131.0,11.54641920015418,23,21.416920569425802,186.15055131719086
5200175,-47.7968679210296,-14.906552729837301,2026.3496973118745,999.895751953125,708.0,527.0,21.790093058587836,422,116.93277262290326,318.9940331280892
5200209,-48.792118100767794,-18.081821051906722,456.33039798401296,624.948974609375,526.0,254.0,21.275685390101014,98,11.19231561501733,30.00005316783806
5200258,-48.284448624627174,-15.755910464520893,187.5083569874987,1086.6756591796875,988.0,198.0,21.80227145367367,37,52.23227684155301,275.5774774014431
5200308,-48.48349200849053,-16.088446050039266,843.7672804705799,977.8146362304688,805.0,334.0,17.569461303412357,178,10.004618808389553,249.46475885948394
5200506,-49.464868071806265,-17.69470958849328,106.2829021224752,613.0,543.0,274.0,25.437132144853347,24,28.621569108691585,83.82667230404172
5200555,-49.42881265721548,-14.172187310833241,496.79261461179703,355.3238220214844,302.0,243.0,10.22584573083348,105,45.887068121590744,153.34378463084246
5200605,-47.534017883186,-14.182638399532543,2591.8377083842643,1042.6368408203125,464.0,1115.0,39.13948208395741,537,80.24482972853798,334.53629867952924
5200803,-46.63481725738244,-14.566063522147005,1272.8277860591188,588.562255859375,447.0,567.0,23.17102393340103,265,184.57090767333614,232.41832512054023
5200829,-49.617667840824375,-13.84153316784267,1338.5084628621116,337.6302795410156,245.0,324.0,9.46144804188384,284,81.82956575874883,121.39788207251632
5200852,-50.00305725099452,-16.260865244607984,135.1607106840238,848.8214111328125,711.0,227.0,15.586583216921298,28,4.149712780435312,189.3819825079114
5200902,-51.108803963886245,-16.62485251130563,397.14135095477104,617.2168579101562,478.0,402.0,18.836336994154237,83,101.53778494775264,122.6287957882657
5201108,-48.97359556480163,-16.289516250962322,962.245649671182,1016.7387084960938,825.0,305.0,16.29208839538366,199,35.05269510830525,225.19397666354985
5201207,-48.225692659048015,-18.310789994560146,53.725641819648445,626.1818237304688,544.0,153.0,24.5024364262483,11,3.2328209244721164,3.2328209244721164
5201306,-49.97009198059672,-16.3964093925251,962.5082989204675,755.39111328125,621.0,293.0,15.681370839836907,202,0.5284298172925184,203.02244010419332
5201405,-49.26109959489281,-16.810018101213718,282.62477365043014,798.6290283203125,688.0,250.0,12.018216057501322,62,50.84289849847658,170.83372403513633
5201454,-51.261385606206915,-18.21639696509949,599.0936571573839,625.265625,528.0,172.0,10.263436627980886,128,15.245673169124379,112.57328863615406
5201504,-52.045140760147625,-18.76801283425085,2914.004921616055,647.7092895507812,462.0,348.0,11.929702341326047,626,84.4082095452992,138.16185766127577
5201603,-49.70169463062603,-16.370227789904373,151.54600442014635,713.8709716796875,640.0,176.0,13.214728491563973,31,25.17443845240974,220.16496755587073
5201702,-52.14996599173304,-15.970122668307617,663.1749108759686,342.1048889160156,286.0,131.0,9.435691207294507,143,9.901965904423658,9.901965904423658
5201801,-49.418376075037216,-16.95081976475813,223.58648172486573,818.6170043945312,746.0,162.0,14.730308626895155,47,32.467551558671666,159.96329464354338
5202155,-50.43912251705671,-15.139311590367722,2199.18597382959,354.6331787109375,256.0,511.0,9.946681269400925,458,76.25886318582299,76.25886318582299
5202353,-51.58284924166506,-16.356805508535412,1078.3331832196563,484.151123046875,316.0,454.0,19.602894448555727,225,68.92564529535237,68.92564529535237
5202502,-50.937013098797216,-14.804518315723394,3070.7393980482593,262.63580322265625,234.0,235.0,3.0748846323104915,648,13.925894949205414,13.925894949205414
5202601,-50.52246574976679,-16.696572681575933,567.0666837245226,630.4369506835938,433.0,425.0,25.6779310797956,119,67.19262083535656,175.24445463721858
5202809,-49.76818629074915,-16.493019629812732,173.5670543788001,713.0810546875,634.0,171.0,14.45489376505199,37,12.3544369344766,219.77156216502198
5203104,-52.43907660208945,-16.36104717776204,1771.955608627759,567.6871948242188,308.0,687.0,24.822012780113575,374,9.411674638370856,9.411674638370856
5203203,-48.88015426541528,-14.909527502198408,1077.9867143752053,678.2719116210938,466.0,797.0,41.794398194674095,228,27.009917142448344,228.9190832268942
5203302,-48.9122518600143,-16.95669975513974,1253.2674285238609,815.3773803710938,658.0,327.0,14.146710866526048,265,80.55112015623806,151.46814871078578
5203401,-52.07475271871154,-16.169735293332245,1891.3483587605879,444.8715515136719,297.0,647.0,19.376821762303482,397,30.84003632163502,30.84003632163502
5203500,-49.8777485321711,-18.18980182760108,1392.4908799584955,552.2425537109375,411.0,316.0,12.628288018790048,301,22.550282167238983,46.850654301567765
5203559,-49.0155011541995,-16.603288417193234,116.69436100777239,892.47998046875,827.0,160.0,16.99478834758271,25,63.22664773552248,190.60752688265927
5203575,-49.8592704038867,-13.570582385136241,1615.785636224784,275.2979431152344,229.0,374.0,6.156849349443325,339,85.21491616623915,85.21491616623915
5203609,-49.37950783024769,-16.38366476706677,123.2933079879731,794.6923217773438,750.0,134.0,13.850727760717326,26,54.95013297627293,219.5712766508266
5203807,-51.208071065932366,-15.236268874383303,1445.1853411784396,270.8976745605469,251.0,47.0,1.7982605297624197,303,24.980400793141175,24.980400793141175
5203906,-49.00755718612883,-18.125624464157053,908.2811974612996,683.1795043945312,502.0,379.0,25.089524258693274,195,21.729180914102432,22.922704008306557
5203939,-50.45400062076725,-16.169715495301418,193.6183914281428,558.6585083007812,436.0,360.0,21.263010514176873,41,52.170154977675594,152.81376587982444
5203962,-46.29723087126784,-14.408218812578058,241.06253026332706,683.2244873046875,520.0,267.0,17.74192479186227,49,210.32415159509026,220.53322053781386
5204003,-46.99239312350259,-15.75940292360662,1119.2910338481888,861.1864624023438,648.0,337.0,18.273249392622258,236,133.89381281573682,209.09545260611273
5204102,-50.98099395540256,-18.543422927055687,1647.0260664969683,572.6373901367188,402.0,360.0,16.102634764390896,353,9.401372158027874,66.23191968709175
5204201,-50.697617817943076,-16.717563055841985,419.3455017162487,681.8427124023438,546.0,288.0,16.318633579209752,89,85.24841022083298,161.71227913771074
5204250,-49.62375890584185,-18.488073955320214,531.5020738868043,490.8859558105469,406.0,217.0,14.940155488931962,114,5.621262240923025,5.621262240923025
5204300,-51.13203387185907,-18.699905985938944,2272.4977741474286,505.3539123535156,349.0,360.0,11.841820944084072,486,13.374633941614235,66.80888315162328
5204409,-51.81391033513296,-17.007365507712713,8597.806431298144,707.8712768554688,486.0,531.0,18.076687363511414,1826,16.793390842174492,101.9831219074765
5204508,-48.64589836700234,-17.710155511487205,1604.8297307817265,710.1917114257812,525.0,505.0,18.76496323755814,339,14.31816440276791,69.83696771785958
5204557,-48.97062051686075,-16.74488064618066,248.36061790771782,801.2307739257812,707.0,241.0,16.86166885093567,52,74.31850204142943,174.8419590920873
5204607,-49.700152350162824,-16.788523012796325,273.27930761128664,647.1666870117188,564.0,265.0,18.575790939148252,60,6.733577406404625,186.45037763958834
5204656,-48.569172139921136,-13.884551298925505,1970.4688107692637,608.0774536132812,433.0,611.0,26.25257027747533,413,18.80634872292099,227.95566274698385
5204706,-48.975481172912815,-14.047037497068326,1051.5956030753441,605.0855712890625,477.0,407.0,19.145672530948346,222,15.334803446390453,193.485937768884
5204805,-47.76838860304258,-17.550548835267165,2434.5304451324046,872.5984497070312,688.0,288.0,13.988844447168995,518,47.189312102704996,73.86467216997586
5204854,-49.10977196427021,-16.284245639792164,145.1903892196715,927.3125,837.0,243.0,25.40864876820784,32,40.297423725055495,226.39351349047016
5204904,-46.51253461466413,-13.000593047022395,731.690814350266,674.086669921875,445.0,497.0,20.618190996592503,150,176.99471941421837,327.9140390264509
5204953,-49.659103367732605,-14.195306631659257,425.12864852230996,336.875,288.0,128.0,8.208083045898615,88,69.44247268847627,128.73664271043725
5205000,-49.74304553475327,-15.42700232734345,410.41025981493294,628.7738037109375,568.0,160.0,13.898646492102738,84,14.963842119783331,157.33864570481947
5205059,-50.33595742342843,-18.153807999643764,286.48480279091746,545.0516967773438,431.0,388.0,11.73600654988599,58,17.531640739431644,59.665816655520125
5205109,-47.663895957090396,-17.929482260897363,3844.5993524827063,823.3878173828125,608.0,388.0,14.386997950759852,820,32.99845851106256,32.99845851106256
5205208,-49.586313072007925,-16.455374702763063,206.83356743585318,720.0869750976562,629.0,185.0,16.114624154925135,46,32.21396979779798,217.64595615589096
5205307,-47.69513089667939,-13.636256601789958,6923.4033106868155,722.8572387695312,305.0,1234.0,41.62389892910055,1443,43.35127044592349,296.1833656768837
5205406,-49.63740563964417,-15.276719144145341,219.67380452621728,698.4042358398438,547.0,408.0,29.67071717561901,47,7.777708567325429,162.3414564347047
5205455,-49.759198400409765,-17.08129566651856,418.2313192691654,611.8314819335938,543.0,192.0,13.446355798505085,89,3.6491698511394413,156.8905407974792
5205471,-52.633649003134586,-18.46519343549888,2172.6968329697847,802.9978637695312,686.0,170.0,10.360201444955477,462,84.47258174541729,84.47258174541729
5205497,-47.81766090797204,-16.123375335735343,376.43222696799785,935.24658203125,847.0,221.0,16.81598332996955,73,37.86390798210124,221.07365743445703
5205513,-48.602285987655364,-15.655761899710216,1786.831936424598,895.08203125,603.0,663.0,22.367675615744606,378,26.832924194412147,280.64348058517163
5205521,-48.07365615936543,-13.98496738494795,1726.4799527828582,564.8375244140625,348.0,621.0,32.94934574456983,357,23.205634284157874,282.20276690901994
5205703,-50.581253694113414,-16.36454455257485,453.3259803270921,604.8191528320312,401.0,438.0,41.17526252736788,94,63.35486060311626,151.1004600545282
5205802,-48.67851092831845,-15.928663495455575,1056.3191376179457,1045.893798828125,885.0,361.0,16.855770549095862,226,11.745634306787302,266.61934990065674
5205901,-48.530886110423914,-18.168733919307023,1870.0577121386304,636.4974975585938,489.0,363.0,17.083981715335778,398,13.749671349960757,20.97886288962348
5206206,-47.51667076559042,-16.697625907402827,6126.997238541022,922.2478637695312,744.0,475.0,13.714125020124857,1287,42.44403271432006,152.15926070045631
5206305,-48.70896179626763,-17.213556335486917,230.3129724636674,823.4130249023438,715.0,201.0,14.273912881852766,46,46.5813558362122,125.07423006231322
5206404,-50.06500980221545,-14.638636117900443,4657.775092205033,392.8340148925781,269.0,520.0,13.012971928540129,976,80.03364705747738,98.36684196951411
5206503,-49.35570456702624,-17.24049095566477,363.8330123508349,716.3333129882812,605.0,276.0,17.533761813039266,75,27.04583573789829,127.47237828173465
5206602,-48.13258415104295,-18.320697671294138,572.8544006962329,652.6050415039062,520.0,279.0,17.032867434079034,119,6.914749635865812,6.914749635865812
5206701,-46.19200453711534,-14.555743225087538,419.68281491845846,750.0574951171875,640.0,243.0,14.914850084416619,87,200.65203576805177,200.65203576805177
5206800,-49.33229661074821,-16.25755967959764,84.85092821065336,871.1666870117188,801.0,107.0,15.319209912317685,18,40.155734744515414,232.29859005949479
5206909,-47.56175994090482,-18.118727983086863,477.80740002729,787.9903564453125,654.0,307.0,16.024544259514393,104,9.925026301540557,9.925026301540557
5207105,-51.34958797590836,-16.223252416724158,668.2634741719812,472.03570556640625,330.0,398.0,22.963002677021418,140,73.41368182922669,73.41368182922669
5207253,-52.49255180336033,-16.805312477033254,3226.9538403889164,560.6744384765625,410.0,562.0,16.351033415830468,685,28.948818744100635,28.948818744100635
5207352,-49.73944217475193,-17.417704249746375,592.9934750469401,568.5679931640625,498.0,201.0,10.416405609557225,125,10.542042327880372,119.88761143400194
5207402,-49.96477646830875,-17.479167673158233,1482.2958603724837,539.4388427734375,452.0,306.0,8.72640856642654,319,12.135873441008094,120.15486602152976
5207501,-49.08487853795212,-13.81417751895615,300.71690526092425,402.46875,337.0,197.0,9.738450876030024,64,43.037253334895205,173.0396654956661
5207535,-50.370579978244784,-15.435935356261124,1965.3803297039121,454.49639892578125,287.0,528.0,22.221495003823488,417,82.12866725194465,98.9799917524749
5207600,-50.85858921519786,-16.15164624816464,1268.9855645224452,450.0932922363281,312.0,543.0,17.50622741158864,268,94.91903154812837,114.15813844868389
5207808,-50.311914793578,-16.639046274322006,420.58405890502036,619.4942626953125,494.0,225.0,11.123365532929208,87,44.09000051350877,190.94586529456657
5207907,-46.90538468851018,-14.651484057163255,3681.4456957709044,536.40771484375,433.0,589.0,13.582546795173407,775,165.41126316988363,248.82000117494394
5208004,-47.246704640224046,-15.307816375030542,5815.409289557487,751.30517578125,447.0,788.0,27.251412246502213,1232,146.07046365474812,247.7657611484921
5208103,-48.866510895813384,-13.720037226301272,842.4487624550238,462.8045959472656,330.0,460.0,20.00065685098023,174,43.34909014463761,191.93399873043347
5208152,-48.67337220417639,-16.4021015817047,578.1947971722111,973.7380981445312,862.0,225.0,14.28970794148963,126,28.859533319195844,214.48548657242145
5208301,-46.51755628628537,-13.26392014055295,828.0964556676336,607.5555419921875,452.0,365.0,13.014011030652552,171,173.32097472256797,317.4736613142925
5208400,-49.064475647875724,-16.515086215858982,163.59765938855708,906.5882568359375,766.0,321.0,23.197715204070413,34,59.15306751723377,200.59948092338448
5208509,-48.1400903268045,-18.121594894900287,572.5788669632748,712.6129150390625,561.0,289.0,14.578694827479964,124,25.841152192504744,25.841152192504744
5208608,-49.166897354156696,-15.27503270702156,1542.5116831213236,703.206787109375,542.0,447.0,24.038152100574404,324,32.727108573723825,210.29466477269506
5208707,-49.27392267417202,-16.64340914391566,726.3985127657652,790.5838623046875,693.0,258.0,14.28152845053818,149,54.65143289271697,189.1924930933458
5208806,-49.42446344947738,-16.50198100084648,226.2215308137238,767.723388671875,675.0,151.0,13.849310539419307,47,46.8172700020294,207.8977933760334
5208905,-50.241846126382725,-15.846545784865336,3118.695547909476,527.7160034179688,305.0,659.0,18.05787274440681,662,56.61630203943182,138.60904230114355
5209101,-49.65986298714415,-17.99335629666117,2487.587190472521,624.6812744140625,427.0,427.0,15.250412986019976,524,47.920867392448535,55.86505492977075
5209150,-50.154910383606605,-18.510297855310025,816.0021246019751,445.6918640136719,393.0,167.0,6.557130629453382,172,12.596961837161432,17.481912633397155
5209200,-49.57187793343335,-16.912560867572555,521.0156510993838,691.0999755859375,562.0,363.0,19.891029631044827,110,16.85158831343686,169.2368821879852
5209291,-50.04951935862335,-15.673368429449027,198.55131179653108,721.7954711914062,658.0,137.0,15.026773047737349,44,56.21496781239248,142.1908507394185
5209408,-46.43089687743014,-13.88871080258603,1229.458895915188,660.26953125,431.0,580.0,18.963882075409597,256,182.67326987602502,275.8021083069649
5209457,-49.73031645459191,-14.700980826263724,597.5006043314934,477.0559997558594,332.0,583.0,27.31995970416031,125,50.838271369731295,134.99204700246412
5209606,-49.77945803736024,-15.743793563421026,226.02992706745863,683.1599731445312,592.0,367.0,21.298368486190025,50,38.72843301160345,170.21566814258236
5209705,-49.26717085184211,-17.01207587528605,958.924509383738,784.5145874023438,640.0,285.0,15.090291083620977,206,43.08354722787195,149.109201196869
5209804,-49.36077823070784,-14.740596137402433,578.1526547791436,629.5714111328125,486.0,315.0,22.700006478526433,119,14.14511068682542,174.96691542131728
5209903,-46.75549637326623,-14.08991129521206,1536.3379174480215,487.24139404296875,422.0,370.0,7.549839382932699,319,152.7123486725698,279.4728144469224
5209937,-49.91663187924583,-18.5074053098468,692.6186811802909,460.16217041015625,401.0,231.0,10.161884953284066,148,12.479057686670604,12.479057686670604
5209952,-49.968843825514696,-17.185752526273536,959.4541804129258,580.7142944335938,477.0,274.0,10.754206116154451,203,28.660819207948038,150.81759252814183
5210000,-49.5166555038634,-16.306853384314646,613.2229958586395,850.6821899414062,693.0,313.0,19.37477868020923,129,45.39191400539536,230.01187458414
5210109,-48.05353473686707,-17.50430639716512,4386.292412204668,805.2855834960938,606.0,479.0,15.168133692819884,935,24.730554601370866,94.22321593458861
5210158,-49.669704729443424,-15.168300052886464,243.46660127397627,646.2745361328125,539.0,382.0,26.511379583063327,51,13.044451778893908,155.61715015625686
5210208,-51.179460295228296,-16.41760376506582,1034.0515262577683,564.509033203125,386.0,415.0,22.13664941424239,222,101.15422742120909,101.15422742120909
5210307,-50.88167457990911,-16.355713993890276,581.1099299127236,489.5619812011719,364.0,394.0,25.12649469393923,121,95.3841906846738,122.78053835057725
5210406,-49.82340280022544,-16.082485668590977,1446.3915714230388,770.75,660.0,354.0,13.653429722969175,312,28.866222035228507,189.10981176248686
5210562,-49.62791721694187,-15.934595108613275,142.5210021948442,711.4000244140625,652.0,150.0,12.991455106515,30,36.270048032312395,195.50605885581507
5210604,-49.613522740049596,-15.772617879367056,242.3979804320261,710.219970703125,616.0,262.0,19.847044175123145,50,25.565891263145,186.8866855815565
5210802,-51.321920190723084,-19.09926171990843,2094.0133304186165,457.0615234375,321.0,369.0,13.014464985679949,455,48.379652544354734,54.73449966071029
5210901,-49.646443453510436,-14.942105658057214,955.5191493360326,667.7474975585938,401.0,487.0,22.885455328249368,202,24.566433541592303,149.7525693872383
5211008,-50.772169714192636,-15.702357650387848,2036.4950976101682,343.14788818359375,269.0,319.0,7.680651421081381,426,91.13631576073693,91.13631576073693
5211206,-49.94973044275959,-15.548574452803383,1281.0887628905475,687.1475830078125,569.0,322.0,17.330338661212945,271,40.26925530734646,143.36438082258866
5211305,-51.33038958300753,-18.844001030327984,3402.6415653815493,497.3246154785156,339.0,366.0,11.929088978275583,727,35.49595308073927,71.1365465418886
5211404,-49.60742128702978,-16.19380358789062,385.4338259771466,891.8518676757812,768.0,259.0,21.626771700635473,81,41.621850945943564,214.61233553468549
5211503,-49.41564610603828,-18.35211830326493,2428.6503730379045,557.1846313476562,431.0,448.0,15.955344399474395,520,17.501474450873953,17.501474450873953
5211602,-51.03582899395463,-16.67814960922673,1270.4988571451977,603.21484375,440.0,488.0,21.21779575478905,270,105.13063515981258,132.22224221868893
5211701,-50.18162935621929,-17.088712012087246,850.3388708494604,594.5027465820312,500.0,299.0,15.502922264272467,181,44.66286815104677,168.97297948386353
5211800,-49.386480170630676,-15.70288660333044,1855.6533638499677,681.4515380859375,567.0,316.0,16.623320405628117,392,0.6709733953218877,204.5456063569577
5211909,-51.73148416714071,-17.910508740356473,7150.63965473976,760.4432373046875,481.0,551.0,13.998334600612152,1532,1.0095351112400988,146.67768453890227
5212006,-51.0606189591931,-16.18950739721734,525.7664611469954,419.2301025390625,327.0,338.0,18.870267120025805,113,97.17172599531737,97.17172599531737
5212055,-49.406417982099,-15.962361113880018,119.21476287767291,735.9583129882812,693.0,99.0,11.81231062114842,24,23.902438317747148,216.72077556524513
5212105,-49.61636606995986,-17.795676978436425,437.02022536378354,681.8681030273438,506.0,336.0,21.45606675875029,91,29.325958651243063,76.51837506494338
5212204,-51.33088892622767,-15.581826532340179,4111.064629313536,319.455810546875,261.0,348.0,6.538209892673947,871,42.45969630636254,42.45969630636254
5212253,-51.28354379031033,-19.182916232147644,460.4112494699657,437.8500061035156,347.0,249.0,11.728064927985582,100,46.25701162384463,46.25701162384463
5212303,-48.88917332208922,-16.570578241865512,484.9402889655903,973.5094604492188,803.0,263.0,19.20665623678257,106,53.19562788328959,194.2197224232428
5212501,-47.99115084095646,-16.480733717338722,3988.2770190816373,889.7304077148438,746.0,347.0,17.184471332578926,842,3.9267101110872034,189.40570674703176
5212600,-49.4581517780346,-17.29892686649402,473.3918655849993,665.11767578125,535.0,363.0,16.840610168113304,102,16.81052116817366,124.81155934279755
5212709,-46.06668467944645,-14.419230684519079,860.4906786605716,792.9729614257812,677.0,266.0,16.090541095140217,185,205.02139930730334,205.02139930730334
5212808,-49.39391509492353,-13.99655659854981,1714.4672520970926,392.8117980957031,262.0,444.0,11.215760904913061,356,52.23581191406399,150.78917734671398
5212907,-48.69022649994942,-17.986448307899472,237.03817350044847,667.0576782226562,532.0,351.0,23.544336458921826,52,8.70528971367115,40.026337579949946
5212956,-50.777390250227405,-15.377019622423587,1134.0461357282475,328.2447204589844,267.0,147.0,8.167819877923407,237,61.50058351610992,61.50058351610992
5213004,-50.36439396843513,-18.034908304553742,391.2644766587764,510.96295166015625,440.0,190.0,10.469929188994689,81,11.629452591888649,73.1020599518627
5213053,-48.30920801694962,-15.017664035427357,1386.3234481560066,783.0,533.0,775.0,28.83823160526054,296,83.91324895169902,291.3482517201578
5213087,-48.349367432883874,-13.498941604383221,2872.017031252384,542.7719116210938,289.0,642.0,30.418043872578703,605,15.303929379130082,228.76678857189657
5213103,-52.75922632854194,-17.598878358895885,10140.423801354133,748.4427490234375,439.0,549.0,15.445189330471376,2008,40.3497600526519,40.3497600526519
5213400,-50.77311209106473,-16.507223610502823,460.96686610393226,580.4432983398438,416.0,354.0,28.61543458903236,97,85.44889653433972,141.45860837676307
5213509,-46.9236117718167,-13.294710205070341,3120.601954003796,567.49462890625,352.0,713.0,31.284930890334326,653,129.47569796143983,351.59357492882606
5213707,-51.579770277554125,-15.917675267620295,2909.0040194625035,355.54620361328125,273.0,398.0,10.745204424788199,617,34.231247221173426,34.231247221173426
5213756,-51.19087049392065,-17.31912374182865,1863.8156426288188,833.88916015625,670.0,291.0,12.654778244043642,397,78.19440133112359,176.14114236132397
5213772,-48.73067218519254,-13.144229990562966,1339.2042148942128,385.3705139160156,280.0,479.0,13.699010071013198,278,59.694161949253406,173.0236920436238
5213806,-49.12802317964585,-17.7744652388272,2829.235576618463,712.802978515625,510.0,413.0,16.047008664132278,604,58.534087474918586,63.77615798051241
5213855,-50.010718413122724,-15.309761591963122,277.38244967442006,738.1754150390625,637.0,199.0,18.31547886619861,57,44.63530030706373,125.91079170100168
5213905,-50.15705389752796,-16.162374850650508,686.1216399585828,720.8098754882812,523.0,410.0,22.100919912086866,142,23.557371225499136,170.43767949062806
5214002,-50.58567170600022,-14.84371987092194,1725.8847301481292,306.3305969238281,247.0,207.0,7.865057664621434,366,51.51494457645973,51.51494457645973
5214051,-50.20250209900422,-13.79638226383407,2142.194323347416,265.40838623046875,225.0,101.0,5.2290349239817475,453,64.16860249717267,64.16860249717267
5214101,-49.30456162006587,-13.720522691791807,953.7367333108559,376.7200012207031,282.0,245.0,8.370735501838421,200,66.04056694902533,147.19151962336795
5214408,-49.85052737657968,-16.581744407529506,276.88010096084327,677.183349609375,602.0,197.0,14.642239527515294,60,2.405165917134521,212.98727802376996
5214507,-49.18626932187771,-16.424690639926098,206.0274625858292,867.4888916015625,793.0,184.0,16.813698493812886,45,55.1476815492483,211.7183216752788
5214606,-48.402487219889814,-14.49818087545599,9841.376044001896,656.9105224609375,404.0,808.0,26.036148137151955,2067,43.08148618485871,267.31437537815106
5214705,-49.93350210414626,-15.04500324825329,210.42171866446733,721.9767456054688,596.0,251.0,24.43391793898761,43,44.15615147082466,124.5335695465036
5214804,-48.29622085757065,-18.100776046882793,291.06659315060824,713.7833251953125,547.0,284.0,21.775025107075457,60,26.388460846580514,26.388460846580514
5214838,-50.56121015604705,-14.133416929402971,7321.64862793358,269.0929260253906,220.0,132.0,4.62689252260294,1528,31.23959146729121,31.23959146729121
5214861,-49.505266575588614,-15.078764127288336,422.3465949939564,569.7930908203125,506.0,140.0,9.997674689532248,87,4.125255912798978,168.7547655471518
5214879,-49.28838539909291,-14.31191026736337,620.4138293638825,454.4045715332031,337.0,384.0,23.178253157713964,131,28.410351422700476,169.91736064200674
5214903,-47.011150988225516,-13.798555242716153,2148.33320059767,690.5745849609375,381.0,824.0,44.214893848900935,456,119.23686225453406,322.0684193362187
5215009,-49.30769022780072,-16.360420745196567,123.32173904124647,838.0384521484375,757.0,174.0,17.124139029012113,26,49.96366357473509,220.6375595690305
5215207,-50.64378734979043,-16.056974300721617,669.2154188370332,430.375,364.0,345.0,12.852978530192317,144,75.35297782583311,130.57662935653713
5215231,-48.07417148727355,-16.124370317536812,190.7289118617773,943.4500122070312,867.0,210.0,14.405878740695874,40,23.40753594287075,229.33076370278334
5215256,-49.72739740240512,-13.250955149083365,1257.234405156225,282.9961853027344,239.0,109.0,5.0008918154051685,262,89.78586418794826,89.78586418794826
5215306,-48.19612163456093,-17.006964927542622,1969.5646149665117,834.7572021484375,677.0,294.0,15.73510455066253,416,24.576785635469236,147.38220114743345
5215405,-49.21992729622331,-16.254768729096664,204.72876344900578,957.9111328125,825.0,268.0,19.590536915108604,45,36.61545505978729,230.8073126824231
5215504,-47.74659636001041,-18.218222800988954,414.14298481307924,776.413818359375,652.0,288.0,16.18384677399884,87,15.280020213771651,15.280020213771651
5215603,-48.303974925053595,-15.36142965718209,3154.863085324876,763.6831665039062,562.0,757.0,20.225478852537762,666,72.45964301371657,300.8267527854965
5215652,-51.440907958159364,-16.704008788842728,1308.475861334242,640.33935546875,469.0,359.0,21.386174854307846,277,68.31630599567092,110.01657450268782
5215702,-49.94449972429787,-16.807130139267237,1527.5263096643612,632.15673828125,531.0,394.0,13.461370894605603,319,17.117028035265225,190.5085858319249
5215801,-48.396289410619126,-17.30148901929903,50.03662901278585,795.2999877929688,738.0,122.0,15.561032262631542,10,16.798178236439508,115.40686853241104
5215900,-50.19445407797343,-16.820287282376594,396.26631584297866,616.5882568359375,548.0,161.0,11.220866439228818,85,39.581936270913154,196.96533065704386
5216007,-49.404982484201135,-18.203759216229475,430.4767066910863,623.9791870117188,475.0,338.0,19.878522936673264,96,31.24555259873578,31.24555259873578
5216304,-50.62338053477803,-18.80860733836121,1168.3765759514645,504.18072509765625,390.0,388.0,16.835862443445315,249,18.524662457997433,18.524662457997433
5216403,-50.63702632885997,-17.048562256846566,3796.1705180825666,669.3267211914062,513.0,400.0,13.148494767701246,808,91.59489353523983,185.5582866181047
5216452,-52.225937849692166,-17.492576628673753,1041.4634877815843,876.1260986328125,704.0,293.0,14.605463234974957,222,22.87874377401287,98.18856904440744
5216809,-49.31584946071589,-16.113710072576605,529.355941827409,801.1578979492188,681.0,388.0,20.237925496457272,114,25.39695992531635,234.04445388839852
5216908,-49.52020796258595,-14.588569578946045,905.1907696388662,522.46875,308.0,597.0,28.706689907177747,192,38.17416708577666,153.2392435939138
5217104,-48.9932261277198,-17.33233224217505,2367.1778113879263,732.2298583984375,575.0,406.0,13.790157140369011,509,63.87638570153105,109.96112204349012
5217203,-51.84286777268158,-16.41352733284406,2052.276742341928,475.20458984375,313.0,603.0,20.23158062123134,435,63.439870397562075,63.439870397562075
5217302,-49.011340368489904,-15.809865363858572,2200.6480104858056,852.0363159179688,649.0,624.0,27.942430253883686,468,21.72628367580897,245.84256542084393
5217401,-48.38879040991223,-17.27473075454762,1077.0940697658807,790.2782592773438,615.0,358.0,16.973220727102316,230,18.985306921464552,118.25748401623768
5217609,-47.75009980701166,-15.284417645860348,2546.446197091602,943.780517578125,650.0,605.0,22.304153551987408,533,122.53568422011386,300.38935038224776
5217708,-49.537985293165356,-17.531894590107708,1436.2585339928046,629.3366088867188,491.0,417.0,18.648670804824825,303,11.261057594986267,103.40193565030147
5218003,-49.230240346999295,-13.292165851480501,4815.860644690692,349.3460388183594,242.0,398.0,10.056566613284287,997,101.59560178483632,140.07465349441247
5218052,-50.14486703323777,-17.90280956180729,579.2578770043328,486.452392578125,429.0,133.0,7.6125747674259845,126,9.280324488864341,80.12407359460212
5218102,-52.70521730770118,-17.35099919728308,558.5957778180018,784.5678100585938,502.0,451.0,25.440828959496724,118,48.48930443213371,48.48930443213371
5218300,-46.436893694150285,-14.231258763622384,2104.4637277675793,694.1836547851562,448.0,550.0,16.67852976397103,441,189.94505204940708,245.29610963909278
5218391,-49.24396261566775,-17.27217512929342,355.31837681587785,683.2133178710938,592.0,245.0,15.267855831683258,75,39.0092374122657,120.5878662061041
5218508,-50.527332588488015,-18.43626722674486,3772.9220154611394,558.7420043945312,396.0,472.0,15.945271845827476,810,37.56341847342539,37.56341847342539
5218607,-49.53138766520857,-15.340881516339378,265.1567289372906,614.2930908203125,531.0,247.0,16.421924039336,58,6.585161091705896,175.3812777785224
5218706,-49.444549985474325,-15.473595990623572,150.50358551368117,620.3225708007812,558.0,178.0,9.570942058229823,31,6.47608388209529,189.0405380874031
5218789,-48.781528501044484,-17.829351417711127,239.44047441426665,646.5098266601562,567.0,237.0,20.060688292222544,51,24.48883617568847,57.03001696890221
5218805,-51.037767279775984,-17.739623955344747,8403.024950442836,767.120849609375,504.0,522.0,13.831815236839073,1787,70.20268365142469,131.7540215695225
5218904,-49.87553598954979,-15.180239882430119,747.6444642897695,688.3974609375,546.0,283.0,17.421112059465965,156,34.6609261872349,134.76683176137917
5219001,-50.374503908262646,-16.283478528673474,512.1415275596082,564.388916015625,447.0,334.0,14.296319429788642,108,41.555194891569066,166.8555674528627
5219100,-49.68059759769122,-16.597817600795707,140.2729597352445,652.5516967773438,601.0,145.0,11.321082033907217,29,17.73758147910835,205.91843430798576
5219209,-48.593886195123844,-17.35959818066656,1120.1215651771054,771.0882568359375,646.0,282.0,15.520231745112472,238,27.609015855438532,108.53856595237792
5219258,-51.171530370714784,-15.667131099491051,1155.264483783394,340.5185241699219,263.0,349.0,12.332764642525914,243,61.74062243949954,61.74062243949954
5219308,-50.579852997447226,-17.80295870530129,1128.3236032510176,585.0731811523438,468.0,270.0,10.278138655953144,246,34.21706491345009,103.53475755408793
5219357,-49.38791374959968,-15.254028130152514,805.5191967170686,611.0059814453125,500.0,363.0,15.705020014170186,168,15.57819634464472,187.2481012626748
5219407,-53.06890921217496,-17.24813340665177,1346.8112991619855,677.3262939453125,449.0,419.0,16.17152951314775,285,9.913593876770523,9.913593876770523
5219456,-49.05424785411571,-14.876138587840028,967.6995614347979,579.6488037109375,445.0,678.0,17.889057942479383,205,16.597378701777828,209.86262141340444
5219506,-49.48066480851035,-16.058897315515402,161.27606995869428,797.84375,718.0,225.0,14.629009419793016,32,35.235917278938096,216.26685273787214
5219605,-48.98324787967527,-13.572464378204879,794.7128033572808,361.1317443847656,311.0,323.0,9.05779976697147,167,63.156637993698766,175.68216282092675
5219704,-49.672839278869176,-14.322273312524947,1235.4241147856228,351.099609375,265.0,370.0,9.003429450986712,261,69.88355463267554,129.24518656470315
5219712,-50.63050823243064,-17.527079828956364,449.24106040783226,595.948974609375,532.0,244.0,15.21784243589829,98,49.94311028067724,134.23963790341676
5219738,-49.2911397789596,-16.475623363672625,130.74742050189525,817.2413940429688,723.0,245.0,16.963903660560774,29,61.003772288858066,207.78176634873648
5219753,-48.28272033388024,-16.085375084382957,952.0038265436888,956.0863037109375,809.0,300.0,20.196713664263772,197,21.53773805734251,242.14128392573048
5219803,-46.48292028739334,-13.53289083026411,3337.6011510789394,604.3782348632812,412.0,614.0,16.64681072213697,698,174.15185307589775,302.54048861008846
5219902,-49.25510628982265,-15.952428743962885,409.95449913758785,716.7557983398438,634.0,296.0,15.013138092423562,86,8.46288619054985,229.8807335590484
5220009,-47.42279355814308,-14.487096197587523,3334.018881648779,829.2503662109375,440.0,888.0,28.585682385917696,699,111.77074080052155,305.14217485865726
5220058,-50.3732082896681,-16.820066157665327,280.865615834482,627.7048950195312,549.0,307.0,16.00971045031177,61,56.75613353841284,196.03328369957097
5220108,-50.37574500106123,-16.455590651717316,840.6037716148421,564.1889038085938,443.0,290.0,14.51142327225183,180,42.77229876815643,175.14308670586814
5220157,-49.2740693098354,-14.916293031844683,580.6669840048999,555.2377319335938,483.0,133.0,9.330071259781349,122,4.120584137028131,187.64412744411328
5220207,-50.24904450743681,-13.14461352032724,6146.849419582635,257.7572326660156,205.0,180.0,5.198936905419069,1281,34.22849121315519,34.22849121315519
5220264,-48.66917309787608,-16.989335192830843,547.600571135059,908.677978515625,734.0,300.0,19.146397906876565,118,60.821424194934664,149.5743625341159
5220280,-49.82872006907967,-15.367416506397634,182.06678333319724,641.8157958984375,574.0,275.0,15.170743626653659,38,24.21065631722243,146.39412392515706
5220405,-50.589671729972174,-19.010454036418498,416.0715784719214,439.6451721191406,349.0,165.0,11.546535457197603,93,9.691391669252287,9.691391669252287
5220454,-49.1061978425119,-16.703357601555307,246.6307775285095,779.7735595703125,689.0,218.0,15.373311080116206,53,69.31659753228598,180.17375814017748
5220504,-52.21318440787517,-18.224308553846228,5511.265128931031,674.481201171875,512.0,368.0,17.065704483447853,1172,57.368883984016286,103.73066679970512
5220603,-48.55683454076538,-16.60654275445517,2352.2165595674887,930.4173583984375,810.0,293.0,14.313461572142932,496,38.766148735172926,191.8828039268871
5220686,-46.58453470943211,-14.433189109428191,323.13344483915716,534.159423828125,464.0,360.0,15.162440367633689,69,182.7630074746839,238.9037206515809
5220702,-46.23841375724746,-14.735432795004233,1614.663797960151,807.3876342773438,556.0,470.0,12.585307691350467,307,188.86936026320637,188.86936026320637
5221007,-49.59611776030403,-16.041533282839847,218.43130117561668,793.4000244140625,697.0,331.0,19.80358053924941,45,43.247955348299975,205.3190073425137
5221080,-47.23820275156094,-13.68093865720375,767.1265769726597,696.6583862304688,366.0,943.0,45.794994709674576,161,92.99383769426696,340.11749283185003
5221197,-49.07548916734859,-16.445266455241203,109.79851839412004,847.4583129882812,760.0,240.0,17.247317016178133,24,54.72168139005108,208.3777510577879
5221304,-47.78025509025242,-18.341387720430962,278.5662626279518,703.225830078125,626.0,171.0,14.424082437434318,62,13.946776046825466,13.946776046825466
5221403,-49.54567743241941,-16.642402358896135,714.605478676036,717.4473876953125,602.0,274.0,14.816267238414559,152,28.596627934520587,196.63604364063303
5221452,-48.75423371650319,-13.419227516835486,798.9120968347415,401.3072204589844,303.0,459.0,13.260753596981168,166,58.442900617219095,188.2137604135283
5221502,-50.13036001358749,-16.575631891122033,487.0282717086375,648.298095703125,572.0,219.0,10.934547014925686,104,23.688334728995535,204.40830862335486
5221551,-50.31232841562362,-17.754858763010166,961.1799304978922,504.5853576660156,436.0,144.0,7.232869597397203,205,7.925168479417029,100.3404552863405
5221577,-49.96595826953562,-14.149022666617315,1142.9498242069967,324.7848205566406,255.0,350.0,9.452056486269747,237,95.33351475777705,95.33351475777705
5221601,-49.091208185272876,-14.418419710150125,2128.857947618235,554.8224487304688,443.0,416.0,16.267318200735584,445,9.825469265138423,192.7712005763764
5221700,-49.64117558343109,-15.572987386167657,512.5991466008127,616.9454345703125,553.0,323.0,10.707086040878567,110,15.177297034094428,173.8062620882325
5221809,-48.19622950245414,-17.434374945211417,620.4366412665695,758.022705078125,633.0,304.0,15.812145848405448,132,9.090572366437334,100.19189625309107
5221858,-47.98932935451556,-16.08354180992322,58.46239942871034,1034.699951171875,918.0,204.0,30.198791180377793,10,30.9384612638536,230.5112877458455
5221908,-49.612106961408145,-17.0793060312001,499.2466372763738,666.9615478515625,546.0,366.0,25.159669837264126,104,7.91598167978549,152.97544086470575
5222005,-48.44152764522705,-16.812656664360542,947.7065575923771,908.6536865234375,788.0,217.0,13.804046087002844,205,45.95335717606117,169.6623581595475
5222054,-49.870738443871765,-17.72173744648477,736.6220759265125,558.8789672851562,469.0,302.0,10.551646945107562,157,12.326163830436435,91.53787030627186
5222203,-47.06164347469392,-14.99466072044006,1059.4029324804433,568.9026489257812,446.0,570.0,19.53090035648802,226,179.05742343475774,242.84621782604367
5222302,-48.81419708762654,-15.269640943468062,2173.623217656277,666.0419311523438,512.0,486.0,16.50451422091268,453,63.40702092323639,245.66167551080903
5300108,-47.797014402457336,-15.781474397049122,5739.4641651287675,1033.072021484375,763.0,577.0,21.11183437564836,1236,69.87949910076792,257.4060388011329
