codigo_estacao,estacao,uf,mes,latitude,longitude,u,v,velocidade_ms,direcao_graus,constancia,anos,horas_medidas
A001,BRASILIA,DF,1,-15.78944444,-47.92583332,-0.07,-0.877,2.138,4.591,0.412,6,4461
A001,BRASILIA,DF,2,-15.78944444,-47.92583332,-0.357,-0.66,2.099,28.403,0.357,6,4054
A001,BRASILIA,DF,3,-15.78944444,-47.92583332,-0.904,-0.222,1.908,76.191,0.488,6,4459
A001,BRASILIA,DF,4,-15.78944444,-47.92583332,-1.247,0.106,1.972,94.837,0.635,6,4319
A001,BRASILIA,DF,5,-15.78944444,-47.92583332,-1.559,0.341,2.075,102.344,0.769,6,4458
A001,BRASILIA,DF,6,-15.78944444,-47.92583332,-1.548,0.355,2.05,102.935,0.774,6,4313
A001,BRASILIA,DF,7,-15.78944444,-47.92583332,-1.721,0.324,2.173,100.658,0.806,6,4460
A001,BRASILIA,DF,8,-15.78944444,-47.92583332,-1.74,0.203,2.4,96.652,0.73,6,4450
A001,BRASILIA,DF,9,-15.78944444,-47.92583332,-1.596,-0.12,2.387,85.688,0.67,5,3599
A001,BRASILIA,DF,10,-15.78944444,-47.92583332,-0.97,-0.208,2.249,77.918,0.441,5,3714
A001,BRASILIA,DF,11,-15.78944444,-47.92583332,-0.287,-0.546,2.1,27.702,0.294,5,3600
A001,BRASILIA,DF,12,-15.78944444,-47.92583332,0.097,-0.922,2.029,353.97,0.457,5,3712
A002,GOIANIA,GO,1,-16.642841,-49.220222,0.036,-0.22,0.824,350.701,0.27,5,3688
A002,GOIANIA,GO,2,-16.642841,-49.220222,-0.092,-0.151,0.875,31.244,0.202,5,3258
A002,GOIANIA,GO,3,-16.642841,-49.220222,-0.257,-0.027,0.778,83.928,0.333,6,4464
A002,GOIANIA,GO,4,-16.642841,-49.220222,-0.399,0.084,0.812,101.881,0.502,6,4320
A002,GOIANIA,GO,5,-16.642841,-49.220222,-0.521,0.216,0.893,112.472,0.632,6,4429
A002,GOIANIA,GO,6,-16.642841,-49.220222,-0.506,0.216,0.878,113.159,0.626,6,4232
A002,GOIANIA,GO,7,-16.642841,-49.220222,-0.564,0.179,0.944,107.609,0.627,6,4371
A002,GOIANIA,GO,8,-16.642841,-49.220222,-0.532,0.25,1.125,115.193,0.523,6,4194
A002,GOIANIA,GO,9,-16.642841,-49.220222,-0.403,0.133,1.082,108.332,0.392,4,2820
A002,GOIANIA,GO,10,-16.642841,-49.220222,-0.178,-0.026,0.993,81.598,0.181,4,2841
A002,GOIANIA,GO,11,-16.642841,-49.220222,0.002,-0.115,0.897,359.112,0.129,4,2880
A002,GOIANIA,GO,12,-16.642841,-49.220222,0.121,-0.288,0.834,337.128,0.375,5,3636
A003,MORRINHOS,GO,1,-17.745066,-49.101698,0.298,-0.665,1.624,335.844,0.449,6,4461
A003,MORRINHOS,GO,2,-17.745066,-49.101698,0.077,-0.496,1.551,351.204,0.323,6,4004
A003,MORRINHOS,GO,3,-17.745066,-49.101698,-0.266,-0.301,1.403,41.482,0.286,6,4463
A003,MORRINHOS,GO,4,-17.745066,-49.101698,-0.378,-0.039,1.199,84.176,0.317,5,3599
A003,MORRINHOS,GO,5,-17.745066,-49.101698,-0.458,0.01,1.156,91.231,0.396,5,3720
A003,MORRINHOS,GO,6,-17.745066,-49.101698,-0.571,-0.023,1.203,87.686,0.475,5,3600
A003,MORRINHOS,GO,7,-17.745066,-49.101698,-0.69,-0.158,1.292,77.117,0.548,5,3392
A003,MORRINHOS,GO,8,-17.745066,-49.101698,-0.625,-0.005,1.711,89.559,0.365,4,2975
A003,MORRINHOS,GO,9,-17.745066,-49.101698,-0.742,-0.191,1.841,75.572,0.416,4,2878
A003,MORRINHOS,GO,10,-17.745066,-49.101698,-0.453,-0.246,1.871,61.515,0.276,5,3398
A003,MORRINHOS,GO,11,-17.745066,-49.101698,0.108,-0.383,1.739,344.251,0.229,5,3532
A003,MORRINHOS,GO,12,-17.745066,-49.101698,0.34,-0.683,1.669,333.552,0.457,5,3715
A005,PORANGATU,GO,1,-13.30944444,-49.11749999,0.045,-0.285,1.014,350.961,0.284,5,3375
A005,PORANGATU,GO,2,-13.30944444,-49.11749999,-0.012,-0.052,0.965,13.252,0.055,5,3122
A005,PORANGATU,GO,3,-13.30944444,-49.11749999,-0.072,0.082,0.853,138.711,0.128,5,3521
A005,PORANGATU,GO,4,-13.30944444,-49.11749999,-0.177,0.065,0.752,110.077,0.25,5,3588
A005,PORANGATU,GO,5,-13.30944444,-49.11749999,-0.403,0.418,1.003,135.983,0.579,5,3709
A005,PORANGATU,GO,6,-13.30944444,-49.11749999,-0.464,0.438,1.065,133.386,0.6,5,3507
A005,PORANGATU,GO,7,-13.30944444,-49.11749999,-0.562,0.323,1.055,119.9,0.614,4,2953
A005,PORANGATU,GO,8,-13.30944444,-49.11749999,-0.542,0.286,1.256,117.847,0.488,4,2969
A005,PORANGATU,GO,9,-13.30944444,-49.11749999,-0.536,-0.004,1.246,89.592,0.43,4,2796
A005,PORANGATU,GO,10,-13.30944444,-49.11749999,-0.19,0.027,1.207,98.171,0.159,5,3409
A005,PORANGATU,GO,11,-13.30944444,-49.11749999,0.024,-0.089,1.054,344.906,0.088,5,3314
A005,PORANGATU,GO,12,-13.30944444,-49.11749999,0.024,-0.156,1.023,351.204,0.154,5,3433
A009,PALMAS,TO,1,-10.19083333,-48.30194444,0.157,0.065,1.066,247.529,0.159,5,3476
A009,PALMAS,TO,2,-10.19083333,-48.30194444,0.214,0.085,1.032,248.369,0.223,5,3210
A009,PALMAS,TO,3,-10.19083333,-48.30194444,0.24,0.206,0.984,229.348,0.322,6,4260
A009,PALMAS,TO,4,-10.19083333,-48.30194444,0.112,0.232,1.018,205.81,0.253,6,4300
A009,PALMAS,TO,5,-10.19083333,-48.30194444,0.038,0.425,1.382,185.134,0.309,5,3690
A009,PALMAS,TO,6,-10.19083333,-48.30194444,0.053,0.472,1.548,186.445,0.307,5,3595
A009,PALMAS,TO,7,-10.19083333,-48.30194444,-0.241,0.457,1.784,152.203,0.289,6,4430
A009,PALMAS,TO,8,-10.19083333,-48.30194444,-0.346,0.402,2.096,139.32,0.253,6,4453
A009,PALMAS,TO,9,-10.19083333,-48.30194444,0.356,0.381,1.71,223.065,0.305,5,3539
A009,PALMAS,TO,10,-10.19083333,-48.30194444,0.397,0.266,1.302,236.146,0.367,5,3497
A009,PALMAS,TO,11,-10.14777777,-48.31444444,0.531,0.314,1.394,239.364,0.443,4,2712
A009,PALMAS,TO,12,-10.14777777,-48.31444444,0.497,0.345,1.284,235.257,0.471,4,2761
A010,PARANA,TO,1,-12.615,-47.87194443,-0.016,-0.134,0.44,6.723,0.307,2,1374
A010,PARANA,TO,2,-12.615,-47.87194443,0.061,-0.087,0.38,325.227,0.28,2,1299
A010,PARANA,TO,3,-12.615,-47.87194443,-0.055,-0.031,0.413,60.46,0.153,2,1434
A010,PARANA,TO,4,-12.615,-47.87194443,-0.296,0.04,0.526,97.632,0.567,2,1438
A010,PARANA,TO,5,-12.615,-47.87194443,-0.453,0.134,0.624,106.485,0.757,2,1488
A010,PARANA,TO,6,-12.615,-47.87194443,-0.521,0.197,0.667,110.733,0.835,2,1438
A010,PARANA,TO,7,-12.615,-47.87194443,-0.532,0.119,0.658,102.613,0.827,2,1485
A010,PARANA,TO,8,-12.615,-47.87194443,-0.587,0.086,0.73,98.308,0.812,2,1486
A010,PARANA,TO,9,-12.615,-47.87194443,-0.422,-0.016,0.711,87.831,0.594,3,1898
A010,PARANA,TO,10,-12.615,-47.87194443,-0.18,-0.015,0.721,85.276,0.251,3,2099
A010,PARANA,TO,11,-12.615,-47.87194443,-0.061,-0.042,0.675,55.824,0.11,4,2676
A010,PARANA,TO,12,-12.615,-47.87194443,0.056,-0.083,0.59,325.953,0.171,4,2731
A011,SAO SIMAO,GO,1,-18.969142,-50.633449,-0.11,-0.499,1.38,12.396,0.37,3,2108
A011,SAO SIMAO,GO,2,-18.969142,-50.633449,-0.092,-0.44,1.297,11.848,0.347,3,1881
A011,SAO SIMAO,GO,3,-18.969142,-50.633449,-0.334,-0.234,1.116,54.943,0.365,3,2137
A011,SAO SIMAO,GO,4,-18.969142,-50.633449,-0.361,-0.165,1.107,65.435,0.358,3,2148
A011,SAO SIMAO,GO,5,-18.969142,-50.633449,-0.536,-0.263,1.347,63.863,0.443,3,2228
A011,SAO SIMAO,GO,6,-18.969142,-50.633449,-0.655,-0.43,1.847,56.732,0.424,3,1677
A011,SAO SIMAO,GO,7,-18.96916666,-50.63333333,-0.811,-0.262,2.032,72.106,0.42,2,1469
A011,SAO SIMAO,GO,8,-18.96916666,-50.63333333,-0.752,-0.595,2.393,51.629,0.401,2,1484
A011,SAO SIMAO,GO,9,-18.96916666,-50.63333333,-1.417,-0.488,2.732,70.986,0.549,1,704
A011,SAO SIMAO,GO,10,-18.969142,-50.633449,-0.746,-0.074,2.196,84.339,0.342,2,1166
A011,SAO SIMAO,GO,11,-18.969142,-50.633449,-0.107,-0.219,1.55,25.98,0.157,3,1861
A011,SAO SIMAO,GO,12,-18.969142,-50.633449,0.04,-0.573,1.4,355.982,0.41,3,2060
A012,LUZIANIA,GO,1,-16.26055555,-47.96694443,-0.23,-0.566,1.75,22.121,0.349,4,2975
A012,LUZIANIA,GO,2,-16.26055555,-47.96694443,0.238,-0.591,1.737,338.046,0.367,3,2016
A012,LUZIANIA,GO,3,-16.26055555,-47.96694443,-1.123,-0.358,2.045,72.317,0.576,3,2232
A012,LUZIANIA,GO,4,-16.26055555,-47.96694443,-1.06,-0.051,2.092,87.245,0.507,3,2160
A012,LUZIANIA,GO,5,-16.26055555,-47.96694443,-1.228,0.151,2.162,97.012,0.572,3,2232
A012,LUZIANIA,GO,6,-16.26055555,-47.96694443,-1.692,0.057,2.349,91.94,0.721,4,2879
A012,LUZIANIA,GO,7,-16.26055555,-47.96694443,-1.876,-0.114,2.641,86.526,0.712,4,2976
A012,LUZIANIA,GO,8,-16.26055555,-47.96694443,-1.933,-0.29,2.893,81.481,0.676,4,2976
A012,LUZIANIA,GO,9,-16.26055555,-47.96694443,-1.627,-0.513,2.844,72.492,0.6,3,1897
A012,LUZIANIA,GO,10,-16.26055555,-47.96694443,-1.051,-0.409,2.285,68.744,0.494,2,1480
A012,LUZIANIA,GO,11,-16.26055555,-47.96694443,-0.24,-0.503,2.143,25.571,0.26,5,3596
A012,LUZIANIA,GO,12,-16.26055555,-47.96694443,0.051,-0.606,1.84,355.149,0.331,5,3717
A013,ARAGARCAS,GO,1,-15.90277777,-52.24527777,-0.186,-0.082,1.204,66.313,0.169,4,2959
A013,ARAGARCAS,GO,2,-15.90277777,-52.24527777,-0.235,-0.025,1.152,83.885,0.205,4,2580
A013,ARAGARCAS,GO,3,-15.90277777,-52.24527777,-0.071,0.016,1.134,103.079,0.064,3,2225
A013,ARAGARCAS,GO,4,-15.90277777,-52.24527777,-0.033,0.051,1.067,146.733,0.057,3,2158
A013,ARAGARCAS,GO,5,-15.90277777,-52.24527777,-0.071,0.077,1.046,137.16,0.1,3,2232
A013,ARAGARCAS,GO,6,-15.90277777,-52.24527777,-0.028,0.085,1.003,162.04,0.089,4,2879
A013,ARAGARCAS,GO,7,-15.90277777,-52.24527777,-0.027,0.109,1.084,165.98,0.104,4,2814
A013,ARAGARCAS,GO,8,-15.90277777,-52.24527777,-0.279,-0.03,1.291,83.909,0.217,4,2974
A013,ARAGARCAS,GO,9,-15.90277777,-52.24527777,-0.425,-0.175,1.42,67.657,0.324,3,2158
A013,ARAGARCAS,GO,10,-15.90277777,-52.24527777,-0.245,-0.101,1.369,67.524,0.193,3,2228
A013,ARAGARCAS,GO,11,-15.90277777,-52.24527777,-0.228,-0.107,1.286,64.789,0.196,4,2878
A013,ARAGARCAS,GO,12,-15.90277777,-52.24527777,-0.151,-0.062,1.178,67.553,0.139,4,2957
A014,GOIAS,GO,1,-15.93972221,-50.14138888,0.159,-0.424,0.963,339.437,0.47,5,3688
A014,GOIAS,GO,2,-15.93972221,-50.14138888,0.187,-0.345,0.867,331.572,0.452,5,3318
A014,GOIAS,GO,3,-15.93972221,-50.14138888,-0.02,-0.294,0.835,3.949,0.352,6,4191
A014,GOIAS,GO,4,-15.93972221,-50.14138888,-0.181,-0.282,0.85,32.726,0.394,6,4308
A014,GOIAS,GO,5,-15.93972221,-50.14138888,-0.483,-0.298,0.996,58.349,0.57,6,4455
A014,GOIAS,GO,6,-15.93972221,-50.14138888,-0.507,-0.359,1.083,54.696,0.574,6,4316
A014,GOIAS,GO,7,-15.93972221,-50.14138888,-0.542,-0.423,1.148,51.98,0.599,6,4456
A014,GOIAS,GO,8,-15.93972221,-50.14138888,-0.726,-0.474,1.507,56.87,0.575,6,4453
A014,GOIAS,GO,9,-15.93972221,-50.14138888,-0.612,-0.564,1.613,47.304,0.516,5,3588
A014,GOIAS,GO,10,-15.93972221,-50.14138888,-0.287,-0.406,1.395,35.234,0.357,5,3577
A014,GOIAS,GO,11,-15.93972221,-50.14138888,0.143,-0.338,1.14,337.033,0.322,4,2873
A014,GOIAS,GO,12,-15.93972221,-50.14138888,0.271,-0.403,0.94,326.083,0.517,4,2964
A015,ITAPACI,GO,1,-14.97972221,-49.53999999,0.091,-0.36,0.779,345.846,0.477,2,1488
A015,ITAPACI,GO,2,-14.97972221,-49.53999999,0.003,-0.084,0.713,358.089,0.118,2,1343
A015,ITAPACI,GO,3,-14.97972221,-49.53944444,0.171,-0.144,1.354,310.169,0.165,1,742
A015,ITAPACI,GO,4,-14.97972221,-49.53999999,-0.068,-0.033,0.645,64.259,0.117,2,1440
A015,ITAPACI,GO,5,-14.97972221,-49.53999999,-0.07,0.104,0.658,146.008,0.191,2,1488
A015,ITAPACI,GO,6,-14.97972221,-49.53999999,-0.083,0.043,0.882,117.438,0.106,3,2129
A015,ITAPACI,GO,7,-14.97972221,-49.53999999,-0.156,0.009,0.963,93.341,0.163,3,2232
A015,ITAPACI,GO,8,-14.97972221,-49.53999999,-0.139,0.037,1.069,105.03,0.134,3,2231
A015,ITAPACI,GO,9,-14.97972221,-49.53999999,0.0,0.0,0.0,180.0,0.0,1,720
A015,ITAPACI,GO,10,-14.97972221,-49.53944444,0.006,-0.294,1.787,358.857,0.165,1,743
A015,ITAPACI,GO,11,-14.97972221,-49.53999999,0.151,-0.283,1.633,331.856,0.196,2,1440
A015,ITAPACI,GO,12,-14.97972221,-49.53999999,0.253,-0.511,1.559,333.686,0.366,2,1488
A016,JATAI,GO,1,-17.923622,-51.717467,0.43,-0.665,1.562,327.091,0.507,5,3715
A016,JATAI,GO,2,-17.923622,-51.717467,0.18,-0.37,1.404,334.139,0.293,6,3970
A016,JATAI,GO,3,-17.923622,-51.717467,0.028,-0.211,1.179,352.459,0.181,6,4452
A016,JATAI,GO,4,-17.923622,-51.717467,-0.093,0.089,0.974,133.632,0.132,6,4320
A016,JATAI,GO,5,-17.923622,-51.717467,-0.142,0.188,0.968,143.03,0.243,6,4169
A016,JATAI,GO,6,-17.923622,-51.717467,-0.104,0.088,0.957,130.375,0.142,5,3598
A016,JATAI,GO,7,-17.923622,-51.717467,-0.191,0.178,1.092,132.997,0.239,5,3707
A016,JATAI,GO,8,-17.923622,-51.717467,-0.243,0.151,1.519,121.875,0.188,5,3351
A016,JATAI,GO,9,-17.923622,-51.717467,-0.279,-0.018,1.598,86.212,0.175,3,2160
A016,JATAI,GO,10,-17.923622,-51.717467,0.011,-0.138,1.661,355.651,0.084,5,3710
A016,JATAI,GO,11,-17.923622,-51.717467,0.261,-0.418,1.66,327.995,0.297,5,3598
A016,JATAI,GO,12,-17.923622,-51.717467,0.443,-0.722,1.602,328.446,0.529,5,3603
A017,POSSE,GO,1,-14.08916666,-46.36638888,-0.568,-0.509,1.939,48.157,0.393,4,2917
A017,POSSE,GO,2,-14.08916666,-46.36638888,-0.542,-0.603,1.95,41.952,0.416,4,2422
A017,POSSE,GO,3,-14.08916666,-46.36638888,-0.924,-0.09,1.866,84.468,0.498,5,3197
A017,POSSE,GO,4,-14.08916666,-46.36638888,-1.174,0.138,1.947,96.697,0.607,5,3585
A017,POSSE,GO,5,-14.08916666,-46.36638888,-1.77,0.291,2.201,99.348,0.815,6,4125
A017,POSSE,GO,6,-14.08916666,-46.36638888,-1.944,0.227,2.311,96.675,0.847,5,3373
A017,POSSE,GO,7,-14.08916666,-46.36638888,-2.137,0.097,2.45,92.59,0.873,4,2710
A017,POSSE,GO,8,-14.08916666,-46.36638888,-2.416,0.003,2.825,90.062,0.855,4,2770
A017,POSSE,GO,9,-14.08916666,-46.36638888,-2.385,-0.406,2.89,80.334,0.837,4,2878
A017,POSSE,GO,10,-14.08916666,-46.36638888,-1.455,-0.269,2.385,79.521,0.62,3,2224
A017,POSSE,GO,11,-14.08916666,-46.36638888,-0.537,-0.544,1.984,44.619,0.386,4,2672
A017,POSSE,GO,12,-14.08916666,-46.36638888,-0.171,-0.526,1.672,17.985,0.331,3,2195
A018,PEIXE,TO,1,-12.015377,-48.544517,-0.055,-0.112,1.465,26.076,0.085,4,2835
A018,PEIXE,TO,2,-12.015377,-48.544517,-0.146,0.0,1.407,90.056,0.104,4,2573
A018,PEIXE,TO,3,-12.015377,-48.544517,-0.157,0.103,1.362,123.354,0.138,4,2876
A018,PEIXE,TO,4,-12.015377,-48.544517,-0.372,0.241,1.347,122.928,0.329,4,2876
A018,PEIXE,TO,5,-12.015377,-48.544517,-0.752,0.638,1.55,130.28,0.636,4,2973
A018,PEIXE,TO,6,-12.015377,-48.544517,-0.966,0.721,1.677,126.738,0.719,4,2873
A018,PEIXE,TO,7,-12.015377,-48.544517,-1.11,0.724,1.807,123.12,0.733,3,1945
A018,PEIXE,TO,8,-12.015377,-48.544517,-1.11,0.534,1.937,115.69,0.636,1,744
A018,PEIXE,TO,9,-12.015377,-48.544517,-0.459,-0.041,1.69,84.942,0.273,2,1296
A018,PEIXE,TO,10,-12.015377,-48.544517,-0.212,-0.126,1.613,59.217,0.153,3,2001
A018,PEIXE,TO,11,-12.015377,-48.544517,-0.028,-0.23,1.515,6.967,0.153,3,1724
A018,PEIXE,TO,12,-12.015377,-48.544517,-0.016,-0.232,1.49,4.064,0.156,4,2782
A019,GURUPI,TO,1,-11.74583333,-49.04972221,0.085,-0.221,1.139,339.075,0.208,5,3439
A019,GURUPI,TO,2,-11.74583333,-49.04972221,-0.152,-0.052,1.047,71.096,0.154,5,3034
A019,GURUPI,TO,3,-11.74583333,-49.04972221,-0.113,0.008,0.945,93.986,0.12,5,3288
A019,GURUPI,TO,4,-11.74499999,-49.05166666,-0.266,0.102,0.961,111.057,0.297,4,2879
A019,GURUPI,TO,5,-11.74499999,-49.05166666,-0.832,0.211,1.135,104.217,0.756,4,2974
A019,GURUPI,TO,6,-11.74499999,-49.05166666,-1.023,0.153,1.262,98.529,0.819,4,2880
A019,GURUPI,TO,7,-11.74499999,-49.05166666,-1.112,0.172,1.343,98.809,0.838,4,2974
A019,GURUPI,TO,8,-11.74499999,-49.05166666,-0.955,0.086,1.483,95.164,0.647,4,2976
A019,GURUPI,TO,9,-11.74583333,-49.04972221,-0.665,-0.187,1.345,74.295,0.514,4,2809
A019,GURUPI,TO,10,-11.74583333,-49.04972221,-0.12,-0.226,1.349,28.006,0.189,4,2908
A019,GURUPI,TO,11,-11.74583333,-49.04972221,-0.101,-0.265,1.335,20.945,0.212,4,2880
A019,GURUPI,TO,12,-11.74583333,-49.04972221,0.017,-0.22,1.237,355.469,0.178,4,2976
A020,PEDRO AFONSO,TO,1,-8.968677,-48.177259,0.016,-0.111,0.638,351.988,0.175,3,2231
A020,PEDRO AFONSO,TO,2,-8.968677,-48.177259,-0.067,-0.082,0.6,39.166,0.177,3,2040
A020,PEDRO AFONSO,TO,3,-8.968677,-48.177259,0.009,-0.068,0.322,352.294,0.212,4,2976
A020,PEDRO AFONSO,TO,4,-8.968677,-48.177259,-0.083,-0.016,0.339,79.237,0.247,5,3271
A020,PEDRO AFONSO,TO,5,-8.968677,-48.177259,-0.334,0.105,0.41,107.533,0.853,4,2975
A020,PEDRO AFONSO,TO,6,-8.968677,-48.177259,-0.412,0.189,0.532,114.708,0.851,4,2359
A020,PEDRO AFONSO,TO,7,-8.9686111,-48.17722221,-0.493,0.243,0.643,116.235,0.855,3,1961
A020,PEDRO AFONSO,TO,8,-8.9686111,-48.17722221,-0.407,0.074,0.683,100.356,0.606,3,1964
A020,PEDRO AFONSO,TO,9,-8.9686111,-48.17722221,-0.288,-0.16,0.66,60.989,0.499,3,1912
A020,PEDRO AFONSO,TO,10,-8.9686111,-48.17722221,-0.012,-0.247,0.659,2.831,0.376,3,1959
A020,PEDRO AFONSO,TO,11,-8.9686111,-48.17722221,-0.029,-0.055,0.626,27.917,0.099,2,1438
A020,PEDRO AFONSO,TO,12,-8.9686111,-48.17722221,-0.024,-0.024,0.627,44.841,0.054,2,1487
A021,ARAGUAINA,TO,1,-7.10388888,-48.20111111,0.009,-0.1,0.173,355.142,0.583,4,2862
A021,ARAGUAINA,TO,2,-7.10388888,-48.20111111,-0.019,-0.079,0.201,13.236,0.403,4,2577
A021,ARAGUAINA,TO,3,-7.10388888,-48.20111111,-0.014,-0.15,0.316,5.474,0.477,4,2820
A021,ARAGUAINA,TO,4,-7.10388888,-48.20111111,-0.052,-0.099,0.324,27.864,0.346,5,3327
A021,ARAGUAINA,TO,5,-7.10388888,-48.20111111,-0.239,0.062,0.333,104.46,0.742,5,3508
A021,ARAGUAINA,TO,6,-7.10388888,-48.20111111,-0.296,0.067,0.377,102.811,0.803,5,3477
A021,ARAGUAINA,TO,7,-7.10388888,-48.20111111,-0.22,0.036,0.294,99.367,0.757,5,3547
A021,ARAGUAINA,TO,8,-7.10388888,-48.20111111,-0.174,-0.016,0.245,84.582,0.713,5,3583
A021,ARAGUAINA,TO,9,-7.10388888,-48.20111111,-0.111,-0.057,0.192,62.565,0.648,4,2710
A021,ARAGUAINA,TO,10,-7.10388888,-48.20111111,-0.03,-0.071,0.136,22.581,0.566,4,2838
A021,ARAGUAINA,TO,11,-7.10388888,-48.20111111,-0.024,-0.1,0.193,13.593,0.534,4,2725
A021,ARAGUAINA,TO,12,-7.10388888,-48.20111111,-0.005,-0.087,0.144,3.522,0.604,4,2868
A022,GOIANESIA,GO,1,-15.22027777,-48.98999999,0.092,-0.571,1.277,350.849,0.453,2,1354
A022,GOIANESIA,GO,2,-15.22027777,-48.98999999,-0.014,-0.346,1.052,2.288,0.329,2,1227
A022,GOIANESIA,GO,3,-15.22027777,-48.98999999,-0.023,-0.315,1.096,4.162,0.289,2,1355
A022,GOIANESIA,GO,4,-15.22027777,-48.98999999,-0.187,-0.114,0.705,58.557,0.311,2,1408
A022,GOIANESIA,GO,5,-15.22027777,-48.98999999,-0.21,0.049,0.578,103.237,0.373,2,1488
A022,GOIANESIA,GO,6,-15.22027777,-48.98999999,-0.297,-0.029,0.66,84.354,0.451,4,2594
A022,GOIANESIA,GO,7,-15.22027777,-48.98999999,-0.348,-0.066,0.759,79.203,0.467,4,2969
A022,GOIANESIA,GO,8,-15.22027777,-48.98999999,-0.456,-0.041,1.0,84.902,0.458,4,2960
A022,GOIANESIA,GO,9,-15.22027777,-48.98999999,-0.437,-0.173,1.377,68.48,0.341,2,1399
A022,GOIANESIA,GO,10,-15.22027777,-48.98999999,0.029,-0.202,1.527,351.807,0.134,2,1395
A022,GOIANESIA,GO,11,-15.22027777,-48.98999999,0.098,-0.316,1.165,342.759,0.284,3,1929
A022,GOIANESIA,GO,12,-15.22027777,-48.98999999,0.05,-0.327,1.182,351.321,0.28,3,2001
A023,CAIAPONIA,GO,1,-16.96694443,-51.81749999,0.166,-0.673,1.324,346.1,0.523,3,2232
A023,CAIAPONIA,GO,2,-16.96694443,-51.81749999,0.034,-0.447,1.223,355.71,0.367,4,2516
A023,CAIAPONIA,GO,3,-16.96694443,-51.81749999,-0.047,-0.12,0.944,21.426,0.137,3,2232
A023,CAIAPONIA,GO,4,-16.96694443,-51.81749999,-0.196,0.017,0.994,94.937,0.197,4,2547
A023,CAIAPONIA,GO,5,-16.96694443,-51.81749999,-0.159,0.197,1.032,141.139,0.245,3,2230
A023,CAIAPONIA,GO,6,-16.96694443,-51.81749999,-0.125,-0.067,0.808,61.828,0.176,2,1440
A023,CAIAPONIA,GO,7,-16.96694443,-51.81749999,-0.122,-0.144,0.795,40.269,0.238,2,1488
A023,CAIAPONIA,GO,8,-16.96694443,-51.81749999,-0.214,0.165,1.177,127.656,0.23,2,1488
A023,CAIAPONIA,GO,9,-16.96694443,-51.81749999,-0.233,-0.16,1.481,55.587,0.191,1,720
A023,CAIAPONIA,GO,10,-16.96694443,-51.81749999,0.094,-0.193,1.567,333.996,0.137,3,1943
A023,CAIAPONIA,GO,11,-16.96694443,-51.81749999,0.195,-0.512,1.301,339.193,0.421,3,2044
A023,CAIAPONIA,GO,12,-16.96694443,-51.81749999,0.221,-0.496,1.375,335.994,0.395,3,2232
A024,ALTO PARAISO DE GOIAS,GO,1,-14.13305554,-47.52333332,-0.3,-0.616,1.659,25.946,0.413,3,2068
A024,ALTO PARAISO DE GOIAS,GO,2,-14.13305554,-47.52333332,-0.118,-0.426,1.198,15.484,0.369,3,1893
A024,ALTO PARAISO DE GOIAS,GO,3,-14.13305554,-47.52333332,-0.816,-0.43,1.24,62.21,0.744,3,2229
A024,ALTO PARAISO DE GOIAS,GO,4,-14.13305554,-47.52333332,-0.851,-0.376,1.283,66.176,0.725,3,2158
A024,ALTO PARAISO DE GOIAS,GO,5,-14.13305554,-47.52333332,-0.871,-0.437,1.241,63.372,0.785,3,2203
A024,ALTO PARAISO DE GOIAS,GO,6,-14.13305554,-47.52333332,-1.027,-0.422,1.3,67.652,0.854,3,2158
A024,ALTO PARAISO DE GOIAS,GO,7,-14.13305554,-47.52333332,-1.012,-0.369,1.295,69.994,0.832,2,1484
A024,ALTO PARAISO DE GOIAS,GO,8,-14.13305554,-47.52333332,-1.228,-0.296,1.414,76.438,0.894,2,1483
A024,ALTO PARAISO DE GOIAS,GO,9,-14.13305554,-47.52333332,-0.779,-0.349,1.222,65.864,0.699,2,1432
A024,ALTO PARAISO DE GOIAS,GO,10,-14.13305554,-47.52333332,-0.528,-0.392,1.319,53.377,0.498,3,2220
A024,ALTO PARAISO DE GOIAS,GO,11,-14.13305554,-47.52333332,0.05,-0.352,1.259,351.955,0.282,4,2783
A024,ALTO PARAISO DE GOIAS,GO,12,-14.13305554,-47.52333332,0.217,-0.446,1.357,334.032,0.366,4,2755
A025,RIO VERDE,GO,1,-17.78527777,-50.965,0.627,-0.727,1.86,319.255,0.516,5,3718
A025,RIO VERDE,GO,2,-17.78527777,-50.965,0.367,-0.582,1.882,327.762,0.366,5,3384
A025,RIO VERDE,GO,3,-17.78527777,-50.965,0.412,-0.477,1.724,319.219,0.366,5,3720
A025,RIO VERDE,GO,4,-17.78527777,-50.965,0.193,-0.218,1.422,318.485,0.205,5,3600
A025,RIO VERDE,GO,5,-17.78527777,-50.965,0.266,0.037,1.459,262.042,0.184,5,3696
A025,RIO VERDE,GO,6,-17.78527777,-50.965,-0.296,-0.18,1.435,58.673,0.242,6,3865
A025,RIO VERDE,GO,7,-17.78527777,-50.965,-0.369,-0.321,1.707,48.954,0.286,5,3537
A025,RIO VERDE,GO,8,-17.78527777,-50.965,-0.124,-0.248,1.931,26.514,0.144,4,2974
A025,RIO VERDE,GO,9,-17.78527777,-50.965,-0.029,-0.302,2.034,5.564,0.149,3,2159
A025,RIO VERDE,GO,10,-17.78527777,-50.965,0.067,-0.407,2.055,350.683,0.201,4,2664
A025,RIO VERDE,GO,11,-17.78527777,-50.965,0.317,-0.5,1.925,327.653,0.308,5,3414
A025,RIO VERDE,GO,12,-17.78527777,-50.965,0.655,-0.714,1.853,317.435,0.523,5,3718
A026,MINEIROS,GO,1,-17.45472222,-52.60111111,-0.03,-1.296,2.116,1.347,0.613,4,2729
A026,MINEIROS,GO,2,-17.45472222,-52.60111111,-0.082,-0.802,1.848,5.817,0.436,4,2558
A026,MINEIROS,GO,3,-17.45472222,-52.60111111,-0.312,-1.008,1.921,17.176,0.549,4,2837
A026,MINEIROS,GO,4,-17.45472222,-52.60111111,-0.567,-0.235,1.729,67.453,0.355,4,2868
A026,MINEIROS,GO,5,-17.45472222,-52.60111111,-0.664,-0.077,1.735,83.394,0.385,4,2967
A026,MINEIROS,GO,6,-17.45472222,-52.60111111,-0.682,-0.163,1.846,76.569,0.38,5,3589
A026,MINEIROS,GO,7,-17.45472222,-52.60111111,-0.773,-0.494,2.049,57.412,0.448,4,2955
A026,MINEIROS,GO,8,-17.45472222,-52.60111111,-0.759,-0.416,2.328,61.242,0.372,4,2967
A026,MINEIROS,GO,9,-17.45472222,-52.60111111,-0.665,-0.635,2.4,46.302,0.383,3,2014
A026,MINEIROS,GO,10,-17.45472222,-52.60111111,-0.252,-0.717,2.22,19.367,0.342,2,1384
A026,MINEIROS,GO,11,-17.45472222,-52.60111111,-0.148,-0.906,2.318,9.258,0.396,3,1991
A026,MINEIROS,GO,12,-17.45472222,-52.60111111,-0.053,-1.067,2.014,2.855,0.53,3,2071
A027,PARAUNA,GO,1,-16.962536,-50.42545,0.039,-0.488,1.09,355.482,0.45,3,2231
A027,PARAUNA,GO,2,-16.962536,-50.42545,0.283,-0.59,1.064,334.392,0.615,3,2016
A027,PARAUNA,GO,3,-16.962536,-50.42545,-0.03,-0.315,0.844,5.416,0.375,3,2232
A027,PARAUNA,GO,4,-16.962536,-50.42545,-0.353,-0.022,0.775,86.406,0.457,3,2160
A027,PARAUNA,GO,5,-16.962536,-50.42545,-0.344,0.016,0.742,92.686,0.464,3,2231
A027,PARAUNA,GO,6,-16.962536,-50.42545,-0.395,0.146,0.813,110.342,0.519,3,2159
A027,PARAUNA,GO,7,-16.962536,-50.42545,-0.341,0.031,0.854,95.259,0.401,3,2232
A027,PARAUNA,GO,8,-16.962536,-50.42545,-0.331,-0.043,1.137,82.542,0.293,3,2232
A027,PARAUNA,GO,9,-16.962536,-50.42545,-0.116,-0.167,1.118,34.832,0.182,2,1396
A027,PARAUNA,GO,10,-16.962536,-50.42545,0.037,-0.307,1.26,353.07,0.245,3,2099
A027,PARAUNA,GO,11,-16.962536,-50.42545,0.204,-0.397,1.15,332.781,0.388,4,2649
A027,PARAUNA,GO,12,-16.962536,-50.42545,0.217,-0.548,1.161,338.425,0.508,3,2230
A028,IPORA,GO,1,-16.42305554,-51.14888888,-0.078,-1.288,2.162,3.471,0.597,5,3213
A028,IPORA,GO,2,-16.42305554,-51.14888888,-0.171,-0.765,1.995,12.631,0.393,4,2506
A028,IPORA,GO,3,-16.42305554,-51.14888888,-0.357,-0.457,1.829,37.974,0.317,4,2814
A028,IPORA,GO,4,-16.42305554,-51.14888888,-0.342,-0.117,1.687,71.061,0.215,4,2858
A028,IPORA,GO,5,-16.42305554,-51.14888888,-0.527,0.052,1.726,95.677,0.307,5,3709
A028,IPORA,GO,6,-16.42305554,-51.14888888,-0.565,0.065,1.759,96.569,0.323,5,3368
A028,IPORA,GO,7,-16.42305554,-51.14888888,-0.612,-0.248,1.792,67.906,0.369,4,2949
A028,IPORA,GO,8,-16.42305554,-51.14888888,-0.519,-0.196,2.121,69.291,0.262,4,2970
A028,IPORA,GO,9,-16.42305554,-51.14888888,-0.527,-0.2,2.307,69.254,0.244,3,2087
A028,IPORA,GO,10,-16.42305554,-51.14888888,-0.424,-0.19,2.327,65.871,0.2,3,2075
A028,IPORA,GO,11,-16.42305554,-51.14888888,-0.103,-0.715,2.22,8.235,0.325,5,3159
A028,IPORA,GO,12,-16.42305554,-51.14888888,-0.021,-1.212,2.196,1.013,0.552,5,3390
A029,EDEIA,GO,1,-17.33694444,-49.91472222,0.691,-0.024,1.301,272.016,0.532,4,2733
A029,EDEIA,GO,2,-17.33694444,-49.91472222,0.233,-0.376,1.198,328.219,0.369,4,2473
A029,EDEIA,GO,3,-17.33694444,-49.91472222,0.073,-0.422,1.123,350.195,0.382,4,2803
A029,EDEIA,GO,4,-17.33694444,-49.91472222,-0.169,-0.292,0.979,29.978,0.345,4,2801
A029,EDEIA,GO,5,-17.33694444,-49.91472222,-0.426,-0.415,1.306,45.765,0.455,4,2757
A029,EDEIA,GO,6,-17.33694444,-49.91472222,-0.405,-0.579,1.397,34.93,0.506,5,3470
A029,EDEIA,GO,7,-17.33694444,-49.91472222,-0.382,-0.827,1.576,24.781,0.578,5,3677
A029,EDEIA,GO,8,-17.33694444,-49.91472222,-0.431,-0.834,2.152,27.332,0.436,4,2953
A029,EDEIA,GO,9,-17.33694444,-49.91472222,-0.047,-0.757,2.11,3.532,0.36,2,1390
A029,EDEIA,GO,10,-17.33694444,-49.91472222,0.166,-0.233,1.874,324.551,0.153,2,1388
A029,EDEIA,GO,11,-17.33694444,-49.91472222,0.458,-0.033,1.675,274.137,0.274,4,2365
A029,EDEIA,GO,12,-17.33694444,-49.91472222,0.692,0.04,1.436,266.667,0.483,5,3088
A031,SAO MIGUEL DO ARAGUAIA,GO,1,-12.82055554,-50.33583333,-0.14,-0.405,1.836,19.076,0.233,4,2775
A031,SAO MIGUEL DO ARAGUAIA,GO,2,-12.82055554,-50.33583333,-0.114,0.016,1.793,97.996,0.064,4,2467
A031,SAO MIGUEL DO ARAGUAIA,GO,3,-12.82055554,-50.33583333,-0.277,0.18,1.696,123.032,0.195,5,3291
A031,SAO MIGUEL DO ARAGUAIA,GO,4,-12.82055554,-50.33583333,-0.397,0.152,1.523,110.958,0.279,5,3581
A031,SAO MIGUEL DO ARAGUAIA,GO,5,-12.82055554,-50.33583333,-0.845,0.482,1.868,119.71,0.521,5,3707
A031,SAO MIGUEL DO ARAGUAIA,GO,6,-12.82055554,-50.33583333,-0.954,0.388,1.917,112.157,0.537,5,3596
A031,SAO MIGUEL DO ARAGUAIA,GO,7,-12.82055554,-50.33583333,-1.264,0.263,1.931,101.752,0.669,5,3700
A031,SAO MIGUEL DO ARAGUAIA,GO,8,-12.82055554,-50.33583333,-1.291,0.192,2.267,98.479,0.576,5,3695
A031,SAO MIGUEL DO ARAGUAIA,GO,9,-12.82055554,-50.33583333,-1.177,-0.117,2.148,84.301,0.551,5,3498
A031,SAO MIGUEL DO ARAGUAIA,GO,10,-12.82055554,-50.33583333,-0.444,0.039,2.037,95.028,0.219,5,3503
A031,SAO MIGUEL DO ARAGUAIA,GO,11,-12.82055554,-50.33583333,-0.23,-0.21,1.97,47.649,0.158,5,3346
A031,SAO MIGUEL DO ARAGUAIA,GO,12,-12.82055554,-50.33583333,-0.144,-0.361,1.853,21.764,0.21,5,3202
A032,MONTE ALEGRE DE GOIAS,GO,1,-13.253521,-46.890326,-0.005,-0.452,1.333,0.597,0.339,6,3805
A032,MONTE ALEGRE DE GOIAS,GO,2,-13.253521,-46.890326,-0.1,-0.336,1.196,16.595,0.293,6,3605
A032,MONTE ALEGRE DE GOIAS,GO,3,-13.253521,-46.890326,-0.164,-0.131,1.125,51.323,0.187,6,4096
A032,MONTE ALEGRE DE GOIAS,GO,4,-13.253521,-46.890326,-0.317,0.017,1.046,93.099,0.303,6,3971
A032,MONTE ALEGRE DE GOIAS,GO,5,-13.253521,-46.890326,-0.635,0.254,1.157,111.811,0.591,6,4343
A032,MONTE ALEGRE DE GOIAS,GO,6,-13.253521,-46.890326,-0.709,0.248,1.277,109.314,0.588,6,4049
A032,MONTE ALEGRE DE GOIAS,GO,7,-13.253521,-46.890326,-0.947,0.236,1.564,103.995,0.624,6,4073
A032,MONTE ALEGRE DE GOIAS,GO,8,-13.253521,-46.890326,-1.227,0.191,1.957,98.861,0.635,5,3691
A032,MONTE ALEGRE DE GOIAS,GO,9,-13.253521,-46.890326,-1.122,-0.125,2.072,83.64,0.545,4,2437
A032,MONTE ALEGRE DE GOIAS,GO,10,-13.253521,-46.890326,-0.475,-0.273,1.643,60.097,0.334,4,2516
A032,MONTE ALEGRE DE GOIAS,GO,11,-13.253521,-46.890326,-0.043,-0.364,1.151,6.781,0.318,5,2740
A032,MONTE ALEGRE DE GOIAS,GO,12,-13.253521,-46.890326,0.089,-0.436,1.209,348.521,0.368,5,3037
A033,PIRES DO RIO,GO,1,-17.30416666,-48.28416666,-0.01,-0.282,0.884,2.038,0.319,6,4359
A033,PIRES DO RIO,GO,2,-17.30416666,-48.28416666,-0.213,-0.251,0.894,40.299,0.368,6,4052
A033,PIRES DO RIO,GO,3,-17.30416666,-48.28416666,-0.32,-0.245,0.889,52.503,0.453,6,4456
A033,PIRES DO RIO,GO,4,-17.30416666,-48.28416666,-0.374,-0.23,0.82,58.418,0.536,6,4310
A033,PIRES DO RIO,GO,5,-17.30416666,-48.28416666,-0.447,-0.22,0.777,63.761,0.64,6,4454
A033,PIRES DO RIO,GO,6,-17.30416666,-48.28416666,-0.481,-0.25,0.829,62.54,0.654,6,4300
A033,PIRES DO RIO,GO,7,-17.30416666,-48.28416666,-0.503,-0.224,0.84,66.002,0.656,6,4415
A033,PIRES DO RIO,GO,8,-17.30416666,-48.28416666,-0.529,-0.279,1.052,62.155,0.568,6,4407
A033,PIRES DO RIO,GO,9,-17.30416666,-48.28416666,-0.592,-0.398,1.046,56.104,0.681,4,2880
A033,PIRES DO RIO,GO,10,-17.30416666,-48.28416666,-0.426,-0.333,0.989,51.956,0.547,4,2960
A033,PIRES DO RIO,GO,11,-17.30416666,-48.28416666,-0.182,-0.321,1.225,29.546,0.301,4,2879
A033,PIRES DO RIO,GO,12,-17.30416666,-48.28416666,-0.049,-0.426,1.108,6.596,0.387,4,2973
A034,CATALAO,GO,1,-18.154779,-47.927614,-0.045,-0.645,1.475,3.985,0.438,6,4463
A034,CATALAO,GO,2,-18.154779,-47.927614,-0.314,-0.484,1.495,33.011,0.386,6,4056
A034,CATALAO,GO,3,-18.154779,-47.927614,-0.68,-0.401,1.479,59.496,0.534,5,3720
A034,CATALAO,GO,4,-18.154779,-47.927614,-0.711,-0.214,1.392,73.217,0.534,5,3600
A034,CATALAO,GO,5,-18.154779,-47.927614,-0.751,-0.229,1.261,73.027,0.623,5,3720
A034,CATALAO,GO,6,-18.154779,-47.927614,-0.88,-0.371,1.352,67.115,0.706,5,3470
A034,CATALAO,GO,7,-18.154779,-47.927614,-1.241,-0.422,1.856,71.219,0.706,5,3584
A034,CATALAO,GO,8,-18.154779,-47.927614,-1.273,-0.485,2.097,69.16,0.65,5,3720
A034,CATALAO,GO,9,-18.154779,-47.927614,-1.271,-0.662,2.195,62.502,0.653,5,3596
A034,CATALAO,GO,10,-18.154779,-47.927614,-0.862,-0.543,1.934,57.809,0.527,5,3714
A034,CATALAO,GO,11,-18.154779,-47.927614,-0.408,-0.426,1.712,43.773,0.344,5,3600
A034,CATALAO,GO,12,-18.154779,-47.927614,-0.131,-0.754,1.774,9.882,0.431,5,3718
A035,ITUMBIARA,GO,1,-18.40972222,-49.19194444,0.393,-0.626,1.45,327.883,0.509,5,3137
A035,ITUMBIARA,GO,2,-18.40972222,-49.19194444,0.17,-0.605,1.287,344.268,0.488,5,2814
A035,ITUMBIARA,GO,3,-18.40972222,-49.19194444,-0.063,-0.82,1.328,4.398,0.619,5,3177
A035,ITUMBIARA,GO,4,-18.40972222,-49.19194444,-0.035,-0.662,1.217,2.99,0.545,5,3167
A035,ITUMBIARA,GO,5,-18.40972222,-49.19194444,-0.116,-0.985,1.541,6.717,0.643,4,2961
A035,ITUMBIARA,GO,6,-18.40972222,-49.19194444,-0.207,-1.007,1.493,11.609,0.689,4,2879
A035,ITUMBIARA,GO,7,-18.40972222,-49.19194444,-0.294,-1.444,1.878,11.498,0.785,4,2950
A035,ITUMBIARA,GO,8,-18.40972222,-49.19194444,-0.316,-1.515,2.22,11.791,0.697,4,2970
A035,ITUMBIARA,GO,9,-18.40972222,-49.19194444,-0.271,-1.751,2.576,8.812,0.688,3,2119
A035,ITUMBIARA,GO,10,-18.40972222,-49.19194444,-0.207,-1.434,2.375,8.222,0.61,4,2478
A035,ITUMBIARA,GO,11,-18.40972222,-49.19194444,0.137,-0.871,2.029,351.085,0.435,5,3276
A035,ITUMBIARA,GO,12,-18.40972222,-49.19194444,0.385,-0.685,1.673,330.633,0.47,5,3455
A036,CRISTALINA,GO,1,-16.78499999,-47.61305555,0.12,-1.111,2.599,353.815,0.43,4,2976
A036,CRISTALINA,GO,2,-16.78499999,-47.61305555,-0.244,-1.054,2.608,13.051,0.415,4,2711
A036,CRISTALINA,GO,3,-16.78499999,-47.61305555,-1.085,-0.812,2.415,53.168,0.561,4,2976
A036,CRISTALINA,GO,4,-16.78499999,-47.61305555,-1.339,-0.416,2.405,72.741,0.583,4,2880
A036,CRISTALINA,GO,5,-16.78499999,-47.61305555,-1.161,-0.31,2.216,75.06,0.542,4,2905
A036,CRISTALINA,GO,6,-16.78499999,-47.61305555,-1.47,-0.473,2.303,72.156,0.67,5,3483
A036,CRISTALINA,GO,7,-16.78499999,-47.61305555,-1.707,-0.746,2.439,66.397,0.764,4,2959
A036,CRISTALINA,GO,8,-16.78499999,-47.61305555,-1.632,-0.784,2.799,64.336,0.647,5,3720
A036,CRISTALINA,GO,9,-16.78499999,-47.61305555,-1.614,-1.114,2.996,55.384,0.655,4,2879
A036,CRISTALINA,GO,10,-16.78499999,-47.61305555,-0.798,-0.941,2.752,40.301,0.448,3,2185
A036,CRISTALINA,GO,11,-16.78499999,-47.61305555,-0.222,-0.956,2.853,13.089,0.344,4,2880
A036,CRISTALINA,GO,12,-16.78499999,-47.61305555,0.357,-1.2,2.783,343.434,0.45,4,2976
A037,SILVANIA,GO,1,-16.67972221,-48.61805554,0.004,-0.207,0.721,358.847,0.287,2,1446
A037,SILVANIA,GO,2,-16.67972221,-48.61805554,-0.058,-0.069,0.771,40.106,0.117,3,2016
A037,SILVANIA,GO,3,-16.67972221,-48.61805554,-0.268,-0.043,0.837,80.866,0.324,2,1488
A037,SILVANIA,GO,4,-16.67972221,-48.61805554,-0.279,0.106,0.841,110.812,0.355,2,1440
A037,SILVANIA,GO,5,-16.67972221,-48.61805554,-0.181,0.113,0.786,122.095,0.271,2,1488
A037,SILVANIA,GO,6,-16.67972221,-48.61805554,-0.288,0.138,0.85,115.643,0.376,2,1440
A037,SILVANIA,GO,7,-16.67972221,-48.61805554,-0.414,0.046,0.977,96.386,0.426,2,1488
A037,SILVANIA,GO,8,-16.67972221,-48.61805554,-0.607,0.067,1.095,96.341,0.558,2,1488
A037,SILVANIA,GO,9,-16.67972221,-48.61805554,-0.289,0.035,1.003,96.977,0.29,2,1440
A037,SILVANIA,GO,10,-16.67972221,-48.61805554,-0.125,-0.002,0.852,88.928,0.146,2,1488
A037,SILVANIA,GO,11,-16.67972221,-48.61805554,0.026,-0.038,0.813,325.881,0.056,2,1439
A037,SILVANIA,GO,12,-16.67972221,-48.61805554,-0.031,-0.082,0.746,20.941,0.118,2,1467
A038,DIANOPOLIS,TO,1,-11.59444444,-46.84722221,-0.018,-0.011,1.337,58.153,0.016,2,1395
A038,DIANOPOLIS,TO,2,-11.59444444,-46.84722221,-0.046,-0.036,0.126,51.345,0.463,1,624
A038,DIANOPOLIS,TO,3,-11.59444444,-46.84722221,-0.109,-0.077,0.236,54.798,0.567,1,695
A038,DIANOPOLIS,TO,4,-11.59444444,-46.84722221,-0.364,0.068,0.411,100.523,0.901,1,718
A038,DIANOPOLIS,TO,5,-11.59444444,-46.84722221,-1.234,0.353,1.551,105.948,0.828,2,1480
A038,DIANOPOLIS,TO,6,-11.59444444,-46.84722221,-1.717,0.538,2.045,107.393,0.88,2,1440
A038,DIANOPOLIS,TO,7,-11.59444444,-46.84722221,-1.928,0.568,2.182,106.409,0.921,3,1976
A038,DIANOPOLIS,TO,8,-11.59444444,-46.84722221,-2.188,0.496,2.428,102.777,0.924,3,2232
A038,DIANOPOLIS,TO,9,-11.59444444,-46.84722221,-1.472,-0.021,1.727,89.18,0.852,2,1405
A038,DIANOPOLIS,TO,10,-11.59444444,-46.84722221,-0.798,-0.169,1.101,78.013,0.741,3,2000
A038,DIANOPOLIS,TO,11,-11.59444444,-46.84722221,-0.145,-0.085,0.368,59.543,0.456,2,1333
A038,DIANOPOLIS,TO,12,-11.59444444,-46.84722221,-0.133,-0.087,1.035,56.804,0.154,3,2049
A039,FORMOSO DO ARAGUAIA,TO,1,-11.88749999,-49.60833333,-0.234,-0.382,1.522,31.464,0.294,5,3477
A039,FORMOSO DO ARAGUAIA,TO,2,-11.88749999,-49.60833333,-0.16,-0.232,1.437,34.628,0.196,5,3159
A039,FORMOSO DO ARAGUAIA,TO,3,-11.88749999,-49.60833333,-0.061,-0.008,1.269,82.121,0.049,5,3449
A039,FORMOSO DO ARAGUAIA,TO,4,-11.88749999,-49.60833333,-0.204,0.224,1.199,137.56,0.253,5,3530
A039,FORMOSO DO ARAGUAIA,TO,5,-11.88749999,-49.60833333,-0.332,0.941,1.376,160.576,0.725,5,3601
A039,FORMOSO DO ARAGUAIA,TO,6,-11.88749999,-49.60833333,-0.492,1.051,1.627,154.94,0.714,6,4007
A039,FORMOSO DO ARAGUAIA,TO,7,-11.88749999,-49.60833333,-0.619,1.124,1.733,151.167,0.74,6,4381
A039,FORMOSO DO ARAGUAIA,TO,8,-11.88749999,-49.60833333,-0.843,1.043,1.972,141.043,0.68,6,4395
A039,FORMOSO DO ARAGUAIA,TO,9,-11.88749999,-49.60833333,-0.787,0.431,1.842,118.685,0.487,5,3522
A039,FORMOSO DO ARAGUAIA,TO,10,-11.88749999,-49.60833333,-0.35,-0.107,1.643,72.95,0.223,5,3379
A039,FORMOSO DO ARAGUAIA,TO,11,-11.88749999,-49.60833333,-0.2,-0.259,1.491,37.694,0.22,4,2721
A039,FORMOSO DO ARAGUAIA,TO,12,-11.88749999,-49.60833333,-0.149,-0.315,1.475,25.36,0.236,4,2760
A040,MATEIROS,TO,1,-10.43444444,-45.92194443,-0.279,-0.671,2.722,22.583,0.267,4,2975
A040,MATEIROS,TO,2,-10.43444444,-45.92194443,-1.067,-0.871,2.698,50.796,0.511,4,2709
A040,MATEIROS,TO,3,-10.43444444,-45.92194443,-0.942,-0.797,2.693,49.755,0.458,4,2742
A040,MATEIROS,TO,4,-10.43444444,-45.92194443,-1.48,-0.625,2.921,67.121,0.55,3,2160
A040,MATEIROS,TO,5,-10.43444444,-45.92194443,-3.252,-0.358,3.628,83.725,0.902,4,2902
A040,MATEIROS,TO,6,-10.43444444,-45.92194443,-3.274,-0.263,3.603,85.413,0.912,4,2802
A040,MATEIROS,TO,7,-10.43444444,-45.92194443,-3.322,-0.291,3.701,84.99,0.901,4,2887
A040,MATEIROS,TO,8,-10.43444444,-45.92194443,-3.255,-0.612,3.958,79.355,0.837,5,3642
A040,MATEIROS,TO,9,-10.43444444,-45.92194443,-3.096,-0.946,4.063,73.004,0.797,4,2878
A040,MATEIROS,TO,10,-10.43444444,-45.92194443,-1.931,-0.977,3.812,63.155,0.568,4,2974
A040,MATEIROS,TO,11,-10.43444444,-45.92194443,-0.792,-0.552,3.25,55.099,0.297,4,2879
A040,MATEIROS,TO,12,-10.43444444,-45.92194443,-0.454,-0.646,2.994,35.103,0.263,4,2952
A041,MARIANOPOLIS DO TO,TO,1,-9.576389,-49.723333,0.052,-0.291,1.718,349.855,0.172,2,1160
A041,MARIANOPOLIS DO TO,TO,2,-9.576389,-49.723333,-0.181,-0.487,2.057,20.342,0.253,2,1081
A041,MARIANOPOLIS DO TO,TO,3,-9.576389,-49.723333,-0.092,-0.22,1.756,22.634,0.136,1,495
A041,MARIANOPOLIS DO TO,TO,4,-9.576389,-49.723333,-0.107,0.0,1.586,90.166,0.067,1,628
A041,MARIANOPOLIS DO TO,TO,5,-9.576389,-49.723333,-0.551,0.383,1.325,124.772,0.507,1,735
A041,MARIANOPOLIS DO TO,TO,6,-9.576389,-49.723333,-0.731,0.504,1.621,124.61,0.548,3,1838
A041,MARIANOPOLIS DO TO,TO,7,-9.576389,-49.723333,-0.89,0.34,1.794,110.932,0.531,3,2199
A041,MARIANOPOLIS DO TO,TO,8,-9.576389,-49.723333,-1.057,-0.224,1.954,78.051,0.553,3,2224
A041,MARIANOPOLIS DO TO,TO,9,-9.576389,-49.723333,-0.533,-0.698,1.875,37.381,0.468,2,1419
A041,MARIANOPOLIS DO TO,TO,10,-9.576389,-49.723333,-0.101,-0.398,1.925,14.196,0.213,2,1442
A041,MARIANOPOLIS DO TO,TO,11,-9.576389,-49.723333,-0.063,-0.41,1.912,8.789,0.217,2,1126
A041,MARIANOPOLIS DO TO,TO,12,-9.57638888,-49.72333332,0.057,-0.237,1.844,346.485,0.132,1,707
A042,BRAZLANDIA,DF,1,-15.59972221,-48.1311111,0.005,-0.857,1.792,359.662,0.478,6,4406
A042,BRAZLANDIA,DF,2,-15.59972221,-48.1311111,-0.13,-0.765,1.773,9.652,0.438,5,3326
A042,BRAZLANDIA,DF,3,-15.59972221,-48.1311111,-0.742,-0.491,1.682,56.508,0.529,6,4396
A042,BRAZLANDIA,DF,4,-15.59972221,-48.1311111,-1.094,-0.352,1.821,72.167,0.631,6,4314
A042,BRAZLANDIA,DF,5,-15.59972221,-48.1311111,-1.583,-0.228,2.213,81.802,0.723,6,4457
A042,BRAZLANDIA,DF,6,-15.59972221,-48.1311111,-1.727,-0.215,2.34,82.893,0.744,6,4317
A042,BRAZLANDIA,DF,7,-15.59972221,-48.1311111,-1.952,-0.319,2.537,80.734,0.78,6,4367
A042,BRAZLANDIA,DF,8,-15.59972221,-48.1311111,-1.885,-0.349,2.719,79.497,0.705,6,4460
A042,BRAZLANDIA,DF,9,-15.59972221,-48.1311111,-1.685,-0.584,2.647,70.87,0.674,5,3536
A042,BRAZLANDIA,DF,10,-15.59972221,-48.1311111,-1.007,-0.513,2.372,62.994,0.477,5,3494
A042,BRAZLANDIA,DF,11,-15.59972221,-48.1311111,-0.173,-0.651,1.98,14.85,0.34,5,3343
A042,BRAZLANDIA,DF,12,-15.59972221,-48.1311111,0.083,-0.844,1.747,354.414,0.485,5,3474
A044,ARAGUATINS,TO,1,-5.6436111,-48.11194444,-0.281,-0.535,1.5,27.721,0.403,3,2229
A044,ARAGUATINS,TO,2,-5.6436111,-48.11194444,-0.214,-0.47,1.472,24.468,0.351,3,2039
A044,ARAGUATINS,TO,3,-5.6436111,-48.11194444,-0.283,-0.488,1.459,30.103,0.386,3,2231
A044,ARAGUATINS,TO,4,-5.6436111,-48.11194444,-0.279,-0.368,1.353,37.221,0.341,3,2157
A044,ARAGUATINS,TO,5,-5.6436111,-48.11194444,-0.907,-0.056,1.398,86.454,0.65,3,2232
A044,ARAGUATINS,TO,6,-5.6436111,-48.11194444,-1.078,-0.0,1.551,89.997,0.695,3,2158
A044,ARAGUATINS,TO,7,-5.6436111,-48.11194444,-1.084,0.032,1.564,91.714,0.694,3,2232
A044,ARAGUATINS,TO,8,-5.6436111,-48.11194444,-0.977,-0.319,1.648,71.914,0.624,3,2232
A044,ARAGUATINS,TO,9,-5.6436111,-48.11194444,-0.974,-0.753,1.874,52.283,0.657,3,2131
A044,ARAGUATINS,TO,10,-5.6436111,-48.11194444,-0.37,-1.017,1.918,19.996,0.564,3,2198
A044,ARAGUATINS,TO,11,-5.6436111,-48.11194444,-0.26,-0.718,1.684,19.883,0.454,3,2084
A044,ARAGUATINS,TO,12,-5.6436111,-48.11194444,-0.201,-0.547,1.521,20.179,0.383,3,2146
A045,AGUAS EMENDADAS,DF,1,-15.596491,-47.625801,-0.244,-0.621,1.652,21.468,0.404,6,4119
A045,AGUAS EMENDADAS,DF,2,-15.596491,-47.625801,-0.484,-0.505,1.728,43.758,0.405,6,3602
A045,AGUAS EMENDADAS,DF,3,-15.596491,-47.625801,-0.801,-0.326,1.637,67.879,0.528,6,4357
A045,AGUAS EMENDADAS,DF,4,-15.596491,-47.625801,-0.986,-0.075,1.671,85.637,0.592,6,4312
A045,AGUAS EMENDADAS,DF,5,-15.596491,-47.625801,-1.242,0.051,1.834,92.354,0.678,6,4380
A045,AGUAS EMENDADAS,DF,6,-15.596491,-47.625801,-1.209,0.034,1.857,91.6,0.651,6,4320
A045,AGUAS EMENDADAS,DF,7,-15.596491,-47.625801,-1.371,-0.042,1.955,88.253,0.702,6,4253
A045,AGUAS EMENDADAS,DF,8,-15.596491,-47.625801,-1.397,-0.153,2.052,83.73,0.685,6,4457
A045,AGUAS EMENDADAS,DF,9,-15.596491,-47.625801,-1.332,-0.358,2.056,74.963,0.671,5,3541
A045,AGUAS EMENDADAS,DF,10,-15.596491,-47.625801,-0.947,-0.41,1.972,66.579,0.523,5,3543
A045,AGUAS EMENDADAS,DF,11,-15.596491,-47.625801,-0.396,-0.463,1.734,40.57,0.352,5,3144
A045,AGUAS EMENDADAS,DF,12,-15.596491,-47.625801,-0.14,-0.659,1.605,11.965,0.42,5,3218
A046,GAMA (PONTE ALTA),DF,1,-15.93527777,-48.13749999,0.173,-0.769,1.929,347.341,0.409,6,4463
A046,GAMA (PONTE ALTA),DF,2,-15.93527777,-48.13749999,-0.017,-0.654,1.941,1.466,0.337,6,4038
A046,GAMA (PONTE ALTA),DF,3,-15.93527777,-48.13749999,-0.479,-0.354,1.882,53.514,0.316,6,4424
A046,GAMA (PONTE ALTA),DF,4,-15.93527777,-48.13749999,-0.617,-0.119,1.904,79.092,0.33,6,4320
A046,GAMA (PONTE ALTA),DF,5,-15.93527777,-48.13749999,-0.981,-0.168,2.058,80.279,0.483,6,4464
A046,GAMA (PONTE ALTA),DF,6,-15.93527777,-48.13749999,-1.087,-0.266,2.203,76.271,0.508,6,4314
A046,GAMA (PONTE ALTA),DF,7,-15.93527777,-48.13749999,-1.397,-0.562,2.442,68.09,0.617,6,4463
A046,GAMA (PONTE ALTA),DF,8,-15.93527777,-48.13749999,-1.729,-0.749,2.923,66.572,0.644,6,4403
A046,GAMA (PONTE ALTA),DF,9,-15.93527777,-48.13749999,-1.625,-0.873,2.916,61.747,0.633,5,3523
A046,GAMA (PONTE ALTA),DF,10,-15.93527777,-48.13749999,-0.882,-0.656,2.536,53.357,0.434,5,3719
A046,GAMA (PONTE ALTA),DF,11,-15.93527777,-48.13749999,-0.041,-0.605,2.165,3.866,0.28,5,3597
A046,GAMA (PONTE ALTA),DF,12,-15.93527777,-48.13749999,0.34,-0.845,1.912,338.054,0.476,5,3718
A047,PARANOA (COOPA-DF),DF,1,-16.012222,-47.557417,-0.393,-0.643,1.871,31.4,0.403,5,3515
A047,PARANOA (COOPA-DF),DF,2,-16.012222,-47.557417,-0.633,-0.6,1.96,46.491,0.445,6,3928
A047,PARANOA (COOPA-DF),DF,3,-16.012222,-47.557417,-0.978,-0.485,2.125,63.594,0.514,6,3982
A047,PARANOA (COOPA-DF),DF,4,-16.012222,-47.557417,-1.124,-0.283,2.057,75.877,0.564,6,4072
A047,PARANOA (COOPA-DF),DF,5,-16.012222,-47.557417,-1.269,-0.174,2.014,82.176,0.636,6,4269
A047,PARANOA (COOPA-DF),DF,6,-16.012222,-47.557417,-1.402,-0.281,2.137,78.662,0.669,6,4318
A047,PARANOA (COOPA-DF),DF,7,-16.012222,-47.557417,-1.599,-0.341,2.265,77.966,0.722,6,4460
A047,PARANOA (COOPA-DF),DF,8,-16.012222,-47.557417,-1.607,-0.502,2.509,72.653,0.671,6,4447
A047,PARANOA (COOPA-DF),DF,9,-16.012222,-47.557417,-1.548,-0.771,2.556,63.526,0.677,5,3534
A047,PARANOA (COOPA-DF),DF,10,-16.012222,-47.557417,-1.152,-0.625,2.552,61.5,0.514,5,3499
A047,PARANOA (COOPA-DF),DF,11,-16.012222,-47.557417,-0.569,-0.531,2.266,46.995,0.344,5,3244
A047,PARANOA (COOPA-DF),DF,12,-16.012222,-47.557417,-0.321,-0.656,1.94,26.044,0.377,5,3468
A048,SANTA FE DO ARAGUAIA,TO,1,-7.124191,-48.781267,0.05,-0.353,1.74,351.977,0.205,4,2402
A048,SANTA FE DO ARAGUAIA,TO,2,-7.124191,-48.781267,-0.182,-0.403,1.787,24.261,0.247,3,1956
A048,SANTA FE DO ARAGUAIA,TO,3,-7.124191,-48.781267,-0.081,-0.552,1.808,8.348,0.309,3,2075
A048,SANTA FE DO ARAGUAIA,TO,4,-7.124191,-48.781267,-0.135,-0.148,1.612,42.332,0.125,5,3153
A048,SANTA FE DO ARAGUAIA,TO,5,-7.124191,-48.781267,-0.738,0.362,1.73,116.141,0.475,5,3701
A048,SANTA FE DO ARAGUAIA,TO,6,-7.124191,-48.781267,-1.113,0.473,1.942,113.003,0.623,5,3585
A048,SANTA FE DO ARAGUAIA,TO,7,-7.124191,-48.781267,-1.291,0.716,2.222,119.032,0.664,4,2967
A048,SANTA FE DO ARAGUAIA,TO,8,-7.124191,-48.781267,-1.056,-0.034,2.166,88.151,0.488,4,2972
A048,SANTA FE DO ARAGUAIA,TO,9,-7.124191,-48.781267,-0.748,-0.712,2.114,46.411,0.488,4,2799
A048,SANTA FE DO ARAGUAIA,TO,10,-7.124191,-48.781267,-0.337,-0.705,2.097,25.565,0.372,4,2843
A048,SANTA FE DO ARAGUAIA,TO,11,-7.124191,-48.781267,-0.137,-0.242,2.079,29.466,0.134,4,2732
A048,SANTA FE DO ARAGUAIA,TO,12,-7.124191,-48.781267,-0.14,-0.249,1.806,29.419,0.158,4,2836
A049,COLINAS DO TOCANTINS,TO,1,-8.092708,-48.478605,-0.033,-0.234,1.407,7.936,0.168,5,3373
A049,COLINAS DO TOCANTINS,TO,2,-8.092708,-48.478605,-0.093,-0.35,1.496,14.859,0.242,4,2564
A049,COLINAS DO TOCANTINS,TO,3,-8.092708,-48.478605,-0.055,-0.306,1.403,10.169,0.222,3,2179
A049,COLINAS DO TOCANTINS,TO,4,-8.092708,-48.478605,-0.057,0.018,1.26,107.605,0.047,3,2147
A049,COLINAS DO TOCANTINS,TO,5,-8.092708,-48.478605,-0.205,0.42,1.207,154.016,0.387,6,4411
A049,COLINAS DO TOCANTINS,TO,6,-8.092708,-48.478605,-0.303,0.522,1.268,149.84,0.476,6,4300
A049,COLINAS DO TOCANTINS,TO,7,-8.092708,-48.478605,-0.399,0.563,1.382,144.698,0.499,6,4342
A049,COLINAS DO TOCANTINS,TO,8,-8.092708,-48.478605,-0.512,0.346,1.505,124.094,0.411,6,4246
A049,COLINAS DO TOCANTINS,TO,9,-8.092708,-48.478605,-0.603,-0.193,1.618,72.245,0.391,4,2757
A049,COLINAS DO TOCANTINS,TO,10,-8.092708,-48.478605,-0.313,-0.542,1.581,30.036,0.396,4,2742
A049,COLINAS DO TOCANTINS,TO,11,-8.092708,-48.478605,-0.078,-0.239,1.434,17.986,0.176,4,2653
A049,COLINAS DO TOCANTINS,TO,12,-8.092708,-48.478605,-0.039,-0.239,1.389,9.276,0.174,4,2787
A050,RIO SONO,TO,1,-9.793363,-47.132732,-0.013,-0.212,1.462,3.546,0.146,4,2677
A050,RIO SONO,TO,2,-9.793363,-47.132732,-0.191,-0.235,1.527,39.1,0.199,4,2511
A050,RIO SONO,TO,3,-9.793363,-47.132732,-0.081,-0.204,1.419,21.559,0.155,5,3453
A050,RIO SONO,TO,4,-9.793363,-47.132732,-0.314,-0.113,1.371,70.272,0.244,5,3477
A050,RIO SONO,TO,5,-9.793363,-47.132732,-1.104,0.008,1.613,90.434,0.685,5,3681
A050,RIO SONO,TO,6,-9.793363,-47.132732,-1.269,0.048,1.736,92.188,0.732,5,3566
A050,RIO SONO,TO,7,-9.793363,-47.132732,-1.354,0.113,1.82,94.777,0.747,4,2666
A050,RIO SONO,TO,8,-9.793363,-47.132732,-1.361,-0.143,1.971,84.009,0.694,4,2771
A050,RIO SONO,TO,9,-9.793363,-47.132732,-1.377,-0.413,2.108,73.306,0.682,3,2107
A050,RIO SONO,TO,10,-9.793363,-47.132732,-0.351,-0.456,1.827,37.577,0.315,3,2054
A050,RIO SONO,TO,11,-9.793363,-47.132732,-0.136,-0.283,1.593,25.646,0.197,3,1932
A050,RIO SONO,TO,12,-9.793363,-47.132732,-0.108,-0.114,1.558,43.416,0.101,3,1953
A051,PIUM,TO,1,-10.47694443,-49.62944443,-0.033,-0.392,1.271,4.862,0.31,3,2232
A051,PIUM,TO,2,-10.47694443,-49.62944443,-0.12,-0.146,1.176,39.288,0.161,2,1344
A051,PIUM,TO,3,-10.47694443,-49.62944443,-0.18,0.06,1.206,108.533,0.158,2,1488
A051,PIUM,TO,4,-10.47694443,-49.62944443,-0.203,-0.141,1.118,55.194,0.222,2,1440
A051,PIUM,TO,5,-10.47694443,-49.62944443,-0.518,0.019,1.093,92.143,0.474,2,1488
A051,PIUM,TO,6,-10.47694443,-49.62944443,-0.707,0.034,1.09,92.788,0.649,2,1440
A051,PIUM,TO,7,-10.47694443,-49.62944443,-0.837,0.017,1.137,91.156,0.736,2,1488
A051,PIUM,TO,8,-10.47694443,-49.62944443,-0.726,-0.156,1.303,77.874,0.57,2,1488
A051,PIUM,TO,9,-10.47694443,-49.62944443,-0.457,-0.535,1.366,40.534,0.515,3,2053
A051,PIUM,TO,10,-10.47694443,-49.62944443,-0.119,-0.322,1.279,20.296,0.268,3,2232
A051,PIUM,TO,11,-10.47694443,-49.62944443,-0.087,-0.382,1.306,12.894,0.3,3,2160
A051,PIUM,TO,12,-10.47694443,-49.62944443,-0.04,-0.335,1.258,6.74,0.268,3,2232
A052,SANTA ROSA DO TOCANTINS,TO,1,-11.42888888,-48.18499999,0.004,-0.297,1.822,359.185,0.163,4,2345
A052,SANTA ROSA DO TOCANTINS,TO,2,-11.42888888,-48.18499999,-0.201,-0.172,1.939,49.367,0.137,4,2148
A052,SANTA ROSA DO TOCANTINS,TO,3,-11.42888888,-48.18499999,-0.098,-0.056,1.848,60.047,0.061,4,2422
A052,SANTA ROSA DO TOCANTINS,TO,4,-11.42888888,-48.18499999,-0.378,0.142,1.68,110.578,0.24,4,2654
A052,SANTA ROSA DO TOCANTINS,TO,5,-11.42888888,-48.18499999,-1.079,0.765,1.95,125.349,0.678,4,2541
A052,SANTA ROSA DO TOCANTINS,TO,6,-11.42888888,-48.18499999,-1.252,1.036,2.132,129.599,0.762,4,2262
A052,SANTA ROSA DO TOCANTINS,TO,7,-11.42888888,-48.18499999,-1.327,0.897,2.173,124.064,0.737,4,2264
A052,SANTA ROSA DO TOCANTINS,TO,8,-11.42888888,-48.18499999,-1.353,0.396,2.326,106.332,0.606,4,2456
A052,SANTA ROSA DO TOCANTINS,TO,9,-11.42888888,-48.18499999,-1.395,0.13,2.515,95.313,0.557,4,2433
A052,SANTA ROSA DO TOCANTINS,TO,10,-11.42888888,-48.18499999,-0.494,-0.099,2.383,78.721,0.211,4,2360
A052,SANTA ROSA DO TOCANTINS,TO,11,-11.42888888,-48.18499999,-0.317,-0.053,2.251,80.548,0.143,4,2214
A052,SANTA ROSA DO TOCANTINS,TO,12,-11.42888888,-48.18499999,-0.159,-0.155,1.883,45.741,0.118,4,2303
A053,ALMAS,TO,1,-11.28416666,-47.21222222,0.224,-0.019,1.58,274.87,0.142,4,2789
A053,ALMAS,TO,2,-11.28416666,-47.21222222,0.263,0.001,1.422,269.795,0.185,4,2551
A053,ALMAS,TO,3,-11.28416666,-47.21222222,0.126,0.044,1.344,250.737,0.099,4,2872
A053,ALMAS,TO,4,-11.28416666,-47.21222222,-0.111,-0.054,1.213,63.992,0.102,4,2871
A053,ALMAS,TO,5,-11.28416666,-47.21222222,-0.303,-0.299,1.196,45.408,0.356,4,2598
A053,ALMAS,TO,6,-11.28416666,-47.21222222,-0.283,-0.471,1.216,30.973,0.452,3,2159
A053,ALMAS,TO,7,-11.28416666,-47.21222222,-0.154,-0.64,1.32,13.512,0.499,3,2213
A053,ALMAS,TO,8,-11.28416666,-47.21222222,0.151,-1.019,1.653,351.548,0.623,3,2225
A053,ALMAS,TO,9,-11.28416666,-47.21222222,0.123,-1.187,1.935,354.064,0.617,3,1923
A053,ALMAS,TO,10,-11.28416666,-47.21222222,0.288,-0.326,1.695,318.512,0.257,4,2763
A053,ALMAS,TO,11,-11.28416666,-47.21222222,0.199,-0.051,1.48,284.432,0.139,4,2710
A053,ALMAS,TO,12,-11.28416666,-47.21222222,0.116,-0.212,1.584,331.315,0.153,4,2761
A054,ARAGUACU,TO,1,-12.59222221,-49.5286111,-0.124,-0.33,1.762,20.637,0.2,3,2078
A054,ARAGUACU,TO,2,-12.59222221,-49.5286111,-0.08,-0.271,1.692,16.557,0.167,3,1873
A054,ARAGUACU,TO,3,-12.59222221,-49.5286111,-0.126,0.098,1.525,127.974,0.104,4,2492
A054,ARAGUACU,TO,4,-12.59222221,-49.5286111,-0.273,0.087,1.429,107.597,0.2,2,1374
A054,ARAGUACU,TO,5,-12.59222221,-49.5286111,-0.386,0.491,1.448,141.796,0.431,2,1425
A054,ARAGUACU,TO,6,-12.59222221,-49.5286111,-0.533,0.521,1.619,134.347,0.461,2,1380
A054,ARAGUACU,TO,7,-12.59222221,-49.5286111,-0.595,0.479,1.726,128.815,0.443,2,1426
A054,ARAGUACU,TO,8,-12.59222221,-49.5286111,-0.851,0.404,1.952,115.389,0.483,2,1426
A054,ARAGUACU,TO,9,-12.59222221,-49.5286111,-0.661,-0.103,1.901,81.146,0.352,2,1399
A054,ARAGUACU,TO,10,-12.59222221,-49.5286111,-0.17,-0.176,1.824,43.95,0.134,1,714
A054,ARAGUACU,TO,11,-12.59222221,-49.5286111,-0.25,-0.604,1.929,22.489,0.339,2,1330
A054,ARAGUACU,TO,12,-12.59222221,-49.5286111,-0.143,-0.734,1.904,10.994,0.393,2,1386
A055,LAGOA DA CONFUSAO,TO,1,-10.828286,-49.847882,0.028,-0.187,1.252,351.397,0.151,5,3176
A055,LAGOA DA CONFUSAO,TO,2,-10.828286,-49.847882,-0.15,-0.061,1.209,68.013,0.134,4,2554
A055,LAGOA DA CONFUSAO,TO,3,-10.828286,-49.847882,-0.096,0.073,1.132,127.213,0.107,4,2862
A055,LAGOA DA CONFUSAO,TO,4,-10.828286,-49.847882,-0.214,0.102,1.025,115.476,0.231,4,2872
A055,LAGOA DA CONFUSAO,TO,5,-10.828286,-49.847882,-0.567,0.467,1.056,129.508,0.695,4,2962
A055,LAGOA DA CONFUSAO,TO,6,-10.828286,-49.847882,-0.64,0.53,1.123,129.653,0.74,5,3598
A055,LAGOA DA CONFUSAO,TO,7,-10.828286,-49.847882,-0.713,0.485,1.194,124.225,0.722,6,4440
A055,LAGOA DA CONFUSAO,TO,8,-10.828286,-49.847882,-0.705,0.229,1.258,107.983,0.589,6,4426
A055,LAGOA DA CONFUSAO,TO,9,-10.828286,-49.847882,-0.518,-0.098,1.272,79.305,0.414,5,3499
A055,LAGOA DA CONFUSAO,TO,10,-10.828286,-49.847882,-0.106,-0.066,1.276,58.236,0.098,5,3499
A055,LAGOA DA CONFUSAO,TO,11,-10.828286,-49.847882,-0.025,-0.1,1.252,14.229,0.082,5,3337
A055,LAGOA DA CONFUSAO,TO,12,-10.828286,-49.847882,0.013,-0.121,1.224,353.904,0.1,5,3315
A056,CRISTALINA (FAZENDA SANTA MONICA),GO,1,-16.39944444,-47.62583332,-0.059,-0.716,1.761,4.722,0.408,6,4178
A056,CRISTALINA (FAZENDA SANTA MONICA),GO,2,-16.39944444,-47.62583332,-0.236,-0.656,1.87,19.799,0.373,6,3867
A056,CRISTALINA (FAZENDA SANTA MONICA),GO,3,-16.39944444,-47.62583332,-0.647,-0.518,1.795,51.289,0.462,6,4299
A056,CRISTALINA (FAZENDA SANTA MONICA),GO,4,-16.39944444,-47.62583332,-0.711,-0.256,1.429,70.196,0.529,6,4307
A056,CRISTALINA (FAZENDA SANTA MONICA),GO,5,-16.39944444,-47.62583332,-0.77,-0.146,1.253,79.239,0.625,6,4449
A056,CRISTALINA (FAZENDA SANTA MONICA),GO,6,-16.39944444,-47.62583332,-0.806,-0.12,1.358,81.54,0.6,6,4316
A056,CRISTALINA (FAZENDA SANTA MONICA),GO,7,-16.39944444,-47.62583332,-0.932,-0.184,1.454,78.83,0.654,6,4424
A056,CRISTALINA (FAZENDA SANTA MONICA),GO,8,-16.39944444,-47.62583332,-1.055,-0.377,1.932,70.339,0.58,6,4385
A056,CRISTALINA (FAZENDA SANTA MONICA),GO,9,-16.39944444,-47.62583332,-1.328,-0.699,2.348,62.253,0.639,4,2739
A056,CRISTALINA (FAZENDA SANTA MONICA),GO,10,-16.39944444,-47.62583332,-1.051,-0.706,2.588,56.115,0.489,4,2572
A056,CRISTALINA (FAZENDA SANTA MONICA),GO,11,-16.39944444,-47.62583332,-0.322,-0.637,2.439,26.779,0.293,5,3219
A056,CRISTALINA (FAZENDA SANTA MONICA),GO,12,-16.39944444,-47.62583332,0.003,-0.832,2.045,359.803,0.407,5,3391
A101,MANAUS,AM,1,-3.10333333,-60.01638888,-0.766,-0.348,1.311,65.598,0.642,6,4250
A101,MANAUS,AM,2,-3.10333333,-60.01638888,-0.795,-0.407,1.321,62.89,0.676,6,3933
A101,MANAUS,AM,3,-3.10333333,-60.01638888,-0.769,-0.345,1.304,65.84,0.646,6,4360
A101,MANAUS,AM,4,-3.10333333,-60.01638888,-0.542,-0.215,1.166,68.34,0.5,6,4242
A101,MANAUS,AM,5,-3.10333333,-60.01638888,-0.516,-0.093,1.174,79.803,0.446,6,4384
A101,MANAUS,AM,6,-3.10333333,-60.01638888,-0.763,-0.128,1.282,80.507,0.603,5,3597
A101,MANAUS,AM,7,-3.10333333,-60.01638888,-0.925,-0.194,1.424,78.147,0.664,6,4385
A101,MANAUS,AM,8,-3.10333333,-60.01638888,-0.848,-0.262,1.498,72.839,0.592,6,4459
A101,MANAUS,AM,9,-3.10333333,-60.01638888,-0.673,-0.241,1.386,70.282,0.516,5,3582
A101,MANAUS,AM,10,-3.10333333,-60.01638888,-0.572,-0.182,1.356,72.369,0.443,5,3688
A101,MANAUS,AM,11,-3.10333333,-60.01638888,-0.534,-0.2,1.297,69.471,0.44,5,3544
A101,MANAUS,AM,12,-3.10333333,-60.01638888,-0.633,-0.282,1.239,65.962,0.559,5,3655
A102,PARQUE ESTADUAL CHANDLESS,AC,1,-9.35833333,-69.92638888,-0.212,-0.29,0.709,36.092,0.507,3,2228
A102,PARQUE ESTADUAL CHANDLESS,AC,2,-9.35833333,-69.92638888,-0.081,-0.181,0.637,24.099,0.311,3,2016
A102,PARQUE ESTADUAL CHANDLESS,AC,3,-9.35833333,-69.92638888,-0.085,-0.188,0.642,24.269,0.322,3,2232
A102,PARQUE ESTADUAL CHANDLESS,AC,4,-9.35833333,-69.92638888,0.017,0.037,0.609,205.28,0.067,3,2160
A102,PARQUE ESTADUAL CHANDLESS,AC,5,-9.35833333,-69.92638888,0.109,0.161,0.612,214.208,0.318,3,2078
A102,PARQUE ESTADUAL CHANDLESS,AC,6,-9.35833333,-69.92638888,0.107,0.231,0.619,204.751,0.411,2,1219
A102,PARQUE ESTADUAL CHANDLESS,AC,7,-9.35833333,-69.92638888,0.105,0.099,0.641,226.503,0.226,2,1319
A102,PARQUE ESTADUAL CHANDLESS,AC,8,-9.35833333,-69.92638888,0.055,0.011,0.708,259.028,0.079,2,1488
A102,PARQUE ESTADUAL CHANDLESS,AC,9,-9.35833333,-69.92638888,-0.086,-0.093,0.815,42.754,0.156,2,1440
A102,PARQUE ESTADUAL CHANDLESS,AC,10,-9.35833333,-69.92638888,-0.129,-0.095,0.758,53.599,0.212,2,1488
A102,PARQUE ESTADUAL CHANDLESS,AC,11,-9.35833333,-69.92638888,-0.052,-0.145,0.719,19.788,0.214,2,1440
A102,PARQUE ESTADUAL CHANDLESS,AC,12,-9.35833333,-69.92638888,-0.12,-0.349,0.716,18.964,0.516,2,1488
A104,RIO BRANCO,AC,1,-9.67972221,-68.16527777,-0.024,-0.535,0.669,2.516,0.801,4,2958
A104,RIO BRANCO,AC,2,-9.67972221,-68.16527777,-0.048,-0.48,0.651,5.654,0.741,4,2712
A104,RIO BRANCO,AC,3,-9.67972221,-68.16527777,-0.054,-0.373,0.579,8.308,0.651,4,2976
A104,RIO BRANCO,AC,4,-9.67972221,-68.16527777,-0.067,-0.286,0.499,13.124,0.588,4,2870
A104,RIO BRANCO,AC,5,-9.67972221,-68.16527777,-0.151,-0.056,0.537,69.798,0.301,4,2954
A104,RIO BRANCO,AC,6,-9.67972221,-68.16527777,-0.125,-0.062,0.456,63.805,0.306,4,2875
A104,RIO BRANCO,AC,7,-9.67972221,-68.16527777,-0.177,-0.021,0.557,83.216,0.319,4,2976
A104,RIO BRANCO,AC,8,-9.67972221,-68.16527777,-0.09,-0.192,0.684,24.99,0.31,4,2976
A104,RIO BRANCO,AC,9,-9.67972221,-68.16527777,-0.043,-0.32,0.692,7.64,0.466,3,2160
A104,RIO BRANCO,AC,10,-9.67972221,-68.16527777,-0.043,-0.372,0.749,6.559,0.5,4,2976
A104,RIO BRANCO,AC,11,-9.67972221,-68.16527777,-0.029,-0.386,0.693,4.241,0.558,4,2867
A104,RIO BRANCO,AC,12,-9.67972221,-68.16527777,-0.012,-0.493,0.649,1.42,0.76,4,2960
A108,CRUZEIRO DO SUL,AC,1,-7.61055555,-72.6811111,0.0,0.0,0.794,180.0,0.0,1,744
A108,CRUZEIRO DO SUL,AC,2,-7.61055555,-72.6811111,0.184,-0.017,1.013,275.152,0.183,2,1051
A108,CRUZEIRO DO SUL,AC,3,-7.61055555,-72.6811111,0.0,0.0,0.816,180.0,0.0,1,744
A108,CRUZEIRO DO SUL,AC,4,-7.61055555,-72.6811111,0.0,0.0,0.865,180.0,0.0,2,1376
A108,CRUZEIRO DO SUL,AC,5,-7.61055555,-72.6811111,0.0,0.0,0.936,180.0,0.0,2,1488
A108,CRUZEIRO DO SUL,AC,6,-7.61055555,-72.6811111,0.0,0.0,0.751,180.0,0.0,2,1440
A108,CRUZEIRO DO SUL,AC,7,-7.61055555,-72.6811111,0.0,0.0,1.009,180.0,0.0,2,1185
A108,CRUZEIRO DO SUL,AC,8,-7.61055555,-72.6811111,0.0,0.0,0.974,180.0,0.0,1,744
A108,CRUZEIRO DO SUL,AC,9,-7.61055555,-72.6811111,0.0,0.0,1.001,180.0,0.0,1,720
A108,CRUZEIRO DO SUL,AC,10,-7.61055555,-72.6811111,0.0,0.0,1.046,180.0,0.0,1,744
A108,CRUZEIRO DO SUL,AC,11,-7.61055555,-72.6811111,0.0,0.0,1.081,180.0,0.0,1,718
A108,CRUZEIRO DO SUL,AC,12,-7.61055555,-72.6811111,0.0,0.0,1.138,180.0,0.0,1,742
A110,BOCA DO ACRE,AM,1,-8.77666666,-67.33249999,-0.058,-0.54,1.167,6.119,0.465,4,2974
A110,BOCA DO ACRE,AM,2,-8.77666666,-67.33249999,-0.072,-0.474,1.18,8.648,0.407,4,2711
A110,BOCA DO ACRE,AM,3,-8.77666666,-67.33249999,-0.067,-0.264,1.045,14.29,0.26,4,2976
A110,BOCA DO ACRE,AM,4,-8.77666666,-67.33249999,0.015,-0.129,0.977,353.527,0.133,4,2880
A110,BOCA DO ACRE,AM,5,-8.77666666,-67.33249999,0.094,0.335,1.051,195.764,0.331,4,2976
A110,BOCA DO ACRE,AM,6,-8.77666666,-67.33249999,0.113,0.321,0.935,199.386,0.363,4,2879
A110,BOCA DO ACRE,AM,7,-8.77666666,-67.33249999,0.097,0.407,1.028,193.448,0.407,4,2976
A110,BOCA DO ACRE,AM,8,-8.77666666,-67.33249999,0.159,0.031,1.056,258.994,0.153,4,2976
A110,BOCA DO ACRE,AM,9,-8.77666666,-67.33249999,0.195,-0.225,1.104,319.187,0.27,3,2158
A110,BOCA DO ACRE,AM,10,-8.77666666,-67.33249999,0.032,-0.283,1.218,353.625,0.234,4,2970
A110,BOCA DO ACRE,AM,11,-8.77666666,-67.33249999,0.057,-0.291,1.172,348.948,0.253,4,2826
A110,BOCA DO ACRE,AM,12,-8.77666666,-67.33249999,0.06,-0.485,1.159,352.899,0.422,4,2973
A111,LABREA,AM,1,-7.26055555,-64.7886111,0.126,-0.267,0.781,334.742,0.378,2,1441
A111,LABREA,AM,2,-7.26055555,-64.7886111,0.068,-0.123,0.765,331.071,0.183,2,1335
A111,LABREA,AM,3,-7.26055555,-64.7886111,0.166,-0.176,0.783,316.714,0.31,2,1477
A111,LABREA,AM,4,-7.26055555,-64.7886111,0.086,-0.08,0.78,312.758,0.151,3,2159
A111,LABREA,AM,5,-7.26055555,-64.7886111,-0.159,0.233,0.822,145.722,0.343,2,1478
A111,LABREA,AM,6,-7.26055555,-64.7886111,-0.196,0.155,0.661,128.23,0.378,2,1440
A111,LABREA,AM,7,-7.26055555,-64.7886111,-0.139,-0.02,0.661,81.905,0.213,2,1277
A111,LABREA,AM,8,-7.26055555,-64.7886111,0.084,0.02,0.863,256.831,0.1,2,1488
A111,LABREA,AM,9,-7.26055555,-64.7886111,0.107,-0.085,0.923,308.59,0.148,2,1440
A111,LABREA,AM,10,-7.26055555,-64.7886111,0.157,-0.185,0.929,319.576,0.262,2,1480
A111,LABREA,AM,11,-7.26055555,-64.7886111,0.149,-0.104,0.92,304.997,0.198,2,1428
A111,LABREA,AM,12,-7.26055555,-64.7886111,0.249,-0.196,0.961,308.212,0.329,2,1466
A112,HUMAITA,AM,1,-7.5525,-63.07138888,-0.276,-0.226,1.208,50.68,0.295,3,2230
A112,HUMAITA,AM,2,-7.5525,-63.07138888,-0.38,-0.282,1.293,53.349,0.366,3,2040
A112,HUMAITA,AM,3,-7.5525,-63.07138888,-0.367,-0.229,1.214,58.043,0.356,3,2232
A112,HUMAITA,AM,4,-7.5525,-63.07138888,-0.264,-0.029,1.072,83.701,0.248,3,2160
A112,HUMAITA,AM,5,-7.5525,-63.07138888,-0.323,0.489,1.245,146.539,0.471,3,2232
A112,HUMAITA,AM,6,-7.5525,-63.07138888,-0.412,0.351,1.119,130.483,0.484,4,2880
A112,HUMAITA,AM,7,-7.5525,-63.07138888,-0.614,0.344,1.209,119.245,0.582,5,3452
A112,HUMAITA,AM,8,-7.5525,-63.07138888,-0.324,0.079,1.243,103.761,0.268,5,3720
A112,HUMAITA,AM,9,-7.5525,-63.07138888,-0.265,-0.161,1.308,58.695,0.237,4,2880
A112,HUMAITA,AM,10,-7.5525,-63.07138888,-0.295,-0.107,1.338,70.133,0.235,4,2788
A112,HUMAITA,AM,11,-7.5525,-63.07138888,-0.184,-0.09,1.25,63.808,0.164,3,2140
A112,HUMAITA,AM,12,-7.5525,-63.07138888,-0.203,-0.203,1.242,44.927,0.231,3,1996
A113,APUI,AM,1,-7.20555555,-59.8886111,0.721,-0.071,0.912,275.648,0.795,2,1295
A113,APUI,AM,2,-7.20555555,-59.8886111,0.68,0.012,0.906,269.002,0.751,1,661
A113,APUI,AM,7,-7.20555555,-59.8886111,0.875,0.413,1.098,244.746,0.881,1,621
A113,APUI,AM,8,-7.20555555,-59.8886111,0.744,0.319,1.075,246.77,0.754,2,1486
A113,APUI,AM,9,-7.20555555,-59.8886111,0.756,0.062,1.023,265.298,0.741,2,1435
A113,APUI,AM,10,-7.20555555,-59.8886111,0.741,0.122,0.998,260.656,0.753,2,1481
A113,APUI,AM,11,-7.20555555,-59.8886111,0.769,0.041,1.055,266.948,0.729,1,712
A113,APUI,AM,12,-7.20555555,-59.8886111,0.751,0.036,0.957,267.269,0.785,2,1467
A117,COARI,AM,4,-4.09749999,-63.14527777,-0.167,-0.341,0.989,26.108,0.384,1,579
A117,COARI,AM,5,-4.09749999,-63.14527777,-0.359,-0.199,1.027,60.973,0.399,1,742
A117,COARI,AM,6,-4.09749999,-63.14527777,-0.21,-0.048,0.902,77.004,0.239,1,719
A117,COARI,AM,7,-4.09749999,-63.14527777,-0.136,-0.367,0.887,20.344,0.441,1,736
A119,MANACAPURU,AM,1,-3.29472221,-60.62833332,-0.624,-0.047,1.441,85.661,0.435,6,4297
A119,MANACAPURU,AM,2,-3.29472221,-60.62833332,-0.755,-0.097,1.516,82.693,0.502,6,3986
A119,MANACAPURU,AM,3,-3.29472221,-60.62833332,-0.598,0.015,1.551,91.471,0.386,6,4087
A119,MANACAPURU,AM,4,-3.29472221,-60.62833332,-0.17,0.17,1.366,135.04,0.176,6,4249
A119,MANACAPURU,AM,5,-3.29472221,-60.62833332,0.169,0.307,1.242,208.904,0.282,5,3709
A119,MANACAPURU,AM,6,-3.29472221,-60.62833332,0.014,0.368,1.249,182.209,0.294,5,3594
A119,MANACAPURU,AM,7,-3.29472221,-60.62833332,-0.278,0.285,1.38,135.721,0.288,5,3702
A119,MANACAPURU,AM,8,-3.29472221,-60.62833332,-0.132,0.25,1.483,152.198,0.191,5,3709
A119,MANACAPURU,AM,9,-3.29472221,-60.62833332,-0.175,0.202,1.38,139.051,0.194,4,2872
A119,MANACAPURU,AM,10,-3.29472221,-60.62833332,-0.279,0.097,1.348,109.199,0.219,4,2959
A119,MANACAPURU,AM,11,-3.29472221,-60.62833332,-0.293,-0.0,1.399,89.929,0.21,4,2854
A119,MANACAPURU,AM,12,-3.29472221,-60.62833332,-0.341,0.051,1.362,98.561,0.253,5,3665
A120,AUTAZES,AM,1,-3.58333333,-59.12944443,0.0,0.0,0.0,180.0,0.0,1,744
A120,AUTAZES,AM,2,-3.58333333,-59.12944443,0.0,0.0,0.0,180.0,0.0,1,454
A120,AUTAZES,AM,3,-3.58333333,-59.12944443,0.0,0.0,0.0,180.0,0.0,1,527
A120,AUTAZES,AM,4,-3.58333333,-59.12944443,0.0,0.0,0.0,180.0,0.0,1,447
A121,ITACOATIARA,AM,1,-3.13333333,-58.48277777,0.724,-0.058,0.827,274.552,0.878,2,1456
A121,ITACOATIARA,AM,2,-3.13333333,-58.48277777,0.859,-0.162,0.985,280.699,0.888,2,1305
A121,ITACOATIARA,AM,3,-3.13333333,-58.48277777,0.879,-0.184,0.994,281.826,0.904,2,1463
A121,ITACOATIARA,AM,4,-3.13333333,-58.48277777,0.715,-0.131,0.866,280.343,0.839,1,719
A121,ITACOATIARA,AM,5,-3.13333333,-58.48277777,0.756,0.002,0.927,269.829,0.815,1,741
A121,ITACOATIARA,AM,6,-3.13333333,-58.48277777,0.679,0.03,0.811,267.459,0.838,1,719
A121,ITACOATIARA,AM,7,-3.13333333,-58.48277777,0.904,-0.072,1.002,274.545,0.905,1,727
A121,ITACOATIARA,AM,8,-3.13333333,-58.48277777,1.291,-0.236,1.402,280.369,0.936,1,741
A121,ITACOATIARA,AM,9,-3.13333333,-58.48277777,0.821,-0.021,1.032,271.441,0.796,1,430
A121,ITACOATIARA,AM,12,-3.13333333,-58.48277777,0.874,-0.103,0.99,276.715,0.889,2,1459
A122,MAUES,AM,1,-3.39888888,-57.67388888,-0.132,-0.089,0.367,56.027,0.435,2,1439
A122,MAUES,AM,2,-3.39888888,-57.67388888,-0.17,-0.083,0.457,63.967,0.413,2,1324
A122,MAUES,AM,3,-3.39888888,-57.67388888,-0.209,-0.057,0.557,74.81,0.389,1,730
A122,MAUES,AM,4,-3.39888888,-57.67388888,-0.131,-0.005,0.541,87.91,0.242,2,1426
A122,MAUES,AM,5,-3.39888888,-57.67388888,-0.234,0.042,0.572,100.129,0.416,2,1221
A122,MAUES,AM,6,-3.39888888,-57.67388888,-0.172,0.123,0.513,125.603,0.413,2,1260
A122,MAUES,AM,7,-3.39888888,-57.67388888,-0.316,0.031,0.516,95.574,0.615,2,1429
A122,MAUES,AM,8,-3.39888888,-57.67388888,-0.258,0.009,0.499,91.938,0.517,2,1487
A122,MAUES,AM,9,-3.39888888,-57.67388888,-0.311,0.015,0.536,92.692,0.581,2,1432
A122,MAUES,AM,10,-3.39888888,-57.67388888,-0.246,-0.005,0.492,88.815,0.501,2,1477
A122,MAUES,AM,11,-3.39888888,-57.67388888,-0.214,-0.002,0.542,89.538,0.395,2,1422
A122,MAUES,AM,12,-3.39888888,-57.67388888,-0.147,-0.066,0.515,65.774,0.313,2,1461
A123,PARINTINS,AM,1,-2.63916666,-56.75611111,-0.78,-0.251,1.61,72.192,0.509,4,2888
A123,PARINTINS,AM,2,-2.63916666,-56.75611111,-0.921,-0.336,1.705,69.939,0.575,4,2643
A123,PARINTINS,AM,3,-2.63916666,-56.75611111,-0.86,-0.237,1.659,74.594,0.537,4,2922
A123,PARINTINS,AM,4,-2.63916666,-56.75611111,-0.601,-0.181,1.441,73.257,0.435,4,2870
A123,PARINTINS,AM,5,-2.63916666,-56.75611111,-0.602,-0.142,1.424,76.765,0.434,4,2958
A123,PARINTINS,AM,6,-2.63916666,-56.75611111,-0.661,-0.167,1.426,75.851,0.478,4,2877
A123,PARINTINS,AM,7,-2.63916666,-56.75611111,-0.898,-0.292,1.596,71.976,0.592,4,2619
A123,PARINTINS,AM,8,-2.63916666,-56.75611111,-1.132,-0.41,1.781,70.109,0.676,3,2226
A123,PARINTINS,AM,9,-2.63916666,-56.75611111,-1.315,-0.529,1.955,68.074,0.725,2,1430
A123,PARINTINS,AM,10,-2.63916666,-56.75611111,-1.024,-0.354,1.881,70.912,0.576,2,1470
A123,PARINTINS,AM,11,-2.63916666,-56.75611111,-1.033,-0.275,1.982,75.076,0.539,2,1418
A123,PARINTINS,AM,12,-2.63916666,-56.75611111,-0.689,-0.172,1.636,75.949,0.434,4,2721
A124,URUCARA,AM,1,-2.53472221,-57.75805555,0.369,0.348,0.624,226.701,0.812,3,2231
A124,URUCARA,AM,2,-2.53472221,-57.75805555,0.444,0.43,0.774,225.925,0.799,3,2040
A124,URUCARA,AM,3,-2.53472221,-57.75805555,0.385,0.4,0.75,223.918,0.74,3,2232
A124,URUCARA,AM,4,-2.53472221,-57.75805555,0.329,0.333,0.635,224.641,0.737,3,2157
A124,URUCARA,AM,5,-2.53472221,-57.75805555,0.485,0.394,0.693,230.958,0.902,3,2232
A124,URUCARA,AM,6,-2.53472221,-57.75805555,0.548,0.425,0.763,232.227,0.909,3,2160
A124,URUCARA,AM,7,-2.53472221,-57.75805555,0.707,0.51,0.9,234.19,0.969,3,2232
A124,URUCARA,AM,8,-2.53472221,-57.75805555,0.751,0.515,0.916,235.585,0.995,3,2232
A124,URUCARA,AM,9,-2.53472221,-57.75805555,0.899,0.61,1.088,235.815,0.999,3,2160
A124,URUCARA,AM,10,-2.53472221,-57.75805555,0.75,0.51,0.908,235.798,0.998,3,2232
A124,URUCARA,AM,11,-2.53472221,-57.75805555,0.724,0.498,0.884,235.478,0.993,3,2160
A124,URUCARA,AM,12,-2.53472221,-57.75805555,0.521,0.37,0.658,234.64,0.971,3,2232
A125,RIO URUBU,AM,1,-2.6336111,-59.60055555,-0.208,-0.029,0.361,82.014,0.581,3,2232
A125,RIO URUBU,AM,2,-2.6336111,-59.60055555,-0.309,-0.03,0.524,84.432,0.592,3,2040
A125,RIO URUBU,AM,3,-2.6336111,-59.60055555,-0.241,-0.041,0.518,80.351,0.472,3,2232
A125,RIO URUBU,AM,4,-2.6336111,-59.60055555,-0.156,0.013,0.427,94.921,0.366,3,2160
A125,RIO URUBU,AM,5,-2.6336111,-59.60055555,-0.112,0.059,0.304,117.981,0.416,3,2232
A125,RIO URUBU,AM,6,-2.6336111,-59.60055555,-0.104,0.093,0.298,131.899,0.469,3,2160
A125,RIO URUBU,AM,7,-2.6336111,-59.60055555,-0.206,0.119,0.38,119.953,0.626,3,2232
A125,RIO URUBU,AM,8,-2.6336111,-59.60055555,-0.136,0.043,0.235,107.695,0.609,3,2232
A125,RIO URUBU,AM,9,-2.6336111,-59.60055555,-0.177,0.054,0.288,107.077,0.643,3,2160
A125,RIO URUBU,AM,10,-2.6336111,-59.60055555,-0.162,0.015,0.326,95.202,0.497,4,2976
A125,RIO URUBU,AM,11,-2.6336111,-59.60055555,-0.168,0.001,0.35,90.362,0.481,4,2850
A125,RIO URUBU,AM,12,-2.6336111,-59.60055555,-0.139,-0.013,0.357,84.803,0.39,3,2232
A126,PRESIDENTE FIGUEIREDO,AM,1,-2.05666666,-60.02583332,-0.259,-0.032,0.357,83.014,0.73,2,1488
A126,PRESIDENTE FIGUEIREDO,AM,2,-2.05666666,-60.02583332,-0.366,-0.062,0.465,80.438,0.799,2,1344
A126,PRESIDENTE FIGUEIREDO,AM,3,-2.05666666,-60.02583332,-0.302,-0.003,0.452,89.402,0.668,2,1488
A126,PRESIDENTE FIGUEIREDO,AM,4,-2.05666666,-60.02583332,-0.184,0.066,0.367,109.855,0.532,2,1421
A126,PRESIDENTE FIGUEIREDO,AM,5,-2.05666666,-60.02583332,-0.114,0.088,0.295,127.539,0.488,1,659
A126,PRESIDENTE FIGUEIREDO,AM,7,-2.05666666,-60.02583332,-0.074,0.056,0.116,127.165,0.805,1,744
A126,PRESIDENTE FIGUEIREDO,AM,8,-2.05666666,-60.02583332,-0.078,0.011,0.182,98.379,0.433,1,744
A126,PRESIDENTE FIGUEIREDO,AM,9,-2.05666666,-60.02583332,-0.09,0.025,0.151,105.542,0.619,1,720
A126,PRESIDENTE FIGUEIREDO,AM,10,-2.05666666,-60.02583332,-0.092,-0.006,0.111,86.516,0.827,1,744
A126,PRESIDENTE FIGUEIREDO,AM,11,-2.05666666,-60.02583332,-0.111,-0.006,0.14,86.995,0.795,1,720
A126,PRESIDENTE FIGUEIREDO,AM,12,-2.05666666,-60.02583332,-0.173,-0.063,0.217,70.026,0.848,1,744
A128,BARCELOS,AM,1,-0.98722221,-62.92416666,-0.304,0.378,0.876,141.192,0.554,3,2102
A128,BARCELOS,AM,2,-0.98722221,-62.92416666,-0.299,0.459,0.979,146.941,0.56,3,1964
A128,BARCELOS,AM,3,-0.98722221,-62.92416666,-0.269,0.411,0.949,146.791,0.518,3,2200
A128,BARCELOS,AM,4,-0.98722221,-62.92416666,-0.24,0.321,0.806,143.245,0.497,3,2156
A128,BARCELOS,AM,5,-0.98722221,-62.92416666,-0.233,0.243,0.734,136.203,0.458,3,2218
A128,BARCELOS,AM,6,-0.98722221,-62.92416666,-0.233,0.19,0.678,129.157,0.444,4,2875
A128,BARCELOS,AM,7,-0.98722221,-62.92416666,-0.226,0.19,0.691,130.138,0.428,4,2969
A128,BARCELOS,AM,8,-0.98722221,-62.92416666,-0.235,0.206,0.736,131.244,0.425,4,2971
A128,BARCELOS,AM,9,-0.98722221,-62.92416666,-0.246,0.187,0.76,127.152,0.406,4,2745
A128,BARCELOS,AM,10,-0.98722221,-62.92416666,-0.251,0.188,0.818,126.878,0.383,3,2199
A128,BARCELOS,AM,11,-0.98722221,-62.92416666,-0.279,0.186,0.775,123.687,0.432,3,2116
A128,BARCELOS,AM,12,-0.98722221,-62.92416666,-0.103,0.344,0.901,163.337,0.398,4,2874
A133,MANICORE,AM,1,-5.7886111,-61.28833333,-0.199,-0.166,1.173,50.182,0.221,1,743
A133,MANICORE,AM,2,-5.7886111,-61.28833333,-0.207,-0.192,1.216,47.078,0.232,1,672
A133,MANICORE,AM,3,-5.7886111,-61.28833333,-0.242,-0.025,1.143,84.094,0.213,2,1137
A133,MANICORE,AM,4,-5.7886111,-61.28833333,-0.117,-0.012,1.074,84.2,0.109,2,1440
A133,MANICORE,AM,5,-5.7886111,-61.28833333,-0.081,0.248,1.043,161.941,0.25,2,1487
A133,MANICORE,AM,6,-5.7886111,-61.28833333,-0.273,0.261,0.983,133.694,0.384,3,1849
A133,MANICORE,AM,7,-5.7886111,-61.28833333,-0.478,0.261,1.0,118.591,0.544,3,2232
A133,MANICORE,AM,8,-5.7886111,-61.28833333,0.097,0.009,1.241,264.526,0.078,3,1504
A133,MANICORE,AM,9,-5.7886111,-61.28833333,-0.21,-0.155,1.218,53.592,0.214,1,720
A133,MANICORE,AM,10,-5.7886111,-61.28833333,-0.13,-0.013,1.224,84.22,0.107,1,744
A133,MANICORE,AM,11,-5.7886111,-61.28833333,-0.014,-0.091,1.205,8.862,0.076,1,717
A133,MANICORE,AM,12,-5.7886111,-61.28833333,-0.13,-0.26,1.256,26.625,0.231,1,744
A135,BOA VISTA,RR,1,2.81694443,-60.69083333,-2.21,-1.08,2.661,63.948,0.924,3,2230
A135,BOA VISTA,RR,2,2.81694443,-60.69083333,-2.268,-1.13,2.737,63.518,0.926,3,2037
A135,BOA VISTA,RR,3,2.81694443,-60.69083333,-2.083,-0.893,2.588,66.786,0.876,3,2131
A135,BOA VISTA,RR,4,2.81694443,-60.69083333,-1.664,-0.497,2.283,73.376,0.761,3,1851
A135,BOA VISTA,RR,5,2.81694443,-60.69083333,-0.923,-0.246,1.729,75.051,0.553,2,1129
A135,BOA VISTA,RR,6,2.81694443,-60.69083333,-0.217,0.284,1.395,142.635,0.256,1,711
A135,BOA VISTA,RR,7,2.81694443,-60.69083333,-0.682,-0.052,1.392,85.67,0.491,1,737
A135,BOA VISTA,RR,8,2.81694443,-60.69083333,-0.911,0.022,1.774,91.382,0.514,2,823
A135,BOA VISTA,RR,9,2.81694443,-60.69083333,-1.31,-0.044,1.863,88.089,0.703,2,1103
A135,BOA VISTA,RR,10,2.81694443,-60.69083333,-1.166,-0.336,1.865,73.934,0.65,1,744
A135,BOA VISTA,RR,11,2.81694443,-60.69083333,-1.295,-0.269,1.935,78.254,0.684,1,720
A135,BOA VISTA,RR,12,2.81694443,-60.69083333,-1.884,-0.809,2.342,66.755,0.876,3,2227
A138,FEIJO,AC,1,-8.14277777,-70.3436111,0.298,-0.516,1.426,329.981,0.418,4,2701
A138,FEIJO,AC,2,-8.14277777,-70.3436111,0.148,-0.486,1.476,343.074,0.344,4,2542
A138,FEIJO,AC,3,-8.14277777,-70.3436111,0.101,-0.269,1.384,339.407,0.208,2,1488
A138,FEIJO,AC,4,-8.14277777,-70.3436111,0.063,-0.303,1.365,348.178,0.227,2,1438
A138,FEIJO,AC,5,-8.14277777,-70.3436111,-0.291,0.241,1.441,129.64,0.262,2,1488
A138,FEIJO,AC,6,-8.14277777,-70.3436111,-0.174,0.008,1.149,92.555,0.152,2,1440
A138,FEIJO,AC,7,-8.14277777,-70.3436111,-0.456,0.414,1.318,132.244,0.467,2,1487
A138,FEIJO,AC,8,-8.14277777,-70.3436111,-0.092,0.05,1.383,118.665,0.076,2,1488
A138,FEIJO,AC,9,-8.14277777,-70.3436111,0.161,-0.107,1.314,303.6,0.147,2,1440
A138,FEIJO,AC,10,-8.14277777,-70.3436111,0.127,-0.133,1.386,316.207,0.133,2,1488
A138,FEIJO,AC,11,-8.14277777,-70.3436111,0.198,-0.223,1.378,318.271,0.216,2,1420
A138,FEIJO,AC,12,-8.14277777,-70.3436111,0.259,-0.496,1.395,332.395,0.401,2,1249
A140,EPITACIOLANDIA,AC,1,-11.02388888,-68.73527777,0.158,-0.388,0.861,337.853,0.486,1,723
A140,EPITACIOLANDIA,AC,2,-11.02388888,-68.73527777,-0.022,-0.239,0.849,5.337,0.282,1,671
A140,EPITACIOLANDIA,AC,3,-11.02388888,-68.73527777,0.016,-0.056,0.9,344.594,0.065,1,740
A140,EPITACIOLANDIA,AC,4,-11.02388888,-68.73527777,0.041,-0.277,0.818,351.629,0.342,1,720
A140,EPITACIOLANDIA,AC,5,-11.02388888,-68.73527777,-0.191,0.311,0.955,148.424,0.383,1,743
A140,EPITACIOLANDIA,AC,6,-11.02388888,-68.73527777,0.014,-0.1,0.77,351.981,0.131,1,718
A140,EPITACIOLANDIA,AC,7,-11.02388888,-68.73527777,-0.152,0.632,1.022,166.461,0.636,1,744
A140,EPITACIOLANDIA,AC,8,-11.02388888,-68.73527777,-0.007,0.154,1.017,177.258,0.151,1,744
A140,EPITACIOLANDIA,AC,9,-11.02388888,-68.73527777,0.059,0.049,0.972,229.872,0.079,1,719
A140,EPITACIOLANDIA,AC,10,-11.02388888,-68.73527777,0.073,-0.267,0.912,344.732,0.303,1,739
A140,EPITACIOLANDIA,AC,11,-11.02388888,-68.73527777,0.034,-0.256,0.851,352.381,0.304,1,702
A140,EPITACIOLANDIA,AC,12,-11.02388888,-68.73527777,0.125,-0.292,0.848,336.79,0.375,2,1266
A144,NOVO ARIPUANA,AM,1,-8.0911111,-60.38055554,-0.135,0.01,0.65,94.126,0.209,1,733
A144,NOVO ARIPUANA,AM,2,-8.0911111,-60.38055554,-0.147,-0.019,0.62,82.771,0.239,1,637
A144,NOVO ARIPUANA,AM,3,-8.0911111,-60.38055554,-0.151,0.074,0.632,115.976,0.267,2,1264
A144,NOVO ARIPUANA,AM,4,-8.0911111,-60.38055554,-0.037,0.059,0.572,147.596,0.122,2,1404
A144,NOVO ARIPUANA,AM,5,-8.0911111,-60.38055554,0.01,0.11,0.566,185.426,0.196,3,2210
A144,NOVO ARIPUANA,AM,6,-8.0911111,-60.38055554,-0.008,0.103,0.551,175.347,0.188,4,2484
A144,NOVO ARIPUANA,AM,7,-8.0911111,-60.38055554,-0.169,0.1,0.508,120.682,0.386,3,2129
A144,NOVO ARIPUANA,AM,8,-8.0911111,-60.38055554,-0.137,0.023,0.625,99.586,0.223,3,2225
A144,NOVO ARIPUANA,AM,9,-8.0911111,-60.38055554,-0.132,-0.001,0.651,89.389,0.202,2,1436
A144,NOVO ARIPUANA,AM,10,-8.0911111,-60.38055554,-0.118,-0.006,0.686,86.884,0.173,2,1389
A144,NOVO ARIPUANA,AM,11,-8.0911111,-60.38055554,-0.089,0.022,0.706,104.123,0.129,2,1216
A144,NOVO ARIPUANA,AM,12,-8.0911111,-60.38055554,-0.116,-0.054,0.647,64.933,0.198,1,735
A201,BELEM,PA,1,-1.411228,-48.439512,-0.05,0.082,0.771,148.481,0.125,6,4010
A201,BELEM,PA,2,-1.411228,-48.439512,0.111,0.174,0.597,212.598,0.347,5,3352
A201,BELEM,PA,3,-1.411228,-48.439512,0.183,0.118,0.547,237.155,0.397,5,3698
A201,BELEM,PA,4,-1.411228,-48.439512,0.123,0.107,0.56,229.013,0.291,6,4319
A201,BELEM,PA,5,-1.411228,-48.439512,0.195,0.235,0.719,219.793,0.425,6,4455
A201,BELEM,PA,6,-1.411228,-48.439512,0.205,0.228,0.911,221.921,0.336,6,4069
A201,BELEM,PA,7,-1.411228,-48.439512,0.015,0.202,0.88,184.245,0.23,6,4459
A201,BELEM,PA,8,-1.411228,-48.439512,-0.131,0.156,1.018,139.841,0.2,6,4454
A201,BELEM,PA,9,-1.411228,-48.439512,-0.076,0.143,1.311,151.983,0.123,5,3527
A201,BELEM,PA,10,-1.411228,-48.439512,-0.112,0.015,1.206,97.833,0.094,5,3657
A201,BELEM,PA,11,-1.411228,-48.439512,-0.029,0.06,1.064,154.228,0.062,5,3498
A201,BELEM,PA,12,-1.411228,-48.439512,0.087,0.195,0.94,204.019,0.227,4,2904
A202,CASTANHAL,PA,1,-1.30083333,-47.94805555,-0.159,-0.18,0.274,41.472,0.875,5,3530
A202,CASTANHAL,PA,2,-1.30083333,-47.94805555,-0.118,-0.166,0.243,35.335,0.837,6,3777
A202,CASTANHAL,PA,3,-1.30083333,-47.94805555,-0.106,-0.175,0.24,31.079,0.851,6,3884
A202,CASTANHAL,PA,4,-1.30083333,-47.94805555,-0.098,-0.12,0.197,39.293,0.787,6,3693
A202,CASTANHAL,PA,5,-1.30083333,-47.94805555,-0.159,-0.062,0.22,68.803,0.777,6,3987
A202,CASTANHAL,PA,6,-1.30083333,-47.94805555,-0.266,-0.07,0.321,75.332,0.857,4,2689
A202,CASTANHAL,PA,7,-1.30083333,-47.94805555,-0.245,-0.08,0.305,71.824,0.845,5,3168
A202,CASTANHAL,PA,8,-1.30083333,-47.94805555,-0.368,-0.229,0.503,58.085,0.861,5,3338
A202,CASTANHAL,PA,9,-1.30083333,-47.94805555,-0.545,-0.473,0.787,48.997,0.917,4,2613
A202,CASTANHAL,PA,10,-1.30083333,-47.94805555,-0.641,-0.672,0.994,43.641,0.934,4,2613
A202,CASTANHAL,PA,11,-1.30083333,-47.94805555,-0.514,-0.667,0.895,37.601,0.941,3,2159
A202,CASTANHAL,PA,12,-1.30083333,-47.94805555,-0.339,-0.369,0.562,42.586,0.891,3,2227
A203,SAO LUIS,MA,1,-2.52666666,-44.21361111,0.859,0.506,1.715,239.511,0.581,3,2227
A203,SAO LUIS,MA,2,-2.52666666,-44.21361111,0.52,0.245,1.442,244.742,0.398,2,1366
A203,SAO LUIS,MA,3,-2.52666666,-44.21361111,0.409,0.358,1.196,228.788,0.455,3,2229
A203,SAO LUIS,MA,4,-2.52666666,-44.21361111,0.481,0.25,1.071,242.488,0.506,4,2875
A203,SAO LUIS,MA,5,-2.52666666,-44.21361111,0.611,0.012,1.1,268.833,0.556,4,2974
A203,SAO LUIS,MA,6,-2.52666666,-44.21361111,0.648,-0.027,1.188,272.417,0.546,4,2877
A203,SAO LUIS,MA,7,-2.52666666,-44.21361111,0.714,0.034,1.322,267.305,0.541,4,2967
A203,SAO LUIS,MA,8,-2.52666666,-44.21361111,1.051,0.313,1.841,253.411,0.595,4,2969
A203,SAO LUIS,MA,9,-2.52666666,-44.21361111,1.758,0.643,2.515,249.897,0.744,4,2440
A203,SAO LUIS,MA,10,-2.52666666,-44.21361111,1.92,0.971,2.702,243.171,0.796,3,2232
A203,SAO LUIS,MA,11,-2.52666666,-44.21361111,1.859,1.092,2.46,239.583,0.876,3,2159
A203,SAO LUIS,MA,12,-2.52666666,-44.21361111,1.936,0.967,2.376,243.471,0.911,3,2232
A204,BALSAS,MA,1,-7.45555555,-46.02749999,0.098,0.208,0.894,205.198,0.257,2,1434
A204,BALSAS,MA,2,-7.45555555,-46.02749999,0.405,0.084,0.879,258.228,0.47,3,2040
A204,BALSAS,MA,3,-7.45555555,-46.02749999,0.203,0.1,0.683,243.662,0.331,3,2232
A204,BALSAS,MA,4,-7.45555555,-46.02749999,0.459,0.064,0.934,262.064,0.497,2,1440
A204,BALSAS,MA,5,-7.45555555,-46.02749999,0.889,-0.025,1.175,271.639,0.757,1,744
A204,BALSAS,MA,6,-7.45555555,-46.02749999,1.14,-0.111,1.362,275.586,0.841,1,720
A204,BALSAS,MA,7,-7.45555555,-46.02749999,1.028,-0.077,1.451,274.269,0.71,1,744
A204,BALSAS,MA,8,-7.45555555,-46.02749999,0.892,-0.047,1.518,272.988,0.588,2,1488
A204,BALSAS,MA,9,-7.45555555,-46.02749999,0.848,0.285,1.516,251.392,0.59,2,1440
A204,BALSAS,MA,10,-7.45555555,-46.02749999,0.366,0.485,1.37,217.024,0.444,2,1326
A204,BALSAS,MA,11,-7.45555555,-46.02749999,0.093,0.201,1.131,204.859,0.196,1,720
A204,BALSAS,MA,12,-7.45555555,-46.02749999,0.247,0.347,1.087,215.436,0.392,2,1309
A205,CAROLINA,MA,1,-7.33722221,-47.45972222,-0.044,-0.123,0.782,19.501,0.167,4,2973
A205,CAROLINA,MA,2,-7.33722221,-47.45972222,-0.06,-0.067,0.724,41.522,0.124,4,2688
A205,CAROLINA,MA,3,-7.33722221,-47.45972222,-0.013,-0.125,0.783,5.963,0.161,4,2976
A205,CAROLINA,MA,4,-7.33722221,-47.45972222,-0.206,0.011,0.805,92.966,0.256,5,3537
A205,CAROLINA,MA,5,-7.33722221,-47.45972222,-0.626,0.268,0.99,113.171,0.688,5,3615
A205,CAROLINA,MA,6,-7.33722221,-47.45972222,-0.868,0.226,1.182,104.599,0.758,4,2879
A205,CAROLINA,MA,7,-7.33722221,-47.45972222,-0.996,0.211,1.298,101.946,0.785,4,2972
A205,CAROLINA,MA,8,-7.33722221,-47.45972222,-1.014,0.016,1.439,90.911,0.705,5,3320
A205,CAROLINA,MA,9,-7.33722221,-47.45972222,-0.685,-0.402,1.391,59.619,0.571,3,2159
A205,CAROLINA,MA,10,-7.33722221,-47.45972222,0.013,-0.384,1.184,358.064,0.325,4,2778
A205,CAROLINA,MA,11,-7.33722221,-47.45972222,0.016,-0.185,0.912,354.913,0.203,4,2608
A205,CAROLINA,MA,12,-7.33722221,-47.45972222,-0.062,-0.119,0.719,27.629,0.187,3,2229
A206,CHAPADINHA,MA,1,-3.74277777,-43.35222222,-0.964,-0.449,1.838,65.028,0.579,4,2975
A206,CHAPADINHA,MA,2,-3.74277777,-43.35222222,-0.878,-0.268,1.711,73.037,0.537,4,2710
A206,CHAPADINHA,MA,3,-3.74277777,-43.35222222,-0.689,-0.269,1.571,68.688,0.47,4,2975
A206,CHAPADINHA,MA,4,-3.74277777,-43.35222222,-0.636,-0.185,1.436,73.758,0.461,5,3489
A206,CHAPADINHA,MA,5,-3.74277777,-43.35222222,-0.799,0.177,1.52,102.476,0.538,5,3720
A206,CHAPADINHA,MA,6,-3.74277777,-43.35222222,-0.984,0.338,1.664,108.967,0.625,5,3596
A206,CHAPADINHA,MA,7,-3.74277777,-43.35222222,-1.013,0.298,1.74,106.391,0.607,5,3720
A206,CHAPADINHA,MA,8,-3.74277777,-43.35222222,-1.116,-0.007,1.914,89.63,0.583,5,3719
A206,CHAPADINHA,MA,9,-3.74277777,-43.35222222,-1.277,-0.615,2.071,64.281,0.684,4,2825
A206,CHAPADINHA,MA,10,-3.74277777,-43.35222222,-1.226,-1.089,2.168,48.373,0.756,4,2882
A206,CHAPADINHA,MA,11,-3.74277777,-43.35222222,-1.094,-1.194,2.088,42.481,0.776,4,2741
A206,CHAPADINHA,MA,12,-3.74277777,-43.35222222,-1.306,-0.666,2.118,62.976,0.693,4,2959
A209,MEDICILANDIA,PA,1,-3.51083333,-52.96333333,-0.547,-0.354,0.747,57.11,0.872,3,1872
A209,MEDICILANDIA,PA,2,-3.51083333,-52.96333333,-0.466,-0.222,0.596,64.529,0.866,2,1368
A209,MEDICILANDIA,PA,3,-3.51083333,-52.96333333,-0.28,-0.197,0.398,54.828,0.861,2,1487
A209,MEDICILANDIA,PA,4,-3.51083333,-52.96333333,-0.187,-0.095,0.275,63.016,0.764,2,1440
A209,MEDICILANDIA,PA,5,-3.51083333,-52.96333333,-0.272,-0.055,0.322,78.648,0.863,2,1488
A209,MEDICILANDIA,PA,6,-3.51083333,-52.96333333,-0.372,-0.023,0.412,86.491,0.905,3,1900
A209,MEDICILANDIA,PA,7,-3.51083333,-52.96333333,-0.413,-0.087,0.488,78.164,0.864,3,2104
A209,MEDICILANDIA,PA,8,-3.51083333,-52.96333333,-0.504,-0.215,0.635,66.896,0.863,2,1488
A209,MEDICILANDIA,PA,9,-3.51083333,-52.96333333,-0.599,-0.379,0.796,57.658,0.892,2,1440
A209,MEDICILANDIA,PA,10,-3.51083333,-52.96333333,-0.563,-0.444,0.81,51.771,0.885,3,1933
A209,MEDICILANDIA,PA,11,-3.51083333,-52.96333333,-0.621,-0.394,0.873,57.599,0.842,2,1440
A209,MEDICILANDIA,PA,12,-3.51083333,-52.96333333,-0.518,-0.357,0.686,55.406,0.917,2,1487
A210,PACAJA,PA,1,-3.8436111,-50.63805555,-0.657,-0.46,1.157,55.025,0.693,2,1486
A210,PACAJA,PA,2,-3.8436111,-50.63805555,-0.48,-0.411,1.169,49.453,0.541,2,1344
A210,PACAJA,PA,3,-3.8436111,-50.63805555,-0.554,-0.403,1.11,53.996,0.617,2,1488
A210,PACAJA,PA,4,-3.8436111,-50.63805555,-0.452,-0.27,1.004,59.129,0.524,3,1903
A210,PACAJA,PA,5,-3.8436111,-50.63805555,-0.558,-0.113,0.869,78.575,0.656,3,2232
A210,PACAJA,PA,6,-3.8436111,-50.63805555,-0.771,-0.091,1.06,83.302,0.732,3,2159
A210,PACAJA,PA,7,-3.8436111,-50.63805555,-0.81,-0.065,1.104,85.395,0.737,3,2232
A210,PACAJA,PA,8,-3.8436111,-50.63805555,-0.882,-0.265,1.274,73.261,0.723,3,2232
A210,PACAJA,PA,9,-3.8436111,-50.63805555,-1.304,-0.702,1.676,61.714,0.884,2,1437
A210,PACAJA,PA,10,-3.8436111,-50.63805555,-1.181,-0.843,1.67,54.487,0.869,2,1451
A210,PACAJA,PA,11,-3.8436111,-50.63805555,-0.928,-0.723,1.472,52.087,0.799,2,1426
A210,PACAJA,PA,12,-3.8436111,-50.63805555,-0.873,-0.478,1.337,61.306,0.744,2,1486
A211,PLACAS,PA,1,-3.86416666,-54.21638888,-0.355,0.09,0.677,104.182,0.541,1,744
A211,PLACAS,PA,2,-3.86416666,-54.21638888,-0.503,0.079,0.687,98.895,0.742,1,672
A211,PLACAS,PA,3,-3.86416666,-54.21638888,-0.41,0.031,0.625,94.355,0.658,1,743
A211,PLACAS,PA,4,-3.86416666,-54.21638888,-0.483,0.083,0.751,99.778,0.652,1,720
A211,PLACAS,PA,5,-3.86416666,-54.21638888,-0.558,0.262,0.861,115.208,0.716,1,744
A211,PLACAS,PA,6,-3.86416666,-54.21638888,-0.589,0.358,0.908,121.293,0.759,2,1185
A211,PLACAS,PA,7,-3.86416666,-54.21638888,-0.676,0.385,0.96,119.707,0.81,2,1488
A211,PLACAS,PA,8,-3.86416666,-54.21638888,-0.687,0.255,0.955,110.391,0.767,3,2232
A211,PLACAS,PA,9,-3.86416666,-54.21638888,-0.852,0.185,1.081,102.238,0.806,3,2160
A211,PLACAS,PA,10,-3.86416666,-54.21638888,-0.663,0.13,0.962,101.07,0.702,4,2964
A211,PLACAS,PA,11,-3.86416666,-54.21638888,-0.753,0.187,1.034,103.938,0.751,4,2879
A211,PLACAS,PA,12,-3.86416666,-54.21638888,-0.812,0.2,1.073,103.822,0.779,4,2784
A212,PARAGOMINAS,PA,1,-2.90055555,-47.49499999,-0.7,0.048,1.855,93.892,0.378,2,1487
A212,PARAGOMINAS,PA,2,-2.9911111,-47.35638888,-0.688,0.107,1.507,98.87,0.462,3,2040
A212,PARAGOMINAS,PA,3,-2.9911111,-47.35638888,-0.286,0.003,1.041,90.544,0.275,3,2161
A212,PARAGOMINAS,PA,4,-2.90055555,-47.49499999,-0.356,0.05,1.247,97.953,0.288,2,1440
A212,PARAGOMINAS,PA,5,-2.90055555,-47.49499999,-0.539,0.38,1.28,125.178,0.515,2,1488
A212,PARAGOMINAS,PA,6,-2.90055555,-47.49499999,-0.417,0.309,1.529,126.493,0.34,3,2159
A212,PARAGOMINAS,PA,7,-2.90055555,-47.49499999,-0.493,0.392,1.647,128.47,0.382,3,2232
A212,PARAGOMINAS,PA,8,-2.90055555,-47.49499999,-0.576,0.299,2.066,117.461,0.314,3,2232
A212,PARAGOMINAS,PA,9,-2.90055555,-47.49499999,-1.345,0.482,2.948,109.696,0.485,2,1440
A212,PARAGOMINAS,PA,10,-2.90055555,-47.49499999,-1.143,0.116,2.736,95.799,0.42,2,1488
A212,PARAGOMINAS,PA,11,-2.90055555,-47.49499999,-1.455,0.145,2.539,95.676,0.576,3,2160
A212,PARAGOMINAS,PA,12,-2.90055555,-47.49499999,-0.772,0.085,2.036,96.298,0.382,2,1470
A213,TOME ACU,PA,1,-2.59249999,-48.36055555,0.641,0.432,0.79,235.999,0.978,3,2079
A213,TOME ACU,PA,2,-2.59249999,-48.36055555,0.546,0.387,0.684,234.708,0.979,3,2016
A213,TOME ACU,PA,3,-2.59249999,-48.36055555,0.548,0.382,0.686,235.082,0.974,3,2231
A213,TOME ACU,PA,4,-2.59249999,-48.36055555,0.534,0.373,0.665,235.066,0.979,3,2117
A213,TOME ACU,PA,5,-2.59249999,-48.36055555,0.566,0.387,0.7,235.611,0.98,3,2228
A213,TOME ACU,PA,6,-2.59249999,-48.36055555,0.674,0.429,0.815,237.534,0.98,3,2159
A213,TOME ACU,PA,7,-2.59249999,-48.36055555,0.311,0.431,0.893,215.758,0.595,4,2976
A213,TOME ACU,PA,8,-2.59249999,-48.36055555,0.417,0.45,0.975,222.784,0.629,5,3390
A213,TOME ACU,PA,9,-2.59249999,-48.36055555,0.317,0.463,1.095,214.39,0.513,4,2546
A213,TOME ACU,PA,10,-2.59249999,-48.36055555,0.402,0.413,1.088,224.23,0.529,4,2956
A213,TOME ACU,PA,11,-2.59249999,-48.36055555,0.399,0.369,1.003,227.248,0.542,4,2878
A213,TOME ACU,PA,12,-2.59249999,-48.36055555,0.301,0.345,0.956,221.169,0.479,3,2214
A214,RONDON DO PARA,PA,1,-4.82749999,-48.1736111,-0.186,-0.224,1.317,39.708,0.221,3,2232
A214,RONDON DO PARA,PA,2,-4.82749999,-48.1736111,-0.151,-0.097,1.382,57.291,0.13,3,2040
A214,RONDON DO PARA,PA,3,-4.82749999,-48.1736111,-0.3,-0.13,1.267,66.616,0.258,2,1138
A214,RONDON DO PARA,PA,4,-4.82749999,-48.1736111,-0.084,-0.146,1.145,29.789,0.147,1,720
A214,RONDON DO PARA,PA,5,-4.82749999,-48.1736111,0.135,-0.083,1.136,301.571,0.139,1,635
A214,RONDON DO PARA,PA,10,-4.82749999,-48.1736111,0.469,-0.028,1.365,273.472,0.344,1,249
A214,RONDON DO PARA,PA,11,-4.82749999,-48.1736111,0.45,-0.178,1.594,291.625,0.303,1,720
A214,RONDON DO PARA,PA,12,-4.82749999,-48.1736111,0.184,-0.011,1.469,273.571,0.125,1,744
A215,SALINOPOLIS,PA,1,-0.61888888,-47.35666666,-2.306,-1.167,2.748,63.161,0.941,3,1889
A215,SALINOPOLIS,PA,2,-0.61888888,-47.35666666,-1.289,-0.622,1.96,64.227,0.73,4,2521
A215,SALINOPOLIS,PA,3,-0.61888888,-47.35666666,-1.626,-1.2,2.255,53.577,0.896,2,1488
A215,SALINOPOLIS,PA,4,-0.61888888,-47.35666666,-1.323,-0.891,1.848,56.052,0.863,2,1425
A215,SALINOPOLIS,PA,5,-0.61888888,-47.35666666,-1.424,-0.569,1.767,68.228,0.868,2,1478
A215,SALINOPOLIS,PA,6,-0.61888888,-47.35666666,-2.119,-0.701,2.377,71.696,0.939,4,2561
A215,SALINOPOLIS,PA,7,-0.61888888,-47.35666666,-2.628,-0.954,2.877,70.046,0.972,4,2976
A215,SALINOPOLIS,PA,8,-0.61888888,-47.35666666,-3.126,-1.248,3.413,68.243,0.986,4,2976
A215,SALINOPOLIS,PA,9,-0.61888888,-47.35666666,-3.689,-1.424,3.98,68.892,0.993,3,2013
A215,SALINOPOLIS,PA,10,-0.61888888,-47.35666666,-3.55,-1.644,3.946,65.155,0.991,3,1925
A215,SALINOPOLIS,PA,11,-0.61888888,-47.35666666,-3.332,-1.77,3.81,62.021,0.99,3,2058
A215,SALINOPOLIS,PA,12,-0.61888888,-47.35666666,-2.794,-1.475,3.228,62.178,0.979,4,2654
A216,SAO FELIX DO XINGU,PA,1,-6.639622,-51.956966,-0.141,-0.352,1.679,21.91,0.226,3,2230
A216,SAO FELIX DO XINGU,PA,2,-6.639622,-51.956966,-0.009,-0.21,1.594,2.399,0.132,2,1344
A216,SAO FELIX DO XINGU,PA,3,-6.639622,-51.956966,-0.031,-0.064,1.6,25.4,0.045,2,1488
A216,SAO FELIX DO XINGU,PA,4,-6.639622,-51.956966,-0.108,0.016,1.462,98.463,0.074,2,1440
A216,SAO FELIX DO XINGU,PA,5,-6.639622,-51.956966,-0.439,0.81,1.528,151.55,0.603,2,1488
A216,SAO FELIX DO XINGU,PA,6,-6.639622,-51.956966,-0.503,0.727,1.539,145.324,0.575,2,1440
A216,SAO FELIX DO XINGU,PA,7,-6.639622,-51.956966,-0.509,1.075,1.777,154.654,0.669,2,1488
A216,SAO FELIX DO XINGU,PA,8,-6.639622,-51.956966,-0.488,0.337,1.879,124.64,0.316,2,1488
A216,SAO FELIX DO XINGU,PA,9,-6.639622,-51.956966,-0.304,-0.402,1.801,37.069,0.28,2,1422
A216,SAO FELIX DO XINGU,PA,10,-6.639622,-51.956966,-0.114,-0.229,1.755,26.496,0.146,2,1488
A216,SAO FELIX DO XINGU,PA,11,-6.639622,-51.956966,-0.105,-0.211,1.653,26.417,0.142,2,1433
A216,SAO FELIX DO XINGU,PA,12,-6.639622,-51.956966,-0.158,0.022,1.582,97.996,0.101,3,2030
A219,TURIACU,MA,1,-1.66111111,-45.37249999,-1.839,-1.401,2.607,52.684,0.887,3,2231
A219,TURIACU,MA,2,-1.66111111,-45.37249999,-1.24,-0.968,2.114,52.018,0.744,3,2040
A219,TURIACU,MA,3,-1.66111111,-45.37249999,-0.949,-0.9,1.806,46.516,0.724,3,2232
A219,TURIACU,MA,4,-1.66111111,-45.37249999,-0.791,-0.596,1.557,52.993,0.636,4,2858
A219,TURIACU,MA,5,-1.66111111,-45.37249999,-1.026,-0.179,1.596,80.082,0.653,4,2976
A219,TURIACU,MA,6,-1.66111111,-45.37249999,-1.521,-0.255,1.902,80.485,0.811,4,2877
A219,TURIACU,MA,7,-1.66111111,-45.37249999,-1.688,-0.571,2.098,71.297,0.849,4,2774
A219,TURIACU,MA,8,-1.66111111,-45.37249999,-0.906,-0.295,2.625,71.973,0.363,3,2232
A219,TURIACU,MA,9,-1.66111111,-45.37249999,-2.857,-1.212,3.198,67.018,0.97,3,2160
A219,TURIACU,MA,10,-1.66111111,-45.37249999,-2.77,-1.564,3.29,60.548,0.967,3,2224
A219,TURIACU,MA,11,-1.66111111,-45.37249999,-2.62,-1.714,3.244,56.811,0.965,3,2159
A219,TURIACU,MA,12,-1.66111111,-45.37249999,-2.352,-1.571,3.02,56.267,0.936,3,2230
A220,BACABAL,MA,1,-4.24305555,-44.79499999,-0.379,-0.581,1.071,33.124,0.647,3,1879
A220,BACABAL,MA,2,-4.24305555,-44.79499999,-0.32,-0.335,0.891,43.675,0.52,3,1890
A220,BACABAL,MA,3,-4.24305555,-44.79499999,-0.194,-0.239,0.742,39.146,0.415,3,2165
A220,BACABAL,MA,4,-4.24305555,-44.79499999,-0.313,-0.031,0.624,84.333,0.504,2,1437
A220,BACABAL,MA,5,-4.24305555,-44.79499999,-0.503,0.214,0.758,113.027,0.722,2,1488
A220,BACABAL,MA,6,-4.24305555,-44.79499999,-0.502,0.21,0.751,112.665,0.725,2,1440
A220,BACABAL,MA,7,-4.24305555,-44.79499999,-0.743,0.337,1.001,114.377,0.814,2,1488
A220,BACABAL,MA,8,-4.24305555,-44.79499999,-0.775,0.136,1.132,99.981,0.695,2,1488
A220,BACABAL,MA,9,-4.24305555,-44.79499999,-0.424,-0.635,1.24,33.736,0.616,3,2160
A220,BACABAL,MA,10,-4.24305555,-44.79499999,-0.282,-0.997,1.43,15.797,0.725,3,1910
A220,BACABAL,MA,11,-4.24305555,-44.79499999,-0.318,-0.937,1.334,18.719,0.742,2,1388
A220,BACABAL,MA,12,-4.24305555,-44.79499999,-0.353,-0.731,1.393,25.786,0.583,2,1281
A221,BARRA DO CORDA,MA,1,-5.50666666,-45.23694444,-0.383,-0.298,0.763,52.042,0.636,1,734
A221,BARRA DO CORDA,MA,2,-5.50666666,-45.23694444,-0.563,-0.258,0.903,65.413,0.685,1,672
A221,BARRA DO CORDA,MA,3,-5.50666666,-45.23694444,-0.391,-0.287,0.867,53.715,0.559,1,685
A221,BARRA DO CORDA,MA,8,-5.50666666,-45.23694444,-1.072,0.123,1.332,96.541,0.81,2,1139
A221,BARRA DO CORDA,MA,9,-5.50666666,-45.23694444,-1.073,-0.5,1.558,65.025,0.759,2,1440
A221,BARRA DO CORDA,MA,10,-5.50666666,-45.23694444,-0.774,-0.784,1.423,44.619,0.774,2,1488
A221,BARRA DO CORDA,MA,11,-5.50666666,-45.23694444,-0.476,-0.561,1.048,40.336,0.702,2,1440
A221,BARRA DO CORDA,MA,12,-5.50666666,-45.23694444,-0.526,-0.488,0.989,47.129,0.726,1,744
A223,ALTO PARNAIBA,MA,1,-9.10833333,-45.93194443,-0.066,-0.073,0.705,41.999,0.139,3,2232
A223,ALTO PARNAIBA,MA,2,-9.10833333,-45.93194443,-0.353,0.071,0.715,101.301,0.503,2,1368
A223,ALTO PARNAIBA,MA,3,-9.10833333,-45.93194443,-0.198,0.05,0.548,104.196,0.372,4,2976
A223,ALTO PARNAIBA,MA,4,-9.10833333,-45.93194443,-0.171,0.054,0.419,107.414,0.427,4,2656
A223,ALTO PARNAIBA,MA,5,-9.10833333,-45.93194443,-0.351,0.188,0.511,118.105,0.779,3,2232
A223,ALTO PARNAIBA,MA,6,-9.10833333,-45.93194443,-0.5,0.322,0.73,122.761,0.815,3,2159
A223,ALTO PARNAIBA,MA,7,-9.10833333,-45.93194443,-0.692,0.425,0.977,121.544,0.831,2,1488
A223,ALTO PARNAIBA,MA,8,-9.10833333,-45.93194443,-0.747,0.374,1.063,116.572,0.786,4,2885
A223,ALTO PARNAIBA,MA,9,-9.10833333,-45.93194443,-0.574,0.154,0.934,105.018,0.636,3,2160
A223,ALTO PARNAIBA,MA,10,-9.10833333,-45.93194443,-0.276,-0.179,0.784,57.029,0.42,3,2125
A223,ALTO PARNAIBA,MA,11,-9.10833333,-45.93194443,-0.104,-0.026,0.35,76.088,0.306,2,1440
A223,ALTO PARNAIBA,MA,12,-9.10833333,-45.93194443,-0.122,-0.001,0.472,89.48,0.259,2,1488
A224,ESTREITO,MA,1,-6.65333333,-47.41833332,-0.044,-0.028,0.098,57.263,0.535,2,1486
A224,ESTREITO,MA,2,-6.65333333,-47.41833332,-0.052,-0.008,0.11,81.215,0.479,2,1246
A224,ESTREITO,MA,3,-6.65333333,-47.41833332,-0.039,-0.018,0.116,65.141,0.375,2,1161
A224,ESTREITO,MA,4,-6.65333333,-47.41833332,-0.025,0.014,0.067,119.797,0.427,1,720
A224,ESTREITO,MA,5,-6.65333333,-47.41833332,-0.215,0.007,0.263,91.984,0.817,2,1488
A224,ESTREITO,MA,6,-6.65333333,-47.41833332,-0.345,0.04,0.367,96.682,0.947,2,1440
A224,ESTREITO,MA,7,-6.65333333,-47.41833332,-0.424,0.058,0.461,97.778,0.928,2,1487
A224,ESTREITO,MA,8,-6.65333333,-47.41833332,-0.613,0.033,0.75,93.113,0.819,3,2232
A224,ESTREITO,MA,9,-6.65333333,-47.41833332,-0.438,-0.162,0.681,69.681,0.686,3,2160
A224,ESTREITO,MA,10,-6.65333333,-47.41833332,-0.225,-0.188,0.489,50.098,0.598,3,2225
A224,ESTREITO,MA,11,-6.65333333,-47.41833332,-0.012,-0.152,0.656,4.502,0.233,2,1440
A224,ESTREITO,MA,12,-6.65333333,-47.41833332,-0.034,-0.173,0.439,11.039,0.402,2,1478
A225,IMPERATRIZ,MA,1,-5.555723,-47.459794,-0.08,-0.169,0.801,25.452,0.234,4,2973
A225,IMPERATRIZ,MA,2,-5.555723,-47.459794,-0.088,-0.167,0.788,27.848,0.24,4,2676
A225,IMPERATRIZ,MA,3,-5.555723,-47.459794,-0.038,-0.023,0.272,58.387,0.165,3,2229
A225,IMPERATRIZ,MA,4,-5.555723,-47.459794,-0.124,0.004,0.278,91.954,0.445,3,2160
A225,IMPERATRIZ,MA,5,-5.555723,-47.459794,-0.243,0.055,0.318,102.663,0.784,3,2232
A225,IMPERATRIZ,MA,6,-5.555723,-47.459794,-0.231,0.039,0.302,99.548,0.776,3,2160
A225,IMPERATRIZ,MA,7,-5.555723,-47.459794,-0.335,0.042,0.402,97.12,0.841,3,2231
A225,IMPERATRIZ,MA,8,-5.555723,-47.459794,-0.712,-0.063,0.952,84.938,0.751,4,2694
A225,IMPERATRIZ,MA,9,-5.555723,-47.459794,-0.786,-0.409,1.242,62.486,0.714,4,2877
A225,IMPERATRIZ,MA,10,-5.555723,-47.459794,-0.222,-0.551,1.121,21.93,0.529,4,2958
A225,IMPERATRIZ,MA,11,-5.555723,-47.459794,-0.239,-0.311,0.861,37.489,0.456,4,2854
A225,IMPERATRIZ,MA,12,-5.555723,-47.459794,-0.04,-0.04,0.13,44.5,0.434,3,2232
A226,BRAGANCA,PA,1,-1.04722221,-46.78583333,-1.295,-0.405,1.483,72.63,0.915,5,3718
A226,BRAGANCA,PA,2,-1.04722221,-46.78583333,-0.837,-0.314,1.039,69.45,0.86,5,3313
A226,BRAGANCA,PA,3,-1.04722221,-46.78583333,-0.615,-0.189,0.741,72.887,0.869,4,2856
A226,BRAGANCA,PA,4,-1.04722221,-46.78583333,-0.533,-0.12,0.655,77.347,0.835,4,2643
A226,BRAGANCA,PA,5,-1.04722221,-46.78583333,-0.589,0.016,0.725,91.6,0.813,4,2937
A226,BRAGANCA,PA,6,-1.04722221,-46.78583333,-0.805,0.041,0.95,92.931,0.849,4,2716
A226,BRAGANCA,PA,7,-1.04722221,-46.78583333,-0.715,-0.0,0.889,89.962,0.804,4,2768
A226,BRAGANCA,PA,8,-1.04722221,-46.78583333,-0.92,-0.047,1.297,87.068,0.71,4,2629
A226,BRAGANCA,PA,9,-1.04722221,-46.78583333,-1.72,-0.089,2.052,87.024,0.839,3,2160
A226,BRAGANCA,PA,10,-1.04722221,-46.78583333,-1.71,-0.191,2.198,83.633,0.783,3,2232
A226,BRAGANCA,PA,11,-1.04722221,-46.78583333,-2.014,-0.418,2.186,78.279,0.941,4,2880
A226,BRAGANCA,PA,12,-1.04722221,-46.78583333,-1.442,-0.296,1.636,78.415,0.9,5,3715
A227,SOURE,PA,1,-0.72777777,-48.51583333,-1.332,-1.329,2.216,45.056,0.849,1,743
A227,SOURE,PA,3,-0.72777777,-48.51583333,-1.062,-0.864,1.832,50.871,0.747,1,610
A227,SOURE,PA,4,-0.72777777,-48.51583333,-0.859,-0.779,1.672,47.805,0.694,1,720
A227,SOURE,PA,5,-0.72777777,-48.51583333,-1.781,-0.405,2.141,77.172,0.853,2,1488
A227,SOURE,PA,6,-0.72777777,-48.51583333,-2.274,-0.489,2.596,77.872,0.896,2,1440
A227,SOURE,PA,7,-0.72777777,-48.51583333,-2.158,-0.811,2.565,69.405,0.899,2,1488
A227,SOURE,PA,8,-0.72777777,-48.51583333,-2.469,-1.398,3.007,60.472,0.944,2,1370
A227,SOURE,PA,9,-0.72777777,-48.51583333,-3.138,-2.091,3.842,56.327,0.982,1,720
A227,SOURE,PA,10,-0.72777777,-48.51583333,-2.699,-2.23,3.583,50.435,0.977,1,744
A227,SOURE,PA,11,-0.72777777,-48.51583333,-2.851,-2.244,3.709,51.793,0.978,1,720
A227,SOURE,PA,12,-0.72777777,-48.51583333,-2.426,-2.001,3.306,50.482,0.951,1,744
A229,TUCURUI,PA,1,-3.82277777,-49.67499999,-0.191,-0.151,0.334,51.736,0.727,3,2231
A229,TUCURUI,PA,2,-3.82277777,-49.67499999,-0.213,-0.107,0.31,63.299,0.769,2,1344
A229,TUCURUI,PA,3,-3.82277777,-49.67499999,-0.132,-0.057,0.199,66.842,0.724,2,1488
A229,TUCURUI,PA,4,-3.82277777,-49.67499999,-0.108,-0.039,0.158,69.965,0.73,3,2160
A229,TUCURUI,PA,5,-3.82277777,-49.67499999,-0.095,-0.018,0.123,78.963,0.783,2,1488
A229,TUCURUI,PA,6,-3.82277777,-49.67499999,-0.1,-0.001,0.121,89.353,0.823,3,1856
A229,TUCURUI,PA,7,-3.82277777,-49.67499999,-0.205,0.008,0.252,92.126,0.814,3,2232
A229,TUCURUI,PA,8,-3.82277777,-49.67499999,-0.18,-0.046,0.229,75.641,0.814,3,2232
A229,TUCURUI,PA,9,-3.82277777,-49.67499999,-0.186,-0.126,0.272,55.885,0.827,3,2160
A229,TUCURUI,PA,10,-3.82277777,-49.67499999,-0.126,-0.198,0.325,32.433,0.721,2,1417
A229,TUCURUI,PA,11,-3.82277777,-49.67499999,-0.075,-0.171,0.276,23.749,0.676,2,1440
A229,TUCURUI,PA,12,-3.82277777,-49.67499999,-0.162,-0.147,0.307,47.781,0.711,2,1486
A230,SERRA DOS CARAJAS,PA,1,-6.07749999,-50.14222221,-0.313,-1.502,2.323,11.763,0.66,1,723
A230,SERRA DOS CARAJAS,PA,2,-6.07749999,-50.14222221,-0.471,-1.571,2.436,16.676,0.673,1,648
A230,SERRA DOS CARAJAS,PA,3,-6.07749999,-50.14222221,-0.618,-1.205,2.296,27.156,0.59,1,714
A231,ITAITUBA,PA,1,-4.27694443,-55.99305555,-0.2,-0.082,0.692,67.836,0.313,3,2200
A231,ITAITUBA,PA,2,-4.27694443,-55.99305555,-0.192,-0.086,0.517,65.829,0.406,3,1997
A231,ITAITUBA,PA,3,-4.27694443,-55.99305555,-0.202,-0.089,0.471,66.259,0.468,3,2222
A231,ITAITUBA,PA,4,-4.27694443,-55.99305555,-0.197,-0.028,0.395,81.829,0.504,3,2155
A231,ITAITUBA,PA,5,-4.27694443,-55.99305555,-0.191,-0.021,0.34,83.636,0.565,3,2219
A231,ITAITUBA,PA,6,-4.27694443,-55.99305555,-0.14,-0.004,0.242,88.167,0.577,4,2879
A231,ITAITUBA,PA,7,-4.27694443,-55.99305555,-0.05,-0.019,0.125,68.983,0.429,4,2971
A231,ITAITUBA,PA,8,-4.27694443,-55.99305555,-0.049,-0.01,0.136,78.002,0.366,4,2975
A231,ITAITUBA,PA,9,-4.27694443,-55.99305555,-0.105,-0.027,0.162,75.847,0.67,3,2155
A231,ITAITUBA,PA,10,-4.27694443,-55.99305555,0.027,0.113,0.486,193.228,0.239,4,2951
A231,ITAITUBA,PA,11,-4.27694443,-55.99305555,0.013,0.026,0.415,205.974,0.069,4,2853
A231,ITAITUBA,PA,12,-4.27694443,-55.99305555,0.079,0.043,0.513,241.551,0.175,4,2942
A232,OBIDOS,PA,1,-1.88083332,-55.51972221,0.0,0.0,0.0,180.0,0.0,1,744
A232,OBIDOS,PA,2,-1.88083332,-55.51972221,0.0,0.0,0.0,180.0,0.0,1,672
A232,OBIDOS,PA,3,-1.88083332,-55.51972221,0.0,0.0,0.0,180.0,0.0,1,744
A233,SANTANA DO ARAGUAIA,PA,1,-9.3386111,-50.35027777,0.019,-0.16,0.703,353.385,0.229,2,1488
A233,SANTANA DO ARAGUAIA,PA,2,-9.3386111,-50.35027777,-0.078,-0.168,0.893,25.075,0.207,2,1183
A233,SANTANA DO ARAGUAIA,PA,3,-9.34055555,-50.35027777,-0.033,-0.237,1.367,7.918,0.175,1,744
A233,SANTANA DO ARAGUAIA,PA,4,-9.34055555,-50.35027777,-0.234,-0.119,1.367,63.002,0.192,1,720
A233,SANTANA DO ARAGUAIA,PA,5,-9.34055555,-50.35027777,-0.494,0.309,1.394,122.049,0.418,2,1424
A233,SANTANA DO ARAGUAIA,PA,6,-9.34055555,-50.35027777,-0.636,0.573,1.497,132.023,0.572,2,1440
A233,SANTANA DO ARAGUAIA,PA,7,-9.34055555,-50.35027777,-0.744,0.349,1.502,115.14,0.547,2,1488
A233,SANTANA DO ARAGUAIA,PA,8,-9.34055555,-50.35027777,-0.678,0.019,1.704,91.612,0.398,2,1488
A233,SANTANA DO ARAGUAIA,PA,9,-9.34055555,-50.35027777,-0.611,-0.537,1.715,48.694,0.474,2,1440
A233,SANTANA DO ARAGUAIA,PA,10,-9.34055555,-50.35027777,0.023,-0.307,1.484,355.645,0.208,1,743
A233,SANTANA DO ARAGUAIA,PA,11,-9.34055555,-50.35027777,-0.054,-0.252,1.395,12.129,0.185,1,720
A233,SANTANA DO ARAGUAIA,PA,12,-9.3386111,-50.35027777,-0.015,-0.068,0.905,12.674,0.077,2,1204
A234,TUCUMA,PA,1,-6.74333333,-51.14194444,-0.427,-0.151,1.111,70.539,0.407,3,2230
A234,TUCUMA,PA,2,-6.74333333,-51.14194444,-0.449,-0.101,1.097,77.287,0.419,3,2016
A234,TUCUMA,PA,3,-6.74333333,-51.14194444,-0.451,-0.083,1.067,79.581,0.429,3,2232
A234,TUCUMA,PA,4,-6.74333333,-51.14194444,-0.455,-0.034,1.024,85.774,0.445,3,2160
A234,TUCUMA,PA,5,-6.74333333,-51.14194444,-0.548,0.194,1.026,109.488,0.566,3,2230
A234,TUCUMA,PA,6,-6.74333333,-51.14194444,-0.604,0.156,1.05,104.534,0.594,3,2159
A234,TUCUMA,PA,7,-6.74333333,-51.14194444,-0.647,0.194,1.143,106.678,0.591,3,2231
A234,TUCUMA,PA,8,-6.74333333,-51.14194444,-0.765,0.048,1.277,93.564,0.6,3,2232
A234,TUCUMA,PA,9,-6.74333333,-51.14194444,-0.595,-0.115,1.284,79.061,0.472,2,1439
A234,TUCUMA,PA,10,-6.74333333,-51.14194444,-0.374,-0.161,1.11,66.652,0.367,1,743
A234,TUCUMA,PA,11,-6.74333333,-51.14194444,-0.348,-0.183,1.037,62.251,0.38,2,1107
A234,TUCUMA,PA,12,-6.74333333,-51.14194444,-0.445,-0.102,1.08,77.106,0.423,3,1979
A235,NOVO REPARTIMENTO,PA,1,-4.24388888,-49.93944444,-0.449,-0.531,1.254,40.218,0.555,2,1483
A235,NOVO REPARTIMENTO,PA,2,-4.24388888,-49.93944444,-0.391,-0.551,1.298,35.308,0.521,2,1343
A235,NOVO REPARTIMENTO,PA,3,-4.24388888,-49.93944444,-0.349,-0.493,1.292,35.331,0.468,2,1481
A235,NOVO REPARTIMENTO,PA,4,-4.24388888,-49.93944444,-0.342,-0.362,1.197,43.44,0.416,3,1928
A235,NOVO REPARTIMENTO,PA,5,-4.24388888,-49.93944444,-0.638,-0.19,1.153,73.396,0.577,3,2228
A235,NOVO REPARTIMENTO,PA,6,-4.24388888,-49.93944444,-0.756,-0.162,1.203,77.907,0.643,4,2870
A235,NOVO REPARTIMENTO,PA,7,-4.24388888,-49.93944444,-0.857,-0.126,1.282,81.662,0.676,4,2922
A235,NOVO REPARTIMENTO,PA,8,-4.24388888,-49.93944444,-0.902,-0.386,1.348,66.798,0.728,2,1488
A235,NOVO REPARTIMENTO,PA,9,-4.24388888,-49.93944444,-1.12,-0.817,1.721,53.892,0.806,1,717
A235,NOVO REPARTIMENTO,PA,10,-4.24388888,-49.93944444,-0.853,-0.789,1.539,47.227,0.755,2,1435
A235,NOVO REPARTIMENTO,PA,11,-4.24388888,-49.93944444,-0.802,-0.752,1.502,46.847,0.732,1,717
A235,NOVO REPARTIMENTO,PA,12,-4.24388888,-49.93944444,-0.593,-0.504,1.305,49.619,0.596,2,1478
A237,CAXIAS,MA,1,-4.82138888,-43.3436111,-0.247,-0.239,1.177,45.94,0.292,4,2974
A237,CAXIAS,MA,2,-4.82138888,-43.3436111,-0.35,-0.083,1.172,76.581,0.307,4,2712
A237,CAXIAS,MA,3,-4.82138888,-43.3436111,-0.233,-0.144,1.079,58.205,0.254,4,2975
A237,CAXIAS,MA,4,-4.82138888,-43.3436111,-0.292,-0.009,1.095,88.306,0.266,5,3443
A237,CAXIAS,MA,5,-4.82138888,-43.3436111,-0.659,0.388,1.19,120.49,0.643,4,2975
A237,CAXIAS,MA,6,-4.82138888,-43.3436111,-0.861,0.573,1.333,123.644,0.775,4,2875
A237,CAXIAS,MA,7,-4.82138888,-43.3436111,-0.883,0.623,1.381,125.211,0.782,4,2968
A237,CAXIAS,MA,8,-4.82138888,-43.3436111,-0.792,0.368,1.365,114.933,0.64,4,2965
A237,CAXIAS,MA,9,-4.82138888,-43.3436111,-0.704,0.037,1.389,93.039,0.507,4,2872
A237,CAXIAS,MA,10,-4.82138888,-43.3436111,-0.486,-0.381,1.464,51.948,0.422,4,2967
A237,CAXIAS,MA,11,-4.82138888,-43.3436111,-0.28,-0.495,1.387,29.492,0.41,4,2880
A237,CAXIAS,MA,12,-4.82138888,-43.3436111,-0.304,-0.242,1.311,51.458,0.297,4,2974
A239,MONTE ALEGRE,PA,1,-2.0,-54.07638888,-1.882,-1.244,2.621,56.542,0.861,1,702
A239,MONTE ALEGRE,PA,2,-2.0,-54.07638888,-1.947,-1.223,2.686,57.864,0.856,1,590
A239,MONTE ALEGRE,PA,3,-2.0,-54.07638888,-1.47,-0.966,2.268,56.703,0.775,2,1098
A239,MONTE ALEGRE,PA,4,-2.0,-54.07638888,-1.196,-0.789,2.037,56.598,0.703,2,1205
A239,MONTE ALEGRE,PA,5,-2.0,-54.07638888,-1.494,-1.027,2.234,55.483,0.812,2,1401
A239,MONTE ALEGRE,PA,6,-2.0,-54.07638888,-1.68,-1.271,2.431,52.88,0.867,2,1340
A239,MONTE ALEGRE,PA,7,-2.0,-54.07638888,-2.003,-1.262,2.621,57.784,0.903,2,1340
A239,MONTE ALEGRE,PA,8,-2.0,-54.07638888,-2.167,-1.446,2.911,56.291,0.895,2,1355
A239,MONTE ALEGRE,PA,9,-2.0,-54.07638888,-2.572,-1.403,3.172,61.383,0.924,2,1388
A239,MONTE ALEGRE,PA,10,-2.0,-54.07638888,-2.435,-1.269,3.075,62.483,0.893,2,1372
A239,MONTE ALEGRE,PA,11,-2.0,-54.07638888,-2.346,-1.183,2.937,63.245,0.895,1,681
A239,MONTE ALEGRE,PA,12,-2.0,-54.07638888,-2.294,-1.296,2.843,60.544,0.927,1,717
A240,MARABA,PA,1,-5.36638888,-49.05111111,-0.012,-0.467,1.243,1.446,0.376,1,744
A240,MARABA,PA,2,-5.36638888,-49.05111111,-0.095,-0.509,1.238,10.608,0.418,1,672
A240,MARABA,PA,3,-5.36638888,-49.05111111,0.036,-0.57,1.213,356.374,0.471,1,744
A240,MARABA,PA,4,-5.36638888,-49.05111111,-0.054,-0.194,1.12,15.616,0.18,1,720
A240,MARABA,PA,5,-5.36638888,-49.05111111,-0.255,-0.046,0.992,79.723,0.261,1,744
A240,MARABA,PA,6,-5.36638888,-49.05111111,-0.055,-0.359,1.013,8.708,0.359,1,498
A241,CONCEICAO DO ARAGUAIA,PA,1,-8.30361111,-49.28277777,0.061,-0.227,1.288,344.997,0.183,6,4463
A241,CONCEICAO DO ARAGUAIA,PA,2,-8.30361111,-49.28277777,0.01,-0.191,1.296,356.967,0.147,6,4056
A241,CONCEICAO DO ARAGUAIA,PA,3,-8.30361111,-49.28277777,0.063,-0.222,1.267,344.251,0.182,6,4094
A241,CONCEICAO DO ARAGUAIA,PA,4,-8.30361111,-49.28277777,0.068,-0.096,1.189,324.626,0.099,5,3375
A241,CONCEICAO DO ARAGUAIA,PA,5,-8.30361111,-49.28277777,0.017,0.228,1.242,184.357,0.184,5,3442
A241,CONCEICAO DO ARAGUAIA,PA,6,-8.30361111,-49.28277777,-0.076,0.228,1.309,161.679,0.184,6,3754
A241,CONCEICAO DO ARAGUAIA,PA,7,-8.30361111,-49.28277777,-0.153,0.31,1.45,153.713,0.238,6,4062
A241,CONCEICAO DO ARAGUAIA,PA,8,-8.30361111,-49.28277777,-0.346,0.06,1.48,99.8,0.237,5,3472
A241,CONCEICAO DO ARAGUAIA,PA,9,-8.30361111,-49.28277777,-0.489,-0.224,1.456,65.345,0.37,4,2524
A241,CONCEICAO DO ARAGUAIA,PA,10,-8.30361111,-49.28277777,-0.136,-0.201,1.429,33.948,0.17,3,2232
A241,CONCEICAO DO ARAGUAIA,PA,11,-8.30361111,-49.28277777,0.114,-0.137,1.415,320.359,0.126,4,2521
A241,CONCEICAO DO ARAGUAIA,PA,12,-8.30361111,-49.28277777,0.111,-0.154,1.31,324.189,0.145,5,3394
A242,OIAPOQUE,AP,1,3.81361111,-51.8625,-0.472,-0.3,0.749,57.585,0.747,3,2230
A242,OIAPOQUE,AP,2,3.81361111,-51.8625,-0.537,-0.412,0.838,52.529,0.808,3,2039
A242,OIAPOQUE,AP,3,3.81361111,-51.8625,-0.488,-0.322,0.792,56.604,0.738,3,2232
A242,OIAPOQUE,AP,4,3.81361111,-51.8625,-0.375,-0.233,0.699,58.108,0.631,4,2810
A242,OIAPOQUE,AP,5,3.81361111,-51.8625,-0.232,-0.067,0.617,73.971,0.392,4,2975
A242,OIAPOQUE,AP,6,3.81361111,-51.8625,-0.188,0.038,0.585,101.337,0.328,3,2160
A242,OIAPOQUE,AP,7,3.81361111,-51.8625,-0.274,0.065,0.622,103.446,0.453,3,2232
A242,OIAPOQUE,AP,8,3.81361111,-51.8625,-0.391,0.076,0.653,101.039,0.61,3,2232
A242,OIAPOQUE,AP,9,3.81361111,-51.8625,-0.595,0.023,0.761,92.221,0.782,2,1440
A242,OIAPOQUE,AP,10,3.81361111,-51.8625,-0.523,-0.028,0.769,86.954,0.681,2,1488
A242,OIAPOQUE,AP,11,3.81361111,-51.8625,-0.558,-0.087,0.736,81.132,0.767,2,1420
A242,OIAPOQUE,AP,12,3.81361111,-51.8625,-0.471,-0.228,0.73,64.183,0.717,3,2093
A244,PORTO GRANDE,AP,1,0.69416666,-51.40388888,-0.534,-1.177,1.802,24.407,0.718,5,3630
A244,PORTO GRANDE,AP,2,0.69416666,-51.40388888,-0.457,-1.18,1.75,21.187,0.723,5,3384
A244,PORTO GRANDE,AP,3,0.69416666,-51.40388888,-0.42,-1.049,1.623,21.804,0.696,5,3720
A244,PORTO GRANDE,AP,4,0.69416666,-51.40388888,-0.388,-0.817,1.477,25.381,0.612,6,4206
A244,PORTO GRANDE,AP,5,0.69416666,-51.40388888,-0.465,-0.473,1.314,44.561,0.505,5,3720
A244,PORTO GRANDE,AP,6,0.69416666,-51.40388888,-0.573,-0.206,1.327,70.247,0.459,5,3600
A244,PORTO GRANDE,AP,7,0.69416666,-51.40388888,-0.699,-0.28,1.399,68.146,0.539,5,3720
A244,PORTO GRANDE,AP,8,0.69416666,-51.40388888,-0.886,-0.458,1.538,62.636,0.649,5,3720
A244,PORTO GRANDE,AP,9,0.69416666,-51.40388888,-1.339,-0.773,1.891,59.981,0.817,4,2880
A244,PORTO GRANDE,AP,10,0.69416666,-51.40388888,-1.437,-0.878,2.038,58.568,0.826,4,2976
A244,PORTO GRANDE,AP,11,0.69416666,-51.40388888,-1.036,-0.927,1.901,48.189,0.731,4,2860
A244,PORTO GRANDE,AP,12,0.69416666,-51.40388888,-0.707,-0.997,1.776,35.344,0.688,4,2765
A245,PORTO DE MOZ,PA,1,-1.82194443,-52.11166666,-0.677,-0.126,1.029,79.45,0.67,2,1322
A245,PORTO DE MOZ,PA,2,-1.82194443,-52.11166666,-0.777,-0.049,1.143,86.402,0.681,2,989
A245,PORTO DE MOZ,PA,3,-1.82194443,-52.11166666,-0.639,-0.105,1.03,80.651,0.629,2,1149
A245,PORTO DE MOZ,PA,4,-1.82194443,-52.11166666,-0.46,0.028,0.956,93.472,0.482,3,1825
A245,PORTO DE MOZ,PA,5,-1.82194443,-52.11166666,-0.422,0.14,0.956,108.408,0.465,3,2016
A245,PORTO DE MOZ,PA,6,-1.82194443,-52.11166666,-0.389,0.213,0.895,118.662,0.496,3,1926
A245,PORTO DE MOZ,PA,7,-1.82194443,-52.11166666,-0.571,0.145,0.906,104.201,0.65,3,2002
A245,PORTO DE MOZ,PA,8,-1.82194443,-52.11166666,-0.672,0.037,0.969,93.132,0.694,3,1825
A245,PORTO DE MOZ,PA,9,-1.82194443,-52.11166666,-0.9,-0.112,1.098,82.878,0.826,2,1388
A245,PORTO DE MOZ,PA,10,-1.82194443,-52.11166666,-0.905,-0.127,1.105,82.006,0.827,3,1684
A245,PORTO DE MOZ,PA,11,-1.82194443,-52.11166666,-0.685,-0.068,1.095,84.293,0.628,2,1285
A245,PORTO DE MOZ,PA,12,-1.82194443,-52.11166666,-0.692,-0.074,0.989,83.867,0.704,2,1339
A246,MINA DO PALITO,PA,1,-6.31999999,-55.78777777,-0.173,0.053,0.905,107.021,0.2,1,743
A246,MINA DO PALITO,PA,2,-6.31999999,-55.78777777,-0.071,-0.093,0.961,37.153,0.122,1,403
A246,MINA DO PALITO,PA,3,-6.31999999,-55.78777777,-0.161,0.016,0.912,95.667,0.178,1,744
A246,MINA DO PALITO,PA,4,-6.31999999,-55.78777777,-0.141,0.058,0.843,112.349,0.181,1,720
A246,MINA DO PALITO,PA,5,-6.31999999,-55.78777777,-0.183,0.278,0.932,146.618,0.357,1,744
A246,MINA DO PALITO,PA,6,-6.31999999,-55.78777777,-0.288,0.132,0.846,114.696,0.375,1,719
A246,MINA DO PALITO,PA,7,-6.31999999,-55.78777777,-0.319,0.151,0.871,115.253,0.405,1,744
A246,MINA DO PALITO,PA,8,-6.31999999,-55.78777777,-0.254,-0.127,0.81,63.513,0.351,1,744
A246,MINA DO PALITO,PA,10,-6.31999999,-55.78777777,0.056,0.073,0.938,217.279,0.098,1,736
A246,MINA DO PALITO,PA,11,-6.31999999,-55.78777777,-0.023,0.076,0.883,163.395,0.09,1,720
A246,MINA DO PALITO,PA,12,-6.31999999,-55.78777777,-0.148,0.092,0.898,121.923,0.195,1,741
A247,XINGUARA,PA,1,-7.110518,-49.926072,-0.563,-0.282,1.527,63.386,0.412,2,1488
A247,XINGUARA,PA,2,-7.11055555,-49.9261111,-0.573,0.095,1.622,99.381,0.358,1,670
A247,XINGUARA,PA,3,-7.11055555,-49.9261111,-0.614,-0.16,1.556,75.375,0.408,1,742
A247,XINGUARA,PA,4,-7.11055555,-49.9261111,-0.38,0.026,1.362,93.959,0.279,1,720
A247,XINGUARA,PA,5,-7.11055555,-49.9261111,-0.689,0.57,1.497,129.587,0.597,2,1346
A247,XINGUARA,PA,6,-7.11055555,-49.9261111,-0.74,0.577,1.507,127.918,0.623,2,1423
A247,XINGUARA,PA,7,-7.11055555,-49.9261111,-0.535,0.952,1.708,150.666,0.639,1,744
A247,XINGUARA,PA,8,-7.11055555,-49.9261111,-0.945,0.323,1.827,108.877,0.547,1,743
A247,XINGUARA,PA,9,-7.11055555,-49.9261111,-1.083,-0.162,1.862,81.521,0.588,1,521
A247,XINGUARA,PA,11,-7.11055555,-49.9261111,-0.381,-0.103,1.39,74.899,0.284,1,382
A247,XINGUARA,PA,12,-7.110518,-49.926072,-0.405,-0.226,1.501,60.845,0.309,2,1190
A248,CAPITAO POCO,PA,1,-1.73472221,-47.0575,-1.035,0.288,1.52,105.567,0.707,4,2975
A248,CAPITAO POCO,PA,2,-1.73472221,-47.0575,-0.901,0.165,1.415,100.395,0.648,4,2712
A248,CAPITAO POCO,PA,3,-1.73472221,-47.0575,-0.651,0.065,1.262,95.674,0.519,4,2471
A248,CAPITAO POCO,PA,4,-1.73472221,-47.0575,-0.748,0.297,1.288,111.666,0.625,2,1422
A248,CAPITAO POCO,PA,5,-1.73472221,-47.0575,-0.684,0.506,1.429,126.498,0.595,2,1461
A248,CAPITAO POCO,PA,6,-1.73472221,-47.0575,-1.046,0.469,1.497,114.16,0.766,2,1380
A248,CAPITAO POCO,PA,7,-1.73472221,-47.0575,-1.109,0.473,1.478,113.108,0.816,3,2062
A248,CAPITAO POCO,PA,8,-1.73472221,-47.0575,-1.384,0.483,1.704,109.243,0.86,4,2802
A248,CAPITAO POCO,PA,9,-1.73472221,-47.0575,-1.68,0.374,1.9,102.565,0.906,3,1971
A248,CAPITAO POCO,PA,10,-1.73472221,-47.0575,-1.938,0.208,2.085,96.136,0.934,3,1987
A248,CAPITAO POCO,PA,11,-1.73472221,-47.0575,-1.812,0.139,1.99,94.396,0.913,2,1318
A248,CAPITAO POCO,PA,12,-1.73472221,-47.0575,-1.251,0.228,1.636,100.342,0.777,3,2036
A249,MACAPA,AP,1,0.03499999,-51.08888888,-0.933,-0.877,1.722,46.778,0.744,5,3581
A249,MACAPA,AP,2,0.03499999,-51.08888888,-0.82,-0.817,1.619,45.11,0.715,5,3331
A249,MACAPA,AP,3,0.03499999,-51.08888888,-0.702,-0.784,1.511,41.836,0.697,5,3675
A249,MACAPA,AP,4,0.03499999,-51.08888888,-0.709,-0.635,1.508,48.132,0.631,6,4298
A249,MACAPA,AP,5,0.03499999,-51.08888888,-0.748,-0.431,1.486,60.028,0.581,6,4453
A249,MACAPA,AP,6,0.03499999,-51.08888888,-0.914,-0.321,1.596,70.663,0.607,5,3599
A249,MACAPA,AP,7,0.03499999,-51.08888888,-1.084,-0.396,1.706,69.932,0.676,5,3696
A249,MACAPA,AP,8,0.03499999,-51.08888888,-1.525,-0.597,2.029,68.626,0.807,5,3706
A249,MACAPA,AP,9,0.03499999,-51.08888888,-1.972,-0.88,2.457,65.946,0.879,4,2862
A249,MACAPA,AP,10,0.03499999,-51.08888888,-2.106,-0.893,2.605,67.014,0.878,4,2954
A249,MACAPA,AP,11,0.03499999,-51.08888888,-1.775,-0.806,2.343,65.574,0.832,4,2829
A249,MACAPA,AP,12,0.03499999,-51.08888888,-1.321,-0.815,2.022,58.334,0.767,4,2920
A250,SANTAREM,PA,1,-2.5025,-54.72027777,-0.62,0.17,1.086,105.381,0.592,1,529
A250,SANTAREM,PA,2,-2.5025,-54.72027777,-0.83,0.318,1.218,110.945,0.73,1,476
A250,SANTAREM,PA,3,-2.5025,-54.72027777,-0.799,0.278,1.221,109.18,0.693,1,614
A250,SANTAREM,PA,4,-2.5025,-54.72027777,-0.628,0.218,1.101,109.173,0.604,1,583
A250,SANTAREM,PA,6,-2.5025,-54.72027777,-0.525,0.232,0.999,113.876,0.574,1,557
A250,SANTAREM,PA,7,-2.5025,-54.72027777,-0.667,0.141,0.976,101.905,0.699,1,608
A250,SANTAREM,PA,8,-2.5025,-54.72027777,-0.663,0.216,1.06,108.068,0.658,1,635
A250,SANTAREM,PA,9,-2.5025,-54.72027777,-0.844,0.263,1.174,107.288,0.753,1,661
A250,SANTAREM,PA,10,-2.5025,-54.72027777,-0.746,0.253,1.114,108.707,0.707,1,641
A250,SANTAREM,PA,11,-2.5025,-54.72027777,-0.431,0.19,1.196,113.8,0.394,1,620
A250,SANTAREM,PA,12,-2.5025,-54.72027777,-0.771,0.225,1.114,106.283,0.721,1,583
A251,ITAUBAL,AP,1,0.56777777,-50.8236111,-0.811,-0.045,1.122,86.81,0.724,1,736
A251,ITAUBAL,AP,2,0.56777777,-50.8236111,-0.795,-0.008,1.166,89.389,0.682,1,688
A251,ITAUBAL,AP,3,0.56777777,-50.8236111,-0.569,-0.129,0.941,77.239,0.62,1,744
A251,ITAUBAL,AP,4,0.56777777,-50.8236111,-0.638,-0.027,1.036,87.611,0.616,1,720
A251,ITAUBAL,AP,5,0.56777777,-50.8236111,-0.764,0.229,1.292,106.676,0.617,1,739
A251,ITAUBAL,AP,6,0.56777777,-50.8236111,-1.041,0.557,1.643,118.143,0.719,1,720
A251,ITAUBAL,AP,12,0.56777777,-50.8236111,-1.567,0.285,1.882,100.311,0.847,1,743
A252,DOM ELISEU,PA,1,-4.28055554,-47.56388888,-1.005,-0.287,1.643,74.086,0.636,5,3423
A252,DOM ELISEU,PA,2,-4.28055554,-47.56388888,-0.965,-0.185,1.588,79.123,0.619,5,3384
A252,DOM ELISEU,PA,3,-4.28055554,-47.56388888,-0.742,-0.295,1.464,68.286,0.545,5,3720
A252,DOM ELISEU,PA,4,-4.28055554,-47.56388888,-0.779,-0.123,1.412,81.033,0.559,5,3600
A252,DOM ELISEU,PA,5,-4.28055554,-47.56388888,-1.095,0.506,1.691,114.81,0.714,5,3716
A252,DOM ELISEU,PA,6,-4.28055554,-47.56388888,-1.273,0.563,1.803,113.875,0.772,5,3600
A252,DOM ELISEU,PA,7,-4.28055554,-47.56388888,-1.465,0.617,1.974,112.855,0.805,5,3720
A252,DOM ELISEU,PA,8,-4.28055554,-47.56388888,-1.596,0.07,2.023,92.513,0.79,5,3720
A252,DOM ELISEU,PA,9,-4.28055554,-47.56388888,-1.825,-0.524,2.217,73.98,0.857,5,3485
A252,DOM ELISEU,PA,10,-4.28055554,-47.56388888,-1.673,-0.699,2.122,67.31,0.855,4,2976
A252,DOM ELISEU,PA,11,-4.28055554,-47.56388888,-1.264,-0.583,1.827,65.248,0.762,4,2880
A252,DOM ELISEU,PA,12,-4.28055554,-47.56388888,-1.023,-0.381,1.678,69.56,0.65,4,2973
A253,ALTAMIRA,PA,1,-3.26999999,-52.39472221,-0.337,-0.364,0.895,42.798,0.555,4,2920
A253,ALTAMIRA,PA,2,-3.26999999,-52.39472221,-0.356,-0.376,0.925,43.419,0.56,4,2640
A253,ALTAMIRA,PA,3,-3.26999999,-52.39472221,-0.305,-0.402,0.895,37.188,0.564,4,2959
A253,ALTAMIRA,PA,4,-3.26999999,-52.39472221,-0.26,-0.267,0.835,44.27,0.446,4,2856
A253,ALTAMIRA,PA,5,-3.26999999,-52.39472221,-0.442,-0.126,0.872,74.082,0.527,4,2967
A253,ALTAMIRA,PA,6,-3.27027777,-52.39472221,-0.473,-0.054,0.868,83.436,0.549,5,3509
A253,ALTAMIRA,PA,7,-3.27027777,-52.39472221,-0.537,-0.079,0.918,81.626,0.591,5,3617
A253,ALTAMIRA,PA,8,-3.27027777,-52.39472221,-0.542,-0.27,0.995,63.48,0.609,5,3715
A253,ALTAMIRA,PA,9,-3.27027777,-52.39472221,-0.601,-0.566,1.132,46.724,0.729,4,2698
A253,ALTAMIRA,PA,10,-3.27027777,-52.39472221,-0.561,-0.632,1.141,41.596,0.74,4,2825
A253,ALTAMIRA,PA,11,-3.27027777,-52.39472221,-0.513,-0.499,1.039,45.82,0.689,4,2752
A253,ALTAMIRA,PA,12,-3.27027777,-52.39472221,-0.473,-0.374,0.973,51.675,0.619,4,2948
A254,REDENCAO,PA,1,-8.04333333,-50.00694444,-0.055,-0.409,1.448,7.69,0.285,6,3881
A254,REDENCAO,PA,2,-8.04333333,-50.00694444,-0.097,-0.294,1.43,18.244,0.216,5,3271
A254,REDENCAO,PA,3,-8.04333333,-50.00694444,-0.018,-0.307,1.362,3.374,0.226,5,3648
A254,REDENCAO,PA,4,-8.04333333,-50.00694444,-0.157,-0.069,1.267,66.218,0.135,5,3508
A254,REDENCAO,PA,5,-8.04333333,-50.00694444,-0.405,0.309,1.334,127.403,0.382,5,3649
A254,REDENCAO,PA,6,-8.04333333,-50.00694444,-0.543,0.362,1.425,123.666,0.458,4,2877
A254,REDENCAO,PA,7,-8.04333333,-50.00694444,-0.681,0.415,1.489,121.349,0.535,4,2970
A254,REDENCAO,PA,8,-8.04333333,-50.00694444,-0.614,-0.049,1.588,85.406,0.388,4,2967
A254,REDENCAO,PA,9,-8.04333333,-50.00694444,-0.233,-0.703,1.646,18.366,0.45,4,2848
A254,REDENCAO,PA,10,-8.04333333,-50.00694444,0.031,-0.513,1.57,356.539,0.328,4,2583
A254,REDENCAO,PA,11,-8.04333333,-50.00694444,-0.036,-0.205,1.429,9.883,0.146,3,2094
A254,REDENCAO,PA,12,-8.04333333,-50.00694444,-0.021,-0.295,1.456,4.098,0.203,3,2137
A255,ZE DOCA,MA,1,-3.26916666,-45.65111111,-1.231,-0.105,1.97,85.144,0.627,3,2177
A255,ZE DOCA,MA,2,-3.26916666,-45.65111111,-0.855,-0.026,1.813,88.278,0.472,3,1988
A255,ZE DOCA,MA,3,-3.26916666,-45.65111111,-0.818,-0.161,1.722,78.837,0.485,3,2206
A255,ZE DOCA,MA,4,-3.26916666,-45.65111111,-0.752,-0.078,1.625,84.099,0.465,3,2156
A255,ZE DOCA,MA,5,-3.26916666,-45.65111111,-0.93,0.379,1.713,112.179,0.586,3,2228
A255,ZE DOCA,MA,6,-3.26916666,-45.65111111,-1.141,0.569,1.851,116.498,0.689,3,2149
A255,ZE DOCA,MA,7,-3.26916666,-45.65111111,-1.145,0.51,1.877,114.011,0.668,3,2213
A255,ZE DOCA,MA,8,-3.26916666,-45.65111111,-1.63,0.23,2.137,98.02,0.771,4,2551
A255,ZE DOCA,MA,9,-3.26916666,-45.65111111,-2.237,0.071,2.609,91.819,0.858,3,2139
A255,ZE DOCA,MA,10,-3.26916666,-45.65111111,-2.318,-0.228,2.704,84.394,0.861,3,2187
A255,ZE DOCA,MA,11,-3.26916666,-45.65111111,-2.277,-0.304,2.652,82.39,0.866,3,2112
A255,ZE DOCA,MA,12,-3.26916666,-45.65111111,-1.77,-0.093,2.368,87.005,0.748,3,2163
A256,SANTA MARIA DAS BARREIRAS,PA,1,-8.72972221,-49.85638888,-0.091,-0.149,1.672,31.38,0.104,3,2059
A256,SANTA MARIA DAS BARREIRAS,PA,2,-8.72972221,-49.85638888,-0.271,-0.002,1.717,89.63,0.158,4,2712
A256,SANTA MARIA DAS BARREIRAS,PA,3,-8.72972221,-49.85638888,-0.169,-0.119,1.627,54.756,0.127,4,2972
A256,SANTA MARIA DAS BARREIRAS,PA,4,-8.72972221,-49.85638888,-0.184,0.159,1.548,130.886,0.157,5,3556
A256,SANTA MARIA DAS BARREIRAS,PA,5,-8.72972221,-49.85638888,-0.536,0.785,1.813,145.665,0.524,5,3630
A256,SANTA MARIA DAS BARREIRAS,PA,6,-8.72972221,-49.85638888,-0.56,1.036,2.064,151.611,0.571,5,3599
A256,SANTA MARIA DAS BARREIRAS,PA,7,-8.72972221,-49.85638888,-0.694,1.082,2.238,147.344,0.574,5,3719
A256,SANTA MARIA DAS BARREIRAS,PA,8,-8.72972221,-49.85638888,-1.138,0.615,2.341,118.396,0.553,5,3720
A256,SANTA MARIA DAS BARREIRAS,PA,9,-8.72972221,-49.85638888,-1.028,-0.22,2.109,77.919,0.498,4,2859
A256,SANTA MARIA DAS BARREIRAS,PA,10,-8.72972221,-49.85638888,-0.376,-0.26,1.849,55.382,0.247,4,2976
A256,SANTA MARIA DAS BARREIRAS,PA,11,-8.72972221,-49.85638888,-0.058,0.017,1.788,106.338,0.034,4,2859
A256,SANTA MARIA DAS BARREIRAS,PA,12,-8.72972221,-49.85638888,-0.003,0.13,1.765,178.646,0.074,3,1861
A301,RECIFE,PE,1,-8.05916666,-34.95916666,-1.382,0.42,1.717,106.905,0.841,1,744
A301,RECIFE,PE,2,-8.05916666,-34.95916666,-1.175,0.149,1.577,97.226,0.751,1,672
A301,RECIFE,PE,3,-8.05916666,-34.95916666,-0.816,0.469,1.309,119.872,0.719,1,743
A301,RECIFE,PE,4,-8.05916666,-34.95916666,-0.44,0.44,1.078,135.007,0.577,1,720
A301,RECIFE,PE,5,-8.05916666,-34.95916666,-0.329,0.68,1.08,154.158,0.699,1,743
A301,RECIFE,PE,6,-8.05916666,-34.95916666,-0.331,0.942,1.362,160.638,0.733,2,1438
A301,RECIFE,PE,7,-8.05916666,-34.95916666,-0.52,1.033,1.522,153.308,0.76,2,1481
A301,RECIFE,PE,8,-8.05916666,-34.95916666,-0.765,1.142,1.722,146.207,0.798,2,1485
A301,RECIFE,PE,9,-8.05916666,-34.95916666,-0.949,0.901,1.559,133.506,0.84,1,717
A301,RECIFE,PE,10,-8.05916666,-34.95916666,-1.155,0.475,1.55,112.353,0.806,1,742
A303,MACEIO,AL,1,-9.55111111,-35.77027777,-2.235,-1.072,2.997,64.369,0.827,5,3719
A303,MACEIO,AL,2,-9.55111111,-35.77027777,-1.954,-0.471,2.605,76.456,0.771,5,3380
A303,MACEIO,AL,3,-9.55111111,-35.77027777,-1.651,-0.136,2.312,85.298,0.716,5,3719
A303,MACEIO,AL,4,-9.55111111,-35.77027777,-1.091,0.037,1.916,91.963,0.57,5,3600
A303,MACEIO,AL,5,-9.55111111,-35.77027777,-0.916,0.409,1.864,114.049,0.538,5,3718
A303,MACEIO,AL,6,-9.55111111,-35.77027777,-0.862,0.77,1.885,131.766,0.613,5,3556
A303,MACEIO,AL,7,-9.55111111,-35.77027777,-1.08,0.888,2.05,129.422,0.682,5,3602
A303,MACEIO,AL,8,-9.55111111,-35.77027777,-1.52,0.673,2.317,113.893,0.717,6,4186
A303,MACEIO,AL,9,-9.55111111,-35.77027777,-1.841,0.406,2.457,102.439,0.767,5,3562
A303,MACEIO,AL,10,-9.55111111,-35.77027777,-2.297,-0.4,2.853,80.121,0.817,5,3486
A303,MACEIO,AL,11,-9.55111111,-35.77027777,-2.468,-1.5,3.364,58.711,0.859,4,2879
A303,MACEIO,AL,12,-9.55111111,-35.77027777,-2.468,-1.226,3.194,63.596,0.863,5,3408
A304,NATAL,RN,1,-5.83722221,-35.20805555,-3.055,1.679,3.759,118.8,0.927,2,1130
A304,NATAL,RN,2,-5.83722221,-35.20805555,-2.624,2.615,3.935,134.894,0.941,2,1344
A304,NATAL,RN,3,-5.83722221,-35.20805555,-1.966,2.174,3.288,137.875,0.892,2,1485
A304,NATAL,RN,4,-5.83722221,-35.20805555,-1.899,2.134,3.26,138.33,0.876,3,1762
A304,NATAL,RN,5,-5.83722221,-35.20805555,-1.781,2.498,3.414,144.517,0.899,2,1488
A304,NATAL,RN,6,-5.83722221,-35.20805555,-1.252,2.596,3.241,154.242,0.889,3,1966
A304,NATAL,RN,7,-5.83722221,-35.20805555,-1.425,3.325,3.904,156.805,0.927,3,2069
A304,NATAL,RN,8,-5.83722221,-35.20805555,-1.696,3.238,3.955,152.36,0.924,3,1770
A304,NATAL,RN,9,-5.83722221,-35.20805555,-2.595,3.473,4.56,143.23,0.951,3,2142
A304,NATAL,RN,10,-5.83722221,-35.20805555,-3.302,2.741,4.476,129.702,0.959,2,1487
A304,NATAL,RN,11,-5.83722221,-35.20805555,-3.353,1.82,3.99,118.489,0.956,2,1181
A304,NATAL,RN,12,-5.83722221,-35.20805555,-3.334,2.25,4.121,124.016,0.976,1,744
A305,FORTALEZA,CE,1,-3.81583333,-38.53777777,-1.993,0.3,2.173,98.557,0.927,4,2963
A305,FORTALEZA,CE,2,-3.81583333,-38.53777777,-1.703,0.369,1.983,102.241,0.878,4,2704
A305,FORTALEZA,CE,3,-3.81583333,-38.53777777,-0.961,0.345,1.42,109.733,0.719,4,2937
A305,FORTALEZA,CE,4,-3.81583333,-38.53777777,-0.967,0.587,1.444,121.242,0.783,4,2639
A305,FORTALEZA,CE,5,-3.81583333,-38.53777777,-1.01,0.928,1.655,132.566,0.829,3,2222
A305,FORTALEZA,CE,6,-3.81583333,-38.53777777,-1.298,0.982,1.911,127.126,0.852,3,2150
A305,FORTALEZA,CE,7,-3.81583333,-38.53777777,-1.661,1.202,2.35,125.894,0.872,3,2228
A305,FORTALEZA,CE,8,-3.81583333,-38.53777777,-2.511,1.049,2.957,112.668,0.92,2,1487
A305,FORTALEZA,CE,9,-3.81583333,-38.53777777,-2.835,0.968,3.178,108.853,0.942,3,2150
A305,FORTALEZA,CE,10,-3.81583333,-38.53777777,-3.023,0.754,3.255,104.003,0.957,3,2068
A305,FORTALEZA,CE,11,-3.81583333,-38.53777777,-2.548,0.348,2.675,97.772,0.962,2,1436
A305,FORTALEZA,CE,12,-3.81583333,-38.53777777,-2.644,0.439,2.791,99.428,0.961,3,2218
A306,SOBRAL,CE,1,-3.74805555,-40.34583333,-0.438,-0.171,0.95,68.683,0.495,3,2190
A306,SOBRAL,CE,2,-3.74805555,-40.34583333,-0.228,-0.101,0.356,66.105,0.699,2,1331
A306,SOBRAL,CE,3,-3.74805555,-40.34583333,-0.096,-0.058,0.158,58.91,0.713,2,1488
A306,SOBRAL,CE,4,-3.74805555,-40.34583333,-0.111,-0.043,0.176,68.772,0.678,2,1439
A306,SOBRAL,CE,5,-3.74805555,-40.34583333,-0.047,-0.025,0.084,61.94,0.64,1,744
A306,SOBRAL,CE,6,-3.74805555,-40.34583333,-0.306,-0.31,0.585,44.65,0.744,1,720
A306,SOBRAL,CE,7,-3.74805555,-40.34583333,-0.28,-0.337,0.628,39.707,0.697,1,550
A306,SOBRAL,CE,8,-3.74805555,-40.34583333,-0.59,-0.706,1.201,39.893,0.766,1,743
A306,SOBRAL,CE,9,-3.74805555,-40.34583333,-1.052,0.028,1.422,91.511,0.74,1,714
A306,SOBRAL,CE,12,-3.74805555,-40.34583333,-0.695,0.247,1.277,109.536,0.577,2,1430
A307,PETROLINA,PE,1,-9.388323,-40.523262,-1.55,0.89,2.264,119.857,0.79,3,1933
A307,PETROLINA,PE,2,-9.388323,-40.523262,-1.537,0.858,2.416,119.174,0.729,2,1344
A307,PETROLINA,PE,3,-9.388323,-40.523262,-2.175,1.492,2.948,124.449,0.895,2,1488
A307,PETROLINA,PE,4,-9.388323,-40.523262,-2.011,1.573,2.988,128.042,0.854,3,2160
A307,PETROLINA,PE,5,-9.388323,-40.523262,-2.426,2.125,3.408,131.219,0.946,4,2694
A307,PETROLINA,PE,6,-9.388323,-40.523262,-2.596,2.393,3.623,132.678,0.975,3,2160
A307,PETROLINA,PE,7,-9.388323,-40.523262,-2.768,2.439,3.768,131.392,0.979,3,2232
A307,PETROLINA,PE,8,-9.388323,-40.523262,-2.483,2.135,3.367,130.687,0.973,3,2162
A307,PETROLINA,PE,9,-9.388323,-40.523262,-2.429,1.886,3.173,127.82,0.969,3,2041
A307,PETROLINA,PE,10,-9.388323,-40.523262,-2.093,1.26,2.637,121.051,0.926,2,1488
A307,PETROLINA,PE,11,-9.388323,-40.523262,-1.369,0.869,1.862,122.415,0.871,2,1440
A307,PETROLINA,PE,12,-9.388323,-40.523262,-1.219,0.773,1.732,122.383,0.833,2,1468
A308,PARNAIBA,PI,1,-3.08666666,-41.78305554,-2.452,-0.743,2.904,73.152,0.882,3,2029
A308,PARNAIBA,PI,2,-3.08666666,-41.78305554,-1.888,-0.319,2.344,80.419,0.817,2,1344
A308,PARNAIBA,PI,3,-3.08666666,-41.78305554,-1.299,-0.213,1.843,80.68,0.714,2,1488
A308,PARNAIBA,PI,4,-3.08666666,-41.78305554,-1.246,0.028,1.741,91.286,0.716,2,1432
A308,PARNAIBA,PI,5,-3.08666666,-41.78305554,-1.384,0.11,1.821,94.549,0.763,2,1196
A308,PARNAIBA,PI,6,-3.08666666,-41.78305554,-1.329,0.268,1.681,101.391,0.806,2,1439
A308,PARNAIBA,PI,7,-3.08666666,-41.78305554,-1.629,-0.066,2.016,87.679,0.809,2,1488
A308,PARNAIBA,PI,8,-3.08666666,-41.78305554,-2.244,-0.608,2.707,74.832,0.859,3,2232
A308,PARNAIBA,PI,9,-3.08666666,-41.78305554,-3.168,-1.041,3.657,71.808,0.912,3,2135
A308,PARNAIBA,PI,10,-3.08666666,-41.78305554,-3.612,-1.276,4.121,70.546,0.93,3,2097
A308,PARNAIBA,PI,11,-3.08666666,-41.78305554,-3.348,-1.22,3.864,69.974,0.922,3,2145
A308,PARNAIBA,PI,12,-3.08666666,-41.78305554,-3.087,-1.038,3.544,71.415,0.919,2,1488
A309,ARCO VERDE,PE,1,-8.4336111,-37.05555555,-2.425,0.827,3.113,108.835,0.823,3,1888
A309,ARCO VERDE,PE,2,-8.4336111,-37.05555555,-2.162,0.959,2.907,113.914,0.814,3,1857
A309,ARCO VERDE,PE,3,-8.4336111,-37.05555555,-1.901,1.141,2.602,120.968,0.852,4,2976
A309,ARCO VERDE,PE,4,-8.4336111,-37.05555555,-1.593,1.343,2.464,130.122,0.846,4,2857
A309,ARCO VERDE,PE,5,-8.4336111,-37.05555555,-1.744,1.925,2.819,137.829,0.921,4,2949
A309,ARCO VERDE,PE,6,-8.4336111,-37.05555555,-1.87,2.089,2.985,138.163,0.939,4,2850
A309,ARCO VERDE,PE,7,-8.4336111,-37.05555555,-2.031,2.161,3.149,136.779,0.942,4,2948
A309,ARCO VERDE,PE,8,-8.4336111,-37.05555555,-2.202,1.97,3.193,131.815,0.925,4,2966
A309,ARCO VERDE,PE,9,-8.4336111,-37.05555555,-2.616,1.841,3.413,125.144,0.937,4,2879
A309,ARCO VERDE,PE,10,-8.4336111,-37.05555555,-2.832,1.493,3.488,117.808,0.918,4,2971
A309,ARCO VERDE,PE,11,-8.4336111,-37.05555555,-2.48,0.712,3.111,106.01,0.829,4,2679
A309,ARCO VERDE,PE,12,-8.4336111,-37.05555555,-2.427,0.879,2.989,109.917,0.863,3,2229
A310,AREIA,PB,1,-6.975451,-35.718128,-2.486,0.719,2.77,106.134,0.934,4,2975
A310,AREIA,PB,2,-6.975451,-35.718128,-2.455,1.03,2.831,112.763,0.94,4,2688
A310,AREIA,PB,3,-6.975451,-35.718128,-1.833,1.065,2.242,120.175,0.946,3,1909
A310,AREIA,PB,4,-6.975451,-35.718128,-1.486,1.011,1.914,124.227,0.939,3,1926
A310,AREIA,PB,5,-6.975451,-35.718128,-1.65,1.496,2.346,132.205,0.949,3,2232
A310,AREIA,PB,6,-6.975451,-35.718128,-1.781,2.004,2.793,138.377,0.96,4,2879
A310,AREIA,PB,7,-6.975451,-35.718128,-2.443,2.574,3.675,136.495,0.966,4,2975
A310,AREIA,PB,8,-6.975451,-35.718128,-2.788,2.704,4.023,134.124,0.966,4,2975
A310,AREIA,PB,9,-6.975451,-35.718128,-3.291,2.244,4.13,124.289,0.964,3,2160
A310,AREIA,PB,10,-6.975451,-35.718128,-3.383,1.48,3.836,113.634,0.963,3,2232
A310,AREIA,PB,11,-6.975451,-35.718128,-2.671,0.568,2.92,102.003,0.935,3,2160
A310,AREIA,PB,12,-6.975451,-35.718128,-2.677,0.566,2.898,101.938,0.944,3,2232
A311,FLORIANO,PI,1,-6.76138888,-43.00333333,-0.197,-0.158,0.707,51.238,0.357,2,1488
A311,FLORIANO,PI,2,-6.76138888,-43.00333333,-0.371,0.082,0.847,102.477,0.449,2,1368
A311,FLORIANO,PI,3,-6.76138888,-43.00333333,-0.264,0.099,0.644,110.558,0.438,3,1636
A311,FLORIANO,PI,4,-6.76138888,-43.00333333,-0.538,0.259,0.928,115.669,0.644,2,1136
A311,FLORIANO,PI,5,-6.76138888,-43.00333333,-0.761,0.576,1.185,127.133,0.806,2,1190
A311,FLORIANO,PI,6,-6.76138888,-43.00333333,-1.037,0.935,1.542,132.039,0.905,2,1344
A311,FLORIANO,PI,7,-6.76138888,-43.00333333,-1.252,1.105,1.833,131.439,0.911,2,1123
A311,FLORIANO,PI,8,-6.76138888,-43.00333333,-1.081,0.775,1.815,125.649,0.733,1,744
A311,FLORIANO,PI,9,-6.76138888,-43.00333333,-1.19,0.563,1.749,115.328,0.753,2,1326
A311,FLORIANO,PI,10,-6.76138888,-43.00333333,-0.359,-0.168,1.156,64.942,0.343,2,1488
A311,FLORIANO,PI,11,-6.76138888,-43.00333333,-0.139,-0.118,0.929,49.472,0.196,2,1440
A311,FLORIANO,PI,12,-6.76138888,-43.00333333,-0.095,-0.061,0.812,57.426,0.139,2,1488
A312,TERESINA,PI,1,-5.03472221,-42.80138888,-0.223,-0.237,0.928,43.304,0.351,2,1488
A312,TERESINA,PI,2,-5.03472221,-42.80138888,-0.309,-0.221,0.979,54.452,0.388,4,2565
A312,TERESINA,PI,3,-5.03472221,-42.80138888,-0.231,-0.237,0.867,44.245,0.381,5,3720
A312,TERESINA,PI,4,-5.03472221,-42.80138888,-0.346,-0.101,0.855,73.672,0.422,5,3600
A312,TERESINA,PI,5,-5.03472221,-42.80138888,-0.579,0.151,0.899,104.662,0.665,5,3720
A312,TERESINA,PI,6,-5.03472221,-42.80138888,-0.648,0.216,0.96,108.449,0.712,5,3594
A312,TERESINA,PI,7,-5.03472221,-42.80138888,-0.696,0.312,1.114,114.152,0.685,5,3574
A312,TERESINA,PI,8,-5.03472221,-42.80138888,-0.69,0.271,1.24,111.419,0.598,5,3407
A312,TERESINA,PI,9,-5.03472221,-42.80138888,-0.485,-0.182,1.337,69.44,0.388,3,2160
A312,TERESINA,PI,10,-5.03472221,-42.80138888,-0.367,-0.405,1.407,42.168,0.388,3,2231
A312,TERESINA,PI,11,-5.03472221,-42.80138888,-0.242,-0.36,1.244,33.954,0.349,3,2160
A312,TERESINA,PI,12,-5.03472221,-42.80138888,-0.236,-0.149,1.13,57.717,0.247,3,2056
A313,CAMPINA GRANDE,PB,1,-7.225574,-35.904831,-0.138,2.86,3.646,177.236,0.785,5,3691
A313,CAMPINA GRANDE,PB,2,-7.225574,-35.904831,-0.089,2.907,3.553,178.24,0.818,5,3187
A313,CAMPINA GRANDE,PB,3,-7.225574,-35.904831,-0.069,2.691,3.154,178.536,0.853,5,3418
A313,CAMPINA GRANDE,PB,4,-7.225574,-35.904831,-0.083,2.284,2.72,177.908,0.84,5,3392
A313,CAMPINA GRANDE,PB,5,-7.225574,-35.904831,-0.059,2.295,2.459,178.518,0.934,6,4416
A313,CAMPINA GRANDE,PB,6,-7.225574,-35.904831,-0.067,2.211,2.289,178.269,0.966,6,4257
A313,CAMPINA GRANDE,PB,7,-7.225574,-35.904831,-0.07,2.517,2.588,178.407,0.973,6,4337
A313,CAMPINA GRANDE,PB,8,-7.225574,-35.904831,-0.062,2.811,2.889,178.731,0.973,6,4316
A313,CAMPINA GRANDE,PB,9,-7.225574,-35.904831,0.001,3.274,3.419,180.014,0.958,5,3597
A313,CAMPINA GRANDE,PB,10,-7.225574,-35.904831,0.067,3.66,3.952,181.042,0.926,5,3694
A313,CAMPINA GRANDE,PB,11,-7.225574,-35.904831,-0.178,2.926,3.965,176.52,0.739,4,2880
A313,CAMPINA GRANDE,PB,12,-7.225574,-35.904831,-0.299,3.024,3.958,174.356,0.768,4,2858
A314,GUARAMIRANGA,CE,1,-4.26138888,-38.9311111,-1.782,-0.332,2.036,79.454,0.89,2,1272
A314,GUARAMIRANGA,CE,2,-4.22916666,-38.95888888,-1.138,0.322,1.299,105.8,0.91,1,672
A314,GUARAMIRANGA,CE,3,-4.22916666,-38.95888888,-0.816,0.293,1.031,109.762,0.841,1,744
A314,GUARAMIRANGA,CE,4,-4.22916666,-38.95888888,-0.723,0.345,0.955,115.497,0.839,1,720
A314,GUARAMIRANGA,CE,7,-4.22916666,-38.95888888,-1.48,0.61,1.741,112.393,0.919,2,1261
A314,GUARAMIRANGA,CE,8,-4.22916666,-38.95888888,-1.048,0.493,1.246,115.179,0.929,1,744
A314,GUARAMIRANGA,CE,11,-4.22916666,-38.95888888,-1.112,0.246,1.27,102.494,0.897,1,718
A314,GUARAMIRANGA,CE,12,-4.22916666,-38.95888888,-1.312,0.277,1.441,101.91,0.931,1,744
A315,BARBALHA,CE,1,-7.30083333,-39.2711111,-0.473,0.187,1.286,111.6,0.396,1,744
A315,BARBALHA,CE,2,-7.30083333,-39.2711111,-0.295,-0.202,1.116,55.541,0.321,1,671
A315,BARBALHA,CE,3,-7.30083333,-39.2711111,-0.476,0.006,1.1,90.703,0.433,2,1358
A315,BARBALHA,CE,4,-7.30083333,-39.2711111,-0.49,0.028,1.058,93.248,0.464,1,669
A315,BARBALHA,CE,5,-7.30083333,-39.2711111,-0.806,0.305,1.282,110.745,0.673,1,688
A315,BARBALHA,CE,6,-7.30083333,-39.2711111,-1.28,0.93,1.781,126.013,0.888,1,659
A315,BARBALHA,CE,7,-7.30083333,-39.2711111,-1.288,0.926,1.817,125.707,0.873,1,617
A315,BARBALHA,CE,8,-7.30083333,-39.2711111,-1.113,0.61,1.68,118.721,0.755,1,647
A315,BARBALHA,CE,9,-7.30083333,-39.2711111,-1.343,0.612,1.858,114.5,0.795,1,608
A315,BARBALHA,CE,10,-7.30083333,-39.2711111,-0.85,0.132,1.349,98.854,0.638,1,519
A315,BARBALHA,CE,11,-7.30083333,-39.2711111,-0.548,-0.375,1.293,55.649,0.514,1,490
A315,BARBALHA,CE,12,-7.30083333,-39.2711111,-0.55,-0.002,1.114,89.818,0.494,1,398
A316,CAICO,RN,1,-6.46749999,-37.08499999,-1.357,-0.479,2.196,70.567,0.655,3,2231
A316,CAICO,RN,2,-6.46749999,-37.08499999,-1.212,-0.019,1.941,89.086,0.624,3,2040
A316,CAICO,RN,3,-6.46749999,-37.08499999,-0.979,0.026,1.705,91.53,0.574,3,2229
A316,CAICO,RN,4,-6.46749999,-37.08499999,-0.966,0.221,1.627,102.889,0.609,3,2160
A316,CAICO,RN,5,-6.46749999,-37.08499999,-1.566,0.501,1.993,107.759,0.825,3,2229
A316,CAICO,RN,6,-6.46749999,-37.08499999,-1.977,0.811,2.324,112.29,0.92,3,2159
A316,CAICO,RN,7,-6.46749999,-37.08499999,-2.247,1.091,2.704,115.897,0.924,4,2612
A316,CAICO,RN,8,-6.46749999,-37.08499999,-2.582,0.909,2.945,109.392,0.929,4,2752
A316,CAICO,RN,9,-6.46749999,-37.08499999,-2.991,0.929,3.298,107.259,0.95,3,2158
A316,CAICO,RN,10,-6.46749999,-37.08499999,-2.762,0.346,3.081,97.145,0.903,3,2230
A316,CAICO,RN,11,-6.46749999,-37.08499999,-2.259,-0.426,2.791,79.327,0.824,3,2139
A316,CAICO,RN,12,-6.46749999,-37.08499999,-2.194,-0.36,2.62,80.686,0.849,3,2166
A317,MACAU,RN,1,-5.15111111,-36.57305554,-3.549,-0.431,4.514,83.075,0.792,1,744
A317,MACAU,RN,9,-5.15111111,-36.57305554,-3.786,1.28,4.892,108.673,0.817,1,720
A317,MACAU,RN,10,-5.15111111,-36.57305554,-4.295,0.873,5.304,101.485,0.826,1,744
A317,MACAU,RN,11,-5.15111111,-36.57305554,-3.832,-0.996,4.782,75.437,0.828,1,720
A317,MACAU,RN,12,-5.15111111,-36.57305554,-3.907,-0.661,4.828,80.399,0.821,1,744
A318,MOSSORO,RN,1,-4.90416666,-37.36694443,-2.347,-1.448,3.048,58.335,0.905,1,742
A318,MOSSORO,RN,2,-4.90416666,-37.36694443,-1.889,-0.782,2.703,67.505,0.757,1,696
A318,MOSSORO,RN,3,-4.90416666,-37.36694443,-0.923,-0.289,1.721,72.627,0.562,1,744
A318,MOSSORO,RN,4,-4.90416666,-37.36694443,-0.808,0.005,1.496,90.362,0.54,1,720
A318,MOSSORO,RN,5,-4.90416666,-37.36694443,-1.401,0.142,1.834,95.797,0.768,1,744
A318,MOSSORO,RN,6,-4.90416666,-37.36694443,-1.618,0.319,2.086,101.145,0.791,1,720
A318,MOSSORO,RN,7,-4.90416666,-37.36694443,-2.086,0.249,2.551,96.818,0.824,1,744
A318,MOSSORO,RN,8,-4.90416666,-37.36694443,-2.537,-0.206,3.095,85.349,0.823,2,1132
A318,MOSSORO,RN,9,-4.90416666,-37.36694443,-3.18,-0.756,3.692,76.633,0.885,3,2160
A318,MOSSORO,RN,10,-4.90416666,-37.36694443,-3.4,-1.204,3.96,70.503,0.911,3,2060
A318,MOSSORO,RN,11,-4.90416666,-37.36694443,-3.165,-1.464,3.802,65.167,0.917,3,2031
A318,MOSSORO,RN,12,-4.90416666,-37.36694443,-3.074,-1.271,3.637,67.527,0.914,2,1488
A319,IGUATU,CE,1,-6.39638888,-39.26888888,-0.816,-0.757,1.996,47.14,0.558,5,3070
A319,IGUATU,CE,2,-6.39638888,-39.26888888,-0.867,-0.217,1.807,75.939,0.495,5,2905
A319,IGUATU,CE,3,-6.39638888,-39.26888888,-0.806,-0.013,1.633,89.1,0.494,5,3241
A319,IGUATU,CE,4,-6.39638888,-39.26888888,-0.799,0.177,1.554,102.506,0.527,5,3284
A319,IGUATU,CE,5,-6.39638888,-39.26888888,-1.197,0.897,1.977,126.849,0.757,4,2290
A319,IGUATU,CE,6,-6.39638888,-39.26888888,-1.435,1.471,2.368,135.703,0.868,4,2306
A319,IGUATU,CE,7,-6.39638888,-39.26888888,-1.88,1.701,2.836,132.129,0.894,3,1824
A319,IGUATU,CE,8,-6.39638888,-39.26888888,-2.095,1.594,3.218,127.271,0.818,3,1695
A319,IGUATU,CE,9,-6.39638888,-39.26888888,-1.852,0.249,2.828,97.657,0.661,3,2069
A319,IGUATU,CE,10,-6.39638888,-39.26888888,-1.619,-1.035,2.81,57.409,0.684,3,2151
A319,IGUATU,CE,11,-6.39638888,-39.26888888,-1.131,-1.534,2.573,36.418,0.741,3,1806
A319,IGUATU,CE,12,-6.39638888,-39.26888888,-1.27,-1.237,2.456,45.761,0.722,4,2362
A320,JOAO PESSOA,PB,1,-7.16527777,-34.81555555,-0.776,0.132,1.103,99.682,0.714,4,2404
A320,JOAO PESSOA,PB,2,-7.16527777,-34.81555555,-0.663,0.442,1.037,123.676,0.769,4,2595
A320,JOAO PESSOA,PB,3,-7.16527777,-34.81555555,-0.434,0.462,0.945,136.772,0.671,4,2873
A320,JOAO PESSOA,PB,4,-7.16527777,-34.81555555,-0.273,0.481,0.928,150.456,0.596,3,2152
A320,JOAO PESSOA,PB,5,-7.16527777,-34.81555555,-0.171,0.712,1.028,166.506,0.712,3,2224
A320,JOAO PESSOA,PB,6,-7.16527777,-34.81555555,-0.101,0.846,1.057,173.193,0.805,3,2158
A320,JOAO PESSOA,PB,7,-7.16527777,-34.81555555,-0.251,0.959,1.169,165.345,0.848,3,2227
A320,JOAO PESSOA,PB,8,-7.16527777,-34.81555555,-0.408,0.841,1.126,154.136,0.83,4,2973
A320,JOAO PESSOA,PB,9,-7.16527777,-34.81555555,-0.607,0.749,1.109,140.96,0.869,3,2105
A320,JOAO PESSOA,PB,10,-7.16527777,-34.81555555,-0.892,0.543,1.171,121.304,0.892,3,2146
A320,JOAO PESSOA,PB,11,-7.16527777,-34.81555555,-1.023,0.186,1.223,100.297,0.85,3,2051
A320,JOAO PESSOA,PB,12,-7.16527777,-34.81555555,-0.997,0.212,1.185,101.991,0.86,3,2124
A321,PATOS,PB,1,-7.07972221,-37.27277777,-1.709,0.173,2.334,95.782,0.736,2,1475
A321,PATOS,PB,2,-7.07972221,-37.27277777,-1.658,0.625,2.058,110.656,0.861,2,1343
A321,PATOS,PB,3,-7.07972221,-37.27277777,-1.521,0.337,2.166,102.486,0.719,2,1296
A321,PATOS,PB,4,-7.07972221,-37.27277777,-1.171,0.29,1.871,103.912,0.645,3,1892
A321,PATOS,PB,5,-7.07972221,-37.27277777,-1.569,0.993,2.334,122.339,0.795,3,2232
A321,PATOS,PB,6,-7.07972221,-37.27277777,-1.895,1.452,2.699,127.469,0.885,3,2159
A321,PATOS,PB,7,-7.07972221,-37.27277777,-2.147,1.986,3.27,132.772,0.894,3,2230
A321,PATOS,PB,8,-7.07972221,-37.27277777,-2.757,1.645,3.586,120.817,0.895,3,2230
A321,PATOS,PB,9,-7.07972221,-37.27277777,-3.541,1.722,4.175,115.935,0.943,3,2150
A321,PATOS,PB,10,-7.07972221,-37.27277777,-3.776,1.057,4.24,105.638,0.925,2,1147
A321,PATOS,PB,11,-7.07972221,-37.27277777,-3.53,0.509,4.071,98.207,0.876,1,719
A321,PATOS,PB,12,-7.07972221,-37.27277777,-3.051,0.254,3.452,94.76,0.887,1,724
A322,GARANHUNS,PE,1,-8.91083333,-36.49333333,-2.571,-0.08,2.877,88.212,0.894,2,1472
A322,GARANHUNS,PE,2,-8.91083333,-36.49333333,-2.504,-0.117,2.833,87.315,0.885,2,1344
A322,GARANHUNS,PE,3,-8.91083333,-36.49333333,-1.937,0.283,2.303,98.3,0.85,2,1488
A322,GARANHUNS,PE,4,-8.91083333,-36.49333333,-1.615,0.144,1.94,95.095,0.836,2,1437
A322,GARANHUNS,PE,5,-8.91083333,-36.49333333,-1.211,0.745,1.753,121.586,0.811,2,1480
A322,GARANHUNS,PE,6,-8.91083333,-36.49333333,-0.808,0.986,1.594,140.666,0.8,3,2115
A322,GARANHUNS,PE,7,-8.91083333,-36.49333333,-1.237,0.98,1.79,128.367,0.881,3,2220
A322,GARANHUNS,PE,8,-8.91083333,-36.49333333,-1.457,0.972,2.155,123.727,0.813,3,1973
A322,GARANHUNS,PE,9,-8.91083333,-36.49333333,-2.061,0.555,2.51,105.084,0.85,2,1440
A322,GARANHUNS,PE,10,-8.91083333,-36.49333333,-2.474,0.081,2.815,91.864,0.88,2,1488
A322,GARANHUNS,PE,11,-8.91083333,-36.49333333,-2.579,-0.725,3.072,74.301,0.872,2,1430
A322,GARANHUNS,PE,12,-8.91083333,-36.49333333,-2.637,-0.529,3.054,78.667,0.881,2,1358
A323,PAO DE ACUCAR,AL,1,-9.74916666,-37.43083332,-1.54,1.029,2.035,123.756,0.91,3,2229
A323,PAO DE ACUCAR,AL,2,-9.74916666,-37.43083332,-1.044,0.674,1.342,122.851,0.926,3,2040
A323,PAO DE ACUCAR,AL,3,-9.74916666,-37.43083332,-1.042,0.68,1.321,123.127,0.942,3,2232
A323,PAO DE ACUCAR,AL,4,-9.74916666,-37.43083332,-0.657,0.466,0.84,125.305,0.959,2,1440
A323,PAO DE ACUCAR,AL,5,-9.74916666,-37.43083332,-0.528,0.387,0.686,126.246,0.954,2,1488
A323,PAO DE ACUCAR,AL,6,-9.74916666,-37.43083332,-0.426,0.314,0.558,126.427,0.948,2,1440
A323,PAO DE ACUCAR,AL,7,-9.74916666,-37.43083332,-0.476,0.35,0.616,126.317,0.959,2,1488
A323,PAO DE ACUCAR,AL,8,-9.74916666,-37.43083332,-0.753,0.515,0.936,124.411,0.974,2,1488
A323,PAO DE ACUCAR,AL,9,-9.74916666,-37.43083332,-1.374,0.914,1.688,123.635,0.978,2,1440
A323,PAO DE ACUCAR,AL,10,-9.74916666,-37.43083332,-1.775,1.196,2.192,123.96,0.976,2,1488
A323,PAO DE ACUCAR,AL,11,-9.74916666,-37.43083332,-1.764,1.181,2.243,123.806,0.947,2,1440
A323,PAO DE ACUCAR,AL,12,-9.74916666,-37.43083332,-1.894,1.233,2.361,123.071,0.957,2,1486
A324,TAUA,CE,1,-6.01749999,-40.28138888,-1.514,-0.235,2.083,81.18,0.736,1,744
A324,TAUA,CE,2,-6.01749999,-40.28138888,-1.487,0.1,1.894,93.853,0.787,1,672
A324,TAUA,CE,3,-6.01749999,-40.28138888,-1.231,-0.185,1.855,81.446,0.671,1,503
A324,TAUA,CE,8,-6.01749999,-40.28138888,-2.067,1.917,3.088,132.839,0.913,1,458
A324,TAUA,CE,9,-6.01749999,-40.28138888,-2.645,0.153,3.16,93.307,0.838,1,720
A324,TAUA,CE,10,-6.01749999,-40.28138888,-3.127,-0.505,3.529,80.831,0.897,1,744
A324,TAUA,CE,11,-6.01749999,-40.28138888,-1.676,-0.53,2.202,72.46,0.799,1,720
A324,TAUA,CE,12,-6.01749999,-40.28138888,-2.161,-0.521,2.578,76.442,0.862,1,744
A325,QUIXERAMOBIM,CE,1,-5.17444443,-39.28944444,-2.139,-0.56,2.51,75.335,0.881,2,1191
A325,QUIXERAMOBIM,CE,2,-5.17444443,-39.28944444,-1.725,-0.282,2.078,80.702,0.841,1,671
A325,QUIXERAMOBIM,CE,3,-5.17444443,-39.28944444,-0.803,-0.119,0.961,81.566,0.845,2,1220
A325,QUIXERAMOBIM,CE,4,-5.17444443,-39.28944444,-0.524,0.135,0.623,104.453,0.868,1,608
A325,QUIXERAMOBIM,CE,5,-5.17444443,-39.28944444,-0.712,0.216,0.826,106.882,0.901,1,531
A325,QUIXERAMOBIM,CE,6,-5.17444443,-39.28944444,-0.768,0.34,0.93,113.879,0.903,1,518
A325,QUIXERAMOBIM,CE,7,-5.17444443,-39.28944444,-1.697,0.591,2.018,109.214,0.891,1,509
A325,QUIXERAMOBIM,CE,8,-5.17444443,-39.28944444,-1.771,0.436,2.297,103.826,0.794,3,1733
A325,QUIXERAMOBIM,CE,9,-5.17444443,-39.28944444,-3.204,-0.36,3.807,83.598,0.847,2,1422
A325,QUIXERAMOBIM,CE,10,-5.17444443,-39.28944444,-3.454,-0.809,4.095,76.816,0.866,2,1436
A325,QUIXERAMOBIM,CE,11,-5.17444443,-39.28944444,-2.943,-0.758,3.495,75.562,0.869,2,1101
A325,QUIXERAMOBIM,CE,12,-5.17444443,-39.28944444,-2.688,-0.913,3.121,71.238,0.91,1,740
A326,BOM JESUS DO PIAUI,PI,1,-9.08333333,-44.32638888,-0.045,-0.081,0.574,29.076,0.162,5,3504
A326,BOM JESUS DO PIAUI,PI,2,-9.08333333,-44.32638888,-0.182,-0.014,0.445,85.533,0.409,4,2705
A326,BOM JESUS DO PIAUI,PI,3,-9.08333333,-44.32638888,-0.14,-0.045,0.371,72.18,0.396,4,2975
A326,BOM JESUS DO PIAUI,PI,4,-9.08333333,-44.32638888,-0.112,0.033,0.328,106.685,0.355,4,2878
A326,BOM JESUS DO PIAUI,PI,5,-9.08333333,-44.32638888,-0.313,0.171,0.601,118.681,0.595,3,2199
A326,BOM JESUS DO PIAUI,PI,6,-9.08333333,-44.32638888,-0.778,0.265,1.117,108.814,0.736,4,2711
A326,BOM JESUS DO PIAUI,PI,7,-9.08333333,-44.32638888,-1.028,0.401,1.413,111.298,0.781,4,2858
A326,BOM JESUS DO PIAUI,PI,8,-9.08333333,-44.32638888,-1.268,0.379,1.779,106.644,0.744,3,1960
A326,BOM JESUS DO PIAUI,PI,9,-9.08333333,-44.32638888,-1.383,0.307,1.977,102.527,0.716,3,1789
A326,BOM JESUS DO PIAUI,PI,10,-9.08333333,-44.32638888,-0.757,-0.369,1.652,64.02,0.509,3,1789
A326,BOM JESUS DO PIAUI,PI,11,-9.08333333,-44.32638888,-0.351,-0.177,1.293,63.212,0.304,3,2008
A326,BOM JESUS DO PIAUI,PI,12,-9.08333333,-44.32638888,-0.191,-0.271,0.936,35.222,0.354,4,2976
A327,PALMEIRA DOS INDIOS,AL,1,-9.42027777,-36.62027777,-1.034,-0.072,1.778,86.032,0.583,4,2850
A327,PALMEIRA DOS INDIOS,AL,2,-9.42027777,-36.62027777,-0.608,-0.185,1.692,73.05,0.376,3,2027
A327,PALMEIRA DOS INDIOS,AL,3,-9.42027777,-36.62027777,-1.301,-0.233,1.752,79.834,0.754,3,2221
A327,PALMEIRA DOS INDIOS,AL,4,-9.42027777,-36.62027777,-0.894,-0.277,1.338,72.793,0.699,3,2139
A327,PALMEIRA DOS INDIOS,AL,5,-9.42027777,-36.62027777,-0.478,-0.516,1.488,42.818,0.472,2,1439
A327,PALMEIRA DOS INDIOS,AL,6,-9.42027777,-36.62027777,-0.194,-0.571,1.246,18.782,0.484,2,1070
A327,PALMEIRA DOS INDIOS,AL,7,-9.42027777,-36.62027777,-0.018,-0.404,1.328,2.504,0.305,3,1650
A327,PALMEIRA DOS INDIOS,AL,8,-9.42027777,-36.62027777,-0.387,-0.425,1.878,42.345,0.306,2,1481
A327,PALMEIRA DOS INDIOS,AL,9,-9.42027777,-36.62027777,-0.172,-0.783,1.518,12.377,0.528,3,1929
A327,PALMEIRA DOS INDIOS,AL,10,-9.42027777,-36.62027777,-1.257,-0.311,2.005,76.089,0.646,3,2054
A327,PALMEIRA DOS INDIOS,AL,11,-9.42027777,-36.62027777,-1.52,-0.339,2.318,77.445,0.672,3,1988
A327,PALMEIRA DOS INDIOS,AL,12,-9.42027777,-36.62027777,-1.614,-0.203,2.333,82.836,0.697,3,2214
A328,SURUBIM,PE,1,-7.83972221,-35.80111111,1.765,1.369,3.394,232.201,0.658,2,1484
A328,SURUBIM,PE,2,-7.83972221,-35.80111111,0.341,1.757,2.959,190.972,0.605,2,1342
A328,SURUBIM,PE,3,-7.83972221,-35.80111111,-0.632,0.148,2.541,103.218,0.256,2,1483
A328,SURUBIM,PE,4,-7.83972221,-35.80111111,-0.134,0.994,2.221,172.338,0.452,3,1855
A328,SURUBIM,PE,5,-7.83972221,-35.80111111,-0.386,1.234,2.338,162.617,0.553,3,2232
A328,SURUBIM,PE,6,-7.83972221,-35.80111111,0.052,1.93,2.444,181.548,0.79,4,2853
A328,SURUBIM,PE,7,-7.83972221,-35.80111111,0.83,1.412,2.696,210.431,0.607,4,2966
A328,SURUBIM,PE,8,-7.83972221,-35.80111111,1.491,1.836,2.777,219.074,0.851,3,2217
A328,SURUBIM,PE,9,-7.83972221,-35.80111111,2.53,1.042,3.285,247.604,0.833,2,1435
A328,SURUBIM,PE,10,-7.83972221,-35.80111111,1.94,-0.04,3.512,271.176,0.553,3,2211
A328,SURUBIM,PE,11,-7.83972221,-35.80111111,1.154,-0.863,3.308,306.799,0.436,3,1864
A328,SURUBIM,PE,12,-7.83972221,-35.80111111,0.621,-0.668,3.266,317.108,0.279,2,1478
A329,CABROBO,PE,1,-8.504,-39.31528,-0.131,0.368,0.453,160.413,0.863,4,2976
A329,CABROBO,PE,2,-8.504,-39.31528,-0.151,0.414,0.499,159.913,0.883,4,2712
A329,CABROBO,PE,3,-8.504,-39.31528,-0.141,0.409,0.458,160.975,0.944,4,2976
A329,CABROBO,PE,4,-8.504,-39.31528,-0.128,0.331,0.38,158.765,0.933,3,2160
A329,CABROBO,PE,5,-8.504,-39.31528,-0.14,0.616,0.652,167.226,0.97,3,2232
A329,CABROBO,PE,6,-8.504,-39.31528,-0.249,0.914,0.974,164.775,0.973,3,2159
A329,CABROBO,PE,7,-8.504,-39.31528,-0.346,1.269,1.343,164.729,0.979,3,2232
A329,CABROBO,PE,8,-8.504,-39.31528,-0.435,1.686,1.776,165.535,0.98,3,2232
A329,CABROBO,PE,9,-8.504,-39.31528,-0.561,1.739,1.865,162.111,0.98,4,2880
A329,CABROBO,PE,10,-8.504,-39.31528,-0.399,1.213,1.321,161.785,0.967,4,2970
A329,CABROBO,PE,11,-8.504,-39.31528,-0.157,0.473,0.55,161.648,0.906,4,2812
A329,CABROBO,PE,12,-8.50388888,-39.31527777,-0.155,0.338,0.423,155.309,0.879,3,2232
A330,PAULISTANA,PI,1,-8.132288,-41.142945,-0.665,0.131,1.577,101.17,0.43,3,1897
A330,PAULISTANA,PI,2,-8.132288,-41.142945,-1.366,0.513,2.208,110.591,0.661,2,1060
A330,PAULISTANA,PI,3,-8.132288,-41.142945,-1.229,0.449,1.978,110.09,0.661,4,2674
A330,PAULISTANA,PI,4,-8.132288,-41.142945,-1.82,0.814,2.375,114.102,0.84,4,2590
A330,PAULISTANA,PI,5,-8.132288,-41.142945,-2.834,1.729,3.458,121.394,0.96,5,3396
A330,PAULISTANA,PI,6,-8.132288,-41.142945,-3.115,2.041,3.811,123.228,0.977,5,3090
A330,PAULISTANA,PI,7,-8.132288,-41.142945,-2.628,1.633,3.157,121.859,0.98,4,2868
A330,PAULISTANA,PI,8,-8.132288,-41.142945,-2.881,1.633,3.487,119.542,0.95,3,2232
A330,PAULISTANA,PI,9,-8.132288,-41.142945,-2.322,1.158,2.692,116.513,0.964,3,2147
A330,PAULISTANA,PI,10,-8.132288,-41.142945,-2.672,1.187,3.259,113.95,0.897,2,1488
A330,PAULISTANA,PI,11,-8.132288,-41.142945,-1.826,0.742,2.705,112.118,0.729,2,1440
A330,PAULISTANA,PI,12,-8.132288,-41.142945,-1.612,0.493,2.309,106.995,0.73,2,1488
A331,SAO JOAO DO PIAUI,PI,1,-8.36444444,-42.2525,-0.419,0.035,1.483,94.835,0.283,3,1666
A331,SAO JOAO DO PIAUI,PI,2,-8.36444444,-42.2525,-0.88,0.384,1.791,113.58,0.536,3,1523
A331,SAO JOAO DO PIAUI,PI,3,-8.36444444,-42.2525,-0.688,0.296,1.591,113.294,0.471,4,2135
A331,SAO JOAO DO PIAUI,PI,4,-8.36444444,-42.2525,-0.804,0.497,1.527,121.733,0.619,4,2377
A331,SAO JOAO DO PIAUI,PI,5,-8.36444444,-42.2525,-1.667,1.142,2.28,124.415,0.886,4,2447
A331,SAO JOAO DO PIAUI,PI,6,-8.36444444,-42.2525,-2.189,1.8,2.997,129.427,0.946,4,2310
A331,SAO JOAO DO PIAUI,PI,7,-8.36444444,-42.2525,-2.109,1.853,2.988,131.296,0.939,3,2031
A331,SAO JOAO DO PIAUI,PI,8,-8.36444444,-42.2525,-2.245,1.821,3.153,129.049,0.917,4,2689
A331,SAO JOAO DO PIAUI,PI,9,-8.36444444,-42.2525,-2.176,1.697,3.048,127.945,0.905,2,1438
A331,SAO JOAO DO PIAUI,PI,10,-8.36444444,-42.2525,-1.63,0.747,2.403,114.627,0.746,2,1488
A331,SAO JOAO DO PIAUI,PI,11,-8.36444444,-42.2525,-0.968,0.16,1.943,99.363,0.505,3,1675
A331,SAO JOAO DO PIAUI,PI,12,-8.36444444,-42.2525,-0.593,-0.026,1.764,87.497,0.336,3,1751
A332,MORADA NOVA,CE,1,-5.13666666,-38.35666666,-1.786,-1.795,3.118,44.851,0.812,5,3711
A332,MORADA NOVA,CE,2,-5.13666666,-38.35666666,-1.183,-1.471,2.621,38.811,0.72,5,3332
A332,MORADA NOVA,CE,3,-5.13666666,-38.35666666,-0.854,-0.817,2.055,46.256,0.575,5,3713
A332,MORADA NOVA,CE,4,-5.13666666,-38.35666666,-0.693,-0.29,1.759,67.326,0.427,5,3596
A332,MORADA NOVA,CE,5,-5.13666666,-38.35666666,-0.994,0.007,1.952,90.375,0.509,6,4455
A332,MORADA NOVA,CE,6,-5.13666666,-38.35666666,-1.135,0.121,2.188,96.111,0.521,6,4314
A332,MORADA NOVA,CE,7,-5.13666666,-38.35666666,-1.41,-0.288,2.562,78.444,0.562,6,4454
A332,MORADA NOVA,CE,8,-5.13666666,-38.35666666,-1.736,-0.872,2.988,63.328,0.65,6,4460
A332,MORADA NOVA,CE,9,-5.13666666,-38.35666666,-2.001,-1.3,3.308,56.99,0.721,5,3590
A332,MORADA NOVA,CE,10,-5.13666666,-38.35666666,-2.288,-1.91,3.698,50.143,0.806,5,3665
A332,MORADA NOVA,CE,11,-5.13666666,-38.35666666,-2.554,-2.078,3.864,50.87,0.852,5,3588
A332,MORADA NOVA,CE,12,-5.13666666,-38.35666666,-2.452,-1.909,3.722,52.091,0.835,5,3712
A333,SAO GONCALO,PB,1,-6.835777,-38.311583,-0.897,-0.105,1.256,83.349,0.719,6,4462
A333,SAO GONCALO,PB,2,-6.835777,-38.311583,-0.674,0.077,1.031,96.542,0.658,6,4056
A333,SAO GONCALO,PB,3,-6.835777,-38.311583,-0.561,0.079,0.777,97.987,0.728,6,4464
A333,SAO GONCALO,PB,4,-6.835777,-38.311583,-0.471,0.17,0.718,109.867,0.698,6,4070
A333,SAO GONCALO,PB,5,-6.835777,-38.311583,-0.684,0.624,1.208,132.386,0.766,6,4153
A333,SAO GONCALO,PB,6,-6.835777,-38.311583,-0.779,0.844,1.429,137.286,0.804,5,3600
A333,SAO GONCALO,PB,7,-6.835777,-38.311583,-1.058,1.193,1.851,138.437,0.861,6,4133
A333,SAO GONCALO,PB,8,-6.835777,-38.311583,-1.39,1.013,2.051,126.077,0.839,6,4433
A333,SAO GONCALO,PB,9,-6.835777,-38.311583,-1.78,0.673,2.213,110.703,0.86,5,3600
A333,SAO GONCALO,PB,10,-6.835777,-38.311583,-1.752,0.036,2.049,91.184,0.855,5,3719
A333,SAO GONCALO,PB,11,-6.835777,-38.311583,-1.35,-0.401,1.646,73.453,0.856,5,3599
A333,SAO GONCALO,PB,12,-6.835777,-38.311583,-1.317,-0.262,1.621,78.758,0.828,5,3708
A334,MONTEIRO,PB,1,-7.89444444,-37.12472221,-1.933,-0.165,2.169,85.127,0.895,5,3595
A334,MONTEIRO,PB,2,-7.89444444,-37.12472221,-1.828,0.098,2.197,93.068,0.833,4,2686
A334,MONTEIRO,PB,3,-7.89444444,-37.12472221,-1.423,0.122,1.825,94.895,0.782,4,2975
A334,MONTEIRO,PB,4,-7.89444444,-37.12472221,-1.132,0.247,1.513,102.292,0.766,4,2874
A334,MONTEIRO,PB,5,-7.89444444,-37.12472221,-1.029,0.694,1.601,123.975,0.775,4,2930
A334,MONTEIRO,PB,6,-7.89444444,-37.12472221,-0.677,0.845,1.35,141.295,0.802,3,2152
A334,MONTEIRO,PB,7,-7.89444444,-37.12472221,-0.911,0.976,1.587,136.954,0.841,3,2221
A334,MONTEIRO,PB,8,-7.89444444,-37.12472221,-1.177,0.786,1.67,123.748,0.847,3,2220
A334,MONTEIRO,PB,9,-7.89444444,-37.12472221,-0.468,0.169,0.571,109.817,0.871,2,1432
A334,MONTEIRO,PB,10,-7.89444444,-37.12472221,-1.587,0.215,1.735,97.701,0.923,3,2120
A334,MONTEIRO,PB,11,-7.89444444,-37.12472221,-1.723,-0.157,1.836,84.791,0.942,3,2148
A334,MONTEIRO,PB,12,-7.89444444,-37.12472221,-2.653,-0.261,2.781,84.372,0.959,5,3672
A335,PIRIPIRI,PI,1,-4.276047,-41.794568,-0.189,-0.453,1.716,22.684,0.286,4,2976
A335,PIRIPIRI,PI,2,-4.276047,-41.794568,-0.192,-0.236,1.663,39.15,0.183,4,2494
A335,PIRIPIRI,PI,3,-4.276047,-41.794568,-0.02,-0.153,1.497,7.594,0.103,4,2792
A335,PIRIPIRI,PI,4,-4.276047,-41.794568,-0.233,0.025,1.476,96.029,0.159,4,2880
A335,PIRIPIRI,PI,5,-4.276047,-41.794568,-0.508,0.325,1.573,122.596,0.383,4,2975
A335,PIRIPIRI,PI,6,-4.276047,-41.794568,-0.498,0.408,1.709,129.346,0.377,4,2880
A335,PIRIPIRI,PI,7,-4.276047,-41.794568,-0.517,0.434,1.829,130.026,0.369,4,2975
A335,PIRIPIRI,PI,8,-4.276047,-41.794568,-0.337,0.17,1.962,116.725,0.193,4,2975
A335,PIRIPIRI,PI,9,-4.276047,-41.794568,-0.503,-0.321,2.124,57.507,0.281,4,2876
A335,PIRIPIRI,PI,10,-4.276047,-41.794568,-0.48,-0.764,2.258,32.146,0.4,4,2967
A335,PIRIPIRI,PI,11,-4.276047,-41.794568,-0.333,-0.66,2.042,26.771,0.362,4,2869
A335,PIRIPIRI,PI,12,-4.276047,-41.794568,-0.534,-0.621,2.008,40.683,0.408,4,2956
A336,ALVORADA DO GURGUEIA,PI,1,-8.44166666,-43.86555555,-0.416,-0.43,1.597,44.073,0.375,2,1488
A336,ALVORADA DO GURGUEIA,PI,2,-8.37638888,-43.85944444,-0.665,-0.102,1.586,81.275,0.424,1,696
A336,ALVORADA DO GURGUEIA,PI,3,-8.37638888,-43.85944444,-0.55,-0.372,1.45,55.893,0.458,1,744
A336,ALVORADA DO GURGUEIA,PI,4,-8.37638888,-43.85944444,-0.438,0.122,1.168,105.509,0.389,1,720
A336,ALVORADA DO GURGUEIA,PI,5,-8.37638888,-43.85944444,-0.747,0.648,1.478,130.936,0.669,1,744
A336,ALVORADA DO GURGUEIA,PI,6,-8.37638888,-43.85944444,-1.181,0.868,1.886,126.319,0.777,2,1301
A336,ALVORADA DO GURGUEIA,PI,7,-8.37638888,-43.85944444,-1.36,0.854,2.073,122.143,0.775,2,1487
A336,ALVORADA DO GURGUEIA,PI,8,-8.37638888,-43.85944444,-1.376,0.505,2.187,110.147,0.67,2,1488
A336,ALVORADA DO GURGUEIA,PI,9,-8.44166666,-43.86555555,-1.287,0.232,1.982,100.225,0.66,3,2030
A336,ALVORADA DO GURGUEIA,PI,10,-8.44166666,-43.86555555,-0.835,-0.47,1.854,60.654,0.517,3,2232
A336,ALVORADA DO GURGUEIA,PI,11,-8.37638888,-43.85944444,-0.727,-0.497,1.893,55.641,0.465,2,1440
A336,ALVORADA DO GURGUEIA,PI,12,-8.37638888,-43.85944444,-0.44,-0.514,1.778,40.56,0.38,2,1488
A337,CARACOL,PI,1,-9.28583333,-43.32444443,-0.593,-0.102,1.383,80.213,0.435,2,1461
A337,CARACOL,PI,2,-9.28583333,-43.32444443,-0.766,0.023,1.319,91.746,0.581,2,1309
A337,CARACOL,PI,3,-9.28583333,-43.32444443,-0.732,-0.076,1.41,84.105,0.522,1,744
A337,CARACOL,PI,4,-9.28583333,-43.32444443,-0.535,0.052,1.328,95.521,0.404,1,720
A337,CARACOL,PI,5,-9.28583333,-43.32444443,-1.069,0.33,1.397,107.147,0.801,1,744
A337,CARACOL,PI,6,-9.28583333,-43.32444443,-1.605,0.561,1.861,109.267,0.914,1,720
A337,CARACOL,PI,7,-9.28583333,-43.32444443,-1.535,0.666,1.939,113.453,0.863,1,744
A337,CARACOL,PI,8,-9.28583333,-43.32444443,-1.613,0.34,1.996,101.906,0.826,1,743
A337,CARACOL,PI,9,-9.28583333,-43.32444443,-1.952,0.343,2.383,99.958,0.832,2,1275
A337,CARACOL,PI,10,-9.28583333,-43.32444443,-1.827,0.119,2.252,93.715,0.813,2,1483
A337,CARACOL,PI,11,-9.28583333,-43.32444443,-0.793,-0.076,1.726,84.524,0.462,2,1438
A337,CARACOL,PI,12,-9.28583333,-43.32444443,-0.977,-0.085,1.729,85.048,0.567,2,1484
A339,JAGUARUANA,CE,1,-4.83777777,-37.69972221,-2.547,-1.241,3.173,64.033,0.893,1,744
A339,JAGUARUANA,CE,2,-4.78694444,-37.76666666,-2.937,-1.168,3.635,68.317,0.869,1,672
A339,JAGUARUANA,CE,3,-4.78694444,-37.76666666,-2.097,-0.492,2.816,76.803,0.765,1,743
A339,JAGUARUANA,CE,9,-4.83777777,-37.69972221,-3.695,-0.329,4.103,84.91,0.904,1,720
A339,JAGUARUANA,CE,10,-4.83777777,-37.69972221,-3.84,-0.987,4.352,75.59,0.911,1,744
A339,JAGUARUANA,CE,11,-4.83777777,-37.69972221,-3.508,-1.31,4.085,69.529,0.917,1,720
A339,JAGUARUANA,CE,12,-4.83777777,-37.69972221,-3.269,-0.918,3.737,74.313,0.909,1,744
A340,APODI,RN,1,-5.62666666,-37.815,-2.005,-0.946,3.022,64.748,0.733,3,2218
A340,APODI,RN,2,-5.62666666,-37.815,-1.283,-0.207,2.364,80.819,0.55,1,672
A340,APODI,RN,3,-5.62666666,-37.815,-0.935,-0.181,1.991,79.039,0.478,1,744
A340,APODI,RN,4,-5.62666666,-37.815,-0.791,0.179,1.651,102.773,0.491,1,720
A340,APODI,RN,5,-5.62666666,-37.815,-0.854,0.355,1.808,112.583,0.511,1,744
A340,APODI,RN,6,-5.62666666,-37.815,-1.245,1.078,2.223,130.886,0.741,1,720
A340,APODI,RN,7,-5.62666666,-37.815,-1.562,1.111,2.553,125.409,0.751,1,744
A340,APODI,RN,8,-5.62666666,-37.815,-1.797,0.98,2.99,118.598,0.685,2,1139
A340,APODI,RN,9,-5.62666666,-37.815,-2.178,0.232,3.272,96.076,0.67,2,1440
A340,APODI,RN,10,-5.62666666,-37.815,-2.313,-0.512,3.433,77.52,0.69,2,1488
A340,APODI,RN,11,-5.62666666,-37.815,-2.209,-1.079,3.315,63.97,0.741,2,1440
A340,APODI,RN,12,-5.62666666,-37.815,-2.141,-0.887,3.107,67.487,0.746,2,1488
A341,CARUARU,PE,1,-8.36527777,-36.02833332,-1.641,-0.844,2.323,62.79,0.795,4,2828
A341,CARUARU,PE,2,-8.35611111,-36.02833332,-1.565,-0.326,2.067,78.244,0.774,2,1343
A341,CARUARU,PE,3,-8.35611111,-36.02833332,-1.539,0.024,1.995,90.886,0.772,2,1474
A341,CARUARU,PE,4,-8.35611111,-36.02833332,-1.468,0.612,2.012,112.626,0.79,2,1272
A341,CARUARU,PE,5,-8.36527777,-36.02833332,-1.505,0.731,2.015,115.89,0.83,2,1295
A341,CARUARU,PE,6,-8.36527777,-36.02833332,-1.32,1.247,2.302,133.364,0.789,2,1394
A341,CARUARU,PE,7,-8.36527777,-36.02833332,-1.534,2.148,3.008,144.467,0.877,2,1488
A341,CARUARU,PE,8,-8.36527777,-36.02833332,-1.859,1.004,2.635,118.37,0.802,3,2025
A341,CARUARU,PE,9,-8.36527777,-36.02833332,-2.061,0.533,2.52,104.491,0.845,3,2160
A341,CARUARU,PE,10,-8.36527777,-36.02833332,-2.013,-0.101,2.389,87.133,0.844,3,2196
A341,CARUARU,PE,11,-8.36527777,-36.02833332,-1.86,-0.992,2.44,61.922,0.864,3,1969
A341,CARUARU,PE,12,-8.36527777,-36.02833332,-1.727,-0.614,2.119,70.438,0.865,3,2230
A342,CRATEUS,CE,1,-5.18666666,-40.67222221,-1.119,-0.28,1.874,75.971,0.616,5,3570
A342,CRATEUS,CE,2,-5.18666666,-40.67222221,-0.912,-0.057,1.701,86.405,0.537,4,2692
A342,CRATEUS,CE,3,-5.18666666,-40.67222221,-0.688,-0.125,1.573,79.669,0.445,4,2896
A342,CRATEUS,CE,4,-5.18666666,-40.67222221,-0.564,0.145,1.285,104.408,0.453,4,2799
A342,CRATEUS,CE,5,-5.18666666,-40.67222221,-0.625,0.51,1.154,129.227,0.699,4,2853
A342,CRATEUS,CE,6,-5.18666666,-40.67222221,-0.833,0.711,1.408,130.464,0.778,4,2860
A342,CRATEUS,CE,7,-5.18666666,-40.67222221,-1.04,0.986,1.708,133.45,0.839,4,2853
A342,CRATEUS,CE,8,-5.18666666,-40.67222221,-1.245,0.875,1.917,125.083,0.794,5,3311
A342,CRATEUS,CE,9,-5.18666666,-40.67222221,-1.584,0.442,2.016,105.602,0.816,3,2130
A342,CRATEUS,CE,10,-5.18666666,-40.67222221,-1.898,-0.043,2.305,88.689,0.824,3,2186
A342,CRATEUS,CE,11,-5.18666666,-40.67222221,-1.59,-0.221,2.123,82.082,0.756,3,2140
A342,CRATEUS,CE,12,-5.18666666,-40.67222221,-1.6,-0.282,2.162,79.993,0.751,3,1829
A343,PICOS,PI,1,-7.0711111,-41.40416666,-0.47,-0.396,1.541,49.914,0.399,1,552
A343,PICOS,PI,2,-7.0711111,-41.40416666,-0.563,-0.181,1.419,72.198,0.417,1,485
A343,PICOS,PI,3,-7.0711111,-41.40416666,-0.469,-0.034,1.401,85.888,0.336,1,530
A343,PICOS,PI,4,-7.0711111,-41.40416666,-0.523,0.006,1.422,90.629,0.368,1,527
A343,PICOS,PI,8,-7.0711111,-41.40416666,-1.497,1.537,2.517,135.754,0.853,1,563
A343,PICOS,PI,9,-7.0711111,-41.40416666,-1.412,1.022,2.333,125.882,0.747,1,534
A343,PICOS,PI,10,-7.0711111,-41.40416666,-1.663,0.64,2.478,111.065,0.719,1,566
A343,PICOS,PI,11,-7.0711111,-41.40416666,-0.815,-0.121,1.702,81.542,0.484,1,527
A343,PICOS,PI,12,-7.0711111,-41.40416666,-0.772,-0.136,1.725,80.011,0.455,1,548
A344,CALCANHAR,RN,9,-5.16,-35.48749999,-0.279,-5.389,8.045,2.966,0.671,1,711
A344,CALCANHAR,RN,10,-5.16,-35.48749999,1.837,-7.146,8.594,345.584,0.859,1,744
A344,CALCANHAR,RN,11,-5.16,-35.48749999,2.381,-2.357,8.176,314.713,0.41,1,718
A344,CALCANHAR,RN,12,-5.16,-35.48749999,1.263,-6.433,7.681,348.893,0.853,1,744
A345,SAO RAIMUNDO NONATO,PI,1,-9.03305554,-42.70111111,-0.632,0.13,1.28,101.612,0.504,1,743
A345,SAO RAIMUNDO NONATO,PI,4,-9.03305554,-42.70111111,-0.47,0.088,1.119,100.567,0.428,1,716
A345,SAO RAIMUNDO NONATO,PI,5,-9.03305554,-42.70111111,-0.883,0.633,1.362,125.651,0.798,1,738
A345,SAO RAIMUNDO NONATO,PI,6,-9.03305554,-42.70111111,-1.676,1.02,2.18,121.326,0.9,1,690
A345,SAO RAIMUNDO NONATO,PI,7,-9.03305554,-42.70111111,-1.891,1.029,2.42,118.541,0.89,1,710
A345,SAO RAIMUNDO NONATO,PI,8,-9.03305554,-42.70111111,-1.822,0.617,2.35,108.704,0.818,1,737
A345,SAO RAIMUNDO NONATO,PI,9,-9.03305554,-42.70111111,-2.241,0.566,2.749,104.168,0.841,2,1156
A345,SAO RAIMUNDO NONATO,PI,10,-9.03305554,-42.70111111,-1.981,0.219,2.59,96.314,0.77,1,506
A345,SAO RAIMUNDO NONATO,PI,11,-9.03305554,-42.70111111,-0.905,-0.021,1.731,88.684,0.523,2,1424
A345,SAO RAIMUNDO NONATO,PI,12,-9.03305554,-42.70111111,-0.923,0.028,1.615,91.757,0.572,2,1482
A346,URUCUI,PI,1,-7.44138888,-44.34499999,-0.075,-0.112,0.298,33.969,0.453,4,2921
A346,URUCUI,PI,2,-7.44138888,-44.34499999,-0.179,-0.025,0.353,82.098,0.512,3,1817
A346,URUCUI,PI,3,-7.44138888,-44.34499999,-0.157,-0.073,0.298,65.045,0.582,2,1488
A346,URUCUI,PI,4,-7.44138888,-44.34499999,-0.163,-0.007,0.278,87.433,0.589,2,1440
A346,URUCUI,PI,5,-7.44138888,-44.34499999,-0.186,0.103,0.237,118.961,0.894,2,1488
A346,URUCUI,PI,6,-7.44138888,-44.34499999,-0.362,0.234,0.449,122.882,0.962,2,1440
A346,URUCUI,PI,7,-7.44138888,-44.34499999,-0.49,0.325,0.611,123.547,0.963,2,1488
A346,URUCUI,PI,8,-7.44138888,-44.34499999,-0.701,0.414,0.894,120.552,0.91,3,2232
A346,URUCUI,PI,9,-7.44138888,-44.34499999,-0.725,0.244,0.912,108.587,0.838,3,2160
A346,URUCUI,PI,10,-7.44138888,-44.34499999,-0.449,-0.098,0.748,77.692,0.615,3,2232
A346,URUCUI,PI,11,-7.44138888,-44.34499999,-0.275,-0.134,0.606,64.001,0.505,3,2160
A346,URUCUI,PI,12,-7.44138888,-44.34499999,-0.184,-0.088,0.447,64.281,0.456,3,2232
A348,CABACEIRAS,PB,1,-7.48333333,-36.28638888,-0.87,1.388,1.737,147.939,0.943,4,2974
A348,CABACEIRAS,PB,2,-7.48333333,-36.28638888,-0.793,1.193,1.554,146.393,0.922,4,2712
A348,CABACEIRAS,PB,3,-7.48333333,-36.28638888,-0.465,0.904,1.142,152.807,0.89,4,2972
A348,CABACEIRAS,PB,4,-7.48333333,-36.28638888,-0.183,0.655,0.771,164.409,0.882,4,2879
A348,CABACEIRAS,PB,5,-7.48333333,-36.28638888,-0.093,0.735,0.847,172.777,0.875,4,2975
A348,CABACEIRAS,PB,6,-7.48333333,-36.28638888,-0.01,0.759,0.843,179.264,0.9,4,2874
A348,CABACEIRAS,PB,7,-7.48333333,-36.28638888,-0.056,0.982,1.081,176.714,0.911,4,2959
A348,CABACEIRAS,PB,8,-7.48333333,-36.28638888,-0.182,1.257,1.374,171.766,0.924,4,2974
A348,CABACEIRAS,PB,9,-7.48333333,-36.28638888,-0.398,1.221,1.347,161.926,0.954,3,2160
A348,CABACEIRAS,PB,10,-7.48333333,-36.28638888,-0.867,2.109,2.39,157.656,0.954,3,1978
A348,CABACEIRAS,PB,11,-7.48333333,-36.28638888,-1.177,1.761,2.222,146.239,0.954,3,2066
A348,CABACEIRAS,PB,12,-7.48333333,-36.28638888,-1.108,1.639,2.056,145.945,0.963,4,2953
A349,IBIMIRIM,PE,1,-8.50944444,-37.71166666,-1.155,0.818,2.419,125.284,0.585,6,4460
A349,IBIMIRIM,PE,2,-8.50944444,-37.71166666,-1.105,1.103,2.426,134.961,0.644,6,4056
A349,IBIMIRIM,PE,3,-8.50944444,-37.71166666,-1.017,1.289,2.35,141.738,0.699,6,4462
A349,IBIMIRIM,PE,4,-8.50944444,-37.71166666,-0.86,1.25,2.223,145.464,0.683,5,3600
A349,IBIMIRIM,PE,5,-8.50944444,-37.71166666,-0.827,2.345,2.789,160.573,0.892,4,2976
A349,IBIMIRIM,PE,6,-8.50944444,-37.71166666,-0.761,2.715,2.96,164.341,0.953,4,2880
A349,IBIMIRIM,PE,7,-8.50944444,-37.71166666,-0.881,2.934,3.204,163.287,0.956,3,2232
A349,IBIMIRIM,PE,8,-8.50944444,-37.71166666,-1.073,3.038,3.455,160.546,0.932,3,2232
A349,IBIMIRIM,PE,9,-8.50944444,-37.71166666,-1.318,2.858,3.507,155.251,0.897,4,2860
A349,IBIMIRIM,PE,10,-8.50944444,-37.71166666,-1.552,2.161,3.202,144.307,0.831,4,2976
A349,IBIMIRIM,PE,11,-8.50944444,-37.71166666,-1.417,0.665,2.669,115.127,0.587,4,2879
A349,IBIMIRIM,PE,12,-8.50944444,-37.71166666,-1.356,0.787,2.525,120.147,0.621,5,3716
A350,SERRA TALHADA,PE,1,-7.954277,-38.295082,-0.082,0.027,2.01,107.86,0.043,3,2232
A350,SERRA TALHADA,PE,2,-7.954277,-38.295082,-0.205,0.564,1.9,160.063,0.316,3,2040
A350,SERRA TALHADA,PE,3,-7.954277,-38.295082,-0.206,0.701,1.859,163.59,0.393,4,2722
A350,SERRA TALHADA,PE,4,-7.954277,-38.295082,-0.156,0.778,1.597,168.672,0.497,3,2160
A350,SERRA TALHADA,PE,5,-7.954277,-38.295082,-0.189,1.551,1.988,173.041,0.786,3,2232
A350,SERRA TALHADA,PE,6,-7.954277,-38.295082,-0.327,2.298,2.494,171.897,0.931,3,1993
A350,SERRA TALHADA,PE,7,-7.95416666,-38.29499999,-0.33,2.412,2.652,172.217,0.918,2,1488
A350,SERRA TALHADA,PE,8,-7.95416666,-38.29499999,-0.335,1.982,2.579,170.419,0.779,2,1395
A350,SERRA TALHADA,PE,9,-7.95416666,-38.29499999,-0.567,2.18,2.816,165.432,0.8,1,720
A350,SERRA TALHADA,PE,10,-7.95416666,-38.29499999,-0.444,1.241,2.514,160.314,0.524,1,744
A350,SERRA TALHADA,PE,11,-7.95416666,-38.29499999,-0.491,-0.011,2.252,88.737,0.218,1,720
A350,SERRA TALHADA,PE,12,-7.95416666,-38.29499999,-0.396,0.337,2.099,130.412,0.248,2,1487
A351,FLORESTA,PE,1,-8.59888888,-38.58416666,-1.35,0.813,2.548,121.066,0.618,3,2232
A351,FLORESTA,PE,2,-8.59888888,-38.58416666,-1.528,1.009,2.633,123.434,0.695,3,2040
A351,FLORESTA,PE,3,-8.59888888,-38.58416666,-1.421,1.012,2.495,125.441,0.699,3,2232
A351,FLORESTA,PE,4,-8.59888888,-38.58416666,-1.122,1.017,2.191,132.193,0.691,2,1440
A351,FLORESTA,PE,5,-8.59888888,-38.58416666,-1.443,1.831,2.592,141.748,0.899,3,2231
A351,FLORESTA,PE,6,-8.59888888,-38.58416666,-1.659,2.107,2.858,141.777,0.938,3,2160
A351,FLORESTA,PE,7,-8.59888888,-38.58416666,-1.816,2.168,3.014,140.055,0.938,3,2232
A351,FLORESTA,PE,8,-8.59888888,-38.58416666,-2.071,2.264,3.324,137.547,0.923,4,2840
A351,FLORESTA,PE,9,-8.59888888,-38.58416666,-2.285,2.21,3.495,134.047,0.909,4,2760
A351,FLORESTA,PE,10,-8.59888888,-38.58416666,-2.161,1.824,3.299,130.162,0.857,3,2138
A351,FLORESTA,PE,11,-8.59888888,-38.58416666,-1.617,1.114,2.908,124.553,0.675,3,2160
A351,FLORESTA,PE,12,-8.59888888,-38.58416666,-1.674,0.976,2.727,120.261,0.71,3,2232
A352,CAMARATUBA,PB,1,-6.56194444,-35.13527777,-1.034,0.207,1.074,101.341,0.982,4,2975
A352,CAMARATUBA,PB,2,-6.56194444,-35.13527777,-1.14,0.441,1.268,111.125,0.964,4,2710
A352,CAMARATUBA,PB,3,-6.56194444,-35.13527777,-0.777,0.406,0.922,117.585,0.952,3,2223
A352,CAMARATUBA,PB,4,-6.56194444,-35.13527777,-0.598,0.34,0.722,119.63,0.953,2,1436
A352,CAMARATUBA,PB,5,-6.56194444,-35.13527777,-0.669,0.45,0.864,123.932,0.933,3,2154
A352,CAMARATUBA,PB,6,-6.56194444,-35.13527777,-0.454,0.784,0.989,149.935,0.916,2,1403
A352,CAMARATUBA,PB,7,-6.56194444,-35.13527777,-0.497,1.333,1.576,159.561,0.903,1,743
A352,CAMARATUBA,PB,8,-6.56194444,-35.13527777,-0.554,2.133,2.508,165.454,0.879,2,1316
A352,CAMARATUBA,PB,9,-6.56194444,-35.13527777,-1.418,1.094,1.905,127.649,0.94,3,2158
A352,CAMARATUBA,PB,10,-6.56194444,-35.13527777,-1.531,0.756,1.782,116.285,0.958,4,2972
A352,CAMARATUBA,PB,11,-6.56194444,-35.13527777,-1.344,0.401,1.465,106.598,0.958,4,2880
A352,CAMARATUBA,PB,12,-6.56194444,-35.13527777,-1.372,0.174,1.498,97.242,0.923,5,3716
A353,ARAPIRACA,AL,1,-9.80444444,-36.61916666,-2.227,0.195,2.494,94.996,0.896,2,1487
A353,ARAPIRACA,AL,2,-9.80444444,-36.61916666,-1.695,0.359,2.008,101.975,0.863,2,1368
A353,ARAPIRACA,AL,3,-9.80444444,-36.61916666,-1.229,-0.083,1.839,86.117,0.669,3,1877
A353,ARAPIRACA,AL,4,-9.80444444,-36.61916666,-0.836,0.51,1.171,121.385,0.836,2,1440
A353,ARAPIRACA,AL,5,-9.80444444,-36.61916666,-0.509,0.572,0.865,138.346,0.885,1,744
A353,ARAPIRACA,AL,6,-9.80444444,-36.61916666,-0.369,0.46,0.692,141.282,0.852,2,1350
A353,ARAPIRACA,AL,7,-9.80444444,-36.61916666,-0.577,0.557,0.901,134.009,0.89,2,1440
A353,ARAPIRACA,AL,8,-9.80444444,-36.61916666,-1.15,0.7,1.541,121.335,0.874,1,744
A353,ARAPIRACA,AL,9,-9.80444444,-36.61916666,-1.694,0.745,2.11,113.73,0.877,1,720
A353,ARAPIRACA,AL,10,-9.80444444,-36.61916666,-1.958,0.591,2.233,106.786,0.916,2,1488
A353,ARAPIRACA,AL,11,-9.80444444,-36.61916666,-2.609,0.143,2.806,93.136,0.931,2,1440
A353,ARAPIRACA,AL,12,-9.80444444,-36.61916666,-2.403,0.288,2.615,96.844,0.926,2,1471
A354,OEIRAS,PI,1,-6.97416666,-42.14694444,0.025,-0.065,0.99,339.327,0.07,3,2231
A354,OEIRAS,PI,2,-6.97416666,-42.14694444,-0.269,0.185,1.093,124.509,0.299,3,2040
A354,OEIRAS,PI,3,-6.97416666,-42.14694444,-0.168,0.113,1.039,123.933,0.194,3,2232
A354,OEIRAS,PI,4,-6.97416666,-42.14694444,-0.27,0.217,1.105,128.855,0.313,3,2160
A354,OEIRAS,PI,5,-6.97416666,-42.14694444,-0.868,0.752,1.595,130.875,0.72,3,2232
A354,OEIRAS,PI,6,-6.97416666,-42.14694444,-1.345,1.2,2.133,131.73,0.845,3,2160
A354,OEIRAS,PI,7,-6.97416666,-42.14694444,-1.568,1.49,2.472,133.525,0.875,3,2232
A354,OEIRAS,PI,8,-6.97416666,-42.14694444,-1.617,1.406,2.572,131.005,0.833,5,3645
A354,OEIRAS,PI,9,-6.97416666,-42.14694444,-1.681,1.334,2.578,128.43,0.832,4,2879
A354,OEIRAS,PI,10,-6.97416666,-42.14694444,-1.084,0.642,1.996,120.62,0.631,4,2812
A354,OEIRAS,PI,11,-6.97416666,-42.14694444,-0.337,0.172,1.349,117.066,0.281,3,2160
A354,OEIRAS,PI,12,-6.97416666,-42.14694444,-0.155,0.117,1.25,126.953,0.155,3,2232
A355,CORURIPE,AL,1,-10.1286111,-36.28638888,-2.322,-0.251,2.616,83.819,0.893,1,743
A355,CORURIPE,AL,6,-10.1286111,-36.28638888,-0.696,1.456,2.365,154.471,0.682,2,1257
A355,CORURIPE,AL,7,-10.1286111,-36.28638888,-1.363,1.192,2.364,131.176,0.766,2,1488
A355,CORURIPE,AL,8,-10.1286111,-36.28638888,-1.397,1.032,2.345,126.444,0.741,2,1488
A355,CORURIPE,AL,9,-10.1286111,-36.28638888,-1.7,1.02,2.435,120.947,0.814,2,1440
A355,CORURIPE,AL,10,-10.1286111,-36.28638888,-2.092,0.162,2.43,94.425,0.863,3,2223
A355,CORURIPE,AL,11,-10.1286111,-36.28638888,-2.112,-0.486,2.639,77.051,0.821,3,2160
A355,CORURIPE,AL,12,-10.1286111,-36.28638888,-2.267,-0.428,2.555,79.308,0.903,3,2230
A356,SAO LUIS DO QUITUNDE,AL,1,-9.28749999,-35.56583333,-1.752,0.308,2.343,99.97,0.759,2,957
A356,SAO LUIS DO QUITUNDE,AL,6,-9.28749999,-35.56583333,-0.069,0.621,1.39,173.671,0.45,1,526
A356,SAO LUIS DO QUITUNDE,AL,7,-9.28749999,-35.56583333,-0.582,1.042,1.712,150.83,0.697,1,744
A356,SAO LUIS DO QUITUNDE,AL,8,-9.28749999,-35.56583333,-0.614,0.769,1.752,141.418,0.562,1,744
A356,SAO LUIS DO QUITUNDE,AL,9,-9.28749999,-35.56583333,-0.843,0.541,1.742,122.696,0.575,1,720
A356,SAO LUIS DO QUITUNDE,AL,10,-9.28749999,-35.56583333,-1.219,0.423,1.994,109.156,0.647,1,697
A356,SAO LUIS DO QUITUNDE,AL,11,-9.28749999,-35.56583333,-1.391,-0.357,2.095,75.601,0.686,1,517
A356,SAO LUIS DO QUITUNDE,AL,12,-9.28749999,-35.56583333,-2.252,-0.243,2.681,83.845,0.845,1,379
A357,PALMARES,PE,1,-8.66666666,-35.56805554,-1.332,-0.237,1.995,79.913,0.678,2,1488
A357,PALMARES,PE,2,-8.66666666,-35.56805554,-1.08,0.417,1.985,111.094,0.583,3,2040
A357,PALMARES,PE,3,-8.66666666,-35.56805554,-0.843,0.425,1.917,116.784,0.492,3,2232
A357,PALMARES,PE,4,-8.66666666,-35.56805554,-0.534,0.359,1.693,123.938,0.38,2,1440
A357,PALMARES,PE,5,-8.66666666,-35.56805554,-0.41,0.66,1.79,148.133,0.434,2,1488
A357,PALMARES,PE,6,-8.66666666,-35.56805554,-0.209,0.759,1.754,164.63,0.449,4,2668
A357,PALMARES,PE,7,-8.66666666,-35.56805554,-0.316,1.03,1.983,162.946,0.543,4,2976
A357,PALMARES,PE,8,-8.66666666,-35.56805554,-0.62,0.861,1.961,144.241,0.541,4,2973
A357,PALMARES,PE,9,-8.66666666,-35.56805554,-0.978,0.883,2.094,132.095,0.629,5,3471
A357,PALMARES,PE,10,-8.66666666,-35.56805554,-1.241,0.425,2.056,108.89,0.638,3,2232
A357,PALMARES,PE,11,-8.66666666,-35.56805554,-1.507,-0.091,2.137,86.559,0.706,3,2160
A357,PALMARES,PE,12,-8.66666666,-35.56805554,-1.56,0.138,2.111,95.05,0.742,3,2229
A358,JAGUARIBE,CE,8,-5.90555555,-38.62777777,-1.24,2.217,3.198,150.786,0.794,1,423
A358,JAGUARIBE,CE,9,-5.90555555,-38.62777777,-1.293,0.295,2.491,102.841,0.532,1,713
A359,ITAPIPOCA,CE,3,-3.48416666,-39.5886111,-1.791,0.457,2.375,104.325,0.778,1,733
A359,ITAPIPOCA,CE,4,-3.48416666,-39.5886111,-1.453,0.348,2.003,103.456,0.746,1,718
A360,ACARAU,CE,1,-3.1211111,-40.08722221,-2.77,-0.325,3.157,83.307,0.883,1,744
A360,ACARAU,CE,2,-3.1211111,-40.08722221,-1.839,0.058,2.607,91.796,0.706,1,696
A360,ACARAU,CE,3,-3.1211111,-40.08722221,-0.925,0.185,1.844,101.341,0.511,2,1336
A360,ACARAU,CE,4,-3.1211111,-40.08722221,-0.954,0.452,1.798,115.322,0.587,2,1440
A360,ACARAU,CE,5,-3.1211111,-40.08722221,-1.942,0.746,2.402,111.003,0.866,2,1488
A360,ACARAU,CE,6,-3.1211111,-40.08722221,-2.261,0.867,2.726,110.98,0.888,2,1440
A360,ACARAU,CE,7,-3.1211111,-40.08722221,-3.047,0.609,3.368,101.305,0.923,2,1488
A360,ACARAU,CE,8,-3.1211111,-40.08722221,-3.297,0.355,3.632,96.147,0.913,2,1352
A360,ACARAU,CE,9,-3.1211111,-40.08722221,-4.013,0.266,4.254,93.795,0.946,2,1440
A360,ACARAU,CE,10,-3.1211111,-40.08722221,-4.144,0.063,4.357,90.876,0.951,2,1488
A360,ACARAU,CE,11,-3.1211111,-40.08722221,-3.433,-0.308,3.751,84.869,0.919,2,1440
A360,ACARAU,CE,12,-3.1211111,-40.08722221,-3.382,-0.164,3.702,87.221,0.914,2,1488
A361,CASTELO DO PIAUI,PI,1,-5.34916666,-41.51222222,-0.726,-0.082,1.383,83.547,0.528,2,1488
A361,CASTELO DO PIAUI,PI,2,-5.34916666,-41.51222222,-0.635,0.014,1.352,91.246,0.469,2,1368
A361,CASTELO DO PIAUI,PI,3,-5.34916666,-41.51222222,-0.527,-0.069,1.261,82.494,0.421,2,1488
A361,CASTELO DO PIAUI,PI,4,-5.34916666,-41.51222222,-0.698,-0.002,1.258,89.819,0.555,1,720
A361,CASTELO DO PIAUI,PI,5,-5.34916666,-41.51222222,-1.093,0.269,1.478,103.803,0.762,1,744
A361,CASTELO DO PIAUI,PI,6,-5.34916666,-41.51222222,-1.34,0.567,1.758,112.934,0.828,1,720
A361,CASTELO DO PIAUI,PI,7,-5.34916666,-41.51222222,-1.536,0.57,1.957,110.376,0.837,1,744
A361,CASTELO DO PIAUI,PI,8,-5.34916666,-41.51222222,-1.61,0.548,2.094,108.782,0.812,3,2142
A361,CASTELO DO PIAUI,PI,9,-5.34916666,-41.51222222,-1.795,0.271,2.218,98.579,0.819,2,1440
A361,CASTELO DO PIAUI,PI,10,-5.34916666,-41.51222222,-1.762,-0.063,2.156,87.964,0.818,2,1486
A361,CASTELO DO PIAUI,PI,11,-5.34916666,-41.51222222,-1.237,-0.212,1.839,80.291,0.682,2,1440
A361,CASTELO DO PIAUI,PI,12,-5.34916666,-41.51222222,-1.232,-0.245,1.772,78.745,0.709,2,1488
A363,VALENCA DO PIAUI,PI,1,-6.4236111,-41.74888888,-0.414,0.204,1.563,116.18,0.296,4,2974
A363,VALENCA DO PIAUI,PI,2,-6.4236111,-41.74888888,-0.747,0.345,1.613,114.774,0.51,4,2467
A363,VALENCA DO PIAUI,PI,3,-6.4236111,-41.74888888,-0.582,0.233,1.507,111.794,0.416,3,2232
A363,VALENCA DO PIAUI,PI,4,-6.4236111,-41.74888888,-0.707,0.387,1.553,118.689,0.519,3,2160
A363,VALENCA DO PIAUI,PI,5,-6.4236111,-41.74888888,-1.637,1.247,2.314,127.296,0.889,3,2232
A363,VALENCA DO PIAUI,PI,6,-6.4236111,-41.74888888,-1.925,1.592,2.674,129.602,0.934,3,2065
A363,VALENCA DO PIAUI,PI,7,-6.4236111,-41.74888888,-2.17,1.917,3.082,131.452,0.939,3,2231
A363,VALENCA DO PIAUI,PI,8,-6.39916666,-41.73999999,-2.187,1.932,3.267,131.459,0.893,4,2954
A363,VALENCA DO PIAUI,PI,9,-6.39916666,-41.73999999,-2.126,1.586,3.026,126.721,0.876,3,2160
A363,VALENCA DO PIAUI,PI,10,-6.39916666,-41.73999999,-1.614,0.739,2.385,114.605,0.744,3,2232
A363,VALENCA DO PIAUI,PI,11,-6.39916666,-41.73999999,-1.009,0.344,1.958,108.828,0.544,4,2880
A363,VALENCA DO PIAUI,PI,12,-6.39916666,-41.73999999,-0.668,0.321,1.858,115.688,0.399,4,2973
A364,GILBUES,PI,1,-9.87527777,-45.34583333,-0.415,-0.153,1.477,69.78,0.3,4,2776
A364,GILBUES,PI,2,-9.87527777,-45.34583333,-0.961,-0.009,1.568,89.462,0.613,3,2027
A364,GILBUES,PI,3,-9.87527777,-45.34583333,-1.019,0.044,1.599,92.483,0.638,3,2230
A364,GILBUES,PI,4,-9.87527777,-45.34583333,-0.978,0.208,1.532,102.027,0.653,2,1440
A364,GILBUES,PI,5,-9.87527777,-45.34583333,-1.678,0.502,2.053,106.669,0.853,2,1488
A364,GILBUES,PI,6,-9.87527777,-45.34583333,-2.26,0.72,2.577,107.678,0.92,2,1440
A364,GILBUES,PI,7,-9.87527777,-45.34583333,-2.478,0.7,2.804,105.781,0.919,2,1488
A364,GILBUES,PI,8,-9.87527777,-45.34583333,-2.505,0.559,2.878,102.578,0.892,3,2232
A364,GILBUES,PI,9,-9.87527777,-45.34583333,-2.281,0.316,2.733,97.896,0.843,4,2720
A364,GILBUES,PI,10,-9.87527777,-45.34583333,-1.31,-0.024,2.202,88.931,0.595,4,2976
A364,GILBUES,PI,11,-9.87527777,-45.34583333,-0.708,-0.04,1.733,86.761,0.409,4,2880
A364,GILBUES,PI,12,-9.87527777,-45.34583333,-0.543,-0.142,1.595,75.382,0.352,4,2974
A365,CANTO DO BURITI,PI,1,-8.117939,-42.975721,-0.619,-0.217,1.866,70.709,0.352,6,4248
A365,CANTO DO BURITI,PI,2,-8.117939,-42.975721,-0.659,-0.237,1.897,70.179,0.369,4,2685
A365,CANTO DO BURITI,PI,3,-8.117939,-42.975721,-0.764,-0.254,1.829,71.577,0.44,4,2902
A365,CANTO DO BURITI,PI,4,-8.117939,-42.975721,-0.876,-0.184,1.786,78.14,0.501,5,3599
A365,CANTO DO BURITI,PI,5,-8.117939,-42.975721,-1.5,0.316,2.129,101.896,0.72,5,3719
A365,CANTO DO BURITI,PI,6,-8.117939,-42.975721,-1.94,0.624,2.471,107.842,0.825,5,3598
A365,CANTO DO BURITI,PI,7,-8.117939,-42.975721,-2.274,0.846,2.767,110.405,0.877,3,2232
A365,CANTO DO BURITI,PI,8,-8.117939,-42.975721,-2.503,0.856,2.999,108.89,0.882,5,3719
A365,CANTO DO BURITI,PI,9,-8.117939,-42.975721,-2.418,0.551,2.913,102.832,0.851,4,2865
A365,CANTO DO BURITI,PI,10,-8.117939,-42.975721,-1.603,-0.097,2.505,86.523,0.641,4,2976
A365,CANTO DO BURITI,PI,11,-8.117939,-42.975721,-0.777,-0.204,2.09,75.263,0.385,5,3529
A365,CANTO DO BURITI,PI,12,-8.117939,-42.975721,-0.487,-0.369,1.976,52.814,0.309,5,3718
A366,OURICURI,PE,1,-7.88583333,-40.10277777,-0.713,-0.262,1.874,69.805,0.405,3,2231
A366,OURICURI,PE,2,-7.88583333,-40.10277777,-1.302,0.448,2.136,108.998,0.645,3,2040
A366,OURICURI,PE,3,-7.88583333,-40.10277777,-1.144,0.183,2.151,99.063,0.539,4,2651
A366,OURICURI,PE,4,-7.88583333,-40.10277777,-0.923,0.286,1.861,107.231,0.519,4,2592
A366,OURICURI,PE,5,-7.88583333,-40.10277777,-1.416,1.067,2.144,127.003,0.827,3,2127
A366,OURICURI,PE,6,-7.88583333,-40.10277777,-1.94,1.301,2.607,123.843,0.896,2,1435
A366,OURICURI,PE,7,-7.88583333,-40.10277777,-2.232,1.717,2.953,127.566,0.954,1,735
A366,OURICURI,PE,8,-7.88583333,-40.10277777,-2.335,1.723,3.086,126.419,0.94,1,741
A366,OURICURI,PE,9,-7.88583333,-40.10277777,-2.533,1.503,3.222,120.679,0.914,2,1440
A366,OURICURI,PE,10,-7.88583333,-40.10277777,-2.18,1.156,2.96,117.933,0.834,3,2167
A366,OURICURI,PE,11,-7.88583333,-40.10277777,-1.318,0.251,2.404,100.787,0.558,3,2160
A366,OURICURI,PE,12,-7.88583333,-40.10277777,-1.47,0.09,2.351,93.485,0.627,4,2972
A367,SANTA CRUZ,RN,1,-6.22805554,-36.02666666,-2.147,0.46,2.491,102.081,0.881,2,1005
A367,SANTA CRUZ,RN,2,-6.22805554,-36.02666666,-1.941,0.806,2.391,112.559,0.879,2,1229
A367,SANTA CRUZ,RN,3,-6.22805554,-36.02666666,-1.238,0.539,1.842,113.524,0.733,1,744
A367,SANTA CRUZ,RN,4,-6.22805554,-36.02666666,-0.956,0.458,1.596,115.603,0.665,1,720
A367,SANTA CRUZ,RN,9,-6.22805554,-36.02666666,-1.809,1.442,2.619,128.563,0.883,2,1440
A367,SANTA CRUZ,RN,10,-6.22805554,-36.02666666,-2.178,0.859,2.572,111.515,0.91,2,1487
A367,SANTA CRUZ,RN,11,-6.22805554,-36.02666666,-2.463,0.299,2.698,96.928,0.92,2,1218
A367,SANTA CRUZ,RN,12,-6.22805554,-36.02666666,-2.519,0.31,2.732,97.014,0.929,2,984
A368,TIANGUA,CE,1,-3.73222221,-41.01194444,-3.043,-0.764,3.483,75.908,0.901,2,1488
A368,TIANGUA,CE,2,-3.73222221,-41.01194444,-2.711,-0.608,3.137,77.358,0.886,2,1368
A368,TIANGUA,CE,3,-3.73222221,-41.01194444,-2.478,-0.375,2.865,81.397,0.875,3,2069
A368,TIANGUA,CE,4,-3.73222221,-41.01194444,-2.549,0.164,2.849,93.672,0.897,3,2160
A368,TIANGUA,CE,5,-3.73222221,-41.01194444,-2.858,0.565,3.111,101.184,0.937,2,1488
A368,TIANGUA,CE,6,-3.73222221,-41.01194444,-2.8,1.101,3.165,111.468,0.951,2,1440
A368,TIANGUA,CE,7,-3.73222221,-41.01194444,-3.163,0.605,3.494,100.836,0.922,2,1488
A368,TIANGUA,CE,8,-3.73222221,-41.01194444,-3.267,0.56,3.605,99.73,0.92,3,2122
A368,TIANGUA,CE,9,-3.73222221,-41.01194444,-3.69,0.222,4.032,93.444,0.917,2,1440
A368,TIANGUA,CE,10,-3.73222221,-41.01194444,-3.937,-0.298,4.281,85.665,0.922,2,1488
A368,TIANGUA,CE,11,-3.73222221,-41.01194444,-3.245,-0.737,3.655,77.206,0.91,2,1440
A368,TIANGUA,CE,12,-3.73222221,-41.01194444,-3.574,-0.599,3.956,80.493,0.916,2,1152
A369,QUIXADA,CE,1,-4.97888888,-39.05722222,-1.854,-0.49,2.191,75.209,0.875,2,1131
A369,QUIXADA,CE,2,-4.97888888,-39.05722222,-1.59,-0.138,1.943,85.056,0.821,2,1006
A369,QUIXADA,CE,3,-4.97888888,-39.05722222,-1.532,0.08,1.868,93.002,0.821,1,381
A369,QUIXADA,CE,4,-4.97888888,-39.05722222,-1.509,-0.122,1.873,85.395,0.808,1,352
A369,QUIXADA,CE,8,-4.97888888,-39.05722222,-1.462,0.166,1.893,96.48,0.777,2,1258
A369,QUIXADA,CE,9,-4.97888888,-39.05722222,-1.994,-0.275,2.333,82.14,0.863,1,720
A369,QUIXADA,CE,10,-4.97888888,-39.05722222,-2.44,-0.435,2.736,79.892,0.906,1,744
A369,QUIXADA,CE,11,-4.97888888,-39.05722222,-1.802,-0.498,2.154,74.568,0.868,1,720
A369,QUIXADA,CE,12,-4.97888888,-39.05722222,-2.223,-0.563,2.529,75.778,0.907,2,1194
A370,SALGUEIRO,PE,1,-8.05805555,-39.0961111,-0.875,0.419,1.729,115.575,0.561,4,2768
A370,SALGUEIRO,PE,2,-8.05805555,-39.0961111,-0.616,0.799,1.625,142.391,0.621,4,2554
A370,SALGUEIRO,PE,3,-8.05805555,-39.0961111,-0.434,0.619,1.244,144.947,0.608,4,2869
A370,SALGUEIRO,PE,4,-8.05805555,-39.0961111,-0.312,0.575,1.019,151.538,0.642,4,2861
A370,SALGUEIRO,PE,5,-8.05805555,-39.0961111,-0.015,1.387,1.612,179.364,0.861,4,2964
A370,SALGUEIRO,PE,6,-8.05805555,-39.0961111,0.109,1.814,2.009,183.449,0.905,4,2861
A370,SALGUEIRO,PE,7,-8.05805555,-39.0961111,-0.052,1.942,2.164,178.457,0.898,4,2953
A370,SALGUEIRO,PE,8,-8.05805555,-39.0961111,-0.217,2.151,2.473,174.252,0.874,4,2937
A370,SALGUEIRO,PE,9,-8.05805555,-39.0961111,-0.461,2.403,2.781,169.127,0.88,4,2791
A370,SALGUEIRO,PE,10,-8.05805555,-39.0961111,-0.782,1.903,2.591,157.654,0.794,4,2795
A370,SALGUEIRO,PE,11,-8.05805555,-39.0961111,-1.02,0.776,2.152,127.284,0.595,4,2661
A370,SALGUEIRO,PE,12,-8.05805555,-39.0961111,-0.955,0.874,2.002,132.448,0.647,4,2759
A371,PIRANHAS,AL,1,-9.62222221,-37.76722221,-2.231,0.151,2.537,93.867,0.881,5,3513
A371,PIRANHAS,AL,2,-9.62222221,-37.76722221,-2.263,0.13,2.487,93.299,0.911,5,3226
A371,PIRANHAS,AL,3,-9.62222221,-37.76722221,-2.355,0.209,2.506,95.067,0.943,6,4291
A371,PIRANHAS,AL,4,-9.62222221,-37.76722221,-1.858,0.18,2.035,95.531,0.917,6,4292
A371,PIRANHAS,AL,5,-9.62222221,-37.76722221,-1.584,0.193,1.693,96.964,0.942,6,4405
A371,PIRANHAS,AL,6,-9.62222221,-37.76722221,-1.431,0.123,1.507,94.898,0.953,5,3597
A371,PIRANHAS,AL,7,-9.62222221,-37.76722221,-1.714,0.186,1.777,96.192,0.97,5,3697
A371,PIRANHAS,AL,8,-9.62222221,-37.76722221,-2.094,0.204,2.169,95.573,0.97,5,3696
A371,PIRANHAS,AL,9,-9.62222221,-37.76722221,-2.671,0.183,2.725,93.928,0.983,5,3518
A371,PIRANHAS,AL,10,-9.62222221,-37.76722221,-3.017,0.208,3.093,93.939,0.978,5,3535
A371,PIRANHAS,AL,11,-9.62222221,-37.76722221,-2.529,0.223,2.808,95.028,0.904,5,3359
A371,PIRANHAS,AL,12,-9.62222221,-37.76722221,-2.565,0.162,2.763,93.605,0.93,5,3501
A372,IPANGUACU,RN,1,-5.53499999,-36.87222221,-1.345,-1.1,2.457,50.709,0.707,3,1890
A372,IPANGUACU,RN,2,-5.53499999,-36.87222221,-0.971,-0.482,1.806,63.606,0.6,3,1591
A372,IPANGUACU,RN,3,-5.53499999,-36.87222221,-0.735,-0.385,1.422,62.371,0.583,3,1618
A372,IPANGUACU,RN,4,-5.53499999,-36.87222221,-0.601,0.004,1.193,90.363,0.504,3,1890
A372,IPANGUACU,RN,5,-5.53499999,-36.87222221,-0.612,0.36,1.312,120.467,0.541,2,1289
A372,IPANGUACU,RN,6,-5.53499999,-36.87222221,-1.016,0.378,1.727,110.432,0.627,2,1177
A372,IPANGUACU,RN,7,-5.53499999,-36.87222221,-1.299,0.806,2.061,121.831,0.742,3,2001
A372,IPANGUACU,RN,8,-5.53499999,-36.87222221,-1.633,0.678,2.426,112.536,0.729,3,2184
A372,IPANGUACU,RN,9,-5.53499999,-36.87222221,-2.165,0.962,2.917,113.964,0.812,3,1862
A372,IPANGUACU,RN,10,-5.53499999,-36.87222221,-2.114,-0.103,3.034,87.209,0.697,3,1946
A372,IPANGUACU,RN,11,-5.53499999,-36.87222221,-1.939,-1.041,3.092,61.78,0.712,2,1288
A372,IPANGUACU,RN,12,-5.53499999,-36.87222221,-1.722,-1.197,2.892,55.205,0.725,2,1172
A373,ITAPORANGA,PB,1,-7.31833332,-38.14083333,-0.907,-1.23,1.955,36.415,0.782,1,688
A373,ITAPORANGA,PB,2,-7.31833332,-38.14083333,-0.663,-0.118,1.799,79.874,0.374,1,584
A373,ITAPORANGA,PB,3,-7.31833332,-38.14083333,-0.561,-0.177,1.472,72.538,0.4,2,1184
A373,ITAPORANGA,PB,4,-7.31833332,-38.14083333,-0.378,0.085,1.275,102.614,0.304,2,1222
A373,ITAPORANGA,PB,5,-7.31833332,-38.14083333,-0.239,0.544,1.446,156.265,0.411,2,1168
A373,ITAPORANGA,PB,6,-7.31833332,-38.14083333,-0.428,1.4,1.935,162.984,0.757,2,992
A373,ITAPORANGA,PB,7,-7.31833332,-38.14083333,-0.908,1.406,2.139,147.155,0.783,3,1335
A373,ITAPORANGA,PB,8,-7.31833332,-38.14083333,-1.209,0.846,2.202,124.999,0.67,3,1799
A373,ITAPORANGA,PB,9,-7.31833332,-38.14083333,-1.585,0.925,2.503,120.25,0.733,2,1118
A373,ITAPORANGA,PB,10,-7.31833332,-38.14083333,-1.574,-0.447,2.42,74.132,0.676,2,1314
A373,ITAPORANGA,PB,11,-7.31833332,-38.14083333,-1.609,-1.226,2.636,52.693,0.767,2,1170
A373,ITAPORANGA,PB,12,-7.31833332,-38.14083333,-1.351,-0.885,2.209,56.756,0.731,1,713
A374,CORRENTE,PI,1,-10.42916666,-45.17305554,-0.21,-0.149,1.391,54.758,0.185,5,3407
A374,CORRENTE,PI,2,-10.42916666,-45.17305554,-0.333,-0.142,1.309,66.888,0.276,4,2524
A374,CORRENTE,PI,3,-10.42916666,-45.17305554,-0.406,-0.097,1.334,76.521,0.313,5,3494
A374,CORRENTE,PI,4,-10.42916666,-45.17305554,-0.468,-0.023,1.264,87.143,0.371,5,3566
A374,CORRENTE,PI,5,-10.42916666,-45.17305554,-0.773,0.372,1.468,115.682,0.584,5,3487
A374,CORRENTE,PI,6,-10.42916666,-45.17305554,-0.79,0.403,1.505,117.045,0.589,5,3474
A374,CORRENTE,PI,7,-10.42916666,-45.17305554,-0.99,0.494,1.671,116.523,0.662,5,3481
A374,CORRENTE,PI,8,-10.42916666,-45.17305554,-1.052,0.325,1.777,107.173,0.619,5,3702
A374,CORRENTE,PI,9,-10.42916666,-45.17305554,-1.088,0.215,1.807,101.193,0.614,5,3331
A374,CORRENTE,PI,10,-10.42916666,-45.17305554,-0.792,-0.042,1.89,86.982,0.419,5,3486
A374,CORRENTE,PI,11,-10.42916666,-45.17305554,-0.371,-0.085,1.611,77.072,0.236,5,3353
A374,CORRENTE,PI,12,-10.42916666,-45.17305554,-0.321,-0.219,1.474,55.724,0.264,5,3399
A375,BAIXA GRANDE DO RIBEIRO,PI,1,-8.333531,-45.094625,-0.433,-0.165,0.918,69.197,0.505,4,2672
A375,BAIXA GRANDE DO RIBEIRO,PI,2,-8.333531,-45.094625,-0.402,-0.088,0.844,77.636,0.488,4,2303
A375,BAIXA GRANDE DO RIBEIRO,PI,3,-8.333531,-45.094625,-0.533,-0.004,0.859,89.541,0.62,4,2541
A375,BAIXA GRANDE DO RIBEIRO,PI,4,-8.333531,-45.094625,-0.645,0.104,0.906,99.2,0.721,4,2558
A375,BAIXA GRANDE DO RIBEIRO,PI,5,-8.333531,-45.094625,-1.426,0.49,1.651,108.953,0.913,4,2645
A375,BAIXA GRANDE DO RIBEIRO,PI,6,-8.333531,-45.094625,-1.563,0.578,1.788,110.281,0.932,4,2544
A375,BAIXA GRANDE DO RIBEIRO,PI,7,-8.333531,-45.094625,-1.994,0.774,2.299,111.225,0.931,4,2579
A375,BAIXA GRANDE DO RIBEIRO,PI,8,-8.333531,-45.094625,-2.149,0.852,2.47,111.625,0.936,3,2192
A375,BAIXA GRANDE DO RIBEIRO,PI,9,-8.333531,-45.094625,-2.25,0.329,2.649,98.315,0.858,2,1357
A375,BAIXA GRANDE DO RIBEIRO,PI,10,-8.333531,-45.094625,-1.362,0.047,2.087,91.96,0.653,2,1446
A375,BAIXA GRANDE DO RIBEIRO,PI,11,-8.333531,-45.094625,-0.48,-0.179,1.151,69.532,0.445,3,2041
A375,BAIXA GRANDE DO RIBEIRO,PI,12,-8.333531,-45.094625,-0.313,-0.143,0.764,65.403,0.451,3,2092
A376,CAMPO MAIOR,PI,1,-4.86416666,-42.14555555,-0.112,-0.029,1.309,75.358,0.089,2,1237
A376,CAMPO MAIOR,PI,2,-4.86416666,-42.14555555,-0.267,-0.013,1.182,87.188,0.226,2,1169
A376,CAMPO MAIOR,PI,3,-4.86416666,-42.14555555,-0.078,-0.105,1.127,36.531,0.116,1,607
A376,CAMPO MAIOR,PI,4,-4.86416666,-42.14555555,-0.438,0.061,1.24,97.985,0.356,1,720
A376,CAMPO MAIOR,PI,5,-4.86416666,-42.14555555,-0.721,0.405,1.084,119.306,0.763,1,744
A376,CAMPO MAIOR,PI,6,-4.86416666,-42.14555555,-0.677,0.451,0.975,123.688,0.835,1,720
A376,CAMPO MAIOR,PI,7,-4.86416666,-42.14555555,-0.174,0.132,0.246,127.165,0.891,1,744
A376,CAMPO MAIOR,PI,8,-4.86416666,-42.14555555,-0.648,0.5,1.377,127.645,0.594,3,2163
A376,CAMPO MAIOR,PI,9,-4.86416666,-42.14555555,-0.654,0.147,1.587,102.637,0.422,2,1440
A376,CAMPO MAIOR,PI,10,-4.86416666,-42.14555555,-0.626,-0.123,1.599,78.888,0.399,2,1488
A376,CAMPO MAIOR,PI,11,-4.86416666,-42.14555555,-0.228,-0.344,1.587,33.569,0.26,2,1245
A376,CAMPO MAIOR,PI,12,-4.86416666,-42.14555555,-0.207,-0.286,1.673,35.88,0.211,2,1105
A377,ANGICAL DO PIAUI,PI,8,-6.08944444,-42.72749999,-0.501,0.626,1.383,141.322,0.58,1,682
A377,ANGICAL DO PIAUI,PI,9,-6.08944444,-42.72749999,-0.324,0.209,1.26,122.745,0.306,1,713
A387,SANTA CRUZ DO CAPIBARIBE,PE,8,-7.95083333,-36.22583332,-2.022,1.688,2.93,129.855,0.899,1,636
A388,ALIANCA,PE,8,-7.60916666,-35.23527777,-0.524,1.54,1.964,161.221,0.829,1,390
A389,ITAPISSUMA,PE,8,-7.77749999,-34.90027777,-1.029,1.509,2.19,145.718,0.834,1,744
A390,SAO JOSE DA COROA GRANDE,PE,8,-8.8861111,-35.15305555,-1.701,1.451,2.95,130.481,0.758,1,491
A401,SALVADOR,BA,1,-13.005515,-38.50576,-0.766,-0.159,1.177,78.303,0.665,6,4461
A401,SALVADOR,BA,2,-13.005515,-38.50576,-0.677,-0.007,1.068,89.448,0.633,6,4054
A401,SALVADOR,BA,3,-13.005515,-38.50576,-0.556,0.218,1.02,111.419,0.586,6,4463
A401,SALVADOR,BA,4,-13.005515,-38.50576,-0.345,0.482,1.087,144.385,0.546,6,4318
A401,SALVADOR,BA,5,-13.005515,-38.50576,-0.284,0.901,1.276,162.506,0.74,6,4461
A401,SALVADOR,BA,6,-13.005515,-38.50576,-0.366,0.926,1.296,158.415,0.768,6,4319
A401,SALVADOR,BA,7,-13.005515,-38.50576,-0.479,0.835,1.294,150.155,0.744,6,4462
A401,SALVADOR,BA,8,-13.005515,-38.50576,-0.615,0.653,1.248,136.736,0.718,6,4464
A401,SALVADOR,BA,9,-13.005515,-38.50576,-0.768,0.39,1.215,116.928,0.709,5,3599
A401,SALVADOR,BA,10,-13.005515,-38.50576,-0.935,0.013,1.304,90.792,0.717,5,3708
A401,SALVADOR,BA,11,-13.005515,-38.50576,-0.738,-0.074,1.381,84.253,0.537,5,3598
A401,SALVADOR,BA,12,-13.005515,-38.50576,-0.881,-0.371,1.251,67.178,0.764,5,3718
A402,BARREIRAS,BA,1,-12.12472221,-45.02694443,-0.006,-0.026,0.2,13.051,0.134,3,2077
A402,BARREIRAS,BA,2,-12.12472221,-45.02694443,-0.043,-0.028,0.082,57.223,0.62,3,1923
A402,BARREIRAS,BA,3,-12.12472221,-45.02694443,-0.178,-0.1,0.336,60.583,0.609,3,2103
A402,BARREIRAS,BA,4,-12.12472221,-45.02694443,-0.152,-0.031,0.315,78.495,0.492,4,2491
A402,BARREIRAS,BA,5,-12.12472221,-45.02694443,-0.066,0.016,0.492,103.593,0.138,4,2795
A402,BARREIRAS,BA,6,-12.12472221,-45.02694443,0.009,0.029,0.517,197.57,0.06,4,2747
A402,BARREIRAS,BA,7,-12.12472221,-45.02694443,-0.177,0.058,0.454,107.962,0.411,3,2219
A402,BARREIRAS,BA,8,-12.12472221,-45.02694443,-0.045,-0.008,0.177,79.915,0.26,3,2225
A402,BARREIRAS,BA,9,-12.12472221,-45.02694443,-0.013,-0.006,0.02,65.681,0.73,4,2763
A402,BARREIRAS,BA,10,-12.12472221,-45.02694443,-0.014,-0.016,0.056,41.269,0.384,4,2773
A402,BARREIRAS,BA,11,-12.12472221,-45.02694443,-0.101,-0.042,0.222,67.363,0.491,4,2668
A402,BARREIRAS,BA,12,-12.12472221,-45.02694443,-0.04,-0.024,0.121,58.746,0.389,4,2681
A404,LUIZ EDUARDO MAGALHAES,BA,1,-12.1525,-45.82972221,-0.201,-0.097,1.676,64.219,0.133,4,2761
A404,LUIZ EDUARDO MAGALHAES,BA,2,-12.1525,-45.82972221,-0.545,-0.002,1.602,89.764,0.34,4,2532
A404,LUIZ EDUARDO MAGALHAES,BA,3,-12.1525,-45.82972221,-0.983,0.116,1.776,96.74,0.558,4,2786
A404,LUIS EDUARDO MAGALHAES,BA,4,-12.08499999,-45.70527777,-1.094,0.078,1.842,94.056,0.595,1,531
A404,LUIZ EDUARDO MAGALHAES,BA,4,-12.1525,-45.82972221,-1.25,0.348,1.977,105.553,0.656,3,2155
A404,LUIS EDUARDO MAGALHAES,BA,5,-12.08499999,-45.70527777,-1.13,0.916,1.873,129.039,0.777,1,742
A404,LUIZ EDUARDO MAGALHAES,BA,5,-12.1525,-45.82972221,-1.666,0.765,2.229,114.659,0.823,3,2221
A404,LUIS EDUARDO MAGALHAES,BA,6,-12.08499999,-45.70527777,-0.896,0.929,1.859,136.037,0.694,1,719
A404,LUIZ EDUARDO MAGALHAES,BA,6,-12.1525,-45.82972221,-1.968,1.03,2.545,117.628,0.873,3,2156
A404,LUIS EDUARDO MAGALHAES,BA,7,-12.08499999,-45.70527777,-0.902,0.79,1.768,131.213,0.678,1,727
A404,LUIZ EDUARDO MAGALHAES,BA,7,-12.1525,-45.82972221,-2.256,1.009,2.754,114.089,0.897,3,2227
A404,LUIS EDUARDO MAGALHAES,BA,8,-12.08499999,-45.70527777,-1.532,0.222,2.21,98.261,0.7,1,739
A404,LUIZ EDUARDO MAGALHAES,BA,8,-12.1525,-45.82972221,-2.03,0.893,2.757,113.741,0.804,3,2230
A404,LUIZ EDUARDO MAGALHAES,BA,9,-12.1525,-45.82972221,-1.957,0.408,2.616,101.766,0.764,4,2788
A404,LUIZ EDUARDO MAGALHAES,BA,10,-12.1525,-45.82972221,-1.27,0.062,2.474,92.79,0.514,3,2090
A404,LUIZ EDUARDO MAGALHAES,BA,11,-12.1525,-45.82972221,-0.468,-0.037,1.957,85.427,0.24,3,2008
A404,LUIS EDUARDO MAGALHAES,BA,12,-12.1525,-45.82972221,-0.127,-0.256,1.975,26.461,0.145,1,439
A404,LUIZ EDUARDO MAGALHAES,BA,12,-12.1525,-45.82972221,-0.245,-0.296,1.775,39.603,0.216,3,2066
A405,CARAVELAS,BA,1,-17.73944444,-39.25861111,-1.638,-2.533,3.641,32.888,0.829,2,1487
A405,CARAVELAS,BA,2,-17.73944444,-39.25861111,-1.733,-0.894,2.702,62.724,0.722,2,1368
A405,CARAVELAS,BA,3,-17.73944444,-39.25861111,-1.473,-0.939,2.562,57.491,0.682,2,1488
A405,CARAVELAS,BA,4,-17.73944444,-39.25861111,-0.638,0.916,2.21,145.15,0.505,2,1440
A405,CARAVELAS,BA,5,-17.73944444,-39.25861111,-0.746,0.442,2.023,120.65,0.429,2,1488
A405,CARAVELAS,BA,6,-17.73944444,-39.25861111,-0.404,0.232,1.718,119.858,0.271,3,2067
A405,CARAVELAS,BA,7,-17.73944444,-39.25861111,-0.543,0.279,2.05,117.194,0.298,3,2232
A405,CARAVELAS,BA,8,-17.73944444,-39.25861111,-1.16,-0.288,2.462,76.039,0.485,3,2231
A405,CARAVELAS,BA,9,-17.73944444,-39.25861111,-1.848,-1.261,3.346,55.683,0.669,4,2862
A405,CARAVELAS,BA,10,-17.73944444,-39.25861111,-1.796,-2.327,3.876,37.665,0.758,2,1476
A405,CARAVELAS,BA,11,-17.73944444,-39.25861111,-1.989,-2.462,4.46,38.933,0.71,2,1440
A405,CARAVELAS,BA,12,-17.73944444,-39.25861111,-1.926,-3.143,4.285,31.492,0.86,2,1488
A406,CRUZ DAS ALMAS,BA,1,-12.67555554,-39.08944444,-0.99,0.346,1.429,109.261,0.734,3,2232
A406,CRUZ DAS ALMAS,BA,2,-12.67555554,-39.08944444,-1.13,0.952,1.626,130.119,0.909,3,2016
A406,CRUZ DAS ALMAS,BA,3,-12.67555554,-39.08944444,-0.963,0.859,1.435,131.741,0.899,3,2232
A406,CRUZ DAS ALMAS,BA,4,-12.67555554,-39.08944444,-0.682,0.784,1.293,138.979,0.804,3,2150
A406,CRUZ DAS ALMAS,BA,5,-12.67555554,-39.08944444,-0.651,1.724,2.066,159.329,0.892,3,2232
A406,CRUZ DAS ALMAS,BA,6,-12.67555554,-39.08944444,-0.762,1.689,2.091,155.731,0.886,3,2160
A406,CRUZ DAS ALMAS,BA,7,-12.67555554,-39.08944444,-0.741,1.427,1.823,152.564,0.882,4,2976
A406,CRUZ DAS ALMAS,BA,8,-12.67555554,-39.08944444,-0.99,1.354,1.922,143.826,0.873,4,2897
A406,CRUZ DAS ALMAS,BA,9,-12.67555554,-39.08944444,-1.206,1.195,1.892,134.737,0.897,4,2387
A406,CRUZ DAS ALMAS,BA,10,-12.67555554,-39.08944444,-1.531,0.823,1.953,118.258,0.89,3,2058
A406,CRUZ DAS ALMAS,BA,11,-12.67555554,-39.08944444,-1.439,0.886,2.043,121.621,0.827,3,1973
A406,CRUZ DAS ALMAS,BA,12,-12.67555554,-39.08944444,-1.467,0.567,1.829,111.145,0.86,5,3530
A407,ITIRUCU,BA,1,-13.527828,-40.119752,-1.372,-0.299,1.913,77.707,0.734,3,1942
A407,ITIRUCU,BA,2,-13.527828,-40.119752,-1.17,-0.447,1.808,69.085,0.693,2,1344
A407,ITIRUCU,BA,3,-13.527828,-40.119752,-1.43,0.284,1.894,101.234,0.77,2,1488
A407,ITIRUCU,BA,4,-13.527828,-40.119752,-1.004,0.378,1.797,110.618,0.597,2,1440
A407,ITIRUCU,BA,5,-13.527828,-40.119752,-0.833,0.294,1.633,109.433,0.541,2,1488
A407,ITIRUCU,BA,6,-13.527828,-40.119752,-0.738,0.673,1.309,132.363,0.763,3,2160
A407,ITIRUCU,BA,7,-13.527828,-40.119752,-0.944,0.722,1.612,127.392,0.737,3,2232
A407,ITIRUCU,BA,8,-13.527828,-40.119752,-1.264,0.463,1.867,110.113,0.721,3,2232
A407,ITIRUCU,BA,9,-13.527828,-40.119752,-1.465,-0.039,1.949,88.493,0.752,3,2145
A407,ITIRUCU,BA,10,-13.527828,-40.119752,-1.812,-0.413,2.308,77.144,0.805,3,1865
A407,ITIRUCU,BA,11,-13.527828,-40.119752,-0.882,-0.471,2.05,61.923,0.488,2,1440
A407,ITIRUCU,BA,12,-13.527828,-40.119752,-0.906,-1.111,1.915,39.186,0.749,2,1488
A408,ITABERABA,BA,1,-12.52416666,-40.29972221,-1.503,0.203,2.011,97.685,0.754,2,1487
A408,ITABERABA,BA,2,-12.52416666,-40.29972221,-1.503,0.724,1.973,115.731,0.846,1,672
A408,ITABERABA,BA,3,-12.52416666,-40.29972221,-1.203,0.277,1.585,102.964,0.778,2,1488
A408,ITABERABA,BA,4,-12.52416666,-40.29972221,-1.153,0.336,1.54,106.26,0.78,2,1440
A408,ITABERABA,BA,5,-12.52416666,-40.29972221,-0.787,0.48,1.236,121.368,0.746,3,2232
A408,ITABERABA,BA,6,-12.52416666,-40.29972221,-0.797,0.427,1.264,118.179,0.716,3,2159
A408,ITABERABA,BA,7,-12.52416666,-40.29972221,-1.117,0.412,1.488,110.266,0.8,3,2232
A408,ITABERABA,BA,8,-12.52416666,-40.29972221,-1.471,0.4,1.777,105.201,0.858,3,2232
A408,ITABERABA,BA,9,-12.52416666,-40.29972221,-1.836,0.466,2.161,104.254,0.877,3,2160
A408,ITABERABA,BA,10,-12.52416666,-40.29972221,-2.038,0.325,2.396,99.058,0.861,3,2226
A408,ITABERABA,BA,11,-12.52416666,-40.29972221,-1.868,0.217,2.262,96.618,0.831,3,2160
A408,ITABERABA,BA,12,-12.52416666,-40.29972221,-2.039,0.159,2.367,94.464,0.864,3,2230
A409,ARACAJU,SE,1,-10.9525,-37.05444444,-2.683,-0.732,3.021,74.749,0.921,4,2975
A409,ARACAJU,SE,2,-10.9525,-37.05444444,-2.044,-0.422,2.535,78.346,0.823,4,2708
A409,ARACAJU,SE,3,-10.9525,-37.05444444,-1.72,-0.269,2.319,81.121,0.751,4,2975
A409,ARACAJU,SE,4,-10.9525,-37.05444444,-0.991,-0.095,1.941,84.506,0.513,4,2879
A409,ARACAJU,SE,5,-10.9525,-37.05444444,-0.156,0.662,1.717,166.763,0.396,4,2948
A409,ARACAJU,SE,6,-10.9525,-37.05444444,-0.053,0.771,1.705,176.08,0.453,4,2856
A409,ARACAJU,SE,7,-10.9525,-37.05444444,-0.036,0.671,1.66,176.921,0.405,4,2973
A409,ARACAJU,SE,8,-10.9525,-37.05444444,-0.735,0.363,2.003,116.284,0.409,4,2974
A409,ARACAJU,SE,9,-10.9525,-37.05444444,-1.319,-0.043,2.218,88.135,0.595,5,3288
A409,ARACAJU,SE,10,-10.9525,-37.05444444,-2.676,-0.553,3.039,78.329,0.899,3,2231
A409,ARACAJU,SE,11,-10.9525,-37.05444444,-2.956,-0.733,3.37,76.068,0.904,4,2399
A409,ARACAJU,SE,12,-10.9525,-37.05444444,-2.901,-0.575,3.132,78.793,0.944,3,2231
A410,ILHEUS,BA,1,-14.65888888,-39.18138888,-0.525,-0.307,2.04,59.697,0.298,4,2954
A410,ILHEUS,BA,2,-14.65888888,-39.18138888,-0.434,0.256,2.039,120.485,0.247,4,2699
A410,ILHEUS,BA,3,-14.65888888,-39.18138888,-0.293,0.443,2.002,146.533,0.266,3,2231
A410,ILHEUS,BA,4,-14.65888888,-39.18138888,0.049,0.891,2.098,183.126,0.425,3,2159
A410,ILHEUS,BA,5,-14.65888888,-39.18138888,0.192,1.368,2.249,188.0,0.614,3,2232
A410,ILHEUS,BA,6,-14.65888888,-39.18138888,0.219,1.298,2.234,189.579,0.589,3,2160
A410,ILHEUS,BA,7,-14.65888888,-39.18138888,0.1,1.144,2.181,185.01,0.527,3,2195
A410,ILHEUS,BA,8,-14.65888888,-39.18138888,-0.459,0.781,2.224,149.532,0.407,3,2072
A410,ILHEUS,BA,9,-14.65888888,-39.18138888,-0.595,0.319,2.125,118.19,0.318,2,1440
A410,ILHEUS,BA,10,-14.65888888,-39.18138888,-0.717,-0.223,2.124,72.75,0.353,2,1488
A410,ILHEUS,BA,11,-14.65888888,-39.18138888,-0.647,-0.184,2.186,74.147,0.308,2,1440
A410,ILHEUS,BA,12,-14.65888888,-39.18138888,-0.687,-0.476,2.108,55.278,0.397,4,2814
A412,MACAJUBA,BA,1,-12.13166666,-40.35416666,-1.717,0.403,2.514,103.205,0.702,1,744
A412,MACAJUBA,BA,6,-12.13166666,-40.35416666,-0.892,0.355,1.296,111.708,0.741,1,518
A412,MACAJUBA,BA,9,-12.13166666,-40.35416666,-2.413,0.997,2.798,112.443,0.933,1,720
A412,MACAJUBA,BA,10,-12.13166666,-40.35416666,-0.561,1.115,3.335,153.272,0.374,2,1333
A412,MACAJUBA,BA,11,-12.13166666,-40.35416666,-2.669,0.931,3.063,109.22,0.923,1,720
A412,MACAJUBA,BA,12,-12.13166666,-40.35416666,-2.832,0.843,3.343,106.587,0.884,1,744
A413,FEIRA DE SANTANA,BA,1,-12.1961111,-38.96749999,-1.76,0.152,2.381,94.939,0.742,3,1923
A413,FEIRA DE SANTANA,BA,2,-12.1961111,-38.96749999,-1.542,0.453,2.157,106.374,0.745,2,1365
A413,FEIRA DE SANTANA,BA,3,-12.1961111,-38.96749999,-1.528,0.807,2.184,117.82,0.791,2,1482
A413,FEIRA DE SANTANA,BA,4,-12.1961111,-38.96749999,-1.049,1.149,2.114,137.608,0.736,3,2040
A413,FEIRA DE SANTANA,BA,5,-12.1961111,-38.96749999,-1.011,1.331,2.086,142.78,0.801,3,2224
A413,FEIRA DE SANTANA,BA,6,-12.1961111,-38.96749999,-0.91,1.601,2.156,150.394,0.854,3,2152
A413,FEIRA DE SANTANA,BA,7,-12.1961111,-38.96749999,-1.279,1.405,2.237,137.679,0.849,3,2225
A413,FEIRA DE SANTANA,BA,8,-12.1961111,-38.96749999,-1.686,1.066,2.403,122.311,0.83,4,2761
A413,FEIRA DE SANTANA,BA,9,-12.1961111,-38.96749999,-1.832,0.814,2.418,113.951,0.829,2,1433
A413,FEIRA DE SANTANA,BA,10,-12.1961111,-38.96749999,-2.237,0.611,2.71,105.268,0.856,3,2067
A413,FEIRA DE SANTANA,BA,11,-12.1961111,-38.96749999,-1.776,0.252,2.62,98.078,0.684,3,2158
A413,FEIRA DE SANTANA,BA,12,-12.1961111,-38.96749999,-1.864,-0.183,2.47,84.391,0.758,3,2167
A414,VITORIA DA CONQUISTA,BA,1,-14.88638888,-40.80138888,-1.208,-0.539,1.946,65.937,0.68,5,3718
A414,VITORIA DA CONQUISTA,BA,2,-14.88638888,-40.80138888,-1.227,-0.493,1.925,68.119,0.687,5,3360
A414,VITORIA DA CONQUISTA,BA,3,-14.88638888,-40.80138888,-1.56,-0.095,1.952,86.514,0.8,5,3720
A414,VITORIA DA CONQUISTA,BA,4,-14.88638888,-40.80138888,-1.367,0.151,1.828,96.313,0.752,4,2880
A414,VITORIA DA CONQUISTA,BA,5,-14.88638888,-40.80138888,-1.49,0.421,1.903,105.787,0.814,4,2976
A414,VITORIA DA CONQUISTA,BA,6,-14.88638888,-40.80138888,-1.483,0.247,1.851,99.462,0.813,4,2530
A414,VITORIA DA CONQUISTA,BA,7,-14.88638888,-40.80138888,-1.706,0.329,2.083,100.902,0.834,3,2232
A414,VITORIA DA CONQUISTA,BA,8,-14.88638888,-40.80138888,-1.779,0.011,2.222,90.365,0.8,3,2232
A414,VITORIA DA CONQUISTA,BA,9,-14.88638888,-40.80138888,-2.058,-0.305,2.471,81.571,0.842,3,2160
A414,VITORIA DA CONQUISTA,BA,10,-14.88638888,-40.80138888,-2.013,-0.547,2.535,74.787,0.823,3,2225
A414,VITORIA DA CONQUISTA,BA,11,-14.88638888,-40.80138888,-1.247,-0.379,1.97,73.116,0.662,3,2159
A414,VITORIA DA CONQUISTA,BA,12,-14.88638888,-40.80138888,-0.961,-0.87,1.938,47.84,0.669,4,2968
A415,SANTA RITA DE CASSIA,BA,3,-11.00333333,-44.53638888,-0.592,-0.121,1.62,78.458,0.373,1,390
A415,SANTA RITA DE CASSIA,BA,4,-11.00277777,-44.52499999,-0.282,-0.074,1.553,75.308,0.188,2,1378
A415,SANTA RITA DE CASSIA,BA,5,-11.00333333,-44.53638888,-0.587,0.087,1.481,98.396,0.4,1,744
A415,SANTA RITA DE CASSIA,BA,6,-11.00333333,-44.53638888,-0.797,0.07,1.617,95.017,0.495,1,720
A415,SANTA RITA DE CASSIA,BA,7,-11.00333333,-44.53638888,-0.932,0.176,1.737,100.689,0.546,1,744
A415,SANTA RITA DE CASSIA,BA,8,-11.00277777,-44.52499999,-0.991,0.207,1.842,101.806,0.549,2,1486
A415,SANTA RITA DE CASSIA,BA,9,-11.00277777,-44.52499999,-1.171,-0.036,2.003,88.217,0.585,2,1439
A415,SANTA RITA DE CASSIA,BA,10,-11.00277777,-44.52499999,-1.019,-0.126,2.067,82.947,0.497,2,1440
A415,SANTA RITA DE CASSIA,BA,11,-11.00333333,-44.53638888,-0.598,-0.334,2.09,60.825,0.328,1,720
A415,SANTA RITA DE CASSIA,BA,12,-11.00333333,-44.53638888,-0.519,-0.525,2.186,44.676,0.338,1,681
A416,CORRENTINA,BA,1,-13.33249999,-44.61749999,-0.282,-0.084,1.257,73.362,0.235,3,2231
A416,CORRENTINA,BA,2,-13.33249999,-44.61749999,-0.176,-0.079,1.23,65.833,0.157,3,2016
A416,CORRENTINA,BA,3,-13.33249999,-44.61749999,-0.336,0.02,1.22,93.425,0.276,2,1488
A416,CORRENTINA,BA,4,-13.33249999,-44.61749999,-0.271,0.123,1.286,114.495,0.231,3,1802
A416,CORRENTINA,BA,5,-13.33249999,-44.61749999,-0.12,0.161,1.399,143.397,0.143,3,2230
A416,CORRENTINA,BA,6,-13.33249999,-44.61749999,-0.118,0.231,1.529,152.853,0.17,3,2160
A416,CORRENTINA,BA,7,-13.33249999,-44.61749999,-0.26,0.204,1.701,128.18,0.194,3,2232
A416,CORRENTINA,BA,8,-13.33249999,-44.61749999,-0.26,0.24,1.716,132.67,0.207,3,2232
A416,CORRENTINA,BA,9,-13.33249999,-44.61749999,-0.366,0.174,1.698,115.464,0.239,4,2820
A416,CORRENTINA,BA,10,-13.33249999,-44.61749999,-0.265,0.05,1.549,100.674,0.174,4,2976
A416,CORRENTINA,BA,11,-13.33249999,-44.61749999,-0.175,-0.086,1.338,63.971,0.146,4,2877
A416,CORRENTINA,BA,12,-13.33249999,-44.61749999,-0.143,-0.106,1.272,53.348,0.14,4,2975
A417,ITABAIANINHA,SE,1,-11.2725,-37.795,-2.218,-0.753,2.783,71.253,0.842,6,3933
A417,ITABAIANINHA,SE,2,-11.2725,-37.795,-2.044,-0.345,2.582,80.411,0.803,6,3529
A417,ITABAIANINHA,SE,3,-11.2725,-37.795,-1.85,0.025,2.368,90.766,0.782,6,3976
A417,ITABAIANINHA,SE,4,-11.2725,-37.795,-1.317,0.571,2.166,113.441,0.663,5,3203
A417,ITABAIANINHA,SE,5,-11.2725,-37.795,-1.078,1.211,2.213,138.344,0.733,5,3367
A417,ITABAIANINHA,SE,6,-11.2725,-37.795,-1.088,1.323,2.262,140.571,0.757,5,3302
A417,ITABAIANINHA,SE,7,-11.2725,-37.795,-1.293,1.128,2.33,131.099,0.737,5,3461
A417,ITABAIANINHA,SE,8,-11.2725,-37.795,-1.526,0.949,2.437,121.872,0.737,4,2617
A417,ITABAIANINHA,SE,9,-11.2725,-37.795,-1.98,0.486,2.549,103.778,0.8,4,2450
A417,ITABAIANINHA,SE,10,-11.2725,-37.795,-2.418,-0.466,2.892,79.092,0.851,4,2505
A417,ITABAIANINHA,SE,11,-11.2725,-37.795,-2.475,-0.991,3.154,68.171,0.845,5,3017
A417,ITABAIANINHA,SE,12,-11.2725,-37.795,-2.623,-1.134,3.143,66.611,0.909,5,3194
A418,BOM JESUS DA LAPA,BA,1,-13.25111111,-43.40527777,-0.057,-0.1,0.786,29.846,0.147,2,1362
A418,BOM JESUS DA LAPA,BA,2,-13.25111111,-43.40527777,-0.129,0.019,0.605,98.269,0.215,2,1274
A418,BOM JESUS DA LAPA,BA,3,-13.25111111,-43.40527777,-0.204,-0.019,0.411,84.722,0.499,2,1404
A418,BOM JESUS DA LAPA,BA,4,-13.25111111,-43.40527777,-0.173,0.08,0.445,114.754,0.428,2,1180
A418,BOM JESUS DA LAPA,BA,5,-13.25111111,-43.40527777,-0.2,0.223,0.489,138.024,0.612,1,730
A418,BOM JESUS DA LAPA,BA,6,-13.25111111,-43.40527777,-0.241,0.264,0.492,137.535,0.727,1,720
A418,BOM JESUS DA LAPA,BA,7,-13.25111111,-43.40527777,-0.549,0.433,0.841,128.255,0.832,1,743
A418,BOM JESUS DA LAPA,BA,8,-13.25111111,-43.40527777,-0.311,0.173,0.583,119.085,0.61,1,743
A418,BOM JESUS DA LAPA,BA,9,-13.25111111,-43.40527777,-0.511,0.211,0.871,112.457,0.635,1,696
A418,BOM JESUS DA LAPA,BA,10,-13.25111111,-43.40527777,-0.534,0.356,1.281,123.7,0.501,2,1324
A418,BOM JESUS DA LAPA,BA,11,-13.25111111,-43.40527777,-0.107,-0.009,1.017,85.367,0.106,2,1353
A418,BOM JESUS DA LAPA,BA,12,-13.25111111,-43.40527777,-0.115,-0.204,0.975,29.478,0.241,3,1927
A419,POCO VERDE,SE,1,-10.73805555,-38.10833333,0.0,0.0,0.0,180.0,0.0,1,744
A421,BREJO GRANDE,SE,1,-10.47388888,-36.48194443,-2.197,-0.547,2.438,76.024,0.929,3,2231
A421,BREJO GRANDE,SE,2,-10.47388888,-36.48194443,-1.523,-0.03,1.797,88.881,0.848,3,1787
A421,BREJO GRANDE,SE,3,-10.47388888,-36.48194443,-1.47,0.018,1.704,90.706,0.863,2,1488
A421,BREJO GRANDE,SE,4,-10.47388888,-36.48194443,-0.899,0.127,1.391,98.024,0.653,2,1440
A421,BREJO GRANDE,SE,5,-10.47388888,-36.48194443,-0.737,0.367,1.279,116.506,0.644,2,1488
A421,BREJO GRANDE,SE,6,-10.47388888,-36.48194443,-0.858,0.503,1.342,120.382,0.741,2,1440
A421,BREJO GRANDE,SE,7,-10.47388888,-36.48194443,-0.887,0.602,1.378,124.166,0.778,2,1488
A421,BREJO GRANDE,SE,8,-10.47388888,-36.48194443,-1.131,0.465,1.497,112.323,0.817,2,1488
A421,BREJO GRANDE,SE,9,-10.47388888,-36.48194443,-1.52,0.366,1.774,103.526,0.881,2,1440
A421,BREJO GRANDE,SE,10,-10.47388888,-36.48194443,-2.105,-0.274,2.278,82.595,0.932,2,1488
A421,BREJO GRANDE,SE,11,-10.47388888,-36.48194443,-2.578,-0.703,2.788,74.75,0.958,3,2159
A421,BREJO GRANDE,SE,12,-10.47388888,-36.48194443,-2.429,-0.489,2.594,78.608,0.955,3,2230
A423,REMANSO,BA,1,-9.62555554,-42.07722221,-2.4,0.077,3.054,91.847,0.786,1,725
A423,REMANSO,BA,2,-9.62555554,-42.07722221,-1.197,0.188,2.684,98.908,0.451,1,528
A423,REMANSO,BA,3,-9.62555554,-42.07722221,-1.312,0.318,2.507,103.617,0.538,1,560
A423,REMANSO,BA,4,-9.62555554,-42.07722221,-2.39,0.365,3.299,98.683,0.733,1,511
A423,REMANSO,BA,5,-9.62555554,-42.07722221,-3.437,0.744,3.863,102.217,0.91,1,542
A423,REMANSO,BA,6,-9.62555554,-42.07722221,-2.974,0.729,3.472,103.777,0.882,1,460
A423,REMANSO,BA,7,-9.62555554,-42.07722221,-4.16,0.54,4.43,97.39,0.947,1,418
A423,REMANSO,BA,8,-9.62555554,-42.07722221,-4.217,0.519,4.501,97.019,0.944,1,395
A423,REMANSO,BA,9,-9.62555554,-42.07722221,-4.514,0.968,4.829,102.107,0.956,1,364
A424,IRECE,BA,1,-11.328998,-41.864504,-1.392,0.684,2.163,116.167,0.717,5,3433
A424,IRECE,BA,2,-11.328998,-41.864504,-1.289,0.85,2.15,123.394,0.718,5,3061
A424,IRECE,BA,3,-11.328998,-41.864504,-1.556,1.091,2.313,125.032,0.822,5,3368
A424,IRECE,BA,4,-11.328998,-41.864504,-1.49,1.204,2.265,128.929,0.846,6,3752
A424,IRECE,BA,5,-11.328998,-41.864504,-1.687,1.473,2.406,131.13,0.931,5,3718
A424,IRECE,BA,6,-11.328998,-41.864504,-1.698,1.503,2.41,131.526,0.941,5,3598
A424,IRECE,BA,7,-11.328998,-41.864504,-1.978,1.505,2.645,127.26,0.94,5,3705
A424,IRECE,BA,8,-11.328998,-41.864504,-2.274,1.512,2.907,123.627,0.939,5,3695
A424,IRECE,BA,9,-11.328998,-41.864504,-2.57,1.39,3.125,118.406,0.935,4,2790
A424,IRECE,BA,10,-11.328998,-41.864504,-2.529,1.167,3.106,114.774,0.897,4,2811
A424,IRECE,BA,11,-11.328998,-41.864504,-1.501,0.709,2.386,115.268,0.696,4,2639
A424,IRECE,BA,12,-11.328998,-41.864504,-1.461,0.558,2.195,110.905,0.712,4,2707
A425,LENCOIS,BA,1,-12.557854,-41.388808,-0.162,0.536,0.65,163.161,0.861,3,2068
A425,LENCOIS,BA,2,-12.557854,-41.388808,-0.183,0.512,0.626,160.359,0.869,2,1344
A425,LENCOIS,BA,3,-12.557854,-41.388808,-0.157,0.657,0.732,166.542,0.924,1,744
A425,LENCOIS,BA,4,-12.557854,-41.388808,-0.173,0.633,0.743,164.697,0.883,1,720
A425,LENCOIS,BA,5,-12.557854,-41.388808,-0.131,0.597,0.684,167.626,0.893,1,744
A425,LENCOIS,BA,6,-12.557854,-41.388808,-0.124,0.577,0.657,167.845,0.9,1,720
A425,LENCOIS,BA,7,-12.557854,-41.388808,-0.151,0.559,0.624,164.926,0.928,1,744
A425,LENCOIS,BA,8,-12.557854,-41.388808,-0.231,0.692,0.815,161.53,0.894,1,744
A425,LENCOIS,BA,9,-12.557854,-41.388808,-0.271,0.614,0.773,156.204,0.868,2,1440
A425,LENCOIS,BA,10,-12.557854,-41.388808,-0.209,0.686,0.911,163.084,0.787,3,2156
A425,LENCOIS,BA,11,-12.557854,-41.388808,-0.009,0.581,0.707,179.144,0.822,3,2160
A425,LENCOIS,BA,12,-12.557854,-41.388808,-0.177,0.585,0.721,163.176,0.847,3,2231
A426,GUANAMBI,BA,1,-14.20805555,-42.74972221,-1.896,1.045,2.665,118.857,0.812,5,3581
A426,GUANAMBI,BA,2,-14.20805555,-42.74972221,-2.134,1.086,2.895,116.972,0.827,5,3241
A426,GUANAMBI,BA,3,-14.20805555,-42.74972221,-2.745,1.055,3.245,111.024,0.906,4,2878
A426,GUANAMBI,BA,4,-14.20805555,-42.74972221,-2.557,1.093,3.092,113.137,0.9,4,2814
A426,GUANAMBI,BA,5,-14.20805555,-42.74972221,-3.217,1.09,3.505,108.712,0.969,5,3683
A426,GUANAMBI,BA,6,-14.20805555,-42.74972221,-3.296,1.076,3.608,108.079,0.961,6,3974
A426,GUANAMBI,BA,7,-14.20805555,-42.74972221,-3.695,1.064,3.985,106.069,0.965,5,3684
A426,GUANAMBI,BA,8,-14.20805555,-42.74972221,-4.037,1.133,4.406,105.68,0.952,5,3688
A426,GUANAMBI,BA,9,-14.20805555,-42.74972221,-4.524,1.161,4.828,104.398,0.967,4,2845
A426,GUANAMBI,BA,10,-14.20805555,-42.74972221,-4.107,1.218,4.57,106.523,0.938,4,2621
A426,GUANAMBI,BA,11,-14.20805555,-42.74972221,-1.981,1.13,2.898,119.687,0.787,4,2722
A426,GUANAMBI,BA,12,-14.20805555,-42.74972221,-1.495,1.052,2.409,125.125,0.759,4,2863
A427,PORTO SEGURO,BA,1,-16.38888888,-39.18249999,-0.683,-0.589,1.314,49.218,0.686,1,720
A427,PORTO SEGURO,BA,2,-16.38888888,-39.18249999,-0.824,-0.346,1.295,67.205,0.69,1,671
A427,PORTO SEGURO,BA,3,-16.38888888,-39.18249999,-0.557,0.22,1.087,111.539,0.551,1,744
A427,PORTO SEGURO,BA,4,-16.38888888,-39.18249999,-0.166,0.216,1.296,142.406,0.21,1,694
A427,PORTO SEGURO,BA,5,-16.38888888,-39.18249999,-0.032,0.735,1.116,177.528,0.659,1,744
A427,PORTO SEGURO,BA,6,-16.38888888,-39.18249999,-0.145,0.635,1.062,167.123,0.613,1,715
A427,PORTO SEGURO,BA,7,-16.38888888,-39.18249999,-0.228,0.373,1.156,148.531,0.379,1,737
A427,PORTO SEGURO,BA,8,-16.38888888,-39.18249999,-0.421,-0.267,1.157,57.666,0.431,1,734
A427,PORTO SEGURO,BA,9,-16.38888888,-39.18249999,-0.958,-0.422,1.698,66.219,0.616,1,494
A427,PORTO SEGURO,BA,10,-16.38888888,-39.18249999,-1.005,-0.66,1.69,56.725,0.711,2,1218
A427,PORTO SEGURO,BA,11,-16.38888888,-39.18249999,-0.741,-0.497,1.898,56.123,0.47,2,1218
A427,PORTO SEGURO,BA,12,-16.38888888,-39.18249999,-0.587,-0.733,1.545,38.693,0.608,1,744
A428,SENHOR DO BONFIM,BA,1,-10.44305555,-40.14833333,-0.788,0.933,2.146,139.833,0.569,2,1423
A428,SENHOR DO BONFIM,BA,2,-10.44305555,-40.14833333,-1.45,1.413,2.604,134.252,0.778,3,1995
A428,SENHOR DO BONFIM,BA,3,-10.44305555,-40.14833333,-1.335,1.608,2.496,140.304,0.837,4,2883
A428,SENHOR DO BONFIM,BA,4,-10.44305555,-40.14833333,-1.071,1.572,2.417,145.728,0.787,4,2616
A428,SENHOR DO BONFIM,BA,5,-10.44305555,-40.14833333,-1.14,2.104,2.603,151.552,0.919,4,2905
A428,SENHOR DO BONFIM,BA,6,-10.44305555,-40.14833333,-1.289,2.209,2.738,149.74,0.934,4,2656
A428,SENHOR DO BONFIM,BA,7,-10.44305555,-40.14833333,-1.507,2.085,2.83,144.129,0.909,4,2584
A428,SENHOR DO BONFIM,BA,8,-10.44305555,-40.14833333,-1.773,2.041,3.002,139.016,0.9,3,2178
A428,SENHOR DO BONFIM,BA,9,-10.44305555,-40.14833333,-2.212,1.871,3.214,130.231,0.901,5,3338
A428,SENHOR DO BONFIM,BA,10,-10.44305555,-40.14833333,-2.144,1.564,3.108,126.106,0.854,5,3638
A428,SENHOR DO BONFIM,BA,11,-10.44305555,-40.14833333,-1.384,1.279,2.628,132.745,0.717,4,2775
A428,SENHOR DO BONFIM,BA,12,-10.44305555,-40.14833333,-1.342,1.105,2.5,129.463,0.695,4,2760
A429,BARRA,BA,1,-11.08472221,-43.13888888,-0.469,-0.245,1.337,62.439,0.395,3,2230
A429,BARRA,BA,2,-11.08472221,-43.13888888,-0.429,-0.117,1.351,74.727,0.329,3,2015
A429,BARRA,BA,3,-11.08472221,-43.13888888,-0.405,-0.156,1.2,68.915,0.362,3,1905
A429,BARRA,BA,4,-11.08472221,-43.13888888,-0.473,-0.081,1.267,80.251,0.379,6,4032
A429,BARRA,BA,5,-11.08472221,-43.13888888,-0.627,-0.085,1.365,82.236,0.463,6,4463
A429,BARRA,BA,6,-11.08472221,-43.13888888,-0.682,-0.207,1.415,73.114,0.504,6,4320
A429,BARRA,BA,7,-11.08472221,-43.13888888,-0.928,-0.227,1.642,76.248,0.582,6,4371
A429,BARRA,BA,8,-11.08472221,-43.13888888,-1.068,-0.369,1.863,70.922,0.607,5,3720
A429,BARRA,BA,9,-11.08472221,-43.13888888,-1.323,-0.568,2.297,66.783,0.627,4,2866
A429,BARRA,BA,10,-11.08472221,-43.13888888,-1.243,-0.598,2.304,64.314,0.599,4,2967
A429,BARRA,BA,11,-11.08472221,-43.13888888,-0.529,-0.253,1.594,64.417,0.368,4,2878
A429,BARRA,BA,12,-11.08472221,-43.13888888,-0.394,-0.257,1.511,56.904,0.311,4,2974
A430,PIATA,BA,1,-13.155681,-41.774125,-1.453,1.626,2.454,138.214,0.889,4,2958
A430,PIATA,BA,2,-13.155681,-41.774125,-1.457,1.603,2.421,137.727,0.894,4,2712
A430,PIATA,BA,3,-13.155681,-41.774125,-1.71,1.624,2.586,133.529,0.912,4,2976
A430,PIATA,BA,4,-13.155681,-41.774125,-1.444,1.934,2.714,143.254,0.889,4,2872
A430,PIATA,BA,5,-13.155681,-41.774125,-1.3,1.903,2.54,145.665,0.907,4,2976
A430,PIATA,BA,6,-13.155681,-41.774125,-1.54,2.007,2.721,142.509,0.93,4,2878
A430,PIATA,BA,7,-13.155681,-41.774125,-1.856,2.13,3.031,138.933,0.932,4,2975
A430,PIATA,BA,8,-13.155681,-41.774125,-1.969,2.018,3.067,135.695,0.919,4,2970
A430,PIATA,BA,9,-13.155681,-41.774125,-2.056,1.733,2.978,130.13,0.903,4,2841
A430,PIATA,BA,10,-13.155681,-41.774125,-1.858,1.622,2.747,131.124,0.898,4,2976
A430,PIATA,BA,11,-13.155681,-41.774125,-0.888,1.612,2.389,151.139,0.77,4,2152
A430,PIATA,BA,12,-13.155681,-41.774125,-1.266,1.818,2.718,145.135,0.815,3,1989
A431,CONDE,BA,1,-12.03583333,-37.68388888,-2.713,0.069,3.177,91.462,0.854,4,2850
A431,CONDE,BA,2,-12.03583333,-37.68388888,-2.776,0.684,3.282,103.834,0.871,4,2481
A431,CONDE,BA,3,-12.03583333,-37.68388888,-2.558,0.847,3.076,108.311,0.876,2,1488
A431,CONDE,BA,4,-12.03583333,-37.68388888,-1.318,1.051,2.584,128.581,0.653,2,1440
A431,CONDE,BA,5,-12.03583333,-37.68388888,-1.438,1.906,2.99,142.971,0.798,2,1448
A431,CONDE,BA,6,-12.03583333,-37.68388888,-1.951,2.029,3.32,136.115,0.848,2,1299
A431,CONDE,BA,7,-12.03583333,-37.68388888,-2.329,2.295,3.622,134.579,0.903,1,744
A431,CONDE,BA,8,-12.03583333,-37.68388888,-2.552,1.579,3.406,121.737,0.881,1,744
A431,CONDE,BA,9,-12.03583333,-37.68388888,-2.949,1.357,3.492,114.703,0.93,1,720
A431,CONDE,BA,10,-12.03583333,-37.68388888,-3.17,-0.046,3.483,89.165,0.91,1,744
A431,CONDE,BA,11,-12.03583333,-37.68388888,-3.227,-0.281,3.664,85.029,0.884,2,1440
A431,CONDE,BA,12,-12.03583333,-37.68388888,-2.96,-0.154,3.288,87.02,0.902,3,2217
A432,BURITIRAMA,BA,1,-10.72305554,-43.65111111,-0.342,-0.125,1.413,69.868,0.258,2,1291
A432,BURITIRAMA,BA,2,-10.72305554,-43.65111111,-0.565,-0.033,1.479,86.654,0.383,2,1368
A432,BURITIRAMA,BA,3,-10.72305554,-43.65111111,-0.488,-0.058,1.524,83.286,0.323,2,1488
A432,BURITIRAMA,BA,4,-10.72305554,-43.65111111,-0.366,-0.001,1.46,89.831,0.25,3,1881
A432,BURITIRAMA,BA,5,-10.72305554,-43.65111111,-1.317,-0.393,1.856,73.403,0.741,1,744
A432,BURITIRAMA,BA,6,-10.72305554,-43.65111111,-1.879,-0.135,2.181,85.882,0.864,1,720
A432,BURITIRAMA,BA,7,-10.72305554,-43.65111111,-1.961,0.226,2.294,96.571,0.86,2,1488
A432,BURITIRAMA,BA,8,-10.72305554,-43.65111111,-2.182,-0.163,2.611,85.74,0.838,2,1488
A432,BURITIRAMA,BA,9,-10.72305554,-43.65111111,-2.417,-0.31,2.904,82.689,0.839,2,1377
A432,BURITIRAMA,BA,10,-10.72305554,-43.65111111,-2.602,-0.286,3.107,83.739,0.842,1,744
A432,BURITIRAMA,BA,11,-10.72305554,-43.65111111,-0.559,-0.085,1.686,81.31,0.335,1,720
A432,BURITIRAMA,BA,12,-10.72305554,-43.65111111,-0.536,-0.193,1.475,70.221,0.386,1,743
A433,BRUMADO,BA,1,-14.18194443,-41.67222221,-0.817,-0.211,1.332,75.51,0.633,5,3658
A433,BRUMADO,BA,2,-14.18194443,-41.67222221,-0.904,-0.129,1.296,81.907,0.705,5,3328
A433,BRUMADO,BA,3,-14.18194443,-41.67222221,-0.979,-0.082,1.391,85.187,0.706,5,3671
A433,BRUMADO,BA,4,-14.18194443,-41.67222221,-0.697,0.118,1.304,99.621,0.542,5,3596
A433,BRUMADO,BA,5,-14.18194443,-41.67222221,-0.727,0.164,1.357,102.743,0.549,5,3715
A433,BRUMADO,BA,6,-14.18194443,-41.67222221,-0.833,0.077,1.369,95.256,0.611,5,3597
A433,BRUMADO,BA,7,-14.18194443,-41.67222221,-1.023,0.042,1.507,92.358,0.679,4,2975
A433,BRUMADO,BA,8,-14.18194443,-41.67222221,-1.245,0.044,1.681,92.046,0.741,5,3716
A433,BRUMADO,BA,9,-14.18194443,-41.67222221,-1.653,-0.115,1.974,86.01,0.839,5,3599
A433,BRUMADO,BA,10,-14.18194443,-41.67222221,-1.71,-0.165,2.05,84.495,0.838,5,3592
A433,BRUMADO,BA,11,-14.18194443,-41.67222221,-0.923,-0.079,1.502,85.101,0.617,4,2878
A433,BRUMADO,BA,12,-14.18194443,-41.67222221,-1.097,-0.107,1.609,84.417,0.685,3,2231
A434,AMARGOSA,BA,1,-13.009468,-39.616881,-0.879,0.482,1.159,118.732,0.865,5,3568
A434,AMARGOSA,BA,2,-13.009468,-39.616881,-0.79,0.443,1.029,119.276,0.88,4,2712
A434,AMARGOSA,BA,3,-13.009468,-39.616881,-0.778,0.505,0.986,122.989,0.94,5,3474
A434,AMARGOSA,BA,4,-13.009468,-39.616881,-0.742,0.633,1.042,130.477,0.936,4,2880
A434,AMARGOSA,BA,5,-13.009468,-39.616881,-0.689,0.809,1.119,139.567,0.949,5,3676
A434,AMARGOSA,BA,6,-13.009468,-39.616881,-0.758,0.843,1.193,138.06,0.95,5,3600
A434,AMARGOSA,BA,7,-13.009468,-39.616881,-0.85,0.891,1.31,136.36,0.94,5,3720
A434,AMARGOSA,BA,8,-13.009468,-39.616881,-1.01,0.836,1.39,129.602,0.943,5,3720
A434,AMARGOSA,BA,9,-13.009468,-39.616881,-1.24,0.789,1.541,122.477,0.954,5,3600
A434,AMARGOSA,BA,10,-13.009468,-39.616881,-1.27,0.699,1.524,118.844,0.952,5,3714
A434,AMARGOSA,BA,11,-13.009468,-39.616881,-0.902,0.56,1.216,121.831,0.873,5,3599
A434,AMARGOSA,BA,12,-13.009468,-39.616881,-0.967,0.436,1.178,114.291,0.9,4,2974
A436,QUEIMADAS,BA,1,-10.98472221,-39.61694443,-2.021,1.023,2.785,116.839,0.813,2,1444
A436,QUEIMADAS,BA,2,-10.98472221,-39.61694443,-2.324,1.127,3.07,115.873,0.841,2,1298
A436,QUEIMADAS,BA,3,-10.98472221,-39.61694443,-1.979,1.585,2.941,128.692,0.862,2,1452
A436,QUEIMADAS,BA,4,-10.98472221,-39.61694443,-1.573,1.426,2.683,132.189,0.791,2,1394
A436,QUEIMADAS,BA,5,-10.98472221,-39.61694443,-1.272,1.557,2.423,140.763,0.83,2,1417
A436,QUEIMADAS,BA,6,-10.98472221,-39.61694443,-0.989,1.838,2.319,151.701,0.9,2,1361
A436,QUEIMADAS,BA,7,-10.98472221,-39.61694443,-1.819,1.874,2.937,135.845,0.889,2,1415
A436,QUEIMADAS,BA,8,-10.98472221,-39.61694443,-2.027,1.464,2.806,125.832,0.891,3,1994
A436,QUEIMADAS,BA,9,-10.98472221,-39.61694443,-2.737,1.575,3.44,119.92,0.918,2,1426
A436,QUEIMADAS,BA,10,-10.98472221,-39.61694443,-3.525,1.229,3.988,109.229,0.936,3,2062
A436,QUEIMADAS,BA,11,-10.98472221,-39.61694443,-2.188,0.877,2.866,111.839,0.822,3,2047
A436,QUEIMADAS,BA,12,-10.98472221,-39.61694443,-2.072,0.489,2.574,103.286,0.827,3,2068
A437,UNA,BA,1,-15.28027777,-39.09138888,-0.231,-0.783,1.277,16.446,0.639,2,1488
A437,UNA,BA,2,-15.28027777,-39.09138888,-0.213,-0.232,1.147,42.517,0.274,2,1368
A437,UNA,BA,3,-15.28027777,-39.09138888,-0.217,0.226,1.083,136.071,0.29,1,744
A437,UNA,BA,4,-15.28027777,-39.09138888,0.148,0.245,1.288,211.251,0.222,1,720
A437,UNA,BA,5,-15.28027777,-39.09138888,0.222,0.949,1.425,193.168,0.684,1,744
A437,UNA,BA,6,-15.28027777,-39.09138888,0.15,0.939,1.451,189.061,0.655,1,720
A437,UNA,BA,7,-15.28027777,-39.09138888,0.113,0.613,1.347,190.475,0.463,1,743
A437,UNA,BA,8,-15.28027777,-39.09138888,-0.114,-0.139,1.139,39.404,0.158,1,744
A437,UNA,BA,9,-15.28027777,-39.09138888,-0.342,-0.073,1.315,77.919,0.266,1,720
A437,UNA,BA,10,-15.28027777,-39.09138888,-0.354,-0.437,1.261,39.004,0.445,2,1488
A437,UNA,BA,11,-15.28027777,-39.09138888,-0.114,-0.312,1.603,20.117,0.207,2,1440
A437,UNA,BA,12,-15.28027777,-39.09138888,-0.301,-0.656,1.372,24.664,0.526,2,1488
A438,MARAU,BA,1,-13.90694444,-38.97222221,-1.193,-0.169,1.807,81.954,0.667,2,1488
A438,MARAU,BA,2,-13.90694444,-38.97222221,-1.064,-0.151,1.737,81.899,0.618,3,1621
A438,MARAU,BA,3,-13.90694444,-38.97222221,-0.519,0.808,1.589,147.27,0.604,2,1488
A438,MARAU,BA,4,-13.90694444,-38.97222221,-0.268,0.768,1.783,160.77,0.456,2,1440
A438,MARAU,BA,5,-13.90694444,-38.97222221,0.018,1.066,1.495,180.993,0.713,3,2075
A438,MARAU,BA,6,-13.90694444,-38.97222221,0.006,1.049,1.34,180.325,0.783,2,1440
A438,MARAU,BA,7,-13.90694444,-38.97222221,-0.383,1.372,1.947,164.408,0.731,1,744
A438,MARAU,BA,8,-13.90694444,-38.97222221,-0.501,1.224,2.047,157.749,0.646,1,744
A438,MARAU,BA,9,-13.90694444,-38.97222221,-0.865,0.627,1.933,125.927,0.553,1,720
A438,MARAU,BA,10,-13.90694444,-38.97222221,-1.391,0.099,2.036,94.062,0.685,2,1238
A438,MARAU,BA,11,-13.90694444,-38.97222221,-0.719,0.223,2.107,107.229,0.357,1,720
A438,MARAU,BA,12,-13.90694444,-38.97222221,-1.317,-0.643,2.058,63.987,0.712,1,744
A439,IBOTIRAMA,BA,1,-12.19305555,-43.21333333,-0.06,-0.11,0.842,28.491,0.149,4,2838
A439,IBOTIRAMA,BA,2,-12.19305555,-43.21333333,0.055,0.167,0.846,198.277,0.208,4,2559
A439,IBOTIRAMA,BA,3,-12.19305555,-43.21333333,0.293,0.236,0.921,231.111,0.409,4,2956
A439,IBOTIRAMA,BA,4,-12.19305555,-43.21333333,0.093,0.196,0.948,205.547,0.229,4,2868
A439,IBOTIRAMA,BA,5,-12.19305555,-43.21333333,0.132,0.396,1.258,198.429,0.332,4,2967
A439,IBOTIRAMA,BA,6,-12.19305555,-43.21333333,0.427,0.511,1.476,219.865,0.451,4,2868
A439,IBOTIRAMA,BA,7,-12.19305555,-43.21333333,0.668,0.588,1.835,228.664,0.485,4,2969
A439,IBOTIRAMA,BA,8,-12.19305555,-43.21333333,0.069,0.579,1.902,186.803,0.306,4,2949
A439,IBOTIRAMA,BA,9,-12.19305555,-43.21333333,-0.923,0.467,2.132,116.834,0.485,4,2206
A439,IBOTIRAMA,BA,10,-12.19305555,-43.21333333,-0.481,0.28,1.841,120.153,0.302,4,2654
A439,IBOTIRAMA,BA,11,-12.19305555,-43.21333333,0.094,0.19,1.136,206.299,0.187,4,2862
A439,IBOTIRAMA,BA,12,-12.19305555,-43.21333333,0.052,0.153,1.06,198.607,0.152,4,2934
A440,JACOBINA,BA,1,-11.205,-40.465,-0.716,-0.324,1.564,65.658,0.503,1,574
A440,JACOBINA,BA,9,-11.205,-40.465,-1.672,-0.034,1.926,88.819,0.868,2,1178
A440,JACOBINA,BA,10,-11.205,-40.465,-1.921,-0.051,2.174,88.47,0.884,2,1462
A440,JACOBINA,BA,11,-11.205,-40.465,-1.741,-0.077,2.106,87.464,0.827,1,625
A440,JACOBINA,BA,12,-11.205,-40.465,-1.752,-0.189,2.203,83.833,0.8,1,542
A441,SERRINHA,BA,1,-11.66472222,-39.02305554,-2.088,0.35,2.704,99.519,0.783,2,1488
A441,SERRINHA,BA,2,-11.66472222,-39.02305554,-1.88,0.584,2.558,107.254,0.77,2,1368
A441,SERRINHA,BA,3,-11.66472222,-39.02305554,-1.85,0.992,2.613,118.192,0.803,2,1488
A441,SERRINHA,BA,4,-11.66472222,-39.02305554,-0.968,1.361,2.347,144.585,0.712,2,1341
A441,SERRINHA,BA,5,-11.66472222,-39.02305554,-0.632,1.603,2.118,158.5,0.814,1,743
A441,SERRINHA,BA,6,-11.66472222,-39.02305554,-0.408,1.866,2.17,167.67,0.88,1,718
A441,SERRINHA,BA,7,-11.66472222,-39.02305554,-0.956,1.317,2.107,144.029,0.772,1,743
A441,SERRINHA,BA,8,-11.66472222,-39.02305554,-1.538,0.835,2.331,118.506,0.751,1,744
A441,SERRINHA,BA,9,-11.66472222,-39.02305554,-1.975,0.933,2.6,115.286,0.84,1,719
A441,SERRINHA,BA,10,-11.66472222,-39.02305554,-2.654,0.542,3.053,101.551,0.887,2,1137
A441,SERRINHA,BA,11,-11.66472222,-39.02305554,-2.645,0.37,3.229,97.967,0.827,1,720
A441,SERRINHA,BA,12,-11.66472222,-39.02305554,-2.391,0.386,2.867,99.171,0.845,1,744
A442,EUCLIDES DA CUNHA,BA,1,-10.537233,-38.996605,-1.916,0.392,2.638,101.567,0.742,5,3462
A442,EUCLIDES DA CUNHA,BA,2,-10.537233,-38.996605,-1.931,0.558,2.604,106.113,0.772,5,3244
A442,EUCLIDES DA CUNHA,BA,3,-10.537233,-38.996605,-2.086,0.873,2.693,112.721,0.84,5,3503
A442,EUCLIDES DA CUNHA,BA,4,-10.537233,-38.996605,-1.811,1.05,2.524,120.105,0.83,5,3491
A442,EUCLIDES DA CUNHA,BA,5,-10.537233,-38.996605,-1.584,1.417,2.375,131.825,0.895,4,2954
A442,EUCLIDES DA CUNHA,BA,6,-10.537233,-38.996605,-1.599,1.384,2.342,130.874,0.903,4,2770
A442,EUCLIDES DA CUNHA,BA,7,-10.537233,-38.996605,-1.657,1.285,2.383,127.795,0.88,4,2791
A442,EUCLIDES DA CUNHA,BA,8,-10.537233,-38.996605,-2.234,1.135,2.761,116.93,0.907,4,2910
A442,EUCLIDES DA CUNHA,BA,9,-10.537233,-38.996605,-2.733,1.08,3.171,111.561,0.927,3,2044
A442,EUCLIDES DA CUNHA,BA,10,-10.537233,-38.996605,-2.842,0.762,3.249,105.003,0.905,3,1886
A442,EUCLIDES DA CUNHA,BA,11,-10.537233,-38.996605,-2.315,0.391,2.894,99.578,0.811,3,2072
A442,EUCLIDES DA CUNHA,BA,12,-10.537233,-38.996605,-2.402,0.344,2.897,98.141,0.838,4,2950
A443,DELFINO,BA,1,-10.455,-41.20694444,-0.526,0.058,1.567,96.287,0.338,2,1488
A443,DELFINO,BA,2,-10.455,-41.20694444,-1.446,0.175,1.99,96.893,0.732,2,1368
A443,DELFINO,BA,3,-10.455,-41.20694444,-1.184,0.193,1.841,99.243,0.652,2,1460
A443,DELFINO,BA,4,-10.455,-41.20694444,-0.861,0.18,1.452,101.825,0.606,2,1253
A443,DELFINO,BA,5,-10.455,-41.20694444,-1.171,0.367,1.571,107.419,0.781,2,1488
A443,DELFINO,BA,6,-10.455,-41.20694444,-1.242,0.385,1.698,107.208,0.765,2,1440
A443,DELFINO,BA,7,-10.455,-41.20694444,-1.49,0.385,1.884,104.477,0.817,2,1488
A443,DELFINO,BA,8,-10.455,-41.20694444,-1.723,0.474,2.124,105.369,0.841,2,1488
A443,DELFINO,BA,9,-10.455,-41.20694444,-2.123,0.478,2.472,102.697,0.881,3,2160
A443,DELFINO,BA,10,-10.455,-41.20694444,-1.985,0.316,2.413,99.031,0.833,3,2226
A443,DELFINO,BA,11,-10.455,-41.20694444,-1.485,0.069,2.089,92.664,0.711,3,2151
A443,DELFINO,BA,12,-10.455,-41.20694444,-1.487,0.267,2.14,100.178,0.706,3,2123
A444,VALENCA,BA,1,-13.3436111,-39.12666666,-0.827,0.001,1.382,90.093,0.598,2,1488
A444,VALENCA,BA,2,-13.3436111,-39.12666666,-0.856,0.031,1.371,92.048,0.625,2,1344
A444,VALENCA,BA,3,-13.3436111,-39.12666666,-0.692,0.19,1.251,105.37,0.574,2,1488
A444,VALENCA,BA,4,-13.3436111,-39.12666666,-0.421,0.328,1.112,127.873,0.48,1,720
A444,VALENCA,BA,10,-13.3436111,-39.12666666,-0.993,0.147,1.47,98.426,0.683,1,539
A444,VALENCA,BA,11,-13.3436111,-39.12666666,-0.566,-0.074,1.299,82.556,0.44,1,720
A444,VALENCA,BA,12,-13.3436111,-39.12666666,-0.816,-0.186,1.396,77.128,0.599,1,635
A446,ITAPETINGA,BA,1,-15.24472221,-40.22944443,-1.262,-0.707,2.12,60.733,0.682,2,1486
A446,ITAPETINGA,BA,2,-15.24472221,-40.22944443,-0.946,-0.193,1.729,78.486,0.559,1,696
A446,ITAPETINGA,BA,3,-15.24472221,-40.22944443,-1.168,-0.156,1.879,82.398,0.627,1,706
A446,ITAPETINGA,BA,4,-15.24472221,-40.22944443,-0.72,0.624,1.546,130.91,0.616,1,505
A446,ITAPETINGA,BA,5,-15.24472221,-40.22944443,-0.715,0.0,1.502,90.014,0.476,1,596
A446,ITAPETINGA,BA,6,-15.24472221,-40.22944443,-0.715,0.29,1.457,112.074,0.53,2,1292
A446,ITAPETINGA,BA,7,-15.24472221,-40.22944443,-0.739,-0.008,1.567,89.393,0.472,2,1319
A446,ITAPETINGA,BA,8,-15.24472221,-40.22944443,-1.161,-0.107,1.84,84.742,0.634,2,1238
A446,ITAPETINGA,BA,9,-15.24472221,-40.22944443,-1.517,-0.346,2.158,77.163,0.721,2,1122
A446,ITAPETINGA,BA,10,-15.24472221,-40.22944443,-2.187,-0.774,2.825,70.518,0.821,3,1584
A446,ITAPETINGA,BA,11,-15.24472221,-40.22944443,-2.13,-0.892,2.846,67.282,0.811,1,720
A446,ITAPETINGA,BA,12,-15.24472221,-40.22944443,-1.666,-0.651,2.354,68.665,0.76,3,1905
A447,BELMONTE,BA,1,-16.08805555,-39.21527777,-0.691,-0.89,1.655,37.828,0.681,2,1488
A447,BELMONTE,BA,2,-16.08805555,-39.21527777,-0.596,-0.201,1.452,71.327,0.433,2,1368
A447,BELMONTE,BA,3,-16.08805555,-39.21527777,-0.485,0.143,1.35,106.429,0.375,2,1487
A447,BELMONTE,BA,4,-16.08805555,-39.21527777,-0.134,0.826,1.548,170.814,0.541,2,1440
A447,BELMONTE,BA,5,-16.08805555,-39.21527777,-0.174,0.862,1.316,168.606,0.668,2,1488
A447,BELMONTE,BA,6,-16.08805555,-39.21527777,-0.167,0.847,1.354,168.827,0.638,2,1440
A447,BELMONTE,BA,7,-16.08805555,-39.21527777,-0.255,0.619,1.29,157.571,0.519,2,1483
A447,BELMONTE,BA,8,-16.08805555,-39.21527777,-0.432,0.242,1.418,119.21,0.349,2,1488
A447,BELMONTE,BA,9,-16.08805555,-39.21527777,-0.711,-0.063,1.462,84.934,0.488,2,1440
A447,BELMONTE,BA,10,-16.08805555,-39.21527777,-0.823,-0.6,1.718,53.889,0.593,2,1488
A447,BELMONTE,BA,11,-16.08805555,-39.21527777,-0.659,-0.492,2.092,53.228,0.393,2,1438
A447,BELMONTE,BA,12,-16.08805555,-39.21527777,-0.776,-0.874,1.862,41.608,0.628,2,1488
A448,CURACA,BA,1,-9.00138888,-39.9125,-1.357,0.472,2.398,109.162,0.599,2,1487
A448,CURACA,BA,2,-9.00138888,-39.9125,-1.504,0.716,2.403,115.459,0.693,3,2040
A448,CURACA,BA,3,-9.00138888,-39.9125,-1.397,0.691,2.249,116.327,0.693,3,2199
A448,CURACA,BA,4,-9.00138888,-39.9125,-1.562,0.968,2.333,121.779,0.788,3,2160
A448,CURACA,BA,5,-9.00138888,-39.9125,-1.901,1.652,2.756,130.996,0.914,4,2700
A448,CURACA,BA,6,-9.00138888,-39.9125,-2.013,1.998,3.005,134.783,0.944,3,2160
A448,CURACA,BA,7,-9.00138888,-39.9125,-2.138,1.917,3.061,131.878,0.938,3,2227
A448,CURACA,BA,8,-9.00138888,-39.9125,-2.36,1.674,3.126,125.362,0.925,3,2232
A448,CURACA,BA,9,-9.00138888,-39.9125,-2.868,1.641,3.519,119.776,0.939,2,1440
A448,CURACA,BA,10,-9.00138888,-39.9125,-2.842,1.26,3.481,113.907,0.893,2,1480
A448,CURACA,BA,11,-9.00138888,-39.9125,-2.161,0.492,2.913,102.813,0.761,2,1440
A448,CURACA,BA,12,-9.00138888,-39.9125,-2.093,0.629,2.783,106.728,0.785,2,1481
A450,JEREMOABO,BA,1,-10.08083332,-38.34583333,-2.007,0.817,2.55,112.151,0.85,3,2179
A450,JEREMOABO,BA,2,-10.08083332,-38.34583333,-2.129,0.871,2.632,112.251,0.874,3,1932
A450,JEREMOABO,BA,3,-10.08083332,-38.34583333,-2.214,0.956,2.675,113.356,0.901,2,1488
A450,JEREMOABO,BA,4,-10.08083332,-38.34583333,-1.528,0.85,2.115,119.1,0.827,2,1440
A450,JEREMOABO,BA,5,-10.08083332,-38.34583333,-1.339,0.882,1.848,123.386,0.868,2,1485
A450,JEREMOABO,BA,6,-10.08083332,-38.34583333,-1.128,0.804,1.683,125.471,0.823,2,1415
A450,JEREMOABO,BA,7,-10.08083332,-38.34583333,-1.408,0.879,1.859,121.969,0.893,2,1410
A450,JEREMOABO,BA,8,-10.08083332,-38.34583333,-1.685,1.097,2.195,123.051,0.916,2,1425
A450,JEREMOABO,BA,9,-10.08083332,-38.34583333,-2.206,1.066,2.559,115.8,0.957,4,2626
A450,JEREMOABO,BA,10,-10.08083332,-38.34583333,-2.426,0.984,2.776,112.078,0.943,4,2961
A450,JEREMOABO,BA,11,-10.08083332,-38.34583333,-2.138,0.883,2.717,112.449,0.851,3,2159
A450,JEREMOABO,BA,12,-10.08083332,-38.34583333,-2.061,0.715,2.552,109.129,0.855,3,2232
A452,FORMOSA DO RIO PRETO,BA,1,-11.05222222,-45.20083333,0.017,-0.041,1.124,337.968,0.04,3,2081
A452,FORMOSA DO RIO PRETO,BA,2,-11.05222222,-45.20083333,-0.427,0.167,1.148,111.421,0.399,2,1344
A452,FORMOSA DO RIO PRETO,BA,3,-11.05222222,-45.20083333,-0.446,0.227,0.944,116.932,0.53,1,744
A452,FORMOSA DO RIO PRETO,BA,4,-11.05222222,-45.20083333,-0.254,0.196,0.935,127.603,0.343,2,1439
A452,FORMOSA DO RIO PRETO,BA,5,-11.05222222,-45.20083333,-0.342,0.281,0.957,129.388,0.462,2,1488
A452,FORMOSA DO RIO PRETO,BA,6,-11.05222222,-45.20083333,-0.407,0.339,0.976,129.831,0.543,2,1440
A452,FORMOSA DO RIO PRETO,BA,7,-11.05222222,-45.20083333,-0.722,0.399,1.255,118.964,0.657,3,2152
A452,FORMOSA DO RIO PRETO,BA,8,-11.05222222,-45.20083333,-0.811,0.372,1.389,114.615,0.642,3,2220
A452,FORMOSA DO RIO PRETO,BA,9,-11.05222222,-45.20083333,-0.712,0.263,1.344,110.242,0.565,4,2733
A452,FORMOSA DO RIO PRETO,BA,10,-11.05222222,-45.20083333,-0.395,0.025,1.304,93.655,0.303,4,2972
A452,FORMOSA DO RIO PRETO,BA,11,-11.05222222,-45.20083333,-0.205,0.003,1.269,90.881,0.161,4,2855
A452,FORMOSA DO RIO PRETO,BA,12,-11.05222222,-45.20083333,-0.101,-0.027,1.253,75.182,0.084,3,2232
A453,NOSSA SENHORA DA GLORIA,SE,1,-10.20777777,-37.43194443,-2.458,0.167,3.085,93.885,0.799,1,733
A453,NOSSA SENHORA DA GLORIA,SE,2,-10.20777777,-37.43194443,-2.201,1.079,2.891,116.121,0.848,1,676
A453,NOSSA SENHORA DA GLORIA,SE,3,-10.20777777,-37.43194443,-2.415,0.879,2.911,110.002,0.883,1,741
A453,NOSSA SENHORA DA GLORIA,SE,4,-10.20777777,-37.43194443,-1.979,1.128,2.757,119.67,0.826,1,487
A453,NOSSA SENHORA DA GLORIA,SE,5,-10.20777777,-37.43194443,-1.623,1.837,2.818,138.553,0.87,1,713
A453,NOSSA SENHORA DA GLORIA,SE,6,-10.20777777,-37.43194443,-1.283,2.225,2.85,150.017,0.901,1,720
A453,NOSSA SENHORA DA GLORIA,SE,7,-10.20777777,-37.43194443,-1.566,1.857,2.785,139.857,0.872,1,492
A453,NOSSA SENHORA DA GLORIA,SE,8,-10.20777777,-37.43194443,-2.174,1.312,2.917,121.114,0.87,1,736
A453,NOSSA SENHORA DA GLORIA,SE,9,-10.20777777,-37.43194443,-2.611,1.304,3.225,116.535,0.905,1,673
A453,NOSSA SENHORA DA GLORIA,SE,10,-10.20777777,-37.43194443,-3.242,0.94,3.644,106.167,0.926,1,674
A453,NOSSA SENHORA DA GLORIA,SE,11,-10.20777777,-37.43194443,-3.423,0.512,3.707,98.507,0.933,1,720
A453,NOSSA SENHORA DA GLORIA,SE,12,-10.20777777,-37.43194443,-3.129,0.637,3.518,101.508,0.908,1,739
A455,ITAMARAJU,BA,1,-17.00694444,-39.55805555,-1.044,-1.874,2.68,29.131,0.8,2,1224
A455,ITAMARAJU,BA,2,-17.00694444,-39.55805555,-0.657,-1.215,2.302,28.398,0.6,1,489
A455,ITAMARAJU,BA,8,-17.00694444,-39.55805555,-0.464,-1.26,2.949,20.207,0.455,1,434
A455,ITAMARAJU,BA,9,-17.00694444,-39.55805555,-0.872,-1.096,2.581,38.513,0.543,1,720
A455,ITAMARAJU,BA,10,-17.00694444,-39.55805555,-1.232,-1.694,2.834,36.016,0.739,2,1485
A455,ITAMARAJU,BA,11,-17.00694444,-39.55805555,-0.792,-1.193,3.174,33.595,0.451,2,1440
A455,ITAMARAJU,BA,12,-17.00694444,-39.55805555,-1.077,-1.799,2.892,30.917,0.725,2,1487
A456,SALVADOR (RADIO FAROL),BA,1,-12.80833333,-38.49583333,-0.706,0.093,1.663,97.493,0.428,3,2163
A456,SALVADOR (RADIO FAROL),BA,2,-12.80833333,-38.49583333,-0.591,0.464,1.414,128.17,0.531,3,1967
A456,SALVADOR (RADIO FAROL),BA,3,-12.80833333,-38.49583333,-0.404,0.443,1.374,137.645,0.436,3,2152
A456,SALVADOR (RADIO FAROL),BA,4,-12.80833333,-38.49583333,-0.223,0.475,1.29,154.806,0.407,3,2088
A456,SALVADOR (RADIO FAROL),BA,5,-12.80833333,-38.49583333,-0.478,0.491,1.082,135.756,0.633,2,1488
A456,SALVADOR (RADIO FAROL),BA,6,-12.80833333,-38.49583333,-0.528,0.261,0.988,116.328,0.597,2,1440
A456,SALVADOR (RADIO FAROL),BA,7,-12.80833333,-38.49583333,-0.56,0.455,1.036,129.067,0.696,2,1488
A456,SALVADOR (RADIO FAROL),BA,8,-12.80833333,-38.49583333,-0.862,0.367,1.218,113.038,0.769,2,1488
A456,SALVADOR (RADIO FAROL),BA,9,-12.80833333,-38.49583333,-1.193,0.265,1.392,102.511,0.878,1,719
A456,SALVADOR (RADIO FAROL),BA,10,-12.80833333,-38.49583333,-1.107,-0.151,1.622,82.249,0.689,1,743
A456,SALVADOR (RADIO FAROL),BA,11,-12.80833333,-38.49583333,-1.286,-0.161,1.78,82.88,0.728,2,1439
A456,SALVADOR (RADIO FAROL),BA,12,-12.80833333,-38.49583333,-1.061,0.183,1.725,99.777,0.624,3,1950
A458,RIBEIRA DO AMPARO,BA,1,-11.05861111,-38.44416666,-1.388,1.156,2.325,129.799,0.777,6,4181
A458,RIBEIRA DO AMPARO,BA,2,-11.05861111,-38.44416666,-1.303,1.29,2.236,134.716,0.82,5,3229
A458,RIBEIRA DO AMPARO,BA,3,-11.05861111,-38.44416666,-1.019,1.389,2.03,143.745,0.849,6,4354
A458,RIBEIRA DO AMPARO,BA,4,-11.05861111,-38.44416666,-0.681,1.296,1.809,152.269,0.809,6,3928
A458,RIBEIRA DO AMPARO,BA,5,-11.05861111,-38.44416666,-0.449,1.378,1.671,161.937,0.867,6,4356
A458,RIBEIRA DO AMPARO,BA,6,-11.05861111,-38.44416666,-0.415,1.419,1.637,163.685,0.903,6,4315
A458,RIBEIRA DO AMPARO,BA,7,-11.05861111,-38.44416666,-0.633,1.522,1.832,157.429,0.9,5,3694
A458,RIBEIRA DO AMPARO,BA,8,-11.05861111,-38.44416666,-0.925,1.474,1.969,147.896,0.884,6,4357
A458,RIBEIRA DO AMPARO,BA,9,-11.05861111,-38.44416666,-1.306,1.672,2.362,142.007,0.898,5,3516
A458,RIBEIRA DO AMPARO,BA,10,-11.05861111,-38.44416666,-1.794,1.526,2.663,130.393,0.885,5,3502
A458,RIBEIRA DO AMPARO,BA,11,-11.05861111,-38.44416666,-1.602,1.078,2.498,123.933,0.773,5,3333
A458,RIBEIRA DO AMPARO,BA,12,-11.05861111,-38.44416666,-1.702,1.037,2.44,121.366,0.817,5,3385
A472,ACAJUTIBA,BA,5,-11.65444444,-38.01583333,-0.683,1.653,2.22,157.559,0.806,1,540
A472,ACAJUTIBA,BA,6,-11.65444444,-38.01583333,-0.616,1.568,2.156,158.552,0.781,1,719
A472,ACAJUTIBA,BA,7,-11.65444444,-38.01583333,-0.965,1.138,2.048,139.718,0.729,1,744
A472,ACAJUTIBA,BA,8,-11.65444444,-38.01583333,-1.232,1.171,2.235,133.557,0.76,1,744
A502,BARBACENA,MG,1,-21.22833332,-43.76777777,0.435,0.294,0.525,236.0,1.0,3,2232
A502,BARBACENA,MG,2,-21.22833332,-43.76777777,0.2,0.089,0.765,246.076,0.286,3,1987
A502,BARBACENA,MG,3,-21.22833332,-43.76777777,-0.514,-0.284,0.999,61.118,0.588,3,2229
A502,BARBACENA,MG,4,-21.22833332,-43.76777777,-0.471,0.109,1.023,102.985,0.473,5,2901
A502,BARBACENA,MG,5,-21.22833332,-43.76777777,-0.173,-0.074,1.112,66.947,0.169,5,3524
A502,BARBACENA,MG,6,-21.22833332,-43.76777777,-0.315,-0.159,1.159,63.191,0.304,5,3362
A502,BARBACENA,MG,7,-21.22833332,-43.76777777,-0.458,-0.087,1.313,79.294,0.355,5,3490
A502,BARBACENA,MG,8,-21.22833332,-43.76777777,-0.161,0.229,1.496,144.881,0.187,4,2957
A502,BARBACENA,MG,9,-21.22833332,-43.76777777,-0.146,0.233,1.57,147.928,0.175,4,2869
A502,BARBACENA,MG,10,-21.22833332,-43.76777777,0.346,0.399,1.273,220.994,0.415,3,1923
A502,BARBACENA,MG,11,-21.22833332,-43.76777777,0.921,0.621,1.111,236.0,1.0,2,1440
A502,BARBACENA,MG,12,-21.22833332,-43.76777777,0.803,0.542,0.969,236.0,1.0,2,1488
A505,ARAXA,MG,1,-19.605696,-46.949617,-0.612,-0.374,2.038,58.571,0.352,5,3719
A505,ARAXA,MG,2,-19.605696,-46.949617,-0.764,-0.26,2.052,71.203,0.393,5,3332
A505,ARAXA,MG,3,-19.605696,-46.949617,-1.015,-0.181,2.123,79.884,0.486,5,3404
A505,ARAXA,MG,4,-19.605696,-46.949617,-1.115,-0.018,2.039,89.085,0.547,5,3280
A505,ARAXA,MG,5,-19.605696,-46.949617,-0.943,-0.023,1.986,88.602,0.475,4,2948
A505,ARAXA,MG,6,-19.605696,-46.949617,-1.318,0.097,2.272,94.204,0.582,4,2868
A505,ARAXA,MG,7,-19.605696,-46.949617,-1.554,-0.012,2.44,89.558,0.637,5,3675
A505,ARAXA,MG,8,-19.605696,-46.949617,-1.548,-0.045,2.589,88.337,0.598,5,3685
A505,ARAXA,MG,9,-19.605696,-46.949617,-1.479,-0.224,2.623,81.372,0.57,4,2880
A505,ARAXA,MG,10,-19.605696,-46.949617,-1.426,-0.2,2.662,82.014,0.541,5,3620
A505,ARAXA,MG,11,-19.605696,-46.949617,-0.864,-0.233,2.319,74.892,0.386,5,3386
A505,ARAXA,MG,12,-19.605696,-46.949617,-0.662,-0.453,2.183,55.61,0.368,5,3718
A506,MONTES CLAROS,MG,1,-16.68638888,-43.84388888,-0.592,-0.594,1.514,44.909,0.554,6,4462
A506,MONTES CLAROS,MG,2,-16.68638888,-43.84388888,-0.56,-0.465,1.497,50.3,0.486,6,4056
A506,MONTES CLAROS,MG,3,-16.68638888,-43.84388888,-0.747,-0.223,1.547,73.385,0.504,5,3720
A506,MONTES CLAROS,MG,4,-16.68638888,-43.84388888,-0.523,-0.057,1.428,83.815,0.369,5,3600
A506,MONTES CLAROS,MG,5,-16.68638888,-43.84388888,-0.491,0.04,1.409,94.64,0.35,5,3718
A506,MONTES CLAROS,MG,6,-16.68638888,-43.84388888,-0.461,0.031,1.384,93.86,0.334,5,3600
A506,MONTES CLAROS,MG,7,-16.68638888,-43.84388888,-0.68,0.053,1.589,94.477,0.429,5,3720
A506,MONTES CLAROS,MG,8,-16.68638888,-43.84388888,-0.975,-0.033,1.816,88.05,0.538,5,3720
A506,MONTES CLAROS,MG,9,-16.68638888,-43.84388888,-1.622,-0.25,2.248,81.241,0.73,4,2880
A506,MONTES CLAROS,MG,10,-16.68638888,-43.84388888,-1.294,-0.064,2.054,87.187,0.631,4,2969
A506,MONTES CLAROS,MG,11,-16.68638888,-43.84388888,-0.785,-0.285,1.703,70.074,0.491,4,2880
A506,MONTES CLAROS,MG,12,-16.68638888,-43.84388888,-0.551,-0.431,1.557,51.935,0.449,5,3718
A507,UBERLANDIA,MG,1,-18.91694443,-48.25555555,-0.12,-0.587,1.481,11.551,0.405,6,4462
A507,UBERLANDIA,MG,2,-18.91694443,-48.25555555,-0.312,-0.497,1.452,32.151,0.404,6,4055
A507,UBERLANDIA,MG,3,-18.91694443,-48.25555555,-0.588,-0.476,1.453,51.018,0.521,6,4464
A507,UBERLANDIA,MG,4,-18.91694443,-48.25555555,-0.697,-0.242,1.451,70.857,0.509,6,4320
A507,UBERLANDIA,MG,5,-18.91694443,-48.25555555,-0.706,-0.239,1.429,71.285,0.522,6,4464
A507,UBERLANDIA,MG,6,-18.91694443,-48.25555555,-0.814,-0.253,1.463,72.771,0.583,6,4319
A507,UBERLANDIA,MG,7,-18.91694443,-48.25555555,-0.929,-0.31,1.546,71.526,0.633,6,4464
A507,UBERLANDIA,MG,8,-18.91694443,-48.25555555,-0.944,-0.378,1.759,68.171,0.578,6,4436
A507,UBERLANDIA,MG,9,-18.91694443,-48.25555555,-0.949,-0.492,1.934,62.58,0.553,5,3485
A507,UBERLANDIA,MG,10,-18.91694443,-48.25555555,-0.71,-0.494,1.812,55.175,0.478,5,3711
A507,UBERLANDIA,MG,11,-18.91694443,-48.25555555,-0.381,-0.443,1.696,40.659,0.344,5,3501
A507,UBERLANDIA,MG,12,-18.91694443,-48.25555555,-0.193,-0.612,1.607,17.543,0.399,5,3717
A508,ALMENARA,MG,1,-16.166773,-40.687756,-1.081,-0.143,1.447,82.443,0.754,6,4463
A508,ALMENARA,MG,2,-16.166773,-40.687756,-0.958,-0.176,1.336,79.579,0.729,5,3384
A508,ALMENARA,MG,3,-16.166773,-40.687756,-0.936,-0.15,1.347,80.912,0.704,5,3720
A508,ALMENARA,MG,4,-16.166773,-40.687756,-0.325,0.0,1.021,90.066,0.318,4,2880
A508,ALMENARA,MG,5,-16.166773,-40.687756,-0.218,-0.06,0.914,74.698,0.247,4,2928
A508,ALMENARA,MG,6,-16.166773,-40.687756,-0.208,-0.062,0.858,73.368,0.253,5,3597
A508,ALMENARA,MG,7,-16.166773,-40.687756,-0.444,-0.115,0.975,75.432,0.471,5,3714
A508,ALMENARA,MG,8,-16.166773,-40.687756,-0.788,-0.104,1.318,82.513,0.603,5,3668
A508,ALMENARA,MG,9,-16.166773,-40.687756,-1.491,-0.228,1.821,81.314,0.829,5,3546
A508,ALMENARA,MG,10,-16.166773,-40.687756,-1.791,-0.132,2.131,85.771,0.843,4,2969
A508,ALMENARA,MG,11,-16.166773,-40.687756,-1.029,-0.074,1.505,85.862,0.685,4,2739
A508,ALMENARA,MG,12,-16.166773,-40.687756,-1.17,-0.114,1.501,84.434,0.783,5,3635
A509,MONTE VERDE,MG,1,-22.86166666,-46.04333333,-0.061,-0.2,1.289,16.881,0.162,6,4463
A509,MONTE VERDE,MG,2,-22.86166666,-46.04333333,0.062,-0.213,1.173,343.801,0.189,6,4056
A509,MONTE VERDE,MG,3,-22.86166666,-46.04333333,-0.085,-0.223,1.1,20.871,0.217,6,4464
A509,MONTE VERDE,MG,4,-22.86166666,-46.04333333,0.074,-0.268,1.131,344.537,0.246,6,4319
A509,MONTE VERDE,MG,5,-22.86166666,-46.04333333,0.207,-0.259,0.887,321.386,0.373,6,4368
A509,MONTE VERDE,MG,6,-22.86166666,-46.04333333,0.187,-0.275,0.878,325.802,0.379,6,4257
A509,MONTE VERDE,MG,7,-22.86166666,-46.04333333,0.157,-0.289,0.914,331.559,0.36,6,4406
A509,MONTE VERDE,MG,8,-22.86166666,-46.04333333,0.158,-0.314,1.101,333.342,0.32,6,4393
A509,MONTE VERDE,MG,9,-22.86166666,-46.04333333,-0.009,-0.374,1.309,1.455,0.286,5,3577
A509,MONTE VERDE,MG,10,-22.86166666,-46.04333333,0.014,-0.286,1.417,357.12,0.202,5,3712
A509,MONTE VERDE,MG,11,-22.86166666,-46.04333333,0.001,-0.261,1.479,359.704,0.176,5,3600
A509,MONTE VERDE,MG,12,-22.86166666,-46.04333333,0.09,-0.254,1.473,340.56,0.183,5,3694
A510,VICOSA,MG,1,-20.762607,-42.864013,-0.042,-0.701,0.934,3.416,0.752,4,2970
A510,VICOSA,MG,2,-20.762607,-42.864013,-0.022,-0.606,0.858,2.038,0.706,5,3376
A510,VICOSA,MG,3,-20.762607,-42.864013,0.018,-0.466,0.707,357.791,0.66,6,4202
A510,VICOSA,MG,4,-20.762607,-42.864013,0.046,-0.281,0.556,350.787,0.512,6,4292
A510,VICOSA,MG,5,-20.762607,-42.864013,0.076,-0.329,0.549,347.032,0.616,6,4375
A510,VICOSA,MG,6,-20.762607,-42.864013,0.085,-0.365,0.558,346.89,0.672,6,4226
A510,VICOSA,MG,7,-20.762607,-42.864013,0.094,-0.346,0.597,344.872,0.601,6,4370
A510,VICOSA,MG,8,-20.762607,-42.864013,0.044,-0.491,0.743,354.913,0.664,6,4367
A510,VICOSA,MG,9,-20.762607,-42.864013,-0.071,-0.71,0.988,5.678,0.722,5,3597
A510,VICOSA,MG,10,-20.762607,-42.864013,-0.088,-0.651,0.938,7.714,0.701,5,3712
A510,VICOSA,MG,11,-20.762607,-42.864013,-0.003,-0.511,0.855,0.315,0.598,5,3598
A510,VICOSA,MG,12,-20.762607,-42.864013,-0.018,-0.636,0.905,1.583,0.703,5,3620
A511,TIMOTEO,MG,1,-19.57388888,-42.62249999,-0.139,-0.253,0.599,28.859,0.482,6,4463
A511,TIMOTEO,MG,2,-19.57388888,-42.62249999,-0.197,-0.254,0.59,37.761,0.545,6,4056
A511,TIMOTEO,MG,3,-19.57388888,-42.62249999,-0.173,-0.234,0.589,36.485,0.494,6,4463
A511,TIMOTEO,MG,4,-19.57388888,-42.62249999,-0.152,-0.141,0.545,47.133,0.38,6,4320
A511,TIMOTEO,MG,5,-19.57388888,-42.62249999,-0.138,-0.137,0.471,45.137,0.413,6,4401
A511,TIMOTEO,MG,6,-19.57388888,-42.62249999,-0.153,-0.153,0.488,45.073,0.443,5,3600
A511,TIMOTEO,MG,7,-19.57388888,-42.62249999,-0.153,-0.202,0.613,37.189,0.413,5,3720
A511,TIMOTEO,MG,8,-19.57388888,-42.62249999,-0.168,-0.346,0.751,25.87,0.512,5,3720
A511,TIMOTEO,MG,9,-19.57388888,-42.62249999,-0.334,-0.588,0.876,29.625,0.772,3,2160
A511,TIMOTEO,MG,10,-19.57388888,-42.62249999,-0.321,-0.52,0.788,31.7,0.777,3,2226
A511,TIMOTEO,MG,11,-19.57388888,-42.62249999,-0.278,-0.367,0.628,37.176,0.734,5,3491
A511,TIMOTEO,MG,12,-19.57388888,-42.62249999,-0.26,-0.322,0.533,38.914,0.776,5,3717
A512,ITUIUTABA,MG,1,-18.95277777,-49.52499999,-0.083,-0.378,1.058,12.357,0.366,5,3418
A512,ITUIUTABA,MG,2,-18.95277777,-49.52499999,-0.124,-0.294,1.04,22.897,0.307,4,2543
A512,ITUIUTABA,MG,3,-18.95277777,-49.52499999,-0.396,-0.239,1.183,58.829,0.391,4,2766
A512,ITUIUTABA,MG,4,-18.95277777,-49.52499999,-0.275,0.018,1.105,93.663,0.249,3,2149
A512,ITUIUTABA,MG,5,-18.95277777,-49.52499999,-0.315,-0.112,1.123,70.421,0.298,4,2967
A512,ITUIUTABA,MG,6,-18.95277777,-49.52499999,-0.394,-0.132,1.144,71.406,0.363,5,3316
A512,ITUIUTABA,MG,7,-18.95277777,-49.52499999,-0.618,-0.165,1.393,75.074,0.459,5,3697
A512,ITUIUTABA,MG,8,-18.95277777,-49.52499999,-0.586,-0.064,1.774,83.774,0.333,5,3690
A512,ITUIUTABA,MG,9,-18.95277777,-49.52499999,-0.894,-0.269,2.025,73.27,0.461,3,2092
A512,ITUIUTABA,MG,10,-18.95277777,-49.52499999,-0.432,-0.039,1.903,84.888,0.228,3,1800
A512,ITUIUTABA,MG,11,-18.95277777,-49.52499999,-0.27,-0.145,1.596,61.753,0.192,3,2053
A512,ITUIUTABA,MG,12,-18.95277777,-49.52499999,-0.029,-0.399,1.254,4.114,0.319,3,2089
A513,OURO BRANCO,MG,1,-20.55666666,-43.75611111,-0.498,-0.332,2.087,56.31,0.287,6,4121
A513,OURO BRANCO,MG,2,-20.55666666,-43.75611111,-0.527,-0.281,2.044,61.939,0.292,5,3133
A513,OURO BRANCO,MG,3,-20.55666666,-43.75611111,-0.97,0.142,1.963,98.33,0.5,5,2983
A513,OURO BRANCO,MG,4,-20.55666666,-43.75611111,-0.854,0.532,1.815,121.906,0.554,4,2525
A513,OURO BRANCO,MG,5,-20.55666666,-43.75611111,-0.736,0.306,1.825,112.543,0.437,5,3412
A513,OURO BRANCO,MG,6,-20.55666666,-43.75611111,-0.543,0.026,1.758,92.698,0.309,6,3781
A513,OURO BRANCO,MG,7,-20.55666666,-43.75611111,-0.731,0.138,1.991,100.693,0.374,6,3811
A513,OURO BRANCO,MG,8,-20.55666666,-43.75611111,-1.199,0.284,2.218,103.318,0.555,5,3720
A513,OURO BRANCO,MG,9,-20.55666666,-43.75611111,-1.37,0.355,2.482,104.545,0.57,4,2719
A513,OURO BRANCO,MG,10,-20.55666666,-43.75611111,-1.108,0.228,2.331,101.651,0.485,5,3156
A513,OURO BRANCO,MG,11,-20.55666666,-43.75611111,-0.789,0.19,2.265,103.545,0.359,4,2767
A513,OURO BRANCO,MG,12,-20.55666666,-43.75611111,-0.383,-0.257,2.235,56.201,0.206,5,3348
A514,SAO JOAO DEL REI,MG,1,-21.106502,-44.250928,-0.387,-0.129,2.118,71.619,0.193,6,4462
A514,SAO JOAO DEL REI,MG,2,-21.106502,-44.250928,-0.394,-0.029,1.984,85.72,0.199,6,4056
A514,SAO JOAO DEL REI,MG,3,-21.106502,-44.250928,-0.682,0.288,2.055,112.933,0.36,6,4464
A514,SAO JOAO DEL REI,MG,4,-21.106502,-44.250928,-0.788,0.605,2.112,127.526,0.47,6,4320
A514,SAO JOAO DEL REI,MG,5,-21.106502,-44.250928,-0.408,0.337,1.872,129.555,0.283,6,4247
A514,SAO JOAO DEL REI,MG,6,-21.106502,-44.250928,-0.389,0.283,1.769,126.079,0.272,5,3600
A514,SAO JOAO DEL REI,MG,7,-21.106502,-44.250928,-0.541,0.427,1.981,128.246,0.348,6,4464
A514,SAO JOAO DEL REI,MG,8,-21.106502,-44.250928,-0.992,0.505,2.339,116.985,0.476,6,4464
A514,SAO JOAO DEL REI,MG,9,-21.106502,-44.250928,-1.341,0.519,2.724,111.158,0.528,5,3599
A514,SAO JOAO DEL REI,MG,10,-21.106502,-44.250928,-1.347,0.532,2.753,111.533,0.526,4,2966
A514,SAO JOAO DEL REI,MG,11,-21.106502,-44.250928,-0.96,0.418,2.598,113.549,0.403,4,2879
A514,SAO JOAO DEL REI,MG,12,-21.106502,-44.250928,-0.5,-0.108,2.334,77.78,0.219,4,2974
A515,VARGINHA,MG,1,-21.56638888,-45.40416666,-0.356,-0.487,1.748,36.135,0.345,3,2232
A515,VARGINHA,MG,2,-21.56638888,-45.40416666,-0.594,-0.295,1.673,63.557,0.397,4,2687
A515,VARGINHA,MG,3,-21.56638888,-45.40416666,-0.825,-0.193,1.798,76.847,0.471,5,3673
A515,VARGINHA,MG,4,-21.56638888,-45.40416666,-0.634,0.014,1.595,91.265,0.397,5,3600
A515,VARGINHA,MG,5,-21.56638888,-45.40416666,-0.596,-0.135,1.553,77.189,0.393,5,3718
A515,VARGINHA,MG,6,-21.56638888,-45.40416666,-0.517,-0.194,1.58,69.413,0.35,4,2880
A515,VARGINHA,MG,7,-21.56638888,-45.40416666,-0.63,-0.057,1.729,84.832,0.366,4,2976
A515,VARGINHA,MG,8,-21.56638888,-45.40416666,-0.825,-0.195,1.999,76.725,0.424,5,3720
A515,VARGINHA,MG,9,-21.56638888,-45.40416666,-0.935,-0.29,2.179,72.789,0.449,4,2879
A515,VARGINHA,MG,10,-21.56638888,-45.40416666,-0.847,-0.237,2.054,74.339,0.428,3,2232
A515,VARGINHA,MG,11,-21.56638888,-45.40416666,-0.868,-0.298,1.941,71.069,0.473,2,1440
A515,VARGINHA,MG,12,-21.56638888,-45.40416666,-0.623,-0.499,1.933,51.316,0.413,3,2232
A516,PASSOS,MG,1,-20.745237,-46.633916,-0.286,0.113,1.028,111.6,0.299,6,4407
A516,PASSOS,MG,2,-20.745237,-46.633916,-0.193,0.12,0.976,121.795,0.233,6,3970
A516,PASSOS,MG,3,-20.745237,-46.633916,-0.162,0.038,0.956,103.073,0.174,6,4395
A516,PASSOS,MG,4,-20.745237,-46.633916,-0.23,0.174,0.897,127.15,0.321,6,3824
A516,PASSOS,MG,5,-20.745237,-46.633916,-0.141,0.053,0.895,110.702,0.169,5,3261
A516,PASSOS,MG,6,-20.745237,-46.633916,-0.182,0.135,0.924,126.438,0.245,5,3560
A516,PASSOS,MG,7,-20.745237,-46.633916,-0.24,0.093,1.011,111.22,0.255,6,4049
A516,PASSOS,MG,8,-20.745237,-46.633916,-0.177,0.296,1.416,149.052,0.243,5,3711
A516,PASSOS,MG,9,-20.745237,-46.633916,-0.176,0.336,1.529,152.315,0.248,5,3592
A516,PASSOS,MG,10,-20.745237,-46.633916,-0.489,0.166,1.437,108.775,0.359,5,3709
A516,PASSOS,MG,11,-20.745237,-46.633916,-0.235,0.144,1.297,121.518,0.212,5,3581
A516,PASSOS,MG,12,-20.745237,-46.633916,-0.289,0.098,1.062,108.672,0.287,5,3685
A517,MURIAE,MG,1,-21.105,-42.37583332,-0.056,0.136,0.604,157.522,0.243,5,3719
A517,MURIAE,MG,2,-21.105,-42.37583332,-0.028,0.146,0.6,169.179,0.248,6,4053
A517,MURIAE,MG,3,-21.105,-42.37583332,-0.101,0.111,0.554,137.601,0.271,6,4464
A517,MURIAE,MG,4,-21.105,-42.37583332,-0.057,0.149,0.54,159.097,0.295,6,4320
A517,MURIAE,MG,5,-21.105,-42.37583332,-0.014,0.097,0.472,171.905,0.208,6,4328
A517,MURIAE,MG,6,-21.105,-42.37583332,-0.01,0.103,0.513,174.181,0.201,6,4255
A517,MURIAE,MG,7,-21.105,-42.37583332,-0.05,0.09,0.666,150.926,0.155,6,4054
A517,MURIAE,MG,8,-21.105,-42.37583332,-0.141,0.107,0.757,127.185,0.235,3,1957
A517,MURIAE,MG,9,-21.105,-42.37583332,-0.284,0.051,0.73,100.121,0.395,4,2643
A517,MURIAE,MG,10,-21.105,-42.37583332,-0.287,0.081,0.78,105.867,0.382,4,2527
A517,MURIAE,MG,11,-21.105,-42.37583332,-0.213,0.106,0.75,116.379,0.318,5,3442
A517,MURIAE,MG,12,-21.105,-42.37583332,-0.112,0.095,0.658,130.303,0.224,5,3475
A518,JUIZ DE FORA,MG,1,-21.769965,-43.364329,-0.212,-0.575,2.445,20.236,0.251,6,4462
A518,JUIZ DE FORA,MG,2,-21.769965,-43.364329,-0.344,-0.432,2.329,38.54,0.237,6,4056
A518,JUIZ DE FORA,MG,3,-21.769965,-43.364329,-0.61,-0.171,2.337,74.341,0.271,6,4374
A518,JUIZ DE FORA,MG,4,-21.769965,-43.364329,-0.433,0.417,2.343,133.978,0.257,5,3596
A518,JUIZ DE FORA,MG,5,-21.769965,-43.364329,-0.209,-0.167,2.242,51.281,0.119,6,4193
A518,JUIZ DE FORA,MG,6,-21.769965,-43.364329,-0.04,-0.391,2.276,5.855,0.173,6,4316
A518,JUIZ DE FORA,MG,7,-21.769965,-43.364329,-0.252,0.027,2.35,96.16,0.108,5,3715
A518,JUIZ DE FORA,MG,8,-21.769965,-43.364329,-0.598,-0.226,2.687,69.267,0.238,6,4462
A518,JUIZ DE FORA,MG,9,-21.769965,-43.364329,-0.733,-0.247,2.914,71.343,0.265,5,3600
A518,JUIZ DE FORA,MG,10,-21.769965,-43.364329,-0.896,-0.055,2.874,86.481,0.313,5,3713
A518,JUIZ DE FORA,MG,11,-21.769965,-43.364329,-0.471,0.358,2.827,127.23,0.209,5,3600
A518,JUIZ DE FORA,MG,12,-21.769965,-43.364329,-0.278,-0.239,2.667,49.265,0.138,5,3718
A519,CAMPINA VERDE,MG,1,-19.53921,-49.518133,-0.065,-0.851,1.742,4.39,0.49,6,4463
A519,CAMPINA VERDE,MG,2,-19.53921,-49.518133,-0.195,-0.693,1.562,15.679,0.461,6,4054
A519,CAMPINA VERDE,MG,3,-19.53921,-49.518133,-0.379,-0.604,1.45,32.11,0.491,6,4119
A519,CAMPINA VERDE,MG,4,-19.53921,-49.518133,-0.388,-0.314,1.264,51.011,0.395,6,4155
A519,CAMPINA VERDE,MG,5,-19.53921,-49.518133,-0.401,-0.395,1.393,45.427,0.405,6,4188
A519,CAMPINA VERDE,MG,6,-19.53921,-49.518133,-0.53,-0.534,1.487,44.821,0.506,6,3975
A519,CAMPINA VERDE,MG,7,-19.53921,-49.518133,-0.664,-0.563,1.488,49.692,0.585,5,3719
A519,CAMPINA VERDE,MG,8,-19.53921,-49.518133,-0.563,-0.612,1.846,42.595,0.451,5,3718
A519,CAMPINA VERDE,MG,9,-19.53921,-49.518133,-0.703,-0.637,2.077,47.813,0.457,4,2876
A519,CAMPINA VERDE,MG,10,-19.53921,-49.518133,-0.415,-0.727,2.103,29.726,0.398,5,3340
A519,CAMPINA VERDE,MG,11,-19.53921,-49.518133,-0.155,-0.626,1.934,13.876,0.333,5,3527
A519,CAMPINA VERDE,MG,12,-19.53921,-49.518133,-0.082,-0.935,1.874,5.034,0.501,5,3718
A520,CONCEICAO DAS ALAGOAS,MG,1,-19.98586,-48.151574,0.214,-0.008,1.342,272.261,0.16,6,4454
A520,CONCEICAO DAS ALAGOAS,MG,2,-19.98586,-48.151574,0.176,-0.026,1.154,278.559,0.154,6,4046
A520,CONCEICAO DAS ALAGOAS,MG,3,-19.98586,-48.151574,0.089,0.006,1.221,266.338,0.073,5,3718
A520,CONCEICAO DAS ALAGOAS,MG,4,-19.98586,-48.151574,0.021,0.063,1.05,198.34,0.063,5,3589
A520,CONCEICAO DAS ALAGOAS,MG,5,-19.98586,-48.151574,0.126,0.222,1.277,209.582,0.2,5,3466
A520,CONCEICAO DAS ALAGOAS,MG,6,-19.98586,-48.151574,0.242,0.022,1.687,264.851,0.144,5,3592
A520,CONCEICAO DAS ALAGOAS,MG,7,-19.98586,-48.151574,0.183,0.118,1.825,237.05,0.119,5,3699
A520,CONCEICAO DAS ALAGOAS,MG,8,-19.98586,-48.151574,0.219,0.249,1.879,221.327,0.176,5,3716
A520,CONCEICAO DAS ALAGOAS,MG,9,-19.98586,-48.151574,0.157,0.125,1.824,231.442,0.11,4,2851
A520,CONCEICAO DAS ALAGOAS,MG,10,-19.98586,-48.151574,0.151,0.343,1.558,203.779,0.24,4,2972
A520,CONCEICAO DAS ALAGOAS,MG,11,-19.98586,-48.151574,0.211,0.241,1.702,221.248,0.188,5,3555
A520,CONCEICAO DAS ALAGOAS,MG,12,-19.98586,-48.151574,0.425,0.17,1.71,248.155,0.268,5,3674
A521,BELO HORIZONTE (PAMPULHA),MG,1,-19.88388888,-43.96944443,-0.69,-0.254,1.391,69.831,0.529,4,2976
A521,BELO HORIZONTE - PAMPULHA,MG,1,-19.88388888,-43.96944443,-0.547,-0.182,1.17,71.589,0.493,2,1487
A521,BELO HORIZONTE (PAMPULHA),MG,2,-19.88388888,-43.96944443,-0.671,-0.273,1.344,67.868,0.539,4,2712
A521,BELO HORIZONTE - PAMPULHA,MG,2,-19.88388888,-43.96944443,-0.654,-0.139,1.114,78.019,0.6,2,1344
A521,BELO HORIZONTE (PAMPULHA),MG,3,-19.88388888,-43.96944443,-1.054,-0.129,1.57,83.019,0.676,4,2976
A521,BELO HORIZONTE - PAMPULHA,MG,3,-19.88388888,-43.96944443,-0.804,0.011,1.189,90.807,0.676,2,1488
A521,BELO HORIZONTE (PAMPULHA),MG,4,-19.88388888,-43.96944443,-0.886,0.014,1.45,90.88,0.611,4,2880
A521,BELO HORIZONTE - PAMPULHA,MG,4,-19.88388888,-43.96944443,-0.671,0.056,1.145,94.751,0.589,2,1440
A521,BELO HORIZONTE (PAMPULHA),MG,5,-19.88388888,-43.96944443,-0.629,-0.046,1.303,85.836,0.484,4,2976
A521,BELO HORIZONTE - PAMPULHA,MG,5,-19.88388888,-43.96944443,-0.763,0.044,1.015,93.334,0.753,2,1488
A521,BELO HORIZONTE (PAMPULHA),MG,6,-19.88388888,-43.96944443,-0.749,0.001,1.215,90.044,0.617,4,2879
A521,BELO HORIZONTE - PAMPULHA,MG,6,-19.88388888,-43.96944443,-0.548,0.002,1.018,90.226,0.539,2,1440
A521,BELO HORIZONTE (PAMPULHA),MG,7,-19.88388888,-43.96944443,-0.981,-0.008,1.44,89.51,0.681,4,2976
A521,BELO HORIZONTE - PAMPULHA,MG,7,-19.88388888,-43.96944443,-0.546,0.016,1.037,91.658,0.527,2,1488
A521,BELO HORIZONTE (PAMPULHA),MG,8,-19.88388888,-43.96944443,-1.354,0.059,1.82,92.481,0.744,4,2976
A521,BELO HORIZONTE - PAMPULHA,MG,8,-19.88388888,-43.96944443,-1.104,0.022,1.545,91.121,0.715,2,1485
A521,BELO HORIZONTE (PAMPULHA),MG,9,-19.88388888,-43.96944443,-1.634,-0.04,2.055,88.613,0.796,4,2880
A521,BELO HORIZONTE - PAMPULHA,MG,9,-19.88388888,-43.96944443,-1.762,0.049,2.147,91.593,0.821,1,720
A521,BELO HORIZONTE (PAMPULHA),MG,10,-19.88388888,-43.96944443,-1.305,-0.094,1.85,85.869,0.707,4,2975
A521,BELO HORIZONTE - PAMPULHA,MG,10,-19.88388888,-43.96944443,-1.676,0.072,2.063,92.469,0.813,1,737
A521,BELO HORIZONTE (PAMPULHA),MG,11,-19.88388888,-43.96944443,-0.869,-0.059,1.568,86.131,0.556,4,2880
A521,BELO HORIZONTE - PAMPULHA,MG,11,-19.88388888,-43.96944443,-0.616,-0.047,1.376,85.63,0.449,1,720
A521,BELO HORIZONTE (PAMPULHA),MG,12,-19.88388888,-43.96944443,-0.741,-0.194,1.447,75.364,0.529,4,2968
A521,BELO HORIZONTE - PAMPULHA,MG,12,-19.88388888,-43.96944443,-0.241,-0.28,1.136,40.774,0.325,1,741
A522,SERRA DOS AIMORES,MG,1,-17.79888888,-40.25,-1.732,-0.804,2.84,65.091,0.672,2,1478
A522,SERRA DOS AIMORES,MG,2,-17.79888888,-40.25,-1.708,-0.622,2.601,69.992,0.699,3,1982
A522,SERRA DOS AIMORES,MG,3,-17.79888888,-40.25,-1.536,-0.096,2.367,86.419,0.65,3,2165
A522,SERRA DOS AIMORES,MG,4,-17.79888888,-40.25,-0.893,0.902,2.309,135.29,0.55,3,1995
A522,SERRA DOS AIMORES,MG,5,-17.79888888,-40.25,-0.843,0.563,2.036,123.742,0.498,3,2164
A522,SERRA DOS AIMORES,MG,6,-17.79888888,-40.25,-0.748,0.495,1.953,123.51,0.459,3,2094
A522,SERRA DOS AIMORES,MG,7,-17.79888888,-40.25,-1.135,0.498,2.385,113.697,0.52,3,2170
A522,SERRA DOS AIMORES,MG,8,-17.79888888,-40.25,-1.489,0.319,2.628,102.092,0.58,3,1876
A522,SERRA DOS AIMORES,MG,9,-17.79888888,-40.25,-2.148,0.003,3.193,90.074,0.673,3,1994
A522,SERRA DOS AIMORES,MG,10,-17.79888888,-40.25,-2.481,-0.503,3.422,78.547,0.74,3,2090
A522,SERRA DOS AIMORES,MG,11,-17.79888888,-40.25,-2.175,-0.13,3.336,86.578,0.653,2,1436
A522,SERRA DOS AIMORES,MG,12,-17.79888888,-40.25,-2.064,-0.619,3.288,73.315,0.655,2,1485
A523,PATROCINIO,MG,1,-18.996684,-46.985935,0.01,-0.616,1.051,359.1,0.586,5,3719
A523,PATROCINIO,MG,2,-18.996684,-46.985935,0.019,-0.511,0.948,357.909,0.539,5,3384
A523,PATROCINIO,MG,3,-18.996684,-46.985935,-0.106,-0.404,0.774,14.641,0.54,5,3720
A523,PATROCINIO,MG,4,-18.996684,-46.985935,-0.075,-0.157,0.578,25.34,0.302,5,3600
A523,PATROCINIO,MG,5,-18.996684,-46.985935,-0.043,-0.157,0.625,15.156,0.261,5,3719
A523,PATROCINIO,MG,6,-18.996684,-46.985935,-0.098,-0.158,0.582,31.843,0.32,6,4319
A523,PATROCINIO,MG,7,-18.996684,-46.985935,-0.133,-0.176,0.629,36.965,0.351,6,4464
A523,PATROCINIO,MG,8,-18.996684,-46.985935,-0.211,-0.273,0.84,37.644,0.411,6,4464
A523,PATROCINIO,MG,9,-18.996684,-46.985935,-0.313,-0.492,1.072,32.436,0.544,5,3567
A523,PATROCINIO,MG,10,-18.996684,-46.985935,-0.27,-0.462,1.084,30.316,0.494,3,2232
A523,PATROCINIO,MG,11,-18.996684,-46.985935,-0.054,-0.411,1.074,7.418,0.386,4,2767
A523,PATROCINIO,MG,12,-18.996684,-46.985935,-0.041,-0.598,1.13,3.958,0.53,4,2788
A524,FORMIGA,MG,1,-20.455,-45.45388888,-0.061,-0.813,1.865,4.264,0.437,5,3467
A524,FORMIGA,MG,2,-20.455,-45.45388888,-0.131,-0.743,1.693,10.006,0.446,5,3384
A524,FORMIGA,MG,3,-20.455,-45.45388888,-0.336,-0.504,1.585,33.677,0.382,6,4464
A524,FORMIGA,MG,4,-20.455,-45.45388888,-0.325,-0.193,1.322,59.307,0.286,5,3600
A524,FORMIGA,MG,5,-20.455,-45.45388888,-0.291,-0.273,1.271,46.894,0.314,6,4463
A524,FORMIGA,MG,6,-20.455,-45.45388888,-0.193,-0.23,1.125,39.97,0.267,6,4314
A524,FORMIGA,MG,7,-20.455,-45.45388888,-0.329,-0.323,1.279,45.577,0.36,6,4442
A524,FORMIGA,MG,8,-20.455,-45.45388888,-0.477,-0.415,1.614,48.992,0.391,6,4456
A524,FORMIGA,MG,9,-20.455,-45.45388888,-0.611,-0.67,2.005,42.38,0.452,5,3478
A524,FORMIGA,MG,10,-20.455,-45.45388888,-0.629,-0.521,1.991,50.388,0.41,4,2972
A524,FORMIGA,MG,11,-20.455,-45.45388888,-0.279,-0.539,1.9,27.365,0.32,5,3358
A524,FORMIGA,MG,12,-20.455,-45.45388888,-0.151,-0.887,2.0,9.644,0.45,5,3718
A525,SACRAMENTO,MG,1,-19.87527777,-47.43416666,-0.237,-0.651,1.553,20.028,0.447,4,2976
A525,SACRAMENTO,MG,2,-19.87527777,-47.43416666,-0.389,-0.557,1.474,34.944,0.461,4,2698
A525,SACRAMENTO,MG,3,-19.87527777,-47.43416666,-0.465,-0.499,1.413,42.947,0.482,5,3711
A525,SACRAMENTO,MG,4,-19.87527777,-47.43416666,-0.305,-0.297,1.351,45.805,0.315,5,3561
A525,SACRAMENTO,MG,5,-19.87527777,-47.43416666,-0.303,-0.53,1.341,29.806,0.455,4,2976
A525,SACRAMENTO,MG,6,-19.87527777,-47.43416666,-0.421,-0.586,1.37,35.699,0.527,5,3599
A525,SACRAMENTO,MG,7,-19.87527777,-47.43416666,-0.484,-0.597,1.457,39.018,0.527,5,3720
A525,SACRAMENTO,MG,8,-19.87527777,-47.43416666,-0.452,-0.686,1.727,33.368,0.475,4,2975
A525,SACRAMENTO,MG,9,-19.87527777,-47.43416666,-0.559,-0.792,1.865,35.228,0.52,4,2879
A525,SACRAMENTO,MG,10,-19.87527777,-47.43416666,-0.541,-0.786,1.801,34.508,0.53,4,2971
A525,SACRAMENTO,MG,11,-19.87527777,-47.43416666,-0.33,-0.604,1.756,28.673,0.392,5,3447
A525,SACRAMENTO,MG,12,-19.87527777,-47.43416666,-0.293,-0.813,1.743,19.851,0.496,5,3717
A526,MONTALVANIA,MG,1,-14.40833333,-44.40416666,-0.468,-0.326,1.776,55.181,0.321,4,2611
A526,MONTALVANIA,MG,2,-14.40833333,-44.40416666,-0.578,-0.15,1.774,75.486,0.337,3,1916
A526,MONTALVANIA,MG,3,-14.40833333,-44.40416666,-0.92,-0.01,1.832,89.356,0.502,3,2112
A526,MONTALVANIA,MG,4,-14.40833333,-44.40416666,-0.807,0.02,1.775,91.435,0.455,3,2096
A526,MONTALVANIA,MG,5,-14.40833333,-44.40416666,-0.815,0.137,1.772,99.551,0.467,3,2023
A526,MONTALVANIA,MG,6,-14.40833333,-44.40416666,-0.967,0.276,1.91,105.903,0.527,3,2121
A526,MONTALVANIA,MG,7,-14.40833333,-44.40416666,-1.095,0.258,2.138,103.268,0.526,3,2085
A526,MONTALVANIA,MG,8,-14.40833333,-44.40416666,-1.393,0.299,2.367,102.103,0.602,3,2059
A526,MONTALVANIA,MG,9,-14.40833333,-44.40416666,-1.489,0.116,2.366,94.474,0.631,3,1978
A526,MONTALVANIA,MG,10,-14.40833333,-44.40416666,-1.084,-0.035,2.254,88.168,0.481,3,1992
A526,MONTALVANIA,MG,11,-14.40833333,-44.40416666,-0.68,-0.157,1.924,76.974,0.363,3,1878
A526,MONTALVANIA,MG,12,-14.40833333,-44.40416666,-0.467,-0.262,1.886,60.701,0.284,3,2023
A527,TEOFILO OTONI,MG,1,-17.89284,-41.515423,-0.151,-0.005,1.712,88.186,0.088,6,4461
A527,TEOFILO OTONI,MG,2,-17.89284,-41.515423,-0.602,-0.217,1.725,70.144,0.371,5,3384
A527,TEOFILO OTONI,MG,3,-17.89284,-41.515423,-0.57,-0.17,1.494,73.392,0.398,5,3720
A527,TEOFILO OTONI,MG,4,-17.89284,-41.515423,-0.275,-0.176,1.269,57.432,0.257,5,3329
A527,TEOFILO OTONI,MG,5,-17.89284,-41.515423,-0.191,-0.173,1.076,47.784,0.24,5,3399
A527,TEOFILO OTONI,MG,6,-17.89284,-41.515423,-0.346,-0.376,1.106,42.693,0.462,4,2860
A527,TEOFILO OTONI,MG,7,-17.89284,-41.515423,-0.69,-0.48,1.367,55.166,0.615,4,2976
A527,TEOFILO OTONI,MG,8,-17.89284,-41.515423,-1.114,-0.591,1.763,62.068,0.715,4,2976
A527,TEOFILO OTONI,MG,9,-17.89284,-41.515423,-1.161,-0.372,2.266,72.242,0.538,4,2309
A527,TEOFILO OTONI,MG,10,-17.89284,-41.515423,-1.373,-0.369,2.42,74.954,0.587,4,2654
A527,TEOFILO OTONI,MG,11,-17.89284,-41.515423,-0.773,-0.269,1.813,70.832,0.451,5,3466
A527,TEOFILO OTONI,MG,12,-17.89284,-41.515423,-0.584,-0.268,1.716,65.337,0.374,5,3718
A528,TRES MARIAS,MG,1,-18.200855,-45.459836,-0.706,0.071,1.684,95.742,0.422,6,4463
A528,TRES MARIAS,MG,2,-18.200855,-45.459836,-0.64,0.247,1.581,111.057,0.434,6,3869
A528,TRES MARIAS,MG,3,-18.200855,-45.459836,-0.604,0.584,1.516,134.039,0.554,5,3720
A528,TRES MARIAS,MG,4,-18.200855,-45.459836,-0.497,1.019,1.794,153.987,0.632,6,4320
A528,TRES MARIAS,MG,5,-18.200855,-45.459836,-0.593,1.237,2.003,154.37,0.685,6,4464
A528,TRES MARIAS,MG,6,-18.200855,-45.459836,-0.664,1.327,2.215,153.424,0.67,6,4320
A528,TRES MARIAS,MG,7,-18.200855,-45.459836,-0.793,1.246,2.164,147.523,0.683,6,4464
A528,TRES MARIAS,MG,8,-18.200855,-45.459836,-0.87,0.966,2.005,138.008,0.648,6,4117
A528,TRES MARIAS,MG,9,-18.200855,-45.459836,-0.938,0.763,2.027,129.113,0.597,4,2865
A528,TRES MARIAS,MG,10,-18.200855,-45.459836,-0.917,0.707,2.075,127.617,0.558,5,3507
A528,TRES MARIAS,MG,11,-18.200855,-45.459836,-0.617,0.355,1.772,119.888,0.402,5,3598
A528,TRES MARIAS,MG,12,-18.200855,-45.459836,-0.576,-0.001,1.584,89.949,0.364,5,3718
A529,PASSA QUATRO,MG,1,-22.395799,-44.961909,-0.406,-0.155,2.318,69.049,0.187,4,2976
A529,PASSA QUATRO,MG,2,-22.395799,-44.961909,-0.353,0.037,2.059,95.935,0.173,4,2712
A529,PASSA QUATRO,MG,3,-22.395799,-44.961909,-0.211,0.237,1.904,138.331,0.167,5,3720
A529,PASSA QUATRO,MG,4,-22.395799,-44.961909,-0.119,0.739,2.123,170.856,0.352,5,3600
A529,PASSA QUATRO,MG,5,-22.395799,-44.961909,-0.245,-0.106,1.943,66.614,0.137,5,3649
A529,PASSA QUATRO,MG,6,-22.395799,-44.961909,-0.191,-0.188,1.762,45.372,0.152,5,3534
A529,PASSA QUATRO,MG,7,-22.395799,-44.961909,-0.118,0.234,1.968,153.211,0.133,5,3689
A529,PASSA QUATRO,MG,8,-22.395799,-44.961909,-0.145,0.46,2.18,162.505,0.221,6,4356
A529,PASSA QUATRO,MG,9,-22.395799,-44.961909,-0.228,0.435,2.406,152.347,0.204,4,2734
A529,PASSA QUATRO,MG,10,-22.395799,-44.961909,-0.361,0.308,2.655,130.407,0.179,4,2909
A529,PASSA QUATRO,MG,11,-22.395799,-44.961909,-0.324,0.751,2.605,156.644,0.314,4,2878
A529,PASSA QUATRO,MG,12,-22.395799,-44.961909,-0.412,0.345,2.491,129.948,0.216,3,2232
A530,CALDAS,MG,1,-21.918066,-46.382996,-0.114,-0.337,0.878,18.774,0.405,6,4464
A530,CALDAS,MG,2,-21.918066,-46.382996,-0.064,-0.281,0.775,12.917,0.372,6,3895
A530,CALDAS,MG,3,-21.918066,-46.382996,-0.12,-0.286,0.785,22.736,0.394,6,4227
A530,CALDAS,MG,4,-21.918066,-46.382996,-0.061,-0.242,0.735,14.104,0.339,5,3540
A530,CALDAS,MG,5,-21.918066,-46.382996,-0.001,-0.254,0.723,0.333,0.351,5,3643
A530,CALDAS,MG,6,-21.918066,-46.382996,-0.009,-0.253,0.656,2.143,0.385,5,3537
A530,CALDAS,MG,7,-21.918066,-46.382996,-0.057,-0.284,0.773,11.328,0.375,5,3670
A530,CALDAS,MG,8,-21.918066,-46.382996,-0.07,-0.248,0.9,15.731,0.286,5,3403
A530,CALDAS,MG,9,-21.918066,-46.382996,-0.129,-0.285,1.004,24.46,0.311,4,2772
A530,CALDAS,MG,10,-21.918066,-46.382996,-0.159,-0.336,0.992,25.345,0.375,4,2976
A530,CALDAS,MG,11,-21.918066,-46.382996,-0.206,-0.225,0.975,42.515,0.313,4,2880
A530,CALDAS,MG,12,-21.918066,-46.382996,-0.149,-0.292,0.867,26.985,0.378,4,2976
A531,MARIA DA FE,MG,1,-22.314567,-45.373049,-0.013,-0.079,0.422,9.692,0.189,5,3719
A531,MARIA DA FE,MG,2,-22.314567,-45.373049,0.04,-0.047,0.374,319.346,0.166,6,4054
A531,MARIA DA FE,MG,3,-22.314567,-45.373049,0.044,-0.044,0.336,314.894,0.184,5,3719
A531,MARIA DA FE,MG,4,-22.314567,-45.373049,0.09,-0.004,0.298,272.483,0.304,5,3600
A531,MARIA DA FE,MG,5,-22.314567,-45.373049,0.06,-0.079,0.269,323.002,0.368,5,3716
A531,MARIA DA FE,MG,6,-22.314567,-45.373049,0.054,-0.073,0.307,323.804,0.295,5,3600
A531,MARIA DA FE,MG,7,-22.314567,-45.373049,0.092,-0.075,0.332,309.043,0.358,6,4461
A531,MARIA DA FE,MG,8,-22.314567,-45.373049,0.003,-0.087,0.423,357.811,0.206,6,4384
A531,MARIA DA FE,MG,9,-22.314567,-45.373049,-0.008,-0.081,0.492,5.389,0.166,5,3599
A531,MARIA DA FE,MG,10,-22.314567,-45.373049,-0.058,-0.069,0.513,39.82,0.176,5,3714
A531,MARIA DA FE,MG,11,-22.314567,-45.373049,0.085,-0.01,0.502,276.531,0.171,5,3600
A531,MARIA DA FE,MG,12,-22.314567,-45.373049,0.031,-0.056,0.469,331.559,0.137,5,3718
A532,GOVERNADOR VALADARES,MG,1,-18.830354,-41.977007,-0.803,-0.073,1.628,84.802,0.495,6,4284
A532,GOVERNADOR VALADARES,MG,2,-18.830354,-41.977007,-0.608,0.017,1.555,91.647,0.391,6,3814
A532,GOVERNADOR VALADARES,MG,3,-18.830354,-41.977007,-0.397,0.089,1.427,102.639,0.285,5,3635
A532,GOVERNADOR VALADARES,MG,4,-18.830354,-41.977007,-0.1,0.103,1.192,136.002,0.12,5,3391
A532,GOVERNADOR VALADARES,MG,5,-18.830354,-41.977007,0.048,0.123,1.13,201.433,0.117,5,3543
A532,GOVERNADOR VALADARES,MG,6,-18.830354,-41.977007,0.101,0.008,1.098,265.45,0.092,6,4234
A532,GOVERNADOR VALADARES,MG,7,-18.830354,-41.977007,-0.124,0.074,1.261,120.647,0.114,6,4119
A532,GOVERNADOR VALADARES,MG,8,-18.830354,-41.977007,-0.58,0.1,1.558,99.73,0.378,6,4253
A532,GOVERNADOR VALADARES,MG,9,-18.830354,-41.977007,-1.342,0.129,2.023,95.508,0.666,5,3191
A532,GOVERNADOR VALADARES,MG,10,-18.830354,-41.977007,-1.456,0.175,2.203,96.862,0.666,5,3421
A532,GOVERNADOR VALADARES,MG,11,-18.830354,-41.977007,-0.889,0.248,1.819,105.559,0.507,4,2880
A532,GOVERNADOR VALADARES,MG,12,-18.830354,-41.977007,-0.899,0.093,1.763,95.929,0.513,4,2495
A533,GUANHAES,MG,1,-18.78694444,-42.94305555,-0.716,-0.235,1.475,71.862,0.511,4,2974
A533,GUANHAES,MG,2,-18.78694444,-42.94305555,-0.956,-0.161,1.52,80.431,0.638,5,3382
A533,GUANHAES,MG,3,-18.78694444,-42.94305555,-1.077,-0.011,1.514,89.404,0.711,5,3714
A533,GUANHAES,MG,4,-18.78694444,-42.94305555,-0.788,0.049,1.325,93.571,0.596,5,3336
A533,GUANHAES,MG,5,-18.78694444,-42.94305555,-0.513,-0.081,1.138,81.032,0.456,4,2956
A533,GUANHAES,MG,6,-18.78694444,-42.94305555,-0.53,-0.178,0.943,71.394,0.593,4,2856
A533,GUANHAES,MG,7,-18.78694444,-42.94305555,-0.877,-0.106,1.291,83.098,0.684,4,2952
A533,GUANHAES,MG,8,-18.78694444,-42.94305555,-1.163,-0.066,1.646,86.739,0.707,5,3292
A533,GUANHAES,MG,9,-18.78694444,-42.94305555,-1.573,-0.176,1.957,83.63,0.809,4,2874
A533,GUANHAES,MG,10,-18.78694444,-42.94305555,-1.506,-0.083,2.041,86.836,0.739,5,3344
A533,GUANHAES,MG,11,-18.78694444,-42.94305555,-1.116,0.011,1.75,90.582,0.637,4,2871
A533,GUANHAES,MG,12,-18.78694444,-42.94305555,-0.846,-0.101,1.655,83.21,0.515,4,2847
A534,AIMORES,MG,1,-19.53277777,-41.09083333,-2.005,0.53,2.64,104.796,0.786,3,2232
A534,AIMORES,MG,2,-19.53277777,-41.09083333,-1.633,0.43,2.44,104.741,0.692,3,2016
A534,AIMORES,MG,3,-19.53277777,-41.09083333,-1.546,0.419,2.319,105.159,0.691,3,1931
A534,AIMORES,MG,4,-19.53277777,-41.09083333,-1.028,0.339,2.012,108.226,0.538,3,1970
A534,AIMORES,MG,5,-19.53277777,-41.09083333,-0.904,0.349,1.905,111.105,0.509,2,1488
A534,AIMORES,MG,6,-19.53277777,-41.09083333,-1.032,0.325,1.955,107.457,0.554,2,1440
A534,AIMORES,MG,7,-19.53277777,-41.09083333,-1.337,0.341,2.21,104.301,0.624,2,1488
A534,AIMORES,MG,8,-19.53277777,-41.09083333,-1.85,0.348,2.617,100.668,0.719,2,1488
A534,AIMORES,MG,9,-19.53277777,-41.09083333,-2.513,0.437,3.096,99.868,0.824,2,1440
A534,AIMORES,MG,10,-19.53277777,-41.09083333,-2.454,0.635,3.085,104.504,0.822,3,2103
A534,AIMORES,MG,11,-19.53277777,-41.09083333,-1.861,0.505,2.695,105.174,0.715,3,2070
A534,AIMORES,MG,12,-19.53277777,-41.09083333,-1.427,0.365,2.303,104.365,0.64,2,1485
A535,FLORESTAL,MG,1,-19.885398,-44.416883,-0.099,-0.177,0.657,29.262,0.308,6,4343
A535,FLORESTAL,MG,2,-19.885398,-44.416883,-0.162,-0.144,0.609,48.354,0.357,6,3959
A535,FLORESTAL,MG,3,-19.885398,-44.416883,-0.189,-0.044,0.571,76.784,0.339,5,3719
A535,FLORESTAL,MG,4,-19.885398,-44.416883,-0.185,0.045,0.53,103.623,0.36,5,3599
A535,FLORESTAL,MG,5,-19.88527777,-44.41694443,-0.185,0.008,0.484,92.402,0.382,5,3719
A535,FLORESTAL,MG,6,-19.88527777,-44.41694443,-0.162,-0.002,0.478,89.187,0.338,5,3597
A535,FLORESTAL,MG,7,-19.885398,-44.416883,-0.198,0.002,0.538,90.481,0.368,6,4424
A535,FLORESTAL,MG,8,-19.885398,-44.416883,-0.29,0.062,0.703,102.052,0.422,6,4434
A535,FLORESTAL,MG,9,-19.885398,-44.416883,-0.399,0.076,0.867,100.843,0.468,5,3566
A535,FLORESTAL,MG,10,-19.885398,-44.416883,-0.335,0.032,0.833,95.441,0.404,4,2967
A535,FLORESTAL,MG,11,-19.885398,-44.416883,-0.147,-0.004,0.721,88.374,0.203,3,2160
A535,FLORESTAL,MG,12,-19.885398,-44.416883,-0.184,-0.085,0.788,65.076,0.257,3,2230
A536,DORES DO INDAIA,MG,1,-19.481935,-45.593932,-0.782,-0.499,2.205,57.495,0.421,6,4460
A536,DORES DO INDAIA,MG,2,-19.481935,-45.593932,-0.614,-0.43,1.994,55.026,0.376,6,4050
A536,DORES DO INDAIA,MG,3,-19.481935,-45.593932,-0.461,-0.445,1.861,46.016,0.344,6,4463
A536,DORES DO INDAIA,MG,4,-19.481935,-45.593932,0.011,-0.202,1.657,356.762,0.122,6,4318
A536,DORES DO INDAIA,MG,5,-19.481935,-45.593932,-0.053,-0.214,1.619,13.873,0.136,6,4463
A536,DORES DO INDAIA,MG,6,-19.481935,-45.593932,-0.089,-0.181,1.667,26.077,0.121,6,4317
A536,DORES DO INDAIA,MG,7,-19.481935,-45.593932,-0.27,-0.356,1.994,37.174,0.224,6,4404
A536,DORES DO INDAIA,MG,8,-19.481935,-45.593932,-0.589,-0.766,2.369,37.585,0.408,5,3714
A536,DORES DO INDAIA,MG,9,-19.481935,-45.593932,-0.955,-0.989,2.661,44.002,0.517,5,3404
A536,DORES DO INDAIA,MG,10,-19.481935,-45.593932,-0.701,-0.718,2.603,44.314,0.386,4,2963
A536,DORES DO INDAIA,MG,11,-19.481935,-45.593932,-0.517,-0.564,2.451,42.526,0.312,5,3211
A536,DORES DO INDAIA,MG,12,-19.481935,-45.593932,-0.819,-0.62,2.445,52.855,0.42,5,3616
A537,DIAMANTINA,MG,1,-18.231052,-43.648269,-0.561,-0.878,2.519,32.571,0.414,6,4463
A537,DIAMANTINA,MG,2,-18.231052,-43.648269,-0.908,-0.597,2.501,56.681,0.435,6,3853
A537,DIAMANTINA,MG,3,-18.231052,-43.648269,-1.229,-0.049,2.372,87.697,0.518,5,3679
A537,DIAMANTINA,MG,4,-18.231052,-43.648269,-1.12,0.154,2.234,97.809,0.506,6,4320
A537,DIAMANTINA,MG,5,-18.231052,-43.648269,-1.161,0.167,2.31,98.164,0.508,6,4463
A537,DIAMANTINA,MG,6,-18.231052,-43.648269,-1.062,0.089,2.15,94.786,0.496,6,4320
A537,DIAMANTINA,MG,7,-18.231052,-43.648269,-1.358,0.103,2.484,94.328,0.548,6,4464
A537,DIAMANTINA,MG,8,-18.231052,-43.648269,-1.28,0.023,2.674,91.049,0.479,6,4464
A537,DIAMANTINA,MG,9,-18.231052,-43.648269,-1.856,-0.373,2.942,78.647,0.644,5,3476
A537,DIAMANTINA,MG,10,-18.231052,-43.648269,-1.565,-0.479,2.799,72.969,0.585,5,3390
A537,DIAMANTINA,MG,11,-18.231052,-43.648269,-0.843,-0.494,2.511,59.637,0.389,5,3268
A537,DIAMANTINA,MG,12,-18.231052,-43.648269,-0.51,-0.891,2.557,29.803,0.402,5,3588
A538,CURVELO,MG,1,-18.747711,-44.453785,-0.284,-0.25,1.56,48.712,0.243,6,4462
A538,CURVELO,MG,2,-18.747711,-44.453785,-0.207,-0.05,1.518,76.304,0.14,6,3910
A538,CURVELO,MG,3,-18.747711,-44.453785,-0.586,-0.028,1.487,87.298,0.394,6,4463
A538,CURVELO,MG,4,-18.747711,-44.453785,-0.425,0.144,1.433,108.675,0.313,6,3968
A538,CURVELO,MG,5,-18.747711,-44.453785,-0.416,0.146,1.32,109.411,0.334,5,3720
A538,CURVELO,MG,6,-18.747711,-44.453785,-0.361,0.158,1.231,113.551,0.32,5,3600
A538,CURVELO,MG,7,-18.747711,-44.453785,-0.694,0.14,1.407,101.379,0.503,4,2976
A538,CURVELO,MG,8,-18.747711,-44.453785,-0.843,0.134,1.708,99.051,0.5,4,2976
A538,CURVELO,MG,9,-18.747711,-44.453785,-1.477,-0.098,2.246,86.208,0.659,3,2160
A538,CURVELO,MG,10,-18.747711,-44.453785,-1.299,-0.224,2.21,80.229,0.596,3,2231
A538,CURVELO,MG,11,-18.747711,-44.453785,-0.544,0.006,1.733,90.657,0.314,4,2817
A538,CURVELO,MG,12,-18.747711,-44.453785,-0.412,-0.286,1.637,55.252,0.306,5,3717
A539,MOCAMBINHO,MG,1,-15.085958,-44.016036,-0.225,-0.15,0.858,56.267,0.316,5,3709
A539,MOCAMBINHO,MG,2,-15.085958,-44.016036,-0.304,-0.08,0.819,75.277,0.384,4,2712
A539,MOCAMBINHO,MG,3,-15.085958,-44.016036,-0.33,0.089,0.761,105.154,0.45,5,3717
A539,MOCAMBINHO,MG,4,-15.085958,-44.016036,-0.267,0.176,0.805,123.427,0.398,6,4319
A539,MOCAMBINHO,MG,5,-15.085958,-44.016036,-0.346,0.376,0.852,137.416,0.599,6,4448
A539,MOCAMBINHO,MG,6,-15.085958,-44.016036,-0.365,0.41,0.894,138.34,0.614,6,4318
A539,MOCAMBINHO,MG,7,-15.085958,-44.016036,-0.506,0.409,0.973,128.963,0.669,6,4464
A539,MOCAMBINHO,MG,8,-15.085958,-44.016036,-0.62,0.381,1.089,121.556,0.668,6,4463
A539,MOCAMBINHO,MG,9,-15.085958,-44.016036,-0.814,0.322,1.237,111.577,0.708,5,3599
A539,MOCAMBINHO,MG,10,-15.085958,-44.016036,-0.598,0.278,1.271,114.952,0.519,5,3715
A539,MOCAMBINHO,MG,11,-15.085958,-44.016036,-0.242,-0.08,1.007,71.811,0.254,5,3597
A539,MOCAMBINHO,MG,12,-15.085958,-44.016036,-0.188,-0.121,0.984,57.113,0.227,5,3708
A540,MANTENA,MG,1,-18.78062,-40.986505,-0.591,-0.149,0.919,75.814,0.664,6,4463
A540,MANTENA,MG,2,-18.78062,-40.986505,-0.522,-0.173,0.836,71.627,0.657,5,3384
A540,MANTENA,MG,3,-18.78062,-40.986505,-0.518,-0.155,0.859,73.285,0.629,6,4387
A540,MANTENA,MG,4,-18.78062,-40.986505,-0.324,-0.129,0.745,68.256,0.468,6,4268
A540,MANTENA,MG,5,-18.78062,-40.986505,-0.285,-0.109,0.656,69.01,0.465,6,4464
A540,MANTENA,MG,6,-18.78062,-40.986505,-0.224,-0.122,0.579,61.452,0.441,6,4320
A540,MANTENA,MG,7,-18.78062,-40.986505,-0.387,-0.152,0.69,68.495,0.602,6,4463
A540,MANTENA,MG,8,-18.78062,-40.986505,-0.656,-0.148,0.919,77.288,0.732,6,4464
A540,MANTENA,MG,9,-18.78062,-40.986505,-0.906,-0.186,1.121,78.4,0.825,5,3599
A540,MANTENA,MG,10,-18.78062,-40.986505,-0.956,-0.14,1.186,81.66,0.815,5,3715
A540,MANTENA,MG,11,-18.78062,-40.986505,-0.636,-0.157,0.944,76.167,0.694,5,3600
A540,MANTENA,MG,12,-18.78062,-40.986505,-0.638,-0.162,0.993,75.705,0.663,5,3718
A541,CAPELINHA,MG,1,-17.70555555,-42.38916666,-0.669,-0.209,1.584,72.675,0.442,3,2232
A541,CAPELINHA,MG,2,-17.70555555,-42.38916666,-0.596,-0.271,1.547,65.529,0.424,3,2040
A541,CAPELINHA,MG,3,-17.70555555,-42.38916666,-0.556,0.015,1.312,91.535,0.424,2,1361
A541,CAPELINHA,MG,4,-17.70555555,-42.38916666,-0.8,0.329,1.415,112.33,0.611,3,1873
A541,CAPELINHA,MG,5,-17.70555555,-42.38916666,-0.795,0.26,1.148,108.121,0.729,2,1488
A541,CAPELINHA,MG,6,-17.70555555,-42.38916666,-0.848,0.175,1.201,101.672,0.721,3,2096
A541,CAPELINHA,MG,7,-17.70555555,-42.38916666,-1.142,0.115,1.484,95.736,0.774,3,2186
A541,CAPELINHA,MG,8,-17.70555555,-42.38916666,-1.195,0.065,1.708,93.135,0.701,3,2118
A541,CAPELINHA,MG,9,-17.70555555,-42.38916666,-1.602,0.066,2.032,92.345,0.789,3,2026
A541,CAPELINHA,MG,10,-17.70555555,-42.38916666,-1.172,0.046,1.946,92.271,0.603,2,1173
A541,CAPELINHA,MG,11,-17.70555555,-42.38916666,-1.067,0.178,1.878,99.487,0.576,2,1105
A541,CAPELINHA,MG,12,-17.70555555,-42.38916666,-0.675,-0.322,1.757,64.465,0.426,3,2019
A542,UNAI,MG,1,-16.55416666,-46.88194443,-0.222,-0.242,1.172,42.506,0.28,5,3402
A542,UNAI,MG,2,-16.55416666,-46.88194443,-0.394,-0.035,1.212,84.962,0.327,5,3164
A542,UNAI,MG,3,-16.55416666,-46.88194443,-0.453,0.177,1.157,111.288,0.42,5,3573
A542,UNAI,MG,4,-16.55416666,-46.88194443,-0.383,0.319,1.105,129.757,0.451,5,3585
A542,UNAI,MG,5,-16.55416666,-46.88194443,-0.383,0.421,1.087,137.714,0.524,5,3713
A542,UNAI,MG,6,-16.55416666,-46.88194443,-0.449,0.46,1.151,135.692,0.558,6,4002
A542,UNAI,MG,7,-16.55416666,-46.88194443,-0.528,0.514,1.385,134.249,0.532,5,3696
A542,UNAI,MG,8,-16.55416666,-46.88194443,-0.648,0.493,1.67,127.296,0.487,5,3710
A542,UNAI,MG,9,-16.55416666,-46.88194443,-0.678,0.155,1.664,102.854,0.418,5,3503
A542,UNAI,MG,10,-16.55416666,-46.88194443,-0.589,0.119,1.683,101.425,0.357,5,3489
A542,UNAI,MG,11,-16.55416666,-46.88194443,-0.317,-0.005,1.37,89.08,0.231,5,3333
A542,UNAI,MG,12,-16.55416666,-46.88194443,-0.233,-0.216,1.184,47.212,0.268,5,3415
A543,ESPINOSA,MG,1,-14.91222222,-42.80861111,-0.471,-0.233,1.729,63.629,0.304,1,544
A543,ESPINOSA,MG,2,-14.91222222,-42.80861111,-1.845,0.276,2.275,98.493,0.82,1,492
A543,ESPINOSA,MG,3,-14.91222222,-42.80861111,-1.407,0.449,2.098,107.699,0.704,1,568
A543,ESPINOSA,MG,4,-14.91222222,-42.80861111,-0.775,0.51,1.722,123.365,0.539,2,1080
A543,ESPINOSA,MG,5,-14.91222222,-42.80861111,-0.888,0.457,1.82,117.259,0.549,1,739
A543,ESPINOSA,MG,6,-14.91222222,-42.80861111,-0.836,0.553,1.923,123.462,0.521,2,1435
A543,ESPINOSA,MG,7,-14.91222222,-42.80861111,-1.443,0.297,2.172,101.625,0.678,2,1481
A543,ESPINOSA,MG,8,-14.91222222,-42.80861111,-1.816,0.529,2.581,106.235,0.733,1,739
A543,ESPINOSA,MG,9,-14.91222222,-42.80861111,-1.811,0.137,2.473,94.324,0.734,1,714
A543,ESPINOSA,MG,10,-14.91222222,-42.80861111,-1.528,-0.161,2.469,83.987,0.622,1,529
A543,ESPINOSA,MG,11,-14.91222222,-42.80861111,-1.271,-0.179,2.209,82.002,0.581,1,523
A543,ESPINOSA,MG,12,-14.91222222,-42.80861111,-0.705,-0.005,1.94,89.598,0.363,1,567
A544,BURITIS,MG,1,-15.52416666,-46.43555555,0.088,0.115,2.058,217.531,0.071,3,1939
A544,BURITIS,MG,2,-15.52416666,-46.43555555,0.351,0.383,2.263,222.446,0.23,3,2040
A544,BURITIS,MG,3,-15.52416666,-46.43555555,0.684,0.823,2.073,219.715,0.516,3,2232
A544,BURITIS,MG,4,-15.52416666,-46.43555555,0.676,0.783,2.263,220.824,0.457,3,2160
A544,BURITIS,MG,5,-15.52416666,-46.43555555,0.83,1.038,2.175,218.654,0.611,4,2976
A544,BURITIS,MG,6,-15.52416666,-46.43555555,0.871,1.293,2.517,213.946,0.619,3,2159
A544,BURITIS,MG,7,-15.52416666,-46.43555555,0.784,1.364,2.543,209.876,0.619,4,2815
A544,BURITIS,MG,8,-15.52416666,-46.43555555,0.186,0.914,2.141,191.515,0.436,3,2232
A544,BURITIS,MG,9,-15.52416666,-46.43555555,0.027,0.839,3.066,181.837,0.274,2,1439
A544,BURITIS,MG,10,-15.52416666,-46.43555555,0.133,1.165,2.986,186.506,0.393,3,1750
A544,BURITIS,MG,11,-15.52416666,-46.43555555,0.016,0.368,2.766,182.562,0.133,2,1440
A544,BURITIS,MG,12,-15.52416666,-46.43555555,0.331,0.337,2.756,224.515,0.171,2,1488
A545,PIRAPORA,MG,1,-17.258064,-44.835556,-0.29,-0.367,1.421,38.267,0.329,6,4152
A545,PIRAPORA,MG,2,-17.258064,-44.835556,-0.406,-0.276,1.42,55.759,0.346,6,3850
A545,PIRAPORA,MG,3,-17.258064,-44.835556,-0.532,-0.013,1.353,88.557,0.393,6,4303
A545,PIRAPORA,MG,4,-17.258064,-44.835556,-0.437,0.132,1.284,106.77,0.355,6,4284
A545,PIRAPORA,MG,5,-17.258064,-44.835556,-0.374,0.253,1.286,124.077,0.351,6,4409
A545,PIRAPORA,MG,6,-17.258064,-44.835556,-0.346,0.275,1.296,128.415,0.341,6,4229
A545,PIRAPORA,MG,7,-17.258064,-44.835556,-0.49,0.253,1.436,117.345,0.384,6,4279
A545,PIRAPORA,MG,8,-17.258064,-44.835556,-0.855,0.122,1.711,98.134,0.505,6,4246
A545,PIRAPORA,MG,9,-17.258064,-44.835556,-1.074,-0.109,1.863,84.184,0.579,5,3324
A545,PIRAPORA,MG,10,-17.258064,-44.835556,-0.906,-0.117,1.86,82.662,0.491,5,3318
A545,PIRAPORA,MG,11,-17.258064,-44.835556,-0.376,-0.257,1.526,55.698,0.299,5,3218
A545,PIRAPORA,MG,12,-17.258064,-44.835556,-0.258,-0.359,1.451,35.656,0.305,5,3311
A546,GUARDA-MOR,MG,1,-17.56138888,-47.19916666,-0.137,-0.261,0.704,27.685,0.418,3,2232
A546,GUARDA-MOR,MG,2,-17.56138888,-47.19916666,-0.265,-0.191,0.426,54.198,0.767,1,672
A546,GUARDA-MOR,MG,3,-17.56138888,-47.19916666,-0.721,-0.328,1.064,65.551,0.744,1,743
A546,GUARDA-MOR,MG,4,-17.56138888,-47.19916666,-0.411,-0.225,1.053,61.297,0.445,1,720
A546,GUARDA-MOR,MG,5,-17.56138888,-47.19916666,-0.646,-0.252,0.936,68.712,0.74,2,1487
A546,GUARDA-MOR,MG,6,-17.56138888,-47.19916666,-0.787,-0.282,1.087,70.303,0.769,3,2157
A546,GUARDA-MOR,MG,7,-17.56138888,-47.19916666,-0.895,-0.369,1.214,67.601,0.798,4,2773
A546,GUARDA-MOR,MG,8,-17.56138888,-47.19916666,-0.919,-0.489,1.523,61.972,0.683,4,2720
A546,GUARDA-MOR,MG,9,-17.56138888,-47.19916666,-1.135,-0.673,1.747,59.349,0.755,3,2160
A546,GUARDA-MOR,MG,10,-17.56138888,-47.19916666,-0.517,-0.452,1.223,48.797,0.561,3,2231
A546,GUARDA-MOR,MG,11,-17.56138888,-47.19916666,-0.45,-0.389,1.17,49.108,0.508,3,2160
A546,GUARDA-MOR,MG,12,-17.56138888,-47.19916666,-0.027,-0.447,0.992,3.417,0.452,3,2232
A547,SAO ROMAO,MG,1,-16.362747,-45.123801,-0.279,-0.175,1.067,57.833,0.309,5,3719
A547,SAO ROMAO,MG,2,-16.362747,-45.123801,-0.372,-0.135,1.093,70.068,0.362,5,3384
A547,SAO ROMAO,MG,3,-16.362747,-45.123801,-0.436,0.126,1.065,106.054,0.427,5,3720
A547,SAO ROMAO,MG,4,-16.362747,-45.123801,-0.336,0.237,1.045,125.221,0.393,3,2160
A547,SAO ROMAO,MG,5,-16.362747,-45.123801,-0.288,0.409,1.019,144.834,0.491,3,2232
A547,SAO ROMAO,MG,6,-16.362747,-45.123801,-0.38,0.43,1.096,138.53,0.523,3,2160
A547,SAO ROMAO,MG,7,-16.362747,-45.123801,-0.541,0.383,1.295,125.276,0.512,4,2840
A547,SAO ROMAO,MG,8,-16.362747,-45.123801,-0.867,0.261,1.603,106.765,0.565,4,2976
A547,SAO ROMAO,MG,9,-16.362747,-45.123801,-0.905,-0.113,1.62,82.894,0.563,4,2669
A547,SAO ROMAO,MG,10,-16.362747,-45.123801,-0.661,0.023,1.573,92.007,0.42,4,2966
A547,SAO ROMAO,MG,11,-16.362747,-45.123801,-0.274,-0.077,1.235,74.197,0.23,4,2879
A547,SAO ROMAO,MG,12,-16.362747,-45.123801,-0.226,-0.162,1.217,54.259,0.228,4,2974
A548,CHAPADA GAUCHA,MG,1,-15.30027777,-45.61749999,-0.516,-0.776,2.698,33.618,0.346,4,2773
A548,CHAPADA GAUCHA,MG,2,-15.30027777,-45.61749999,-0.698,-0.616,2.563,48.549,0.363,4,2604
A548,CHAPADA GAUCHA,MG,3,-15.30027777,-45.61749999,-1.455,0.045,2.422,91.769,0.601,4,2868
A548,CHAPADA GAUCHA,MG,4,-15.30027777,-45.61749999,-1.499,0.345,2.552,102.962,0.603,4,2869
A548,CHAPADA GAUCHA,MG,5,-15.30027777,-45.61749999,-1.645,0.84,2.532,117.044,0.73,4,2966
A548,CHAPADA GAUCHA,MG,6,-15.30027777,-45.61749999,-1.94,0.712,2.603,110.15,0.794,4,2878
A548,CHAPADA GAUCHA,MG,7,-15.30027777,-45.61749999,-2.151,0.527,2.83,103.768,0.782,4,2975
A548,CHAPADA GAUCHA,MG,8,-15.30027777,-45.61749999,-2.347,0.273,3.196,96.646,0.739,4,2800
A548,CHAPADA GAUCHA,MG,9,-15.30027777,-45.61749999,-2.306,-0.48,3.311,78.251,0.712,4,2402
A548,CHAPADA GAUCHA,MG,10,-15.30027777,-45.61749999,-1.885,-0.09,3.183,87.263,0.593,2,1376
A548,CHAPADA GAUCHA,MG,11,-15.30027777,-45.61749999,-0.761,-0.34,2.911,65.951,0.286,2,1312
A548,CHAPADA GAUCHA,MG,12,-15.30027777,-45.61749999,-0.412,-0.683,2.945,31.113,0.271,2,1367
A549,AGUAS VERMELHAS,MG,1,-15.751536,-41.457787,-1.254,-0.497,1.949,68.381,0.692,3,1994
A549,AGUAS VERMELHAS,MG,2,-15.751536,-41.457787,-0.99,-0.465,1.645,64.843,0.665,3,1891
A549,AGUAS VERMELHAS,MG,3,-15.751536,-41.457787,-1.247,0.119,1.755,95.441,0.713,3,1969
A549,AGUAS VERMELHAS,MG,4,-15.751536,-41.457787,-0.848,0.349,1.56,112.341,0.588,4,2596
A549,AGUAS VERMELHAS,MG,5,-15.751536,-41.457787,-0.823,0.462,1.471,119.313,0.642,4,2766
A549,AGUAS VERMELHAS,MG,6,-15.751536,-41.457787,-0.884,0.399,1.405,114.301,0.691,4,2877
A549,AGUAS VERMELHAS,MG,7,-15.751536,-41.457787,-1.135,0.458,1.673,111.988,0.732,4,2852
A549,AGUAS VERMELHAS,MG,8,-15.751536,-41.457787,-1.437,0.327,1.975,102.828,0.746,5,3696
A549,AGUAS VERMELHAS,MG,9,-15.751536,-41.457787,-1.93,-0.107,2.403,86.83,0.804,5,3536
A549,AGUAS VERMELHAS,MG,10,-15.751536,-41.457787,-2.142,-0.307,2.725,81.833,0.794,3,2224
A549,AGUAS VERMELHAS,MG,11,-15.751536,-41.457787,-0.951,-0.245,1.9,75.56,0.517,3,2114
A549,AGUAS VERMELHAS,MG,12,-15.751536,-41.457787,-0.934,-0.768,1.834,50.553,0.659,3,1864
A550,ITAOBIM,MG,1,-16.575667,-41.485588,-1.127,0.036,1.683,91.82,0.67,6,4335
A550,ITAOBIM,MG,2,-16.575667,-41.485588,-1.182,0.015,1.699,90.715,0.696,5,3384
A550,ITAOBIM,MG,3,-16.575667,-41.485588,-1.074,0.009,1.72,90.487,0.624,5,3720
A550,ITAOBIM,MG,4,-16.575667,-41.485588,-0.963,0.087,1.546,95.17,0.625,4,2832
A550,ITAOBIM,MG,5,-16.575667,-41.485588,-0.964,0.181,1.675,100.625,0.586,4,2677
A550,ITAOBIM,MG,6,-16.575667,-41.485588,-0.918,0.214,1.67,103.118,0.564,3,2156
A550,ITAOBIM,MG,7,-16.575667,-41.485588,-1.219,0.072,1.899,93.399,0.643,3,2229
A550,ITAOBIM,MG,8,-16.575667,-41.485588,-1.603,0.07,2.227,92.503,0.72,3,2232
A550,ITAOBIM,MG,9,-16.575667,-41.485588,-2.086,-0.274,2.615,82.508,0.804,3,2160
A550,ITAOBIM,MG,10,-16.575667,-41.485588,-2.181,-0.365,2.615,80.51,0.846,4,2611
A550,ITAOBIM,MG,11,-16.575667,-41.485588,-1.34,-0.047,1.889,87.987,0.71,4,2792
A550,ITAOBIM,MG,12,-16.575667,-41.485588,-1.278,0.047,1.803,92.124,0.709,5,3716
A551,RIO PARDO DE MINAS,MG,1,-15.72305554,-42.43583333,-0.891,-0.249,1.955,74.395,0.473,5,3716
A551,RIO PARDO DE MINAS,MG,2,-15.72305554,-42.43583333,-1.078,-0.112,1.784,84.078,0.607,6,4056
A551,RIO PARDO DE MINAS,MG,3,-15.72305554,-42.43583333,-1.288,0.263,1.724,101.55,0.763,6,4336
A551,RIO PARDO DE MINAS,MG,4,-15.72305554,-42.43583333,-0.993,0.471,1.496,115.385,0.734,5,3599
A551,RIO PARDO DE MINAS,MG,5,-15.72305554,-42.43583333,-1.132,0.563,1.525,116.472,0.829,5,3720
A551,RIO PARDO DE MINAS,MG,6,-15.72305554,-42.43583333,-1.071,0.416,1.458,111.237,0.788,6,4319
A551,RIO PARDO DE MINAS,MG,7,-15.72305554,-42.43583333,-1.403,0.289,1.738,101.662,0.824,6,4464
A551,RIO PARDO DE MINAS,MG,8,-15.72305554,-42.43583333,-1.559,0.21,1.953,97.667,0.805,6,4464
A551,RIO PARDO DE MINAS,MG,9,-15.72305554,-42.43583333,-1.887,0.024,2.186,90.744,0.863,5,3579
A551,RIO PARDO DE MINAS,MG,10,-15.72305554,-42.43583333,-1.736,-0.024,2.143,89.215,0.81,5,3710
A551,RIO PARDO DE MINAS,MG,11,-15.72305554,-42.43583333,-1.019,-0.05,1.744,87.165,0.585,5,3594
A551,RIO PARDO DE MINAS,MG,12,-15.72305554,-42.43583333,-1.054,-0.31,2.069,73.595,0.531,5,3717
A552,SALINAS,MG,1,-16.16027777,-42.31027777,-0.256,-0.14,0.976,61.378,0.299,6,4463
A552,SALINAS,MG,2,-16.16027777,-42.31027777,-0.149,-0.135,0.916,47.721,0.22,6,4053
A552,SALINAS,MG,3,-16.16027777,-42.31027777,-0.145,0.087,0.879,121.079,0.192,6,4463
A552,SALINAS,MG,4,-16.16027777,-42.31027777,-0.176,0.214,0.911,140.478,0.304,6,4278
A552,SALINAS,MG,5,-16.16027777,-42.31027777,-0.25,0.168,0.88,123.87,0.343,6,4365
A552,SALINAS,MG,6,-16.16027777,-42.31027777,-0.28,0.117,0.913,112.722,0.332,6,4138
A552,SALINAS,MG,7,-16.16027777,-42.31027777,-0.486,0.099,1.15,101.553,0.431,6,3989
A552,SALINAS,MG,8,-16.16027777,-42.31027777,-0.614,0.089,1.303,98.237,0.476,6,4159
A552,SALINAS,MG,9,-16.16027777,-42.31027777,-0.843,-0.18,1.525,77.946,0.565,4,2853
A552,SALINAS,MG,10,-16.16027777,-42.31027777,-0.813,-0.268,1.616,71.783,0.53,4,2769
A552,SALINAS,MG,11,-16.16027777,-42.31027777,-0.355,-0.058,1.128,80.751,0.319,4,2714
A552,SALINAS,MG,12,-16.16027777,-42.31027777,-0.241,-0.183,1.035,52.774,0.292,5,3716
A553,JOAO PINHEIRO,MG,1,-17.784477,-46.119394,-0.382,-0.67,1.893,29.681,0.407,6,4138
A553,JOAO PINHEIRO,MG,2,-17.784477,-46.119394,-0.505,-0.423,1.884,50.054,0.35,6,4042
A553,JOAO PINHEIRO,MG,3,-17.784477,-46.119394,-0.67,-0.171,1.72,75.717,0.402,5,3720
A553,JOAO PINHEIRO,MG,4,-17.784477,-46.119394,-0.589,0.127,1.492,102.155,0.404,5,3557
A553,JOAO PINHEIRO,MG,5,-17.784477,-46.119394,-0.78,0.212,1.508,105.209,0.536,5,3461
A553,JOAO PINHEIRO,MG,6,-17.784477,-46.119394,-0.651,0.228,1.487,109.331,0.464,5,3508
A553,JOAO PINHEIRO,MG,7,-17.784477,-46.119394,-0.854,0.239,1.672,105.612,0.53,6,4129
A553,JOAO PINHEIRO,MG,8,-17.784477,-46.119394,-1.017,-0.014,1.925,89.203,0.528,6,4105
A553,JOAO PINHEIRO,MG,9,-17.784477,-46.119394,-1.294,-0.323,2.238,76.002,0.596,5,3444
A553,JOAO PINHEIRO,MG,10,-17.784477,-46.119394,-1.022,-0.154,2.12,81.428,0.488,5,3507
A553,JOAO PINHEIRO,MG,11,-17.784477,-46.119394,-0.548,-0.403,2.099,53.693,0.324,5,2730
A553,JOAO PINHEIRO,MG,12,-17.784477,-46.119394,-0.301,-0.681,1.855,23.805,0.401,4,2798
A554,CARATINGA,MG,1,-19.735757,-42.137146,-0.377,-0.78,1.484,25.783,0.584,6,4463
A554,CARATINGA,MG,2,-19.735757,-42.137146,-0.29,-0.705,1.384,22.326,0.551,6,4055
A554,CARATINGA,MG,3,-19.735757,-42.137146,-0.28,-0.518,1.297,28.348,0.454,6,4403
A554,CARATINGA,MG,4,-19.735757,-42.137146,-0.079,-0.296,1.053,14.875,0.291,6,4175
A554,CARATINGA,MG,5,-19.735757,-42.137146,-0.045,-0.305,0.999,8.464,0.309,6,4130
A554,CARATINGA,MG,6,-19.735757,-42.137146,-0.071,-0.372,0.993,10.728,0.382,6,3966
A554,CARATINGA,MG,7,-19.735757,-42.137146,-0.251,-0.401,1.191,32.082,0.397,6,4091
A554,CARATINGA,MG,8,-19.735757,-42.137146,-0.469,-0.533,1.434,41.32,0.495,6,4262
A554,CARATINGA,MG,9,-19.735757,-42.137146,-0.892,-0.714,1.839,51.321,0.621,5,3583
A554,CARATINGA,MG,10,-19.735757,-42.137146,-0.985,-0.693,1.941,54.869,0.62,5,3709
A554,CARATINGA,MG,11,-19.735757,-42.137146,-0.475,-0.618,1.595,37.557,0.489,5,3492
A554,CARATINGA,MG,12,-19.735757,-42.137146,-0.378,-0.73,1.53,27.396,0.537,5,3717
A555,IBIRITE (ROLA MOCA),MG,1,-20.031457,-44.011249,-1.479,-0.524,2.231,70.493,0.703,5,3461
A555,IBIRITE (ROLA MOCA),MG,2,-20.031457,-44.011249,-1.548,-0.694,2.121,65.861,0.8,5,3382
A555,IBIRITE (ROLA MOCA),MG,3,-20.031457,-44.011249,-2.181,-0.512,2.713,76.791,0.826,5,3720
A555,IBIRITE (ROLA MOCA),MG,4,-20.031457,-44.011249,-2.229,-0.003,2.816,89.918,0.792,5,3578
A555,IBIRITE (ROLA MOCA),MG,5,-20.031457,-44.011249,-2.119,-0.186,2.735,84.991,0.778,5,3565
A555,IBIRITE (ROLA MOCA),MG,6,-20.031457,-44.011249,-2.063,-0.245,2.706,83.234,0.768,5,3371
A555,IBIRITE (ROLA MOCA),MG,7,-20.031457,-44.011249,-2.416,-0.403,3.144,80.527,0.779,4,2964
A555,IBIRITE (ROLA MOCA),MG,8,-20.031457,-44.011249,-3.154,-0.573,3.918,79.707,0.818,4,2960
A555,IBIRITE (ROLA MOCA),MG,9,-20.031457,-44.011249,-3.272,-0.694,3.942,78.017,0.848,5,3584
A555,IBIRITE (ROLA MOCA),MG,10,-20.031457,-44.011249,-2.928,-0.602,3.62,78.388,0.826,5,3704
A555,IBIRITE (ROLA MOCA),MG,11,-20.031457,-44.011249,-2.315,-0.222,2.927,84.534,0.794,4,2872
A555,IBIRITE (ROLA MOCA),MG,12,-20.031457,-44.011249,-1.834,-0.48,2.521,75.342,0.752,4,2953
A556,MANHUACU,MG,1,-20.26333333,-42.18277777,-1.308,0.012,2.14,90.515,0.611,3,2219
A556,MANHUACU,MG,2,-20.26333333,-42.18277777,-0.968,-0.013,1.901,89.23,0.509,4,2675
A556,MANHUACU,MG,3,-20.26333333,-42.18277777,-0.759,0.115,1.731,98.588,0.444,3,2225
A556,MANHUACU,MG,4,-20.26333333,-42.18277777,-0.204,0.2,1.453,134.41,0.197,3,2155
A556,MANHUACU,MG,5,-20.26333333,-42.18277777,-0.169,0.087,1.395,117.345,0.136,3,2224
A556,MANHUACU,MG,6,-20.26333333,-42.18277777,-0.26,0.186,1.305,125.57,0.245,3,2152
A556,MANHUACU,MG,7,-20.26333333,-42.18277777,-0.606,0.23,1.603,110.775,0.404,3,2225
A556,MANHUACU,MG,8,-20.26333333,-42.18277777,-0.757,0.42,1.909,118.998,0.453,3,2224
A556,MANHUACU,MG,9,-20.26333333,-42.18277777,-1.315,0.437,2.223,108.367,0.623,3,1978
A556,MANHUACU,MG,10,-20.26333333,-42.18277777,-1.705,0.571,2.624,108.506,0.685,4,2901
A556,MANHUACU,MG,11,-20.26333333,-42.18277777,-0.802,0.445,2.291,119.039,0.401,3,2140
A556,MANHUACU,MG,12,-20.26333333,-42.18277777,-1.092,0.151,2.259,97.861,0.488,3,2211
A557,CORONEL PACHECO,MG,1,-21.54666666,-43.26111111,-0.173,-0.185,1.281,42.98,0.198,6,4391
A557,CORONEL PACHECO,MG,2,-21.54666666,-43.26111111,-0.098,-0.161,1.258,31.272,0.15,6,4031
A557,CORONEL PACHECO,MG,3,-21.54666666,-43.26111111,-0.039,-0.185,1.29,11.858,0.146,6,4452
A557,CORONEL PACHECO,MG,4,-21.54666666,-43.26111111,0.113,-0.073,1.184,302.915,0.114,6,4303
A557,CORONEL PACHECO,MG,5,-21.54666666,-43.26111111,0.242,-0.176,1.161,306.039,0.257,6,4462
A557,CORONEL PACHECO,MG,6,-21.54666666,-43.26111111,0.223,-0.156,1.157,304.969,0.235,6,4318
A557,CORONEL PACHECO,MG,7,-21.54666666,-43.26111111,0.266,-0.24,1.32,312.085,0.271,6,4365
A557,CORONEL PACHECO,MG,8,-21.54666666,-43.26111111,0.007,-0.183,1.424,357.676,0.129,6,4227
A557,CORONEL PACHECO,MG,9,-21.54666666,-43.26111111,-0.312,-0.146,1.567,64.878,0.22,5,3283
A557,CORONEL PACHECO,MG,10,-21.54666666,-43.26111111,-0.467,-0.091,1.54,78.929,0.309,4,2968
A557,CORONEL PACHECO,MG,11,-21.54666666,-43.26111111,-0.289,-0.014,1.453,87.266,0.199,4,2832
A557,CORONEL PACHECO,MG,12,-21.54666666,-43.26111111,-0.257,-0.135,1.376,62.214,0.211,4,2929
A559,JANUARIA,MG,1,-15.448089,-44.366313,-0.632,-0.461,1.724,53.897,0.454,6,4125
A559,JANUARIA,MG,2,-15.448089,-44.366313,-0.66,-0.451,1.725,55.658,0.464,6,3842
A559,JANUARIA,MG,3,-15.448089,-44.366313,-0.638,-0.365,1.693,60.225,0.434,6,4007
A559,JANUARIA,MG,4,-15.448089,-44.366313,-0.564,-0.254,1.63,65.747,0.38,4,2835
A559,JANUARIA,MG,5,-15.448089,-44.366313,-0.641,-0.154,1.712,76.515,0.385,4,2779
A559,JANUARIA,MG,6,-15.448089,-44.366313,-0.594,-0.194,1.75,71.906,0.357,5,3354
A559,JANUARIA,MG,7,-15.448089,-44.366313,-0.902,-0.31,1.925,71.062,0.495,6,3796
A559,JANUARIA,MG,8,-15.448089,-44.366313,-1.274,-0.377,2.192,73.519,0.606,6,4084
A559,JANUARIA,MG,9,-15.448089,-44.366313,-1.807,-0.576,2.535,72.328,0.748,5,3172
A559,JANUARIA,MG,10,-15.448089,-44.366313,-1.398,-0.454,2.393,72.011,0.614,4,2767
A559,JANUARIA,MG,11,-15.448089,-44.366313,-0.939,-0.512,1.952,61.385,0.548,4,2389
A559,JANUARIA,MG,12,-15.448089,-44.366313,-0.677,-0.483,1.868,54.486,0.445,5,3346
A560,POMPEU,MG,1,-19.23249999,-44.96416666,-0.162,-0.501,1.765,17.875,0.298,2,1483
A560,POMPEU,MG,2,-19.23249999,-44.96416666,-0.752,-0.287,1.794,69.092,0.449,3,1698
A560,POMPEU,MG,3,-19.23249999,-44.96416666,-0.618,-0.021,1.73,88.088,0.357,3,2210
A560,POMPEU,MG,4,-19.23249999,-44.96416666,-0.463,0.156,1.509,108.655,0.324,3,2157
A560,POMPEU,MG,5,-19.23249999,-44.96416666,-0.527,0.126,1.633,103.403,0.332,3,2228
A560,POMPEU,MG,6,-19.23249999,-44.96416666,-0.488,0.072,1.549,98.439,0.318,3,2159
A560,POMPEU,MG,7,-19.23249999,-44.96416666,-0.72,0.019,1.833,91.492,0.393,5,3711
A560,POMPEU,MG,8,-19.23249999,-44.96416666,-0.84,-0.051,2.089,86.527,0.403,5,3715
A560,POMPEU,MG,9,-19.23249999,-44.96416666,-1.283,-0.325,2.49,75.786,0.532,3,2149
A560,POMPEU,MG,10,-19.23249999,-44.96416666,-1.187,-0.329,2.499,74.514,0.493,4,2698
A560,POMPEU,MG,11,-19.23249999,-44.96416666,-0.482,-0.135,2.054,74.381,0.244,3,2083
A560,POMPEU,MG,12,-19.23249999,-44.96416666,-0.477,-0.516,2.037,42.71,0.345,3,2225
A561,SAO SEBASTIAO DO PARAISO,MG,1,-20.91,-47.11416666,-0.139,0.204,1.574,145.732,0.157,3,2119
A561,SAO SEBASTIAO DO PARAISO,MG,2,-20.91,-47.11416666,-0.352,0.3,1.446,130.48,0.32,3,1810
A561,SAO SEBASTIAO DO PARAISO,MG,3,-20.91,-47.11416666,-0.655,0.333,1.526,116.934,0.481,2,1486
A561,SAO SEBASTIAO DO PARAISO,MG,4,-20.91,-47.11416666,-0.37,0.516,1.545,144.352,0.411,2,1439
A561,SAO SEBASTIAO DO PARAISO,MG,5,-20.91,-47.11416666,-0.741,0.58,1.639,128.049,0.574,2,1488
A561,SAO SEBASTIAO DO PARAISO,MG,6,-20.91,-47.11416666,-0.637,0.72,1.754,138.469,0.548,2,1439
A561,SAO SEBASTIAO DO PARAISO,MG,7,-20.91,-47.11416666,-0.712,0.644,1.787,132.137,0.537,3,2232
A561,SAO SEBASTIAO DO PARAISO,MG,8,-20.91,-47.11416666,-0.641,0.597,2.038,132.966,0.43,2,1488
A561,SAO SEBASTIAO DO PARAISO,MG,9,-20.91,-47.11416666,-0.606,0.494,2.007,129.203,0.39,2,1440
A561,SAO SEBASTIAO DO PARAISO,MG,10,-20.91,-47.11416666,-0.501,0.363,1.86,125.897,0.332,3,2226
A561,SAO SEBASTIAO DO PARAISO,MG,11,-20.91,-47.11416666,-0.548,0.396,1.798,125.843,0.376,3,2157
A561,SAO SEBASTIAO DO PARAISO,MG,12,-20.91,-47.11416666,-0.274,0.193,1.725,125.258,0.194,3,2207
A562,PATOS DE MINAS,MG,1,-18.52055554,-46.44055555,-0.297,-0.606,1.51,26.09,0.447,4,2839
A562,PATOS DE MINAS,MG,2,-18.52055554,-46.44055555,-0.541,-0.577,1.574,43.126,0.503,3,2015
A562,PATOS DE MINAS,MG,3,-18.52055554,-46.44055555,-0.391,-0.465,1.531,40.021,0.397,3,1955
A562,PATOS DE MINAS,MG,4,-18.52055554,-46.44055555,-0.313,-0.231,1.321,53.601,0.295,3,1870
A562,PATOS DE MINAS,MG,5,-18.52055554,-46.44055555,-0.264,-0.211,1.275,51.381,0.265,3,2232
A562,PATOS DE MINAS,MG,6,-18.52055554,-46.44055555,-0.402,-0.324,1.439,51.126,0.359,3,2160
A562,PATOS DE MINAS,MG,7,-18.52055554,-46.44055555,-0.467,-0.274,1.501,59.588,0.36,4,2722
A562,PATOS DE MINAS,MG,8,-18.52055554,-46.44055555,-0.823,-0.514,1.82,58.023,0.533,4,2972
A562,PATOS DE MINAS,MG,9,-18.52055554,-46.44055555,-0.981,-0.813,2.057,50.376,0.619,4,2785
A562,PATOS DE MINAS,MG,10,-18.52055554,-46.44055555,-0.748,-0.725,1.921,45.913,0.542,4,2944
A562,PATOS DE MINAS,MG,11,-18.52055554,-46.44055555,-0.511,-0.651,1.873,38.112,0.442,4,2848
A562,PATOS DE MINAS,MG,12,-18.52055554,-46.44055555,-0.207,-0.724,1.822,15.956,0.413,4,2963
A563,JANAUBA,MG,1,-15.80277777,-43.29694444,-1.018,0.822,1.912,128.911,0.684,1,589
A563,NOVA PORTEIRINHA (JANAUBA),MG,1,-15.80277777,-43.29694444,-0.59,-0.303,1.585,62.825,0.419,2,1199
A563,JANAUBA,MG,2,-15.80277777,-43.29694444,-0.474,-0.15,1.568,72.415,0.317,1,660
A563,NOVA PORTEIRINHA (JANAUBA),MG,2,-15.80277777,-43.29694444,-0.823,0.321,1.687,111.281,0.524,3,1923
A563,JANAUBA,MG,3,-15.80277777,-43.29694444,-1.052,0.83,1.91,128.268,0.702,1,737
A563,NOVA PORTEIRINHA (JANAUBA),MG,3,-15.80277777,-43.29694444,-1.184,0.868,1.995,126.253,0.736,3,2130
A563,JANAUBA,MG,4,-15.80277777,-43.29694444,-1.462,1.041,2.476,125.462,0.725,1,713
A563,NOVA PORTEIRINHA (JANAUBA),MG,4,-15.80277777,-43.29694444,-1.348,1.227,2.226,132.303,0.819,4,2733
A563,JANAUBA,MG,5,-15.80277777,-43.29694444,-2.502,1.965,3.458,128.15,0.92,1,394
A563,NOVA PORTEIRINHA (JANAUBA),MG,5,-15.80277777,-43.29694444,-1.728,1.655,2.669,133.76,0.896,4,2955
A563,NOVA PORTEIRINHA (JANAUBA),MG,6,-15.80277777,-43.29694444,-1.624,1.6,2.64,134.564,0.864,4,2779
A563,NOVA PORTEIRINHA (JANAUBA),MG,7,-15.80277777,-43.29694444,-1.578,1.407,2.512,131.728,0.842,4,2957
A563,NOVA PORTEIRINHA (JANAUBA),MG,8,-15.80277777,-43.29694444,-1.584,1.34,2.545,130.218,0.815,5,3680
A563,NOVA PORTEIRINHA (JANAUBA),MG,9,-15.80277777,-43.29694444,-1.69,1.121,2.586,123.546,0.784,4,2801
A563,NOVA PORTEIRINHA (JANAUBA),MG,10,-15.80277777,-43.29694444,-1.463,1.009,2.514,124.591,0.707,4,2795
A563,NOVA PORTEIRINHA (JANAUBA),MG,11,-15.80277777,-43.29694444,-0.873,0.361,2.029,112.493,0.465,4,2678
A563,JANAUBA,MG,12,-15.80277777,-43.29694444,-0.561,-0.535,1.668,46.375,0.465,1,722
A563,NOVA PORTEIRINHA (JANAUBA),MG,12,-15.80277777,-43.29694444,-0.696,-0.109,1.899,81.069,0.371,3,1137
A564,DIVINOPOLIS,MG,1,-20.17333332,-44.87499999,-0.421,-0.183,2.001,66.456,0.229,5,3718
A564,DIVINOPOLIS,MG,2,-20.17333332,-44.87499999,-0.407,-0.161,1.914,68.419,0.229,5,3325
A564,DIVINOPOLIS,MG,3,-20.17333332,-44.87499999,-0.403,0.283,1.923,125.069,0.256,5,3710
A564,DIVINOPOLIS,MG,4,-20.17333332,-44.87499999,-0.329,0.691,1.956,154.529,0.391,4,2691
A564,DIVINOPOLIS,MG,5,-20.17333332,-44.87499999,-0.116,0.677,1.923,170.236,0.357,5,3510
A564,DIVINOPOLIS,MG,6,-20.17333332,-44.87499999,-0.071,0.876,1.908,175.369,0.461,5,2972
A564,DIVINOPOLIS,MG,7,-20.17333332,-44.87499999,-0.108,0.828,2.087,172.547,0.4,4,2625
A564,DIVINOPOLIS,MG,8,-20.17333332,-44.87499999,-0.337,0.458,2.116,143.594,0.269,4,2364
A564,DIVINOPOLIS,MG,9,-20.17333332,-44.87499999,-0.728,0.224,2.296,107.092,0.332,2,1440
A564,DIVINOPOLIS,MG,10,-20.17333332,-44.87499999,-0.823,0.363,2.446,113.808,0.368,3,2223
A564,DIVINOPOLIS,MG,11,-20.17333332,-44.87499999,-0.419,0.375,2.265,131.82,0.248,3,2159
A564,DIVINOPOLIS,MG,12,-20.17333332,-44.87499999,-0.466,-0.195,2.158,67.342,0.234,4,2974
A565,BAMBUI,MG,1,-20.0311111,-46.00888888,-0.471,-0.305,1.475,57.054,0.38,6,4194
A565,BAMBUI,MG,2,-20.0311111,-46.00888888,-0.401,-0.3,1.361,53.251,0.368,6,3865
A565,BAMBUI,MG,3,-20.0311111,-46.00888888,-0.361,-0.218,1.279,58.813,0.33,6,4370
A565,BAMBUI,MG,4,-20.0311111,-46.00888888,-0.291,-0.011,1.095,87.795,0.266,6,4306
A565,BAMBUI,MG,5,-20.0311111,-46.00888888,-0.287,-0.074,1.039,75.486,0.286,6,4450
A565,BAMBUI,MG,6,-20.0311111,-46.00888888,-0.307,-0.058,0.998,79.35,0.313,6,4314
A565,BAMBUI,MG,7,-20.0311111,-46.00888888,-0.369,-0.09,1.131,76.366,0.336,6,4437
A565,BAMBUI,MG,8,-20.0311111,-46.00888888,-0.488,-0.154,1.289,72.503,0.397,6,3854
A565,BAMBUI,MG,9,-20.0311111,-46.00888888,-0.582,-0.224,1.388,68.908,0.449,3,2133
A565,BAMBUI,MG,10,-20.0311111,-46.00888888,-0.485,-0.17,1.55,70.719,0.331,3,2114
A565,BAMBUI,MG,11,-20.0311111,-46.00888888,-0.378,-0.107,1.489,74.249,0.264,3,2025
A565,BAMBUI,MG,12,-20.0311111,-46.00888888,-0.518,-0.283,1.577,61.378,0.374,4,2829
A566,ARACUAI,MG,1,-16.84888888,-42.03527777,-0.603,-0.271,1.015,65.848,0.651,5,3514
A566,ARACUAI,MG,2,-16.84888888,-42.03527777,-0.423,-0.282,0.882,56.287,0.577,4,2633
A566,ARACUAI,MG,3,-16.84888888,-42.03527777,-0.412,-0.147,0.902,70.331,0.485,5,3641
A566,ARACUAI,MG,4,-16.84888888,-42.03527777,-0.327,0.046,0.811,97.919,0.408,6,4310
A566,ARACUAI,MG,5,-16.84888888,-42.03527777,-0.344,0.036,0.84,96.029,0.412,6,4443
A566,ARACUAI,MG,6,-16.84888888,-42.03527777,-0.36,-0.018,0.887,87.114,0.406,6,4290
A566,ARACUAI,MG,7,-16.84888888,-42.03527777,-0.59,-0.064,1.131,83.814,0.525,6,4409
A566,ARACUAI,MG,8,-16.84888888,-42.03527777,-0.978,-0.145,1.502,81.591,0.658,6,4393
A566,ARACUAI,MG,9,-16.84888888,-42.03527777,-1.462,-0.436,2.008,73.394,0.76,5,3519
A566,ARACUAI,MG,10,-16.84888888,-42.03527777,-1.352,-0.452,2.0,71.512,0.713,5,3503
A566,ARACUAI,MG,11,-16.84888888,-42.03527777,-0.7,-0.371,1.263,62.053,0.627,5,3328
A566,ARACUAI,MG,12,-16.84888888,-42.03527777,-0.696,-0.421,1.16,58.791,0.701,5,3484
A567,MACHADO,MG,1,-21.680722,-45.944389,0.056,-0.129,0.948,336.56,0.149,5,3481
A567,MACHADO,MG,2,-21.680722,-45.944389,0.043,-0.227,0.968,349.245,0.238,5,3080
A567,MACHADO,MG,3,-21.680722,-45.944389,-0.14,-0.239,0.966,30.437,0.287,4,2927
A567,MACHADO,MG,4,-21.680722,-45.944389,-0.136,-0.096,0.813,54.807,0.205,6,4314
A567,MACHADO,MG,5,-21.680722,-45.944389,0.008,-0.118,0.851,355.933,0.139,6,4437
A567,MACHADO,MG,6,-21.680722,-45.944389,-0.026,-0.068,0.896,20.593,0.081,6,4311
A567,MACHADO,MG,7,-21.680722,-45.944389,-0.053,-0.169,1.02,17.396,0.174,6,4442
A567,MACHADO,MG,8,-21.680722,-45.944389,-0.151,-0.222,1.277,34.22,0.21,6,4456
A567,MACHADO,MG,9,-21.680722,-45.944389,-0.162,-0.471,1.485,18.995,0.335,5,3562
A567,MACHADO,MG,10,-21.680722,-45.944389,-0.105,-0.355,1.377,16.444,0.269,4,2873
A567,MACHADO,MG,11,-21.680722,-45.944389,-0.257,-0.076,1.352,73.619,0.198,4,2747
A567,MACHADO,MG,12,-21.680722,-45.944389,-0.063,-0.315,1.206,11.327,0.266,3,2063
A568,UBERABA,MG,1,-19.71,-47.96194444,-0.428,-0.959,2.162,24.041,0.486,5,3481
A568,UBERABA,MG,2,-19.71,-47.96194444,-0.539,-0.968,2.154,29.13,0.514,4,2609
A568,UBERABA,MG,3,-19.71,-47.96194444,-0.713,-0.88,2.024,39.033,0.56,5,3295
A568,UBERABA,MG,4,-19.71,-47.96194444,-0.97,-0.84,2.095,49.12,0.613,4,2847
A568,UBERABA,MG,5,-19.71,-47.96194444,-0.759,-0.987,2.211,37.545,0.563,4,2912
A568,UBERABA,MG,6,-19.71,-47.96194444,-1.045,-1.141,2.308,42.481,0.67,4,2783
A568,UBERABA,MG,7,-19.71,-47.96194444,-1.241,-1.282,2.514,44.071,0.71,5,3522
A568,UBERABA,MG,8,-19.71,-47.96194444,-1.277,-1.259,2.788,45.394,0.643,5,3508
A568,UBERABA,MG,9,-19.71,-47.96194444,-1.266,-1.275,2.951,44.785,0.609,4,2655
A568,UBERABA,MG,10,-19.71,-47.96194444,-1.07,-1.072,2.725,44.948,0.556,4,2698
A568,UBERABA,MG,11,-19.71,-47.96194444,-0.588,-0.895,2.407,33.304,0.445,5,3107
A568,UBERABA,MG,12,-19.71,-47.96194444,-0.567,-1.07,2.358,27.928,0.514,4,2817
A569,SETE LAGOAS,MG,1,-19.45527777,-44.17333332,-0.401,0.055,1.806,97.806,0.224,6,4183
A569,SETE LAGOAS,MG,2,-19.45527777,-44.17333332,-0.534,0.137,1.756,104.424,0.314,5,3328
A569,SETE LAGOAS,MG,3,-19.45527777,-44.17333332,-0.828,0.408,1.769,116.217,0.522,5,3696
A569,SETE LAGOAS,MG,4,-19.45527777,-44.17333332,-0.755,0.577,1.769,127.408,0.537,6,4006
A569,SETE LAGOAS,MG,5,-19.45527777,-44.17333332,-0.646,0.412,1.628,122.573,0.47,6,4448
A569,SETE LAGOAS,MG,6,-19.45527777,-44.17333332,-0.577,0.391,1.569,124.084,0.444,6,4305
A569,SETE LAGOAS,MG,7,-19.45527777,-44.17333332,-0.715,0.268,1.652,110.518,0.462,5,3706
A569,SETE LAGOAS,MG,8,-19.45527777,-44.17333332,-0.875,0.465,2.019,117.969,0.491,5,3712
A569,SETE LAGOAS,MG,9,-19.45527777,-44.17333332,-1.316,0.5,2.307,110.809,0.61,4,2866
A569,SETE LAGOAS,MG,10,-19.45527777,-44.17333332,-1.15,0.416,2.339,109.89,0.523,5,3504
A569,SETE LAGOAS,MG,11,-19.45527777,-44.17333332,-0.733,0.421,2.153,119.892,0.393,4,2721
A569,SETE LAGOAS,MG,12,-19.45527777,-44.17333332,-0.545,0.041,2.003,94.297,0.273,5,3200
A570,OLIVEIRA,MG,1,-20.715,-44.86444444,-0.883,-0.65,2.604,53.667,0.421,6,4319
A570,OLIVEIRA,MG,2,-20.715,-44.86444444,-0.875,-0.526,2.412,58.997,0.423,6,3851
A570,OLIVEIRA,MG,3,-20.715,-44.86444444,-1.159,-0.102,2.484,84.95,0.468,6,4223
A570,OLIVEIRA,MG,4,-20.715,-44.86444444,-1.242,0.445,2.545,109.688,0.519,6,4308
A570,OLIVEIRA,MG,5,-20.715,-44.86444444,-1.086,0.249,2.501,102.901,0.446,6,4460
A570,OLIVEIRA,MG,6,-20.715,-44.86444444,-0.997,0.206,2.344,101.668,0.434,6,4317
A570,OLIVEIRA,MG,7,-20.715,-44.86444444,-1.339,0.213,2.663,99.028,0.509,6,4230
A570,OLIVEIRA,MG,8,-20.715,-44.86444444,-1.463,0.09,2.832,93.522,0.518,6,4386
A570,OLIVEIRA,MG,9,-20.715,-44.86444444,-1.641,-0.163,3.031,84.338,0.544,5,3576
A570,OLIVEIRA,MG,10,-20.715,-44.86444444,-1.532,-0.137,3.072,84.909,0.501,5,3685
A570,OLIVEIRA,MG,11,-20.715,-44.86444444,-1.314,-0.216,3.045,80.685,0.437,5,3302
A570,OLIVEIRA,MG,12,-20.715,-44.86444444,-1.074,-0.696,2.813,57.061,0.455,5,3593
A571,PARACATU,MG,1,-17.24444444,-46.88166666,-0.372,-0.324,1.993,48.908,0.248,2,1478
A571,PARACATU,MG,2,-17.24444444,-46.88166666,-0.533,-0.354,1.962,56.442,0.326,3,1808
A571,PARACATU,MG,3,-17.24444444,-46.88166666,-0.552,-0.203,1.909,69.853,0.308,2,1347
A571,PARACATU,MG,4,-17.24444444,-46.88166666,-0.55,0.046,1.75,94.82,0.315,2,1433
A571,PARACATU,MG,5,-17.24444444,-46.88166666,-0.358,0.205,1.587,119.761,0.26,2,1481
A571,PARACATU,MG,6,-17.24444444,-46.88166666,-0.485,-0.071,1.647,81.682,0.297,3,2152
A571,PARACATU,MG,7,-17.24444444,-46.88166666,-0.657,-0.233,1.786,70.49,0.39,5,3340
A571,PARACATU,MG,8,-17.24444444,-46.88166666,-0.752,-0.377,2.037,63.385,0.413,5,2995
A571,PARACATU,MG,9,-17.24444444,-46.88166666,-1.28,-0.748,2.391,59.714,0.62,3,2005
A571,PARACATU,MG,10,-17.24444444,-46.88166666,-0.888,-0.468,2.464,62.201,0.408,4,2959
A571,PARACATU,MG,11,-17.24444444,-46.88166666,-0.473,-0.53,2.287,41.796,0.311,4,2867
A571,PARACATU,MG,12,-17.24444444,-46.88166666,-0.205,-0.528,2.117,21.209,0.268,4,2961
A572,BELO HORIZONTE - SANTO AGOSTINHO,MG,1,-19.93388888,-43.95222222,0.96,0.061,1.555,266.353,0.619,1,744
A572,BELO HORIZONTE - SANTO AGOSTINHO,MG,2,-19.93388888,-43.95222222,0.255,0.202,1.173,231.645,0.278,1,672
A572,BELO HORIZONTE - SANTO AGOSTINHO,MG,3,-19.93388888,-43.95222222,0.821,0.018,1.305,268.775,0.629,1,744
A572,BELO HORIZONTE - SANTO AGOSTINHO,MG,4,-19.93388888,-43.95222222,1.017,-0.02,1.393,271.1,0.73,1,720
A572,BELO HORIZONTE - SANTO AGOSTINHO,MG,5,-19.93388888,-43.95222222,0.929,0.002,1.227,269.897,0.757,1,744
A572,BELO HORIZONTE - SANTO AGOSTINHO,MG,6,-19.93388888,-43.95222222,0.682,-0.004,1.122,270.375,0.608,1,720
A572,BELO HORIZONTE - SANTO AGOSTINHO,MG,7,-19.93388888,-43.95222222,0.692,0.034,1.228,267.151,0.564,1,744
A572,BELO HORIZONTE - SANTO AGOSTINHO,MG,8,-19.93388888,-43.95222222,1.063,0.055,1.509,267.013,0.705,1,732
A572,BELO HORIZONTE - SANTO AGOSTINHO,MG,9,-19.93388888,-43.95222222,1.73,-0.056,2.112,271.858,0.82,1,700
A572,BELO HORIZONTE - SANTO AGOSTINHO,MG,10,-19.93388888,-43.95222222,1.811,-0.107,2.119,273.394,0.856,1,744
A572,BELO HORIZONTE - SANTO AGOSTINHO,MG,11,-19.93388888,-43.95222222,0.802,0.024,1.597,268.298,0.502,1,710
A572,BELO HORIZONTE - SANTO AGOSTINHO,MG,12,-19.93388888,-43.95222222,0.392,0.205,1.485,242.454,0.298,1,740
A601,SEROPEDICA-ECOLOGIA AGRICOLA,RJ,1,-22.75777777,-43.68472221,0.331,-0.375,1.645,318.554,0.304,6,4459
A601,SEROPEDICA-ECOLOGIA AGRICOLA,RJ,2,-22.75777777,-43.68472221,0.332,-0.312,1.522,313.179,0.299,5,3383
A601,SEROPEDICA-ECOLOGIA AGRICOLA,RJ,3,-22.75777777,-43.68472221,0.278,-0.079,1.354,285.952,0.213,5,3719
A601,SEROPEDICA-ECOLOGIA AGRICOLA,RJ,4,-22.75777777,-43.68472221,0.221,-0.166,1.283,307.001,0.215,6,4320
A601,SEROPEDICA-ECOLOGIA AGRICOLA,RJ,5,-22.75777777,-43.68472221,0.246,-0.431,1.395,330.33,0.356,6,4464
A601,SEROPEDICA-ECOLOGIA AGRICOLA,RJ,6,-22.75777777,-43.68472221,0.396,-0.538,1.544,323.641,0.433,6,4320
A601,SEROPEDICA-ECOLOGIA AGRICOLA,RJ,7,-22.75777777,-43.68472221,0.313,-0.45,1.603,325.193,0.342,6,4462
A601,SEROPEDICA-ECOLOGIA AGRICOLA,RJ,8,-22.75777777,-43.68472221,0.296,-0.47,1.833,327.806,0.303,6,4464
A601,SEROPEDICA-ECOLOGIA AGRICOLA,RJ,9,-22.75777777,-43.68472221,0.185,-0.203,1.97,317.723,0.14,5,3591
A601,SEROPEDICA-ECOLOGIA AGRICOLA,RJ,10,-22.75777777,-43.68472221,0.157,0.067,1.74,246.864,0.098,5,3720
A601,SEROPEDICA-ECOLOGIA AGRICOLA,RJ,11,-22.75777777,-43.68472221,0.29,0.248,1.592,229.451,0.24,4,2874
A601,SEROPEDICA-ECOLOGIA AGRICOLA,RJ,12,-22.75777777,-43.68472221,0.283,-0.072,1.634,284.261,0.179,5,3713
A602,RIO DE JANEIRO-MARAMBAIA,RJ,1,-23.05027777,-43.59555555,-0.874,0.072,3.273,94.72,0.268,6,4463
A602,RIO DE JANEIRO-MARAMBAIA,RJ,2,-23.05027777,-43.59555555,-0.768,-0.006,3.228,89.539,0.238,5,3384
A602,RIO DE JANEIRO-MARAMBAIA,RJ,3,-23.05027777,-43.59555555,-0.997,0.382,3.143,110.988,0.34,5,3720
A602,RIO DE JANEIRO-MARAMBAIA,RJ,4,-23.05027777,-43.59555555,-0.71,0.232,3.165,108.118,0.236,4,2880
A602,RIO DE JANEIRO-MARAMBAIA,RJ,5,-23.05027777,-43.59555555,0.222,0.246,3.461,221.997,0.096,4,2777
A602,RIO DE JANEIRO-MARAMBAIA,RJ,6,-23.05027777,-43.59555555,-0.132,-0.358,3.441,20.282,0.111,4,2880
A602,RIO DE JANEIRO-MARAMBAIA,RJ,7,-23.05027777,-43.59555555,0.025,0.021,3.726,229.782,0.009,5,3392
A602,RIO DE JANEIRO-MARAMBAIA,RJ,8,-23.05027777,-43.59555555,-0.519,0.008,3.738,90.833,0.139,6,4282
A602,RIO DE JANEIRO-MARAMBAIA,RJ,9,-23.05027777,-43.59555555,-0.765,0.474,3.712,121.802,0.242,4,2861
A602,RIO DE JANEIRO-MARAMBAIA,RJ,10,-23.05027777,-43.59555555,-1.026,0.494,3.481,115.711,0.327,4,2967
A602,RIO DE JANEIRO-MARAMBAIA,RJ,11,-23.05027777,-43.59555555,-0.596,0.752,3.495,141.628,0.275,5,3600
A602,RIO DE JANEIRO-MARAMBAIA,RJ,12,-23.05027777,-43.59555555,-0.94,0.469,3.347,116.518,0.314,5,3718
A603,DUQUE DE CAXIAS - XEREM,RJ,1,-22.58972221,-43.28222221,0.193,0.073,0.692,249.236,0.298,6,4463
A603,DUQUE DE CAXIAS - XEREM,RJ,2,-22.58972221,-43.28222221,0.266,0.094,0.659,250.608,0.428,6,4018
A603,DUQUE DE CAXIAS - XEREM,RJ,3,-22.58972221,-43.28222221,0.166,0.097,0.627,239.595,0.306,5,3720
A603,DUQUE DE CAXIAS - XEREM,RJ,4,-22.58972221,-43.28222221,0.076,0.034,0.541,245.672,0.153,4,2878
A603,DUQUE DE CAXIAS - XEREM,RJ,5,-22.58972221,-43.28222221,0.214,0.062,0.487,253.74,0.458,5,3719
A603,DUQUE DE CAXIAS - XEREM,RJ,6,-22.58972221,-43.28222221,0.245,0.06,0.473,256.128,0.532,5,3600
A603,DUQUE DE CAXIAS - XEREM,RJ,7,-22.58972221,-43.28222221,0.292,0.075,0.577,255.586,0.523,5,3720
A603,DUQUE DE CAXIAS - XEREM,RJ,8,-22.58972221,-43.28222221,0.354,0.107,0.664,253.207,0.557,6,4464
A603,DUQUE DE CAXIAS - XEREM,RJ,9,-22.58972221,-43.28222221,0.381,0.15,0.596,248.551,0.686,5,3600
A603,DUQUE DE CAXIAS - XEREM,RJ,10,-22.58972221,-43.28222221,0.402,0.146,0.588,249.993,0.727,5,3718
A603,DUQUE DE CAXIAS - XEREM,RJ,11,-22.58972221,-43.28222221,0.489,0.143,0.657,253.663,0.776,5,3599
A603,DUQUE DE CAXIAS - XEREM,RJ,12,-22.58972221,-43.28222221,0.465,0.153,0.75,251.8,0.653,5,3718
A604,CAMBUCI,RJ,1,-21.58749999,-41.95833333,-0.433,0.108,1.212,104.064,0.368,6,4245
A604,CAMBUCI,RJ,2,-21.58749999,-41.95833333,-0.377,0.12,1.233,107.604,0.321,5,3285
A604,CAMBUCI,RJ,3,-21.58749999,-41.95833333,-0.46,-0.033,1.174,85.951,0.393,4,2966
A604,CAMBUCI,RJ,4,-21.58749999,-41.95833333,-0.157,-0.007,0.958,87.525,0.164,3,2160
A604,CAMBUCI,RJ,5,-21.58749999,-41.95833333,-0.139,-0.019,0.837,82.418,0.168,3,2232
A604,CAMBUCI,RJ,6,-21.58749999,-41.95833333,0.049,0.054,0.806,221.91,0.09,4,2521
A604,CAMBUCI,RJ,7,-21.58749999,-41.95833333,-0.126,0.018,0.925,98.073,0.138,6,3848
A604,CAMBUCI,RJ,8,-21.58749999,-41.95833333,-0.489,-0.019,1.168,87.802,0.418,6,4464
A604,CAMBUCI,RJ,9,-21.58749999,-41.95833333,-0.836,-0.062,1.41,85.761,0.594,4,2853
A604,CAMBUCI,RJ,10,-21.58749999,-41.95833333,-0.85,-0.057,1.47,86.182,0.58,4,2949
A604,CAMBUCI,RJ,11,-21.58749999,-41.95833333,-0.614,0.037,1.389,93.481,0.443,4,2871
A604,CAMBUCI,RJ,12,-21.58749999,-41.95833333,-0.453,0.087,1.295,100.848,0.356,5,3474
A606,ARRAIAL DO CABO,RJ,1,-22.97527777,-42.02138888,-3.558,-1.318,4.888,69.675,0.776,6,4093
A606,ARRAIAL DO CABO,RJ,2,-22.97527777,-42.02138888,-3.277,-1.227,4.57,69.475,0.766,5,3383
A606,ARRAIAL DO CABO,RJ,3,-22.97527777,-42.02138888,-2.909,-0.907,4.345,72.68,0.701,6,4464
A606,ARRAIAL DO CABO,RJ,4,-22.97527777,-42.02138888,-1.258,-0.409,3.806,71.981,0.348,5,3462
A606,ARRAIAL DO CABO,RJ,5,-22.97527777,-42.02138888,-1.58,-0.723,4.042,65.421,0.43,6,4219
A606,ARRAIAL DO CABO,RJ,6,-22.97527777,-42.02138888,-1.751,-0.907,4.329,62.624,0.456,5,3304
A606,ARRAIAL DO CABO,RJ,7,-22.97527777,-42.02138888,-2.076,-1.071,4.789,62.716,0.488,5,3266
A606,ARRAIAL DO CABO,RJ,8,-22.97527777,-42.02138888,-3.587,-1.37,5.638,69.1,0.681,4,2976
A606,ARRAIAL DO CABO,RJ,9,-22.97527777,-42.02138888,-3.748,-1.645,6.026,66.299,0.679,4,2879
A606,ARRAIAL DO CABO,RJ,10,-22.97527777,-42.02138888,-3.752,-1.226,5.276,71.904,0.748,4,2973
A606,ARRAIAL DO CABO,RJ,11,-22.97527777,-42.02138888,-2.631,-0.827,4.709,72.543,0.586,4,2864
A606,ARRAIAL DO CABO,RJ,12,-22.97527777,-42.02138888,-3.073,-0.883,4.601,73.972,0.695,5,3601
A607,CAMPOS DOS GOYTACAZES,RJ,1,-21.71472222,-41.34388888,-1.335,-1.241,3.089,47.092,0.59,5,3715
A607,CAMPOS DOS GOYTACAZES,RJ,2,-21.71472222,-41.34388888,-0.956,-0.981,2.648,44.261,0.517,5,3383
A607,CAMPOS DOS GOYTACAZES,RJ,3,-21.71472222,-41.34388888,-0.823,-0.532,2.519,57.117,0.389,5,3717
A607,CAMPOS DOS GOYTACAZES,RJ,4,-21.71472222,-41.34388888,0.091,0.378,2.199,193.591,0.177,5,3600
A607,CAMPOS DOS GOYTACAZES,RJ,5,-21.71472222,-41.34388888,0.153,0.085,2.262,240.982,0.077,5,3720
A607,CAMPOS DOS GOYTACAZES,RJ,6,-21.71472222,-41.34388888,0.133,-0.25,2.395,332.043,0.118,5,3599
A607,CAMPOS DOS GOYTACAZES,RJ,7,-21.71472222,-41.34388888,-0.175,-0.139,2.524,51.585,0.088,5,3712
A607,CAMPOS DOS GOYTACAZES,RJ,8,-21.71472222,-41.34388888,-0.738,-0.305,2.924,67.519,0.273,5,3431
A607,CAMPOS DOS GOYTACAZES,RJ,9,-21.71472222,-41.34388888,-1.133,-0.227,3.3,78.669,0.35,4,2274
A607,CAMPOS DOS GOYTACAZES,RJ,10,-21.71472222,-41.34388888,-1.207,-0.233,3.06,79.088,0.402,4,2884
A607,CAMPOS DOS GOYTACAZES,RJ,11,-21.71472222,-41.34388888,-0.651,0.156,2.917,103.435,0.23,4,2854
A607,CAMPOS DOS GOYTACAZES,RJ,12,-21.71472222,-41.34388888,-0.955,-0.573,2.946,59.048,0.378,4,2951
A608,MACAE,RJ,1,-22.3761111,-41.81194444,-1.432,-0.946,2.494,56.548,0.688,6,4417
A608,MACAE,RJ,2,-22.3761111,-41.81194444,-1.366,-0.812,2.349,59.261,0.676,5,3360
A608,MACAE,RJ,3,-22.3761111,-41.81194444,-1.103,-0.524,2.095,64.58,0.583,6,4154
A608,MACAE,RJ,4,-22.3761111,-41.81194444,-0.299,-0.103,1.709,71.022,0.185,6,4320
A608,MACAE,RJ,5,-22.3761111,-41.81194444,-0.359,-0.322,1.743,48.104,0.277,6,4463
A608,MACAE,RJ,6,-22.3761111,-41.81194444,-0.44,-0.557,1.899,38.283,0.374,6,4311
A608,MACAE,RJ,7,-22.3761111,-41.81194444,-0.484,-0.447,1.978,47.32,0.333,6,4167
A608,MACAE,RJ,8,-22.3761111,-41.81194444,-1.054,-0.673,2.493,57.427,0.501,5,3718
A608,MACAE,RJ,9,-22.3761111,-41.81194444,-1.461,-1.008,2.98,55.397,0.596,4,2879
A608,MACAE,RJ,10,-22.3761111,-41.81194444,-1.2,-0.535,2.405,65.981,0.546,5,3566
A608,MACAE,RJ,11,-22.3761111,-41.81194444,-0.972,-0.299,2.302,72.88,0.442,5,3341
A608,MACAE,RJ,12,-22.3761111,-41.81194444,-1.022,-0.575,2.265,60.613,0.518,5,3716
A609,RESENDE,RJ,1,-22.45138888,-44.44499999,-0.476,-0.256,1.823,61.7,0.296,6,4450
A609,RESENDE,RJ,2,-22.45138888,-44.44499999,-0.449,-0.226,1.767,63.256,0.284,6,3960
A609,RESENDE,RJ,3,-22.45138888,-44.44499999,-0.695,-0.334,1.751,64.35,0.44,5,3718
A609,RESENDE,RJ,4,-22.45138888,-44.44499999,-0.575,-0.267,1.782,65.125,0.356,6,3977
A609,RESENDE,RJ,5,-22.45138888,-44.44499999,-0.386,-0.285,1.631,53.528,0.294,6,4448
A609,RESENDE,RJ,6,-22.45138888,-44.44499999,-0.303,-0.242,1.566,51.446,0.248,5,3599
A609,RESENDE,RJ,7,-22.45138888,-44.44499999,-0.426,-0.253,1.614,59.308,0.307,5,3716
A609,RESENDE,RJ,8,-22.45138888,-44.44499999,-0.695,-0.189,1.842,74.759,0.391,6,4463
A609,RESENDE,RJ,9,-22.45138888,-44.44499999,-1.129,-0.224,2.1,78.779,0.548,5,3598
A609,RESENDE,RJ,10,-22.45138888,-44.44499999,-1.27,-0.19,2.22,81.473,0.578,5,3718
A609,RESENDE,RJ,11,-22.45138888,-44.44499999,-0.969,-0.171,2.154,79.965,0.457,5,3599
A609,RESENDE,RJ,12,-22.45138888,-44.44499999,-0.829,-0.205,1.986,76.083,0.43,5,3711
A610,PICO DO COUTO,RJ,1,-22.46472222,-43.29138888,0.807,-2.183,4.727,339.71,0.492,5,3719
A610,PICO DO COUTO,RJ,2,-22.46472222,-43.29138888,0.564,-1.903,4.173,343.495,0.476,5,3384
A610,PICO DO COUTO,RJ,3,-22.46472222,-43.29138888,0.015,-1.118,3.926,359.216,0.285,5,3720
A610,PICO DO COUTO,RJ,4,-22.46472222,-43.29138888,0.103,-0.606,3.966,350.402,0.155,5,3592
A610,PICO DO COUTO,RJ,5,-22.46472222,-43.29138888,1.011,-1.858,4.37,331.444,0.484,5,3716
A610,PICO DO COUTO,RJ,6,-22.46472222,-43.29138888,1.253,-1.897,4.521,326.557,0.503,5,3262
A610,PICO DO COUTO,RJ,7,-22.46472222,-43.29138888,1.344,-2.28,4.708,329.477,0.562,5,3612
A610,PICO DO COUTO,RJ,8,-22.46472222,-43.29138888,0.933,-1.893,4.616,333.75,0.457,5,3614
A610,PICO DO COUTO,RJ,9,-22.46472222,-43.29138888,0.859,-2.215,4.955,338.797,0.479,3,2037
A610,PICO DO COUTO,RJ,10,-22.46472222,-43.29138888,0.608,-1.797,4.749,341.29,0.399,3,1877
A610,PICO DO COUTO,RJ,11,-22.46472222,-43.29138888,0.45,-1.276,4.578,340.582,0.296,4,2880
A610,PICO DO COUTO,RJ,12,-22.46472222,-43.29138888,0.595,-1.971,4.96,343.218,0.415,5,3682
A611,VALENCA,RJ,1,-22.35805555,-43.69555555,-0.261,-0.646,1.739,22.039,0.401,5,3693
A611,VALENCA,RJ,2,-22.35805555,-43.69555555,-0.107,-0.334,1.536,17.72,0.229,5,3383
A611,VALENCA,RJ,3,-22.35805555,-43.69555555,-0.118,-0.305,1.533,21.167,0.214,5,3720
A611,VALENCA,RJ,4,-22.35805555,-43.69555555,0.044,0.013,1.414,253.386,0.032,5,3600
A611,VALENCA,RJ,5,-22.35805555,-43.69555555,0.025,-0.221,1.419,353.558,0.157,5,3720
A611,VALENCA,RJ,6,-22.35805555,-43.69555555,0.008,-0.39,1.496,358.877,0.261,5,3600
A611,VALENCA,RJ,7,-22.35805555,-43.69555555,0.006,-0.268,1.522,358.619,0.176,6,4462
A611,VALENCA,RJ,8,-22.35805555,-43.69555555,-0.044,-0.337,1.771,7.5,0.192,6,4464
A611,VALENCA,RJ,9,-22.35805555,-43.69555555,-0.096,-0.303,2.139,17.549,0.149,5,3582
A611,VALENCA,RJ,10,-22.35805555,-43.69555555,0.019,-0.106,1.983,349.635,0.054,5,3719
A611,VALENCA,RJ,11,-22.35805555,-43.69555555,-0.029,0.141,1.873,168.367,0.077,5,3600
A611,VALENCA,RJ,12,-22.35805555,-43.69555555,-0.099,-0.23,1.834,23.245,0.137,5,3717
A612,VITORIA,ES,1,-20.27083332,-40.30583333,-0.367,-0.905,1.593,22.099,0.613,6,4348
A612,VITORIA,ES,2,-20.27083332,-40.30583333,-0.37,-0.898,1.55,22.406,0.627,6,3966
A612,VITORIA,ES,3,-20.27083332,-40.30583333,-0.278,-0.446,1.376,31.883,0.382,5,3662
A612,VITORIA,ES,4,-20.27083332,-40.30583333,-0.062,0.197,1.239,162.38,0.166,5,3312
A612,VITORIA,ES,5,-20.27083332,-40.30583333,0.001,0.106,1.122,180.582,0.094,5,3189
A612,VITORIA,ES,6,-20.27083332,-40.30583333,0.046,-0.034,1.174,306.298,0.049,5,3513
A612,VITORIA,ES,7,-20.27083332,-40.30583333,-0.055,-0.031,1.259,60.236,0.05,5,3597
A612,VITORIA,ES,8,-20.27083332,-40.30583333,-0.256,-0.285,1.481,41.932,0.259,5,3663
A612,VITORIA,ES,9,-20.27083332,-40.30583333,-0.313,-0.535,1.687,30.292,0.367,5,3434
A612,VITORIA,ES,10,-20.27083332,-40.30583333,-0.402,-0.528,1.665,37.236,0.399,5,3304
A612,VITORIA,ES,11,-20.27083332,-40.30583333,-0.36,-0.257,1.602,54.472,0.276,5,3582
A612,VITORIA,ES,12,-20.27083332,-40.30583333,-0.364,-0.754,1.61,25.792,0.52,5,3705
A613,SANTA TERESA,ES,1,-19.988388,-40.579572,0.173,-0.709,1.715,346.282,0.426,6,4345
A613,SANTA TERESA,ES,2,-19.988388,-40.579572,0.182,-0.819,1.75,347.451,0.479,6,3964
A613,SANTA TERESA,ES,3,-19.988388,-40.579572,0.033,-0.327,1.744,354.266,0.189,6,4224
A613,SANTA TERESA,ES,4,-19.988388,-40.579572,0.194,0.298,1.977,213.009,0.18,6,4249
A613,SANTA TERESA,ES,5,-19.988388,-40.579572,0.267,0.021,1.924,265.55,0.139,6,4329
A613,SANTA TERESA,ES,6,-19.988388,-40.579572,0.458,-0.105,1.928,282.873,0.244,6,4245
A613,SANTA TERESA,ES,7,-19.988388,-40.579572,0.237,-0.097,1.842,292.173,0.139,6,4360
A613,SANTA TERESA,ES,8,-19.988388,-40.579572,0.14,-0.273,1.995,332.834,0.154,6,4348
A613,SANTA TERESA,ES,9,-19.988388,-40.579572,0.148,-0.346,2.041,336.869,0.185,5,3480
A613,SANTA TERESA,ES,10,-19.988388,-40.579572,-0.044,-0.288,1.966,8.681,0.148,5,3509
A613,SANTA TERESA,ES,11,-19.988388,-40.579572,0.322,-0.058,2.206,280.28,0.149,5,3377
A613,SANTA TERESA,ES,12,-19.988388,-40.579572,0.437,-0.603,2.026,324.07,0.367,4,2921
A614,LINHARES,ES,1,-19.35694444,-40.0686111,-0.977,-1.161,2.935,40.077,0.517,4,2976
A614,LINHARES,ES,2,-19.35694444,-40.0686111,-0.675,-1.239,2.768,28.576,0.51,4,2711
A614,LINHARES,ES,3,-19.35694444,-40.0686111,-0.481,-0.35,2.632,53.962,0.226,4,2976
A614,LINHARES,ES,4,-19.35694444,-40.0686111,-0.202,1.18,2.879,170.293,0.416,4,2880
A614,LINHARES,ES,5,-19.35694444,-40.0686111,0.03,0.753,2.779,182.264,0.271,4,2976
A614,LINHARES,ES,6,-19.35694444,-40.0686111,-0.016,0.823,2.578,178.918,0.319,4,2880
A614,LINHARES,ES,7,-19.35694444,-40.0686111,-0.252,0.648,2.737,158.745,0.254,5,3549
A614,LINHARES,ES,8,-19.35694444,-40.0686111,-0.435,0.251,3.135,119.957,0.16,5,3592
A614,LINHARES,ES,9,-19.35694444,-40.0686111,-0.705,-0.168,3.297,76.578,0.22,4,2467
A614,LINHARES,ES,10,-19.35694444,-40.0686111,-0.972,-0.412,3.254,67.025,0.324,3,2232
A614,LINHARES,ES,11,-19.35694444,-40.0686111,-0.861,0.45,3.496,117.629,0.278,3,2160
A614,LINHARES,ES,12,-19.35694444,-40.0686111,-0.799,-0.493,3.163,58.298,0.297,3,2232
A615,ALFREDO CHAVES,ES,1,-20.63638888,-40.74194444,-0.232,-0.476,1.744,25.998,0.303,2,1488
A615,ALFREDO CHAVES,ES,2,-20.63638888,-40.74194444,-0.089,-0.405,1.812,12.362,0.229,3,2040
A615,ALFREDO CHAVES,ES,3,-20.63638888,-40.74194444,-0.224,-0.274,1.807,39.24,0.196,2,1485
A615,ALFREDO CHAVES,ES,4,-20.63638888,-40.74194444,-0.012,-0.305,1.716,2.21,0.178,3,2159
A615,ALFREDO CHAVES,ES,5,-20.63638888,-40.74194444,0.12,-0.568,1.783,348.048,0.326,3,2230
A615,ALFREDO CHAVES,ES,6,-20.63638888,-40.74194444,0.361,-0.691,1.985,332.452,0.393,3,2160
A615,ALFREDO CHAVES,ES,7,-20.63638888,-40.74194444,0.214,-0.534,1.981,338.125,0.291,3,2232
A615,ALFREDO CHAVES,ES,8,-20.63638888,-40.74194444,-0.003,-0.243,1.932,0.716,0.126,3,2232
A615,ALFREDO CHAVES,ES,9,-20.63638888,-40.74194444,-0.417,-0.483,1.967,40.813,0.324,3,2160
A615,ALFREDO CHAVES,ES,10,-20.63638888,-40.74194444,-0.315,-0.077,1.773,76.326,0.183,2,1485
A615,ALFREDO CHAVES,ES,11,-20.63638888,-40.74194444,-0.209,-0.083,1.74,68.32,0.129,2,1440
A615,ALFREDO CHAVES,ES,12,-20.63638888,-40.74194444,-0.061,-0.134,1.59,24.57,0.093,2,1411
A616,SAO MATEUS,ES,1,-18.676198,-39.864051,-1.292,-0.721,2.323,60.826,0.637,5,3708
A616,SAO MATEUS,ES,2,-18.676198,-39.864051,-1.28,-0.81,2.228,57.681,0.68,5,3378
A616,SAO MATEUS,ES,3,-18.676198,-39.864051,-0.854,-0.094,1.977,83.704,0.434,5,3713
A616,SAO MATEUS,ES,4,-18.676198,-39.864051,-0.293,0.723,2.055,157.955,0.38,5,3593
A616,SAO MATEUS,ES,5,-18.676198,-39.864051,-0.148,0.671,1.912,167.528,0.359,5,3624
A616,SAO MATEUS,ES,6,-18.676198,-39.864051,-0.11,0.391,1.75,164.229,0.232,5,3426
A616,SAO MATEUS,ES,7,-18.676198,-39.864051,-0.284,0.531,2.027,151.821,0.297,5,3717
A616,SAO MATEUS,ES,8,-18.676198,-39.864051,-0.678,0.167,2.148,103.87,0.325,5,3715
A616,SAO MATEUS,ES,9,-18.676198,-39.864051,-1.068,-0.124,2.472,83.395,0.435,5,3595
A616,SAO MATEUS,ES,10,-18.676198,-39.864051,-1.293,-0.36,2.615,74.427,0.513,5,3711
A616,SAO MATEUS,ES,11,-18.676198,-39.864051,-1.062,-0.006,2.618,89.65,0.406,5,3594
A616,SAO MATEUS,ES,12,-18.676198,-39.864051,-1.297,-0.798,2.578,58.396,0.591,5,3709
A617,ALEGRE,ES,1,-20.75055555,-41.48888888,-0.171,-0.176,1.235,44.122,0.198,6,4463
A617,ALEGRE,ES,2,-20.75055555,-41.48888888,-0.162,-0.149,1.22,47.332,0.18,6,4056
A617,ALEGRE,ES,3,-20.75055555,-41.48888888,-0.269,-0.081,1.169,73.218,0.24,6,4464
A617,ALEGRE,ES,4,-20.75055555,-41.48888888,-0.374,-0.008,1.125,88.729,0.332,6,4318
A617,ALEGRE,ES,5,-20.75055555,-41.48888888,-0.266,-0.082,1.088,72.829,0.256,6,4464
A617,ALEGRE,ES,6,-20.75055555,-41.48888888,-0.225,-0.148,1.101,56.701,0.245,6,4292
A617,ALEGRE,ES,7,-20.75055555,-41.48888888,-0.419,-0.189,1.227,65.708,0.375,6,4357
A617,ALEGRE,ES,8,-20.75055555,-41.48888888,-0.476,-0.226,1.358,64.623,0.388,6,4340
A617,ALEGRE,ES,9,-20.75055555,-41.48888888,-0.613,-0.283,1.54,65.215,0.439,5,3480
A617,ALEGRE,ES,10,-20.75055555,-41.48888888,-0.663,-0.144,1.474,77.761,0.46,5,3550
A617,ALEGRE,ES,11,-20.75055555,-41.48888888,-0.547,-0.054,1.372,84.349,0.4,5,3600
A617,ALEGRE,ES,12,-20.75055555,-41.48888888,-0.241,-0.148,1.253,58.542,0.226,5,3715
A618,TERESOPOLIS-PARQUE NACIONAL,RJ,1,-22.4486111,-42.98694444,0.375,0.056,0.896,261.586,0.424,4,2976
A618,TERESOPOLIS-PARQUE NACIONAL,RJ,2,-22.4486111,-42.98694444,0.221,0.055,0.784,256.05,0.29,5,3269
A618,TERESOPOLIS-PARQUE NACIONAL,RJ,3,-22.4486111,-42.98694444,0.114,0.068,0.75,239.194,0.177,4,2914
A618,TERESOPOLIS-PARQUE NACIONAL,RJ,4,-22.4486111,-42.98694444,0.088,0.063,0.663,234.498,0.164,4,2515
A618,TERESOPOLIS-PARQUE NACIONAL,RJ,5,-22.4486111,-42.98694444,0.322,0.11,0.726,251.145,0.468,4,2561
A618,TERESOPOLIS-PARQUE NACIONAL,RJ,6,-22.4486111,-42.98694444,0.429,0.154,0.782,250.279,0.583,4,2866
A618,TERESOPOLIS-PARQUE NACIONAL,RJ,7,-22.4486111,-42.98694444,0.382,0.078,0.849,258.435,0.459,4,2973
A618,TERESOPOLIS-PARQUE NACIONAL,RJ,8,-22.4486111,-42.98694444,0.304,0.073,0.915,256.536,0.341,4,2637
A618,TERESOPOLIS-PARQUE NACIONAL,RJ,9,-22.4486111,-42.98694444,0.265,0.115,1.058,246.546,0.273,3,2156
A618,TERESOPOLIS-PARQUE NACIONAL,RJ,10,-22.4486111,-42.98694444,0.396,-0.001,0.963,270.206,0.411,3,2231
A618,TERESOPOLIS-PARQUE NACIONAL,RJ,11,-22.4486111,-42.98694444,0.372,-0.047,0.903,277.265,0.415,3,2037
A618,TERESOPOLIS-PARQUE NACIONAL,RJ,12,-22.4486111,-42.98694444,0.376,0.036,1.005,264.518,0.376,3,2231
A619,PARATY,RJ,1,-23.2236111,-44.72694443,0.335,-0.021,1.497,273.653,0.224,5,3716
A619,PARATY,RJ,2,-23.2236111,-44.72694443,0.41,-0.042,1.564,275.892,0.264,5,3384
A619,PARATY,RJ,3,-23.2236111,-44.72694443,0.447,-0.073,1.623,279.313,0.279,5,3720
A619,PARATY,RJ,4,-23.2236111,-44.72694443,0.57,0.042,1.515,265.783,0.377,5,3599
A619,PARATY,RJ,5,-23.2236111,-44.72694443,0.603,0.106,1.371,260.011,0.447,5,3709
A619,PARATY,RJ,6,-23.2236111,-44.72694443,0.6,0.133,1.314,257.486,0.467,5,3495
A619,PARATY,RJ,7,-23.2236111,-44.72694443,0.516,0.116,1.455,257.369,0.363,5,3497
A619,PARATI,RJ,8,-23.2236111,-44.72694443,0.279,0.068,1.039,256.361,0.276,1,741
A619,PARATY,RJ,8,-23.2236111,-44.72694443,0.336,0.122,1.484,250.089,0.241,5,3466
A619,PARATI,RJ,9,-23.2236111,-44.72694443,0.151,-0.048,1.542,287.672,0.103,1,718
A619,PARATY,RJ,9,-23.2236111,-44.72694443,0.162,0.036,1.532,257.587,0.108,4,2674
A619,PARATI,RJ,10,-23.2236111,-44.72694443,0.114,0.113,1.314,225.247,0.122,1,739
A619,PARATY,RJ,10,-23.2236111,-44.72694443,0.072,0.033,1.389,245.757,0.057,4,2971
A619,PARATI,RJ,11,-23.2236111,-44.72694443,0.128,-0.076,1.556,300.568,0.096,1,716
A619,PARATY,RJ,11,-23.2236111,-44.72694443,0.202,0.039,1.548,259.187,0.133,4,2873
A619,PARATI,RJ,12,-23.2236111,-44.72694443,0.485,0.079,1.574,260.75,0.312,1,741
A619,PARATY,RJ,12,-23.2236111,-44.72694443,0.176,-0.051,1.559,286.159,0.118,4,2952
A620,CAMPOS DOS GOYTACAZES - SAO TOME,RJ,1,-22.04166666,-41.05166666,-2.067,-1.716,4.224,50.309,0.636,5,3718
A620,CAMPOS DOS GOYTACAZES - SAO TOME,RJ,2,-22.04166666,-41.05166666,-2.423,-1.71,4.019,54.78,0.738,5,3384
A620,CAMPOS DOS GOYTACAZES - SAO TOME,RJ,3,-22.04166666,-41.05166666,-1.241,-0.721,3.201,59.854,0.448,5,3720
A620,CAMPOS DOS GOYTACAZES - SAO TOME,RJ,4,-22.04166666,-41.05166666,-0.276,0.262,2.926,133.524,0.13,5,3600
A620,CAMPOS DOS GOYTACAZES - SAO TOME,RJ,5,-22.04166666,-41.05166666,-0.448,-0.024,3.021,86.913,0.148,5,3519
A620,CAMPOS DOS GOYTACAZES - SAO TOME,RJ,6,-22.04166666,-41.05166666,-0.213,-0.36,3.105,30.673,0.135,4,2874
A620,CAMPOS DOS GOYTACAZES - SAO TOME,RJ,7,-22.04166666,-41.05166666,-0.634,-0.507,3.245,51.342,0.25,4,2976
A620,CAMPOS DOS GOYTACAZES - SAO TOME,RJ,8,-22.04166666,-41.05166666,-2.223,-0.533,3.651,76.507,0.626,5,3389
A620,CAMPOS DOS GOYTACAZES - SAO TOME,RJ,9,-22.04166666,-41.05166666,-2.801,-1.124,4.414,68.14,0.684,5,3129
A620,CAMPOS DOS GOYTACAZES - SAO TOME,RJ,10,-22.04166666,-41.05166666,-1.708,-0.23,3.77,82.342,0.457,3,2222
A620,CAMPOS DOS GOYTACAZES - SAO TOME,RJ,11,-22.04166666,-41.05166666,-1.586,-0.368,4.075,76.928,0.4,5,3215
A620,CAMPOS DOS GOYTACAZES - SAO TOME,RJ,12,-22.04166666,-41.05166666,-1.982,-1.11,4.031,60.763,0.563,5,3708
A621,RIO DE JANEIRO - VILA MILITAR,RJ,1,-22.86138888,-43.41138888,0.088,0.017,1.202,258.947,0.074,6,4464
A621,RIO DE JANEIRO - VILA MILITAR,RJ,2,-22.86138888,-43.41138888,0.162,-0.048,1.171,286.565,0.144,6,4054
A621,RIO DE JANEIRO - VILA MILITAR,RJ,3,-22.86138888,-43.41138888,0.222,0.042,1.167,259.218,0.193,6,4462
A621,RIO DE JANEIRO - VILA MILITAR,RJ,4,-22.86138888,-43.41138888,0.16,-0.094,0.988,300.41,0.188,6,4320
A621,RIO DE JANEIRO - VILA MILITAR,RJ,5,-22.86138888,-43.41138888,0.034,-0.206,0.847,350.591,0.246,6,4463
A621,RIO DE JANEIRO - VILA MILITAR,RJ,6,-22.86138888,-43.41138888,-0.0,-0.262,0.794,0.09,0.33,6,4313
A621,RIO DE JANEIRO - VILA MILITAR,RJ,7,-22.86138888,-43.41138888,0.006,-0.216,0.918,358.518,0.236,6,4428
A621,RIO DE JANEIRO - VILA MILITAR,RJ,8,-22.86138888,-43.41138888,0.047,-0.048,1.099,315.629,0.061,6,4270
A621,RIO DE JANEIRO - VILA MILITAR,RJ,9,-22.86138888,-43.41138888,0.131,0.058,1.297,245.937,0.11,5,3584
A621,RIO DE JANEIRO - VILA MILITAR,RJ,10,-22.86138888,-43.41138888,0.187,0.139,1.365,233.366,0.17,5,3708
A621,RIO DE JANEIRO - VILA MILITAR,RJ,11,-22.86138888,-43.41138888,0.281,-0.073,1.329,284.474,0.218,5,3597
A621,RIO DE JANEIRO - VILA MILITAR,RJ,12,-22.86138888,-43.41138888,0.244,0.106,1.31,246.507,0.203,5,3713
A622,PRES. KENNEDY,ES,1,-21.10083333,-41.03944444,-3.397,-2.975,4.969,48.784,0.909,1,744
A622,PRESIDENTE KENNEDY,ES,1,-21.10083333,-41.03944444,-1.676,-1.33,3.734,51.57,0.573,5,3718
A622,PRES. KENNEDY,ES,2,-21.10083333,-41.03944444,-1.799,-1.521,3.581,49.788,0.658,1,672
A622,PRESIDENTE KENNEDY,ES,2,-21.10083333,-41.03944444,-1.895,-1.447,3.637,52.635,0.656,5,3384
A622,PRES. KENNEDY,ES,3,-21.10083333,-41.03944444,-1.406,-1.099,3.129,51.987,0.571,1,744
A622,PRESIDENTE KENNEDY,ES,3,-21.10083333,-41.03944444,-1.324,-0.521,3.276,68.528,0.434,5,3369
A622,PRES. KENNEDY,ES,4,-21.10083333,-41.03944444,0.357,0.724,2.702,206.268,0.299,1,720
A622,PRESIDENTE KENNEDY,ES,4,-21.10083333,-41.03944444,-0.301,0.247,2.895,129.355,0.135,5,3302
A622,PRES. KENNEDY,ES,5,-21.10083333,-41.03944444,0.08,0.091,2.792,221.187,0.043,1,744
A622,PRESIDENTE KENNEDY,ES,5,-21.10083333,-41.03944444,0.017,0.058,2.739,196.778,0.022,4,2976
A622,PRES. KENNEDY,ES,6,-21.10083333,-41.03944444,0.058,0.005,2.915,265.461,0.02,1,720
A622,PRESIDENTE KENNEDY,ES,6,-21.10083333,-41.03944444,-0.047,-0.297,2.912,8.951,0.103,4,2878
A622,PRES. KENNEDY,ES,7,-21.10083333,-41.03944444,-0.033,0.253,3.082,172.638,0.083,1,744
A622,PRESIDENTE KENNEDY,ES,7,-21.10083333,-41.03944444,-0.705,-0.562,3.323,51.416,0.271,4,2975
A622,PRES. KENNEDY,ES,8,-21.10083333,-41.03944444,-1.717,-0.919,3.991,61.838,0.488,1,744
A622,PRESIDENTE KENNEDY,ES,8,-21.10083333,-41.03944444,-1.07,-0.437,3.711,67.795,0.312,5,3371
A622,PRES. KENNEDY,ES,9,-21.10083333,-41.03944444,-1.301,-0.186,4.025,81.843,0.326,1,720
A622,PRESIDENTE KENNEDY,ES,9,-21.10083333,-41.03944444,-1.934,-0.931,4.467,64.279,0.48,4,2878
A622,PRES. KENNEDY,ES,10,-21.10083333,-41.03944444,-0.975,0.283,3.498,106.19,0.29,1,744
A622,PRESIDENTE KENNEDY,ES,10,-21.10083333,-41.03944444,-1.743,-0.452,4.13,75.453,0.436,4,2967
A622,PRES. KENNEDY,ES,11,-21.10083333,-41.03944444,-0.68,0.258,3.314,110.82,0.219,1,720
A622,PRESIDENTE KENNEDY,ES,11,-21.10083333,-41.03944444,-1.32,-0.173,3.855,82.536,0.345,4,2879
A622,PRES. KENNEDY,ES,12,-21.10083333,-41.03944444,-0.874,-0.348,3.322,68.283,0.283,1,744
A622,PRESIDENTE KENNEDY,ES,12,-21.10083333,-41.03944444,-1.525,-0.871,3.741,60.273,0.469,4,2970
A623,NOVA VENECIA,ES,1,-18.69527777,-40.39055555,-1.335,-0.841,2.33,57.795,0.677,2,1002
A623,NOVA VENECIA,ES,2,-18.69527777,-40.39055555,-0.996,-0.613,2.02,58.382,0.579,2,960
A623,NOVA VENECIA,ES,3,-18.69527777,-40.39055555,-0.67,-0.225,1.822,71.469,0.388,2,1031
A623,NOVA VENECIA,ES,4,-18.69527777,-40.39055555,-0.778,0.64,2.051,129.438,0.491,2,976
A623,NOVA VENECIA,ES,5,-18.69527777,-40.39055555,-0.342,0.338,2.009,134.675,0.239,2,986
A623,NOVA VENECIA,ES,6,-18.69527777,-40.39055555,-0.531,0.7,1.942,142.822,0.453,2,1018
A623,NOVA VENECIA,ES,7,-18.69527777,-40.39055555,-0.675,0.311,1.762,114.773,0.422,1,744
A623,NOVA VENECIA,ES,8,-18.69527777,-40.39055555,-0.947,0.753,2.391,128.5,0.506,1,744
A623,NOVA VENECIA,ES,9,-18.69527777,-40.39055555,-1.215,0.797,2.585,123.261,0.562,1,720
A623,NOVA VENECIA,ES,10,-18.69527777,-40.39055555,-1.48,-0.584,2.455,68.462,0.648,1,744
A623,NOVA VENECIA,ES,11,-18.69527777,-40.39055555,-0.941,0.629,2.397,123.764,0.472,2,1440
A623,NOVA VENECIA,ES,12,-18.69527777,-40.39055555,-0.861,-0.094,2.199,83.777,0.394,2,1487
A624,NOVA FRIBURGO - SALINAS,RJ,1,-22.33472221,-42.67694443,-0.58,-0.177,2.032,73.054,0.298,4,2976
A624,NOVA FRIBURGO - SALINAS,RJ,2,-22.33472221,-42.67694443,-0.409,-0.134,1.826,71.803,0.236,4,2687
A624,NOVA FRIBURGO - SALINAS,RJ,3,-22.33472221,-42.67694443,-0.073,-0.0,1.729,89.933,0.042,4,2976
A624,NOVA FRIBURGO - SALINAS,RJ,4,-22.33472221,-42.67694443,0.249,0.388,1.883,212.67,0.245,5,3600
A624,NOVA FRIBURGO - SALINAS,RJ,5,-22.33472221,-42.67694443,-0.026,0.144,1.862,169.742,0.079,5,3720
A624,NOVA FRIBURGO - SALINAS,RJ,6,-22.33472221,-42.67694443,-0.255,-0.006,1.881,88.585,0.136,5,3598
A624,NOVA FRIBURGO - SALINAS,RJ,7,-22.33472221,-42.67694443,-0.149,0.073,1.903,115.981,0.087,5,3720
A624,NOVA FRIBURGO - SALINAS,RJ,8,-22.33472221,-42.67694443,-0.122,0.092,2.017,126.995,0.075,6,4205
A624,NOVA FRIBURGO - SALINAS,RJ,9,-22.33472221,-42.67694443,-0.201,0.147,2.331,126.079,0.107,5,3581
A624,NOVA FRIBURGO - SALINAS,RJ,10,-22.33472221,-42.67694443,-0.246,0.124,2.302,116.744,0.12,5,3716
A624,NOVA FRIBURGO - SALINAS,RJ,11,-22.33472221,-42.67694443,0.149,0.403,2.365,200.256,0.182,5,3600
A624,NOVA FRIBURGO - SALINAS,RJ,12,-22.33472221,-42.67694443,-0.227,0.075,2.251,108.43,0.106,5,3718
A625,TRES RIOS,RJ,1,-22.09833333,-43.20833333,-0.222,0.019,0.728,94.854,0.306,6,4454
A625,TRES RIOS,RJ,2,-22.09833333,-43.20833333,-0.229,-0.02,0.642,84.948,0.358,5,3384
A625,TRES RIOS,RJ,3,-22.09833333,-43.20833333,-0.105,0.023,0.636,102.24,0.169,5,3719
A625,TRES RIOS,RJ,4,-22.09833333,-43.20833333,0.029,0.07,0.669,202.405,0.113,6,4316
A625,TRES RIOS,RJ,5,-22.09833333,-43.20833333,-0.02,-0.017,0.618,49.546,0.043,6,4399
A625,TRES RIOS,RJ,6,-22.09833333,-43.20833333,-0.014,-0.038,0.686,20.86,0.059,5,3167
A625,TRES RIOS,RJ,7,-22.09833333,-43.20833333,-0.039,-0.044,0.74,41.671,0.079,4,2976
A625,TRES RIOS,RJ,8,-22.09833333,-43.20833333,-0.029,0.02,0.802,123.866,0.044,5,3485
A625,TRES RIOS,RJ,9,-22.09833333,-43.20833333,-0.043,0.094,1.047,155.355,0.099,4,2788
A625,TRES RIOS,RJ,10,-22.09833333,-43.20833333,-0.102,0.139,0.953,143.615,0.181,3,2142
A625,TRES RIOS,RJ,11,-22.09833333,-43.20833333,0.046,0.236,0.948,191.022,0.254,5,3140
A625,TRES RIOS,RJ,12,-22.09833333,-43.20833333,-0.123,0.083,0.784,124.035,0.19,5,3363
A626,RIO CLARO,RJ,1,-22.653579,-44.040916,-0.508,-0.111,1.618,77.713,0.321,3,2185
A626,RIO CLARO,RJ,2,-22.653579,-44.040916,-0.251,0.285,1.368,138.689,0.278,3,2016
A626,RIO CLARO,RJ,3,-22.653579,-44.040916,-0.424,0.118,1.386,105.526,0.318,3,2017
A626,RIO CLARO,RJ,4,-22.653579,-44.040916,-0.327,0.28,1.331,130.646,0.323,2,1413
A626,RIO CLARO,RJ,5,-22.653579,-44.040916,0.003,0.147,1.376,181.182,0.107,1,743
A626,RIO CLARO,RJ,6,-22.653579,-44.040916,-0.389,0.188,1.32,115.777,0.327,2,1418
A626,RIO CLARO,RJ,7,-22.653579,-44.040916,-0.373,0.082,1.383,102.361,0.276,3,1879
A626,RIO CLARO,RJ,8,-22.653579,-44.040916,-0.454,0.233,1.593,117.142,0.32,4,2419
A626,RIO CLARO,RJ,9,-22.653579,-44.040916,-0.582,0.477,1.737,129.362,0.433,2,1439
A626,RIO CLARO,RJ,10,-22.653579,-44.040916,-0.765,0.348,1.784,114.463,0.471,2,1472
A626,RIO CLARO,RJ,11,-22.653579,-44.040916,-0.49,0.54,1.693,137.808,0.431,2,1413
A626,RIO CLARO,RJ,12,-22.653579,-44.040916,-0.601,0.206,1.618,108.943,0.393,3,1752
A627,NITEROI,RJ,1,-22.867389,-43.102056,-0.038,0.256,1.401,171.482,0.185,6,4297
A627,NITEROI,RJ,2,-22.867389,-43.102056,0.013,0.294,1.418,182.528,0.207,6,3949
A627,NITEROI,RJ,3,-22.867389,-43.102056,0.009,0.402,1.427,181.219,0.282,6,4428
A627,NITEROI,RJ,4,-22.867389,-43.102056,0.066,0.318,1.294,191.744,0.251,5,3453
A627,NITEROI,RJ,5,-22.86749999,-43.10194444,0.106,0.243,1.162,203.598,0.228,4,2971
A627,NITEROI,RJ,6,-22.867389,-43.102056,0.116,0.241,1.048,205.575,0.255,5,3582
A627,NITEROI,RJ,7,-22.867389,-43.102056,0.178,0.376,1.168,205.326,0.356,5,3323
A627,NITEROI,RJ,8,-22.867389,-43.102056,0.073,0.303,1.304,193.62,0.239,5,3429
A627,NITEROI,RJ,9,-22.867389,-43.102056,-0.009,0.479,1.527,178.868,0.314,5,3333
A627,NITEROI,RJ,10,-22.867389,-43.102056,-0.13,0.497,1.504,165.371,0.341,5,3706
A627,NITEROI,RJ,11,-22.867389,-43.102056,0.059,0.653,1.584,185.197,0.414,5,3010
A627,NITEROI,RJ,12,-22.867389,-43.102056,0.007,0.559,1.537,180.757,0.364,5,3434
A628,ANGRA DOS REIS,RJ,1,-22.97555554,-44.30333333,0.166,0.158,0.591,226.462,0.388,6,4266
A628,ANGRA DOS REIS,RJ,2,-22.97555554,-44.30333333,0.138,0.148,0.559,222.934,0.363,6,3849
A628,ANGRA DOS REIS,RJ,3,-22.97555554,-44.30333333,0.132,0.171,0.547,217.665,0.394,6,4230
A628,ANGRA DOS REIS,RJ,4,-22.97555554,-44.30333333,0.157,0.116,0.506,233.696,0.386,6,4005
A628,ANGRA DOS REIS,RJ,5,-22.97555554,-44.30333333,0.151,0.059,0.49,248.63,0.331,6,3979
A628,ANGRA DOS REIS,RJ,6,-22.97555554,-44.30333333,0.12,0.042,0.457,250.901,0.279,5,3600
A628,ANGRA DOS REIS,RJ,7,-22.97555554,-44.30333333,0.153,0.086,0.601,240.542,0.292,5,3492
A628,ANGRA DOS REIS,RJ,8,-22.97555554,-44.30333333,0.168,0.161,0.642,226.295,0.363,6,4324
A628,ANGRA DOS REIS,RJ,9,-22.97555554,-44.30333333,0.132,0.243,0.767,208.532,0.361,5,3357
A628,ANGRA DOS REIS,RJ,10,-22.97555554,-44.30333333,0.101,0.256,0.73,201.543,0.378,4,2931
A628,ANGRA DOS REIS,RJ,11,-22.97555554,-44.30333333,0.088,0.216,0.692,202.133,0.338,4,2817
A628,ANGRA DOS REIS,RJ,12,-22.97555554,-44.30333333,0.058,0.172,0.688,198.658,0.264,4,2586
A629,CARMO,RJ,1,-21.938745,-42.600936,-0.43,-0.371,0.975,49.17,0.582,5,3698
A629,CARMO,RJ,2,-21.938745,-42.600936,-0.374,-0.341,0.986,47.678,0.513,5,3341
A629,CARMO,RJ,3,-21.938745,-42.600936,-0.415,-0.399,0.922,46.123,0.624,5,3650
A629,CARMO,RJ,4,-21.938745,-42.600936,-0.312,-0.32,0.827,44.302,0.541,5,3600
A629,CARMO,RJ,5,-21.938745,-42.600936,-0.281,-0.317,0.727,41.536,0.583,5,3520
A629,CARMO,RJ,6,-21.938745,-42.600936,-0.236,-0.291,0.675,39.071,0.555,3,2160
A629,CARMO,RJ,7,-21.938745,-42.600936,-0.255,-0.296,0.732,40.791,0.534,5,3534
A629,CARMO,RJ,8,-21.938745,-42.600936,-0.29,-0.281,0.834,45.847,0.485,5,3719
A629,CARMO,RJ,9,-21.938745,-42.600936,-0.427,-0.37,0.975,49.081,0.58,5,3266
A629,CARMO,RJ,10,-21.938745,-42.600936,-0.467,-0.4,1.072,49.405,0.574,5,3719
A629,CARMO,RJ,11,-21.938745,-42.600936,-0.476,-0.359,1.064,52.995,0.56,5,3493
A629,CARMO,RJ,12,-21.938745,-42.600936,-0.48,-0.364,1.062,52.872,0.567,4,2974
A630,SANTA MARIA MADALENA,RJ,1,-21.95055555,-42.01027777,0.084,0.105,0.499,218.698,0.269,6,4463
A630,SANTA MARIA MADALENA,RJ,2,-21.95055555,-42.01027777,0.071,0.084,0.431,220.372,0.256,6,4056
A630,SANTA MARIA MADALENA,RJ,3,-21.95055555,-42.01027777,0.102,0.188,0.452,208.588,0.473,6,4461
A630,SANTA MARIA MADALENA,RJ,4,-21.95055555,-42.01027777,0.098,0.243,0.427,201.953,0.614,6,4080
A630,SANTA MARIA MADALENA,RJ,5,-21.95055555,-42.01027777,0.074,0.11,0.34,213.878,0.391,6,4141
A630,SANTA MARIA MADALENA,RJ,6,-21.95055555,-42.01027777,0.099,0.084,0.397,229.634,0.327,5,3599
A630,SANTA MARIA MADALENA,RJ,7,-21.95055555,-42.01027777,0.081,0.131,0.425,211.61,0.362,5,3720
A630,SANTA MARIA MADALENA,RJ,8,-21.95055555,-42.01027777,0.107,0.255,0.607,202.824,0.456,5,3719
A630,SANTA MARIA MADALENA,RJ,9,-21.95055555,-42.01027777,0.111,0.376,0.808,196.468,0.486,4,2865
A630,SANTA MARIA MADALENA,RJ,10,-21.95055555,-42.01027777,0.114,0.491,0.869,193.03,0.58,5,3466
A630,SANTA MARIA MADALENA,RJ,11,-21.95055555,-42.01027777,0.108,0.434,0.791,194.001,0.565,5,3522
A630,SANTA MARIA MADALENA,RJ,12,-21.95055555,-42.01027777,0.122,0.242,0.661,206.856,0.41,4,2937
A631,ECOPORANGA,ES,1,-18.29138888,-40.73638888,-0.706,-0.083,1.719,83.283,0.414,4,2928
A631,ECOPORANGA,ES,2,-18.29138888,-40.73638888,-0.634,-0.09,1.682,81.953,0.381,4,2612
A631,ECOPORANGA,ES,3,-18.29138888,-40.73638888,-0.83,0.404,1.535,115.949,0.601,3,2220
A631,ECOPORANGA,ES,4,-18.29138888,-40.73638888,-0.742,0.501,1.492,124.038,0.6,3,2158
A631,ECOPORANGA,ES,5,-18.29138888,-40.73638888,-0.666,0.498,1.587,126.815,0.524,3,2229
A631,ECOPORANGA,ES,6,-18.29138888,-40.73638888,-0.617,0.349,1.457,119.487,0.486,3,1582
A631,ECOPORANGA,ES,7,-18.29138888,-40.73638888,-0.916,0.715,1.854,127.97,0.627,1,743
A631,ECOPORANGA,ES,8,-18.29138888,-40.73638888,-1.054,0.594,2.005,119.378,0.604,3,1530
A631,ECOPORANGA,ES,9,-18.29138888,-40.73638888,-1.308,0.462,2.132,109.453,0.651,3,2136
A631,ECOPORANGA,ES,10,-18.29138888,-40.73638888,-1.388,0.312,2.211,102.674,0.643,3,2136
A631,ECOPORANGA,ES,11,-18.29138888,-40.73638888,-1.167,0.416,2.073,109.635,0.598,3,1742
A631,ECOPORANGA,ES,12,-18.29138888,-40.73638888,-0.958,0.132,1.998,97.841,0.484,3,2105
A632,MARILANDIA,ES,1,-19.407181,-40.539825,-0.233,-0.169,1.045,54.083,0.275,6,4413
A632,MARILANDIA,ES,2,-19.407181,-40.539825,-0.148,-0.195,0.988,37.093,0.247,6,3999
A632,MARILANDIA,ES,3,-19.407181,-40.539825,-0.212,-0.095,0.996,65.799,0.233,6,4131
A632,MARILANDIA,ES,4,-19.40722222,-40.53972221,-0.263,0.036,0.995,97.702,0.267,4,2878
A632,MARILANDIA,ES,5,-19.40722222,-40.53972221,-0.211,0.06,0.913,105.936,0.241,4,2971
A632,MARILANDIA,ES,6,-19.40722222,-40.53972221,-0.185,-0.067,0.89,70.003,0.221,4,2879
A632,MARILANDIA,ES,7,-19.40722222,-40.53972221,-0.274,-0.007,0.945,88.615,0.29,4,2951
A632,MARILANDIA,ES,8,-19.40722222,-40.53972221,-0.365,0.051,1.143,97.898,0.323,4,2970
A632,MARILANDIA,ES,9,-19.40722222,-40.53972221,-0.463,-0.007,1.299,89.081,0.357,4,2856
A632,MARILANDIA,ES,10,-19.407181,-40.539825,-0.498,0.08,1.361,99.165,0.37,5,3333
A632,MARILANDIA,ES,11,-19.407181,-40.539825,-0.397,0.134,1.259,108.641,0.333,5,3446
A632,MARILANDIA,ES,12,-19.407181,-40.539825,-0.253,-0.139,1.157,61.168,0.249,5,3590
A633,VENDA NOVA DO IMIGRANTE,ES,1,-20.38555555,-41.18999999,0.011,-0.445,1.177,358.599,0.378,5,3260
A633,VENDA NOVA DO IMIGRANTE,ES,2,-20.38555555,-41.18999999,-0.067,-0.441,1.157,8.639,0.386,4,2670
A633,VENDA NOVA DO IMIGRANTE,ES,3,-20.38555555,-41.18999999,0.112,-0.156,0.956,324.292,0.201,4,2958
A633,VENDA NOVA DO IMIGRANTE,ES,4,-20.38555555,-41.18999999,0.205,-0.082,0.861,291.802,0.256,5,3586
A633,VENDA NOVA DO IMIGRANTE,ES,5,-20.38555555,-41.18999999,0.183,-0.106,0.829,299.99,0.255,5,2956
A633,VENDA NOVA DO IMIGRANTE,ES,6,-20.38555555,-41.18999999,0.097,-0.244,0.834,338.393,0.315,4,2880
A633,VENDA NOVA DO IMIGRANTE,ES,7,-20.38555555,-41.18999999,0.191,-0.208,0.872,317.337,0.324,4,2957
A633,VENDA NOVA DO IMIGRANTE,ES,8,-20.38555555,-41.18999999,0.158,-0.292,0.981,331.534,0.339,4,2971
A633,VENDA NOVA DO IMIGRANTE,ES,9,-20.38555555,-41.18999999,0.099,-0.592,1.295,350.461,0.464,3,2137
A633,VENDA NOVA DO IMIGRANTE,ES,10,-20.38555555,-41.18999999,0.125,-0.468,1.319,345.065,0.367,4,2416
A633,VENDA NOVA DO IMIGRANTE,ES,11,-20.38555555,-41.18999999,0.205,-0.318,1.195,327.175,0.317,4,2435
A633,VENDA NOVA DO IMIGRANTE,ES,12,-20.38555555,-41.18999999,0.078,-0.476,1.234,350.705,0.391,4,2880
A634,VILA VELHA,ES,1,-20.46694443,-40.40388888,-1.061,-1.99,3.236,28.073,0.697,6,4374
A634,VILA VELHA,ES,2,-20.46694443,-40.40388888,-1.004,-1.931,3.005,27.481,0.724,6,4049
A634,VILA VELHA,ES,3,-20.46694443,-40.40388888,-0.466,-0.964,2.527,25.779,0.424,6,4459
A634,VILA VELHA,ES,4,-20.46694443,-40.40388888,0.252,0.201,2.306,231.455,0.14,6,4303
A634,VILA VELHA,ES,5,-20.46694443,-40.40388888,0.344,-0.069,2.245,281.322,0.156,6,4395
A634,VILA VELHA,ES,6,-20.46694443,-40.40388888,0.391,-0.231,2.371,300.518,0.191,5,3597
A634,VILA VELHA,ES,7,-20.46694443,-40.40388888,0.201,-0.258,2.535,322.117,0.129,6,4352
A634,VILA VELHA,ES,8,-20.46694443,-40.40388888,-0.318,-0.837,2.978,20.832,0.301,5,3677
A634,VILA VELHA,ES,9,-20.46694443,-40.40388888,-0.65,-1.315,3.472,26.293,0.422,4,2870
A634,VILA VELHA,ES,10,-20.46694443,-40.40388888,-0.811,-1.364,3.42,30.745,0.464,4,2912
A634,VILA VELHA,ES,11,-20.46694443,-40.40388888,-0.669,-0.799,3.199,39.954,0.326,4,2785
A634,VILA VELHA,ES,12,-20.46694443,-40.40388888,-0.856,-1.602,3.238,28.11,0.561,5,3638
A635,ITATIAIA,RJ,1,-22.37388888,-44.70305555,-0.122,-0.769,2.408,9.025,0.323,1,658
A635,ITATIAIA,RJ,2,-22.37388888,-44.70305555,0.046,-0.626,2.528,355.827,0.248,1,664
A635,ITATIAIA,RJ,3,-22.37388888,-44.70305555,0.822,-0.644,2.554,308.065,0.409,1,735
A635,ITATIAIA,RJ,4,-22.37388888,-44.70305555,0.391,-0.229,2.431,300.353,0.186,1,720
A635,ITATIAIA,RJ,5,-22.37388888,-44.70305555,1.981,-1.001,3.037,296.804,0.731,1,744
A635,ITATIAIA,RJ,6,-22.37388888,-44.70305555,1.255,-0.887,2.879,305.256,0.534,1,720
A635,ITATIAIA,RJ,7,-22.37388888,-44.70305555,0.433,-1.001,3.14,336.612,0.347,1,744
A635,ITATIAIA,RJ,8,-22.37388888,-44.70305555,0.18,-0.374,2.613,334.268,0.159,1,744
A635,ITATIAIA,RJ,9,-22.37388888,-44.70305555,1.05,-0.747,2.793,305.45,0.461,1,720
A635,ITATIAIA,RJ,10,-22.37388888,-44.70305555,1.255,-1.18,3.015,313.235,0.571,1,737
A635,ITATIAIA,RJ,11,-22.37388888,-44.70305555,1.203,-0.462,2.688,291.016,0.479,1,714
A635,ITATIAIA,RJ,12,-22.37388888,-44.70305555,0.91,-0.949,2.878,316.198,0.457,1,571
A636,RIO DE JANEIRO - JACAREPAGUA,RJ,1,-22.93999999,-43.40277777,0.244,0.091,0.799,249.485,0.325,5,3708
A636,RIO DE JANEIRO - JACAREPAGUA,RJ,2,-22.93999999,-43.40277777,0.268,0.137,0.781,243.009,0.385,6,3789
A636,RIO DE JANEIRO - JACAREPAGUA,RJ,3,-22.93999999,-43.40277777,0.28,0.15,0.783,241.825,0.405,6,4464
A636,RIO DE JANEIRO - JACAREPAGUA,RJ,4,-22.93999999,-43.40277777,0.24,0.133,0.674,241.014,0.407,6,4320
A636,RIO DE JANEIRO - JACAREPAGUA,RJ,5,-22.93999999,-43.40277777,0.192,0.074,0.617,248.948,0.334,6,4419
A636,RIO DE JANEIRO - JACAREPAGUA,RJ,6,-22.93999999,-43.40277777,0.173,0.05,0.599,254.01,0.3,6,4319
A636,RIO DE JANEIRO - JACAREPAGUA,RJ,7,-22.93999999,-43.40277777,0.185,0.053,0.664,254.113,0.289,6,4464
A636,RIO DE JANEIRO - JACAREPAGUA,RJ,8,-22.93999999,-43.40277777,0.25,0.054,0.79,257.725,0.324,6,4436
A636,RIO DE JANEIRO - JACAREPAGUA,RJ,9,-22.93999999,-43.40277777,0.189,0.071,0.897,249.349,0.225,5,3517
A636,RIO DE JANEIRO - JACAREPAGUA,RJ,10,-22.93999999,-43.40277777,0.252,0.117,0.898,245.077,0.31,5,3668
A636,RIO DE JANEIRO - JACAREPAGUA,RJ,11,-22.93999999,-43.40277777,0.255,0.177,0.846,235.29,0.367,5,3599
A636,RIO DE JANEIRO - JACAREPAGUA,RJ,12,-22.93999999,-43.40277777,0.26,0.136,0.893,242.443,0.328,5,3718
A637,PATY DO ALFERES - AVELAR,RJ,1,-22.34722221,-43.41777777,-0.092,-0.518,1.219,10.08,0.431,1,744
A637,Paty do Alferes - Avelar,RJ,1,-22.34722221,-43.41777777,0.023,-0.339,1.205,356.187,0.282,3,2226
A637,PATY DO ALFERES - AVELAR,RJ,2,-22.34722221,-43.41777777,-0.016,-0.32,1.113,2.811,0.288,1,672
A637,Paty do Alferes - Avelar,RJ,2,-22.34722221,-43.41777777,-0.065,-0.505,1.214,7.319,0.42,3,2017
A637,PATY DO ALFERES - AVELAR,RJ,3,-22.34722221,-43.41777777,0.026,-0.23,1.069,353.472,0.216,1,744
A637,Paty do Alferes - Avelar,RJ,3,-22.34722221,-43.41777777,0.102,-0.28,1.133,339.94,0.263,3,2227
A637,PATY DO ALFERES - AVELAR,RJ,4,-22.34722221,-43.41777777,0.061,-0.286,1.001,347.878,0.292,1,720
A637,Paty do Alferes - Avelar,RJ,4,-22.34722221,-43.41777777,0.093,-0.201,1.037,335.175,0.213,3,2159
A637,PATY DO ALFERES - AVELAR,RJ,5,-22.34722221,-43.41777777,0.186,-0.291,1.121,327.46,0.308,1,744
A637,Paty do Alferes - Avelar,RJ,5,-22.34722221,-43.41777777,0.088,-0.359,0.996,346.168,0.371,3,2221
A637,PATY DO ALFERES - AVELAR,RJ,6,-22.34722221,-43.41777777,0.098,-0.254,0.949,338.879,0.287,1,711
A637,Paty do Alferes - Avelar,RJ,6,-22.34722221,-43.41777777,0.034,-0.468,1.01,355.816,0.464,3,2160
A637,PATY DO ALFERES - AVELAR,RJ,7,-22.34722221,-43.41777777,0.164,-0.374,1.174,336.32,0.348,1,744
A637,Paty do Alferes - Avelar,RJ,7,-22.34722221,-43.41777777,0.165,-0.326,1.037,333.115,0.352,3,2231
A637,PATY DO ALFERES - AVELAR,RJ,8,-22.34722221,-43.41777777,0.101,-0.525,1.238,349.068,0.432,1,740
A637,Paty do Alferes - Avelar,RJ,8,-22.34722221,-43.41777777,0.17,-0.421,1.173,338.022,0.387,3,2232
A637,Paty do Alferes - Avelar,RJ,9,-22.34722221,-43.41777777,0.075,-0.607,1.425,352.983,0.429,3,2152
A637,Paty do Alferes - Avelar,RJ,10,-22.34722221,-43.41777777,0.197,-0.479,1.482,337.618,0.349,3,2187
A637,Paty do Alferes - Avelar,RJ,11,-22.34722221,-43.41777777,0.136,-0.363,1.399,339.515,0.277,4,2603
A637,Paty do Alferes - Avelar,RJ,12,-22.34722221,-43.41777777,0.019,-0.436,1.375,357.503,0.317,4,2902
A652,RIO DE JANEIRO - FORTE DE COPACABANA,RJ,1,-22.98833333,-43.19055555,-0.713,0.241,2.11,108.689,0.357,5,3720
A652,RIO DE JANEIRO - FORTE DE COPACABANA,RJ,2,-22.98833333,-43.19055555,-0.614,0.175,2.015,105.926,0.317,5,3384
A652,RIO DE JANEIRO - FORTE DE COPACABANA,RJ,3,-22.98833333,-43.19055555,-0.564,0.267,2.009,115.302,0.31,4,2971
A652,RIO DE JANEIRO - FORTE DE COPACABANA,RJ,4,-22.98833333,-43.19055555,-0.194,0.357,2.291,151.539,0.177,5,3324
A652,RIO DE JANEIRO - FORTE DE COPACABANA,RJ,5,-22.98833333,-43.19055555,-0.248,0.105,2.059,112.885,0.131,5,3715
A652,RIO DE JANEIRO - FORTE DE COPACABANA,RJ,6,-22.98833333,-43.19055555,0.167,0.032,2.073,259.095,0.082,5,3590
A652,RIO DE JANEIRO - FORTE DE COPACABANA,RJ,7,-22.98833333,-43.19055555,-0.069,0.085,2.303,141.039,0.048,4,2973
A652,RIO DE JANEIRO - FORTE DE COPACABANA,RJ,8,-22.98833333,-43.19055555,-0.594,0.247,2.79,112.535,0.231,6,4315
A652,RIO DE JANEIRO - FORTE DE COPACABANA,RJ,9,-22.98833333,-43.19055555,-0.642,0.299,2.87,114.964,0.247,5,3216
A652,RIO DE JANEIRO - FORTE DE COPACABANA,RJ,10,-22.98833333,-43.19055555,-0.803,0.344,2.792,113.218,0.313,5,3707
A652,RIO DE JANEIRO - FORTE DE COPACABANA,RJ,11,-22.98833333,-43.19055555,-0.284,0.363,2.512,141.965,0.184,5,3600
A652,RIO DE JANEIRO - FORTE DE COPACABANA,RJ,12,-22.98833333,-43.19055555,-0.568,0.259,2.256,114.521,0.277,5,3540
A657,AFONSO CLAUDIO,ES,1,-20.10416666,-41.10694444,-0.124,-0.852,1.837,8.276,0.469,5,3719
A657,AFONSO CLAUDIO,ES,2,-20.10416666,-41.10694444,-0.162,-0.811,1.836,11.274,0.451,6,3693
A657,AFONSO CLAUDIO,ES,3,-20.10416666,-41.10694444,-0.054,-0.346,1.683,8.848,0.208,5,3654
A657,AFONSO CLAUDIO,ES,4,-20.10416666,-41.10694444,0.157,0.188,1.731,219.863,0.142,6,4186
A657,AFONSO CLAUDIO,ES,5,-20.10416666,-41.10694444,0.085,0.117,1.587,216.127,0.091,6,4400
A657,AFONSO CLAUDIO,ES,6,-20.10416666,-41.10694444,0.091,0.088,1.618,225.994,0.078,6,4259
A657,AFONSO CLAUDIO,ES,7,-20.10416666,-41.10694444,0.109,0.032,1.695,253.774,0.067,6,4401
A657,AFONSO CLAUDIO,ES,8,-20.10416666,-41.10694444,0.017,-0.199,1.927,355.093,0.104,6,4400
A657,AFONSO CLAUDIO,ES,9,-20.10416666,-41.10694444,-0.141,-0.44,2.218,17.701,0.208,5,3474
A657,AFONSO CLAUDIO,ES,10,-20.10416666,-41.10694444,-0.084,-0.401,2.202,11.787,0.186,5,3629
A657,AFONSO CLAUDIO,ES,11,-20.10416666,-41.10694444,0.104,-0.169,2.107,328.283,0.094,5,3380
A657,AFONSO CLAUDIO,ES,12,-20.10416666,-41.10694444,-0.098,-0.758,1.907,7.399,0.401,3,2230
A659,SILVA JARDIM,RJ,1,-22.64583333,-42.41555555,-0.488,0.057,1.345,96.628,0.366,5,3707
A659,SILVA JARDIM,RJ,2,-22.64583333,-42.41555555,-0.201,0.101,1.184,116.731,0.19,5,3381
A659,SILVA JARDIM,RJ,3,-22.64583333,-42.41555555,-0.276,0.124,1.232,114.292,0.246,5,3718
A659,SILVA JARDIM,RJ,4,-22.64583333,-42.41555555,0.027,0.178,1.167,188.549,0.154,5,3320
A659,SILVA JARDIM,RJ,5,-22.64583333,-42.41555555,0.046,0.092,1.044,206.75,0.099,6,4190
A659,SILVA JARDIM,RJ,6,-22.64583333,-42.41555555,0.114,0.082,0.962,234.11,0.146,6,4313
A659,SILVA JARDIM,RJ,7,-22.64583333,-42.41555555,0.117,0.12,1.077,224.329,0.155,6,4451
A659,SILVA JARDIM,RJ,8,-22.64583333,-42.41555555,-0.276,0.111,1.295,111.854,0.23,6,4450
A659,SILVA JARDIM,RJ,9,-22.64583333,-42.41555555,-0.47,0.111,1.546,103.23,0.313,5,3594
A659,SILVA JARDIM,RJ,10,-22.64583333,-42.41555555,-0.602,0.116,1.55,100.889,0.396,4,2948
A659,SILVA JARDIM,RJ,11,-22.64583333,-42.41555555,-0.231,0.255,1.503,137.87,0.229,4,2879
A659,SILVA JARDIM,RJ,12,-22.64583333,-42.41555555,-0.435,0.121,1.44,105.556,0.313,4,2953
A667,SAQUAREMA - SAMPAIO CORREIA,RJ,1,-22.8711111,-42.60888888,-0.564,-0.431,1.944,52.588,0.365,6,4099
A667,SAQUAREMA - SAMPAIO CORREIA,RJ,2,-22.8711111,-42.60888888,-0.274,0.062,1.639,102.842,0.171,6,3768
A667,SAQUAREMA - SAMPAIO CORREIA,RJ,3,-22.8711111,-42.60888888,-0.243,0.008,1.655,91.986,0.147,6,4236
A667,SAQUAREMA - SAMPAIO CORREIA,RJ,4,-22.8711111,-42.60888888,0.079,0.142,1.561,209.149,0.104,6,4178
A667,SAQUAREMA - SAMPAIO CORREIA,RJ,5,-22.8711111,-42.60888888,0.245,0.132,1.441,241.647,0.193,6,4364
A667,SAQUAREMA - SAMPAIO CORREIA,RJ,6,-22.8711111,-42.60888888,0.275,0.145,1.387,242.124,0.224,6,4294
A667,SAQUAREMA - SAMPAIO CORREIA,RJ,7,-22.8711111,-42.60888888,0.173,0.012,1.598,266.029,0.109,6,4455
A667,SAQUAREMA - SAMPAIO CORREIA,RJ,8,-22.8711111,-42.60888888,-0.073,-0.16,1.775,24.506,0.099,6,4359
A667,SAQUAREMA - SAMPAIO CORREIA,RJ,9,-22.8711111,-42.60888888,-0.334,-0.31,2.074,47.095,0.22,5,3537
A667,SAQUAREMA - SAMPAIO CORREIA,RJ,10,-22.8711111,-42.60888888,-0.461,-0.33,2.011,54.35,0.282,5,3713
A667,SAQUAREMA - SAMPAIO CORREIA,RJ,11,-22.8711111,-42.60888888,-0.245,-0.015,1.97,86.445,0.125,5,3544
A667,SAQUAREMA - SAMPAIO CORREIA,RJ,12,-22.8711111,-42.60888888,-0.374,-0.063,1.894,80.489,0.2,4,2953
A701,SAO PAULO - MIRANTE,SP,1,-23.496294,-46.620088,-0.08,0.038,1.751,115.261,0.05,6,4459
A701,SAO PAULO - MIRANTE,SP,2,-23.496294,-46.620088,-0.252,0.173,1.779,124.537,0.172,6,4049
A701,SAO PAULO - MIRANTE,SP,3,-23.496294,-46.620088,-0.251,0.479,1.613,152.373,0.335,6,4455
A701,SAO PAULO - MIRANTE,SP,4,-23.496294,-46.620088,-0.201,0.513,1.444,158.617,0.382,6,4295
A701,SAO PAULO - MIRANTE,SP,5,-23.496294,-46.620088,-0.172,0.109,1.336,122.373,0.152,6,4380
A701,SAO PAULO - MIRANTE,SP,6,-23.496294,-46.620088,-0.293,0.027,1.407,95.256,0.209,6,4283
A701,SAO PAULO - MIRANTE,SP,7,-23.496294,-46.620088,-0.278,0.285,1.275,135.74,0.312,6,4350
A701,SAO PAULO - MIRANTE,SP,8,-23.496294,-46.620088,-0.249,0.433,1.448,150.148,0.345,6,4367
A701,SAO PAULO - MIRANTE,SP,9,-23.496294,-46.620088,-0.245,0.825,1.879,163.464,0.458,5,3582
A701,SAO PAULO - MIRANTE,SP,10,-23.496294,-46.620088,-0.236,0.787,2.04,163.286,0.403,5,3716
A701,SAO PAULO - MIRANTE,SP,11,-23.496294,-46.620088,-0.145,0.801,2.105,169.728,0.387,5,3512
A701,SAO PAULO - MIRANTE,SP,12,-23.496294,-46.620088,-0.13,0.486,2.021,165.063,0.249,5,3693
A702,CAMPO GRANDE,MS,1,-20.447195,-54.722615,-0.245,-0.69,1.877,19.589,0.39,6,4462
A702,CAMPO GRANDE,MS,2,-20.447195,-54.722615,-0.239,-0.741,1.7,17.875,0.458,6,4054
A702,CAMPO GRANDE,MS,3,-20.447195,-54.722615,-0.655,-0.549,1.762,50.024,0.485,6,4410
A702,CAMPO GRANDE,MS,4,-20.447195,-54.722615,-0.999,-0.35,1.966,70.681,0.539,6,4181
A702,CAMPO GRANDE,MS,5,-20.447195,-54.722615,-1.138,-0.429,2.227,69.333,0.546,6,4437
A702,CAMPO GRANDE,MS,6,-20.447195,-54.722615,-1.202,-0.697,2.33,59.901,0.596,6,4275
A702,CAMPO GRANDE,MS,7,-20.447195,-54.722615,-1.665,-0.647,2.837,68.756,0.629,6,4151
A702,CAMPO GRANDE,MS,8,-20.447195,-54.722615,-1.492,-0.751,3.092,63.288,0.54,5,3718
A702,CAMPO GRANDE,MS,9,-20.447195,-54.722615,-1.595,-0.416,3.165,75.372,0.521,5,3600
A702,CAMPO GRANDE,MS,10,-20.447195,-54.722615,-1.167,-0.575,3.011,63.763,0.432,5,3710
A702,CAMPO GRANDE,MS,11,-20.447195,-54.722615,-0.948,-0.471,2.786,63.56,0.38,5,3588
A702,CAMPO GRANDE,MS,12,-20.447195,-54.722615,-0.409,-0.651,2.237,32.157,0.344,5,3649
A703,PONTA PORA,MS,1,-22.5525,-55.71638888,-0.212,-0.553,1.815,21.004,0.327,5,3718
A703,PONTA PORA,MS,2,-22.5525,-55.71638888,-0.132,-0.657,1.698,11.397,0.395,5,3384
A703,PONTA PORA,MS,3,-22.5525,-55.71638888,-0.68,-0.851,2.252,38.612,0.484,4,2976
A703,PONTA PORA,MS,4,-22.5525,-55.71638888,-0.93,-0.715,2.284,52.475,0.514,4,2880
A703,PONTA PORA,MS,5,-22.5525,-55.71638888,-0.881,-0.791,2.491,48.099,0.475,4,2976
A703,PONTA PORA,MS,6,-22.5525,-55.71638888,-0.829,-1.12,2.686,36.502,0.519,4,2878
A703,PONTA PORA,MS,7,-22.5525,-55.71638888,-0.927,-0.942,2.614,44.536,0.506,4,2972
A703,PONTA PORA,MS,8,-22.5525,-55.71638888,-0.829,-0.939,2.818,41.444,0.444,4,2976
A703,PONTA PORA,MS,9,-22.5525,-55.71638888,-0.878,-1.011,3.078,40.957,0.435,3,2160
A703,PONTA PORA,MS,10,-22.5525,-55.71638888,-0.765,-0.79,2.948,44.108,0.373,3,2222
A703,PONTA PORA,MS,11,-22.5525,-55.71638888,-0.8,-0.692,2.704,49.13,0.391,4,2880
A703,PONTA PORA,MS,12,-22.5525,-55.71638888,-0.417,-0.744,2.384,29.303,0.358,4,2974
A704,TRES LAGOAS,MS,1,-20.79499999,-51.71333333,-0.009,-0.344,1.488,1.429,0.231,4,2757
A704,TRES LAGOAS,MS,2,-20.79499999,-51.71333333,-0.098,-0.429,1.393,12.841,0.316,2,1368
A704,TRES LAGOAS,MS,3,-20.79499999,-51.71333333,-0.242,-0.231,1.259,46.237,0.266,2,1488
A704,TRES LAGOAS,MS,4,-20.79499999,-51.71333333,-0.207,-0.058,1.165,74.328,0.184,2,1440
A704,TRES LAGOAS,MS,5,-20.79499999,-51.71333333,-0.123,0.035,1.144,105.779,0.112,4,2904
A704,TRES LAGOAS,MS,6,-20.79499999,-51.71333333,-0.15,-0.166,1.102,42.146,0.203,4,2879
A704,TRES LAGOAS,MS,7,-20.79499999,-51.71333333,-0.176,0.057,1.143,107.785,0.162,4,2974
A704,TRES LAGOAS,MS,8,-20.79499999,-51.71333333,-0.196,-0.077,1.321,68.661,0.159,4,2976
A704,TRES LAGOAS,MS,9,-20.79499999,-51.71333333,-0.34,-0.033,1.501,84.401,0.227,3,2160
A704,TRES LAGOAS,MS,10,-20.78333333,-51.71222222,-0.223,0.04,1.54,100.106,0.147,4,2850
A704,TRES LAGOAS,MS,11,-20.78333333,-51.71222222,-0.139,0.033,1.508,103.224,0.095,4,2879
A704,TRES LAGOAS,MS,12,-20.78333333,-51.71222222,-0.021,-0.183,1.438,6.466,0.128,4,2974
A705,BAURU,SP,1,-22.358052,-49.028877,-0.265,-0.099,1.211,69.561,0.233,5,3499
A705,BAURU,SP,2,-22.358052,-49.028877,-0.295,-0.27,1.248,47.623,0.32,5,3003
A705,BAURU,SP,3,-22.358052,-49.028877,-0.536,-0.042,1.262,85.481,0.426,4,2976
A705,BAURU,SP,4,-22.358052,-49.028877,-0.544,-0.099,1.25,79.73,0.442,5,3599
A705,BAURU,SP,5,-22.358052,-49.028877,-0.435,-0.062,1.276,81.922,0.345,6,4401
A705,BAURU,SP,6,-22.358052,-49.028877,-0.497,-0.16,1.315,72.106,0.397,6,4285
A705,BAURU,SP,7,-22.358052,-49.028877,-0.643,-0.084,1.41,82.518,0.46,6,4457
A705,BAURU,SP,8,-22.358052,-49.028877,-0.621,-0.136,1.668,77.6,0.381,6,4464
A705,BAURU,SP,9,-22.358052,-49.028877,-0.746,-0.101,1.858,82.254,0.405,5,3600
A705,BAURU,SP,10,-22.358052,-49.028877,-0.699,-0.015,1.745,88.771,0.401,5,3715
A705,BAURU,SP,11,-22.358052,-49.028877,-0.592,0.043,1.569,94.151,0.378,5,3599
A705,BAURU,SP,12,-22.358052,-49.028877,-0.378,-0.066,1.371,80.107,0.28,5,3717
A706,CAMPOS DO JORDAO,SP,1,-22.75027777,-45.60388888,0.176,-0.466,1.319,339.32,0.377,3,2226
A706,CAMPOS DO JORDAO,SP,2,-22.75027777,-45.60388888,0.136,-0.471,1.208,343.934,0.406,3,2039
A706,CAMPOS DO JORDAO,SP,3,-22.75027777,-45.60388888,0.098,-0.55,1.28,349.945,0.436,4,2974
A706,CAMPOS DO JORDAO,SP,4,-22.75027777,-45.60388888,0.087,-0.338,1.173,345.543,0.298,4,2879
A706,CAMPOS DO JORDAO,SP,5,-22.75027777,-45.60388888,0.36,-0.321,1.158,311.755,0.417,4,2975
A706,CAMPOS DO JORDAO,SP,6,-22.75027777,-45.60388888,0.381,-0.408,1.199,316.964,0.466,4,2878
A706,CAMPOS DO JORDAO,SP,7,-22.75027777,-45.60388888,0.318,-0.324,1.177,315.534,0.385,4,2975
A706,CAMPOS DO JORDAO,SP,8,-22.75027777,-45.60388888,0.301,-0.492,1.308,328.562,0.441,5,3718
A706,CAMPOS DO JORDAO,SP,9,-22.75027777,-45.60388888,0.204,-0.544,1.374,339.418,0.423,4,2872
A706,CAMPOS DO JORDAO,SP,10,-22.75027777,-45.60388888,0.198,-0.554,1.448,340.286,0.406,4,2945
A706,CAMPOS DO JORDAO,SP,11,-22.75027777,-45.60388888,0.056,-0.37,1.408,351.348,0.266,5,3570
A706,CAMPOS DO JORDAO,SP,12,-22.75027777,-45.60388888,0.236,-0.346,1.341,325.672,0.312,3,2222
A707,PRESIDENTE PRUDENTE,SP,1,-22.119867,-51.408637,-0.123,0.073,1.381,120.738,0.103,5,3686
A707,PRESIDENTE PRUDENTE,SP,2,-22.119867,-51.408637,-0.066,-0.057,1.257,48.967,0.069,5,3325
A707,PRESIDENTE PRUDENTE,SP,3,-22.119867,-51.408637,-0.304,0.02,1.208,93.845,0.252,5,3688
A707,PRESIDENTE PRUDENTE,SP,4,-22.119867,-51.408637,-0.208,0.204,1.311,134.432,0.222,5,3521
A707,PRESIDENTE PRUDENTE,SP,5,-22.119867,-51.408637,-0.307,0.153,1.256,116.452,0.273,5,3672
A707,PRESIDENTE PRUDENTE,SP,6,-22.119867,-51.408637,-0.167,0.079,1.253,115.238,0.147,5,3437
A707,PRESIDENTE PRUDENTE,SP,7,-22.119867,-51.408637,-0.3,0.141,1.346,115.215,0.247,5,3486
A707,PRESIDENTE PRUDENTE,SP,8,-22.119867,-51.408637,-0.244,0.229,1.573,133.255,0.213,3,2219
A707,PRESIDENTE PRUDENTE,SP,9,-22.119867,-51.408637,-0.532,0.078,1.88,98.358,0.286,4,2876
A707,PRESIDENTE PRUDENTE,SP,10,-22.119867,-51.408637,-0.56,0.136,1.854,103.642,0.31,5,3701
A707,PRESIDENTE PRUDENTE,SP,11,-22.119867,-51.408637,-0.446,0.171,1.719,110.968,0.278,5,3596
A707,PRESIDENTE PRUDENTE,SP,12,-22.119867,-51.408637,-0.155,0.055,1.515,109.508,0.109,4,2956
A708,FRANCA,SP,1,-20.58444444,-47.38249999,-0.778,0.35,1.626,114.239,0.525,5,3719
A708,FRANCA,SP,2,-20.58444444,-47.38249999,-0.62,0.303,1.412,116.04,0.488,5,3384
A708,FRANCA,SP,3,-20.58444444,-47.38249999,-0.552,0.577,1.522,136.239,0.525,4,2976
A708,FRANCA,SP,4,-20.58444444,-47.38249999,-0.255,0.499,1.315,152.914,0.427,5,3389
A708,FRANCA,SP,5,-20.58444444,-47.38249999,-0.483,0.521,1.369,137.153,0.519,6,4415
A708,FRANCA,SP,6,-20.58444444,-47.38249999,-0.635,0.672,1.534,136.63,0.603,6,4246
A708,FRANCA,SP,7,-20.58444444,-47.38249999,-0.548,0.78,1.69,144.924,0.564,5,3657
A708,FRANCA,SP,8,-20.58444444,-47.38249999,-0.713,0.893,2.067,141.418,0.553,4,2969
A708,FRANCA,SP,9,-20.58444444,-47.38249999,-0.653,0.871,2.183,143.152,0.498,3,2160
A708,FRANCA,SP,10,-20.58444444,-47.38249999,-0.845,0.689,2.224,129.21,0.49,3,2232
A708,FRANCA,SP,11,-20.58444444,-47.38249999,-0.523,0.496,1.85,133.469,0.39,4,2880
A708,FRANCA,SP,12,-20.58444444,-47.38249999,-0.744,0.417,1.752,119.285,0.487,4,2974
A709,IVINHEMA,MS,1,-22.30055555,-53.82277777,-0.061,-0.368,2.174,9.455,0.172,4,2795
A709,IVINHEMA,MS,2,-22.30055555,-53.82277777,-0.276,-0.117,2.004,66.968,0.15,4,2685
A709,IVINHEMA,MS,3,-22.30055555,-53.82277777,-0.469,-0.071,2.011,81.44,0.236,4,2682
A709,IVINHEMA,MS,4,-22.30055555,-53.82277777,-0.585,0.131,1.966,102.635,0.305,4,2879
A709,IVINHEMA,MS,5,-22.30055555,-53.82277777,-0.47,0.173,2.057,110.154,0.244,4,2976
A709,IVINHEMA,MS,6,-22.30055555,-53.82277777,-0.543,-0.078,2.101,81.771,0.261,5,3248
A709,IVINHEMA,MS,7,-22.30055555,-53.82277777,-0.764,0.097,2.239,97.234,0.344,5,3470
A709,IVINHEMA,MS,8,-22.30055555,-53.82277777,-0.704,-0.031,2.507,87.506,0.281,5,3364
A709,IVINHEMA,MS,9,-22.30055555,-53.82277777,-0.818,0.032,2.761,92.249,0.297,3,2158
A709,IVINHEMA,MS,10,-22.30055555,-53.82277777,-0.738,0.026,2.688,92.023,0.275,4,2640
A709,IVINHEMA,MS,11,-22.30055555,-53.82277777,-0.613,0.019,2.502,91.761,0.245,4,2641
A709,IVINHEMA,MS,12,-22.30055555,-53.82277777,-0.057,-0.076,2.334,36.948,0.041,3,2230
A710,PARANAIBA,MS,1,-19.69555555,-51.18166666,0.026,-0.194,1.071,352.231,0.182,2,1478
A710,PARANAIBA,MS,2,-19.69555555,-51.18166666,-0.013,-0.224,1.236,3.244,0.182,3,2009
A710,PARANAIBA,MS,3,-19.69555555,-51.18166666,-0.242,-0.056,0.842,77.04,0.295,2,1482
A710,PARANAIBA,MS,4,-19.69555555,-51.18166666,-0.181,0.057,0.791,107.429,0.239,2,1440
A710,PARANAIBA,MS,5,-19.69555555,-51.18166666,-0.131,0.105,1.131,128.786,0.149,5,3709
A710,PARANAIBA,MS,6,-19.69555555,-51.18166666,-0.156,-0.003,1.063,89.038,0.147,5,3575
A710,PARANAIBA,MS,7,-19.69555555,-51.18166666,-0.172,0.202,1.076,139.567,0.247,5,3704
A710,PARANAIBA,MS,8,-19.69555555,-51.18166666,-0.128,0.217,1.347,149.403,0.187,5,3702
A710,PARANAIBA,MS,9,-19.69555555,-51.18166666,-0.316,0.153,1.282,115.855,0.274,4,2864
A710,PARANAIBA,MS,10,-19.69555555,-51.18166666,-0.22,0.213,1.28,134.04,0.24,4,2924
A710,PARANAIBA,MS,11,-19.69555555,-51.18166666,-0.116,-0.026,1.523,77.235,0.078,5,3485
A710,PARANAIBA,MS,12,-19.69555555,-51.18166666,0.107,-0.291,1.573,339.769,0.197,4,2961
A711,SAO CARLOS,SP,1,-21.980353,-47.883927,0.2,-0.337,1.352,329.225,0.29,5,3719
A711,SAO CARLOS,SP,2,-21.980353,-47.883927,0.339,-0.325,1.153,313.815,0.407,5,3301
A711,SAO CARLOS,SP,3,-21.980353,-47.883927,0.298,-0.288,1.086,314.027,0.381,4,2976
A711,SAO CARLOS,SP,4,-21.980353,-47.883927,0.126,-0.141,1.089,318.117,0.173,5,3448
A711,SAO CARLOS,SP,5,-21.980353,-47.883927,0.212,-0.295,1.011,324.319,0.36,6,4360
A711,SAO CARLOS,SP,6,-21.980353,-47.883927,0.185,-0.37,0.994,333.428,0.416,6,4313
A711,SAO CARLOS,SP,7,-21.980353,-47.883927,0.249,-0.321,1.045,322.188,0.388,6,4444
A711,SAO CARLOS,SP,8,-21.980353,-47.883927,0.173,-0.328,1.471,332.19,0.252,6,4462
A711,SAO CARLOS,SP,9,-21.980353,-47.883927,0.156,-0.194,1.743,321.1,0.143,5,3598
A711,SAO CARLOS,SP,10,-21.980353,-47.883927,0.19,-0.242,1.705,321.854,0.181,4,2976
A711,SAO CARLOS,SP,11,-21.980353,-47.883927,0.025,0.044,1.626,209.545,0.031,4,2858
A711,SAO CARLOS,SP,12,-21.980353,-47.883927,0.096,-0.288,1.504,341.579,0.202,4,2856
A712,IGUAPE,SP,1,-24.67166666,-47.54583333,-0.73,0.236,1.575,107.881,0.487,4,2137
A712,IGUAPE,SP,2,-24.67166666,-47.54583333,-0.469,0.218,1.427,114.915,0.363,3,1708
A712,IGUAPE,SP,3,-24.67166666,-47.54583333,-0.656,0.211,1.352,107.859,0.51,3,1797
A712,IGUAPE,SP,4,-24.67166666,-47.54583333,-0.532,0.316,1.234,120.715,0.501,3,2159
A712,IGUAPE,SP,5,-24.67166666,-47.54583333,-0.209,0.196,1.079,133.156,0.266,3,2232
A712,IGUAPE,SP,6,-24.67166666,-47.54583333,-0.077,0.218,1.032,160.465,0.224,4,2060
A712,IGUAPE,SP,7,-24.67166666,-47.54583333,-0.338,0.189,1.11,119.203,0.349,2,987
A712,IGUAPE,SP,8,-24.67166666,-47.54583333,-0.449,0.39,1.451,130.917,0.41,3,1352
A712,IGUAPE,SP,9,-24.67166666,-47.54583333,-0.633,0.383,1.452,121.169,0.509,2,1127
A712,IGUAPE,SP,10,-24.67166666,-47.54583333,-0.87,0.448,1.641,117.233,0.596,2,1233
A712,IGUAPE,SP,11,-24.67166666,-47.54583333,-1.046,0.564,1.715,118.315,0.693,2,1160
A712,IGUAPE,SP,12,-24.67166666,-47.54583333,-0.999,0.275,1.752,105.404,0.592,4,1957
A713,IPERO,SP,1,-23.4261111,-47.58555555,-0.449,0.4,1.68,131.715,0.358,2,1487
A713,SOROCABA,SP,1,-23.4261111,-47.58555555,-0.278,0.286,1.941,135.76,0.206,3,1716
A713,IPERO,SP,2,-23.4261111,-47.58555555,-0.31,0.507,2.264,148.601,0.263,1,672
A713,SOROCABA,SP,2,-23.4261111,-47.58555555,-0.164,0.227,1.028,144.223,0.273,2,1250
A713,IPERO,SP,3,-23.4261111,-47.58555555,-0.306,0.897,1.998,161.152,0.474,1,744
A713,SOROCABA,SP,3,-23.4261111,-47.58555555,0.074,0.009,0.709,262.738,0.106,2,1189
A713,IPERO,SP,4,-23.4261111,-47.58555555,-0.159,0.658,1.999,166.429,0.339,1,720
A713,SOROCABA,SP,4,-23.4261111,-47.58555555,-0.375,0.445,0.995,139.889,0.584,2,1088
A713,IPERO,SP,5,-23.4261111,-47.58555555,0.0,0.763,2.007,180.002,0.38,1,744
A713,SOROCABA,SP,5,-23.4261111,-47.58555555,0.016,0.032,0.061,206.893,0.592,1,744
A713,IPERO,SP,6,-23.4261111,-47.58555555,-0.109,0.463,1.949,166.766,0.244,1,720
A713,SOROCABA,SP,6,-23.4261111,-47.58555555,-0.008,0.331,0.948,178.656,0.35,3,1800
A713,IPERO,SP,7,-23.4261111,-47.58555555,0.032,0.385,1.947,184.774,0.198,1,744
A713,SOROCABA,SP,7,-23.4261111,-47.58555555,0.045,0.142,0.882,197.441,0.169,2,1488
A713,IPERO,SP,8,-23.4261111,-47.58555555,-0.134,0.523,2.154,165.631,0.251,1,744
A713,SOROCABA,SP,8,-23.4261111,-47.58555555,-0.39,0.543,1.379,144.365,0.485,2,1488
A713,SOROCABA,SP,9,-23.4261111,-47.58555555,-0.563,0.776,1.714,144.025,0.559,2,1440
A713,SOROCABA,SP,10,-23.4261111,-47.58555555,-0.435,0.664,1.795,146.789,0.442,3,1909
A713,SOROCABA,SP,11,-23.4261111,-47.58555555,-0.005,0.155,0.746,178.081,0.207,1,720
A713,IPERO,SP,12,-23.4261111,-47.58555555,-0.143,0.068,2.087,115.293,0.076,1,624
A713,SOROCABA,SP,12,-23.4261111,-47.58555555,-0.357,0.386,0.812,137.279,0.648,1,744
A714,ITAPEVA,SP,1,-23.98194443,-48.88583333,-0.148,0.975,2.109,171.382,0.467,6,4351
A714,ITAPEVA,SP,2,-23.98194443,-48.88583333,0.127,0.584,1.744,192.223,0.343,6,3909
A714,ITAPEVA,SP,3,-23.98194443,-48.88583333,0.062,0.67,1.877,185.251,0.359,5,3527
A714,ITAPEVA,SP,4,-23.98194443,-48.88583333,0.004,0.853,2.032,180.284,0.42,6,3652
A714,ITAPEVA,SP,5,-23.98194443,-48.88583333,-0.331,0.697,1.575,154.566,0.49,6,3996
A714,ITAPEVA,SP,6,-23.98194443,-48.88583333,0.053,0.827,1.533,183.651,0.541,6,4270
A714,ITAPEVA,SP,7,-23.98194443,-48.88583333,-0.143,0.769,1.697,169.465,0.461,6,4392
A714,ITAPEVA,SP,8,-23.98194443,-48.88583333,-0.025,1.115,2.117,178.698,0.527,6,4420
A714,ITAPEVA,SP,9,-23.98194443,-48.88583333,-0.642,1.03,2.489,148.054,0.488,5,3595
A714,ITAPEVA,SP,10,-23.98194443,-48.88583333,-1.005,1.235,2.704,140.863,0.589,4,2920
A714,ITAPEVA,SP,11,-23.98194443,-48.88583333,-0.858,1.359,2.538,147.735,0.633,5,3577
A714,ITAPEVA,SP,12,-23.98194443,-48.88583333,-0.419,1.17,2.228,160.302,0.558,5,3549
A715,SAO MIGUEL ARCANJO,SP,1,-23.85194444,-48.16472222,0.384,1.023,2.615,200.56,0.418,5,3719
A715,SAO MIGUEL ARCANJO,SP,2,-23.85194444,-48.16472222,0.498,0.982,2.325,206.881,0.474,5,3384
A715,SAO MIGUEL ARCANJO,SP,3,-23.85194444,-48.16472222,0.102,0.869,2.315,186.68,0.378,4,2775
A715,SAO MIGUEL ARCANJO,SP,4,-23.85194444,-48.16472222,-0.235,1.174,2.366,168.698,0.506,3,2160
A715,SAO MIGUEL ARCANJO,SP,5,-23.85194444,-48.16472222,0.026,1.126,2.215,181.314,0.509,3,2232
A715,SAO MIGUEL ARCANJO,SP,6,-23.85194444,-48.16472222,0.145,0.418,1.694,199.181,0.261,3,2065
A715,SAO MIGUEL ARCANJO,SP,7,-23.85194444,-48.16472222,0.405,0.848,2.192,205.531,0.429,5,3707
A715,SAO MIGUEL ARCANJO,SP,8,-23.85194444,-48.16472222,0.098,0.948,2.689,185.879,0.354,5,3698
A715,SAO MIGUEL ARCANJO,SP,9,-23.85194444,-48.16472222,-0.113,1.076,2.786,173.991,0.388,4,2556
A715,SAO MIGUEL ARCANJO,SP,10,-23.85194444,-48.16472222,0.247,1.601,3.033,188.786,0.534,3,2221
A715,SAO MIGUEL ARCANJO,SP,11,-23.85194444,-48.16472222,-0.242,1.158,3.082,168.214,0.384,3,2159
A715,SAO MIGUEL ARCANJO,SP,12,-23.85194444,-48.16472222,0.518,1.679,2.886,197.142,0.609,4,2970
A716,OURINHOS,SP,1,-23.00055555,-49.84333333,-1.258,0.634,2.865,116.753,0.491,3,2178
A716,OURINHOS,SP,2,-23.00055555,-49.84333333,-1.484,0.252,2.472,99.635,0.609,2,1368
A716,OURINHOS,SP,3,-23.00055555,-49.84333333,-2.104,1.308,3.059,121.869,0.81,1,744
A716,OURINHOS,SP,4,-23.00055555,-49.84333333,-1.868,1.164,2.889,121.925,0.762,1,720
A716,OURINHOS,SP,5,-23.00055555,-49.84333333,-1.472,0.219,2.79,98.463,0.534,2,1488
A716,OURINHOS,SP,6,-23.00055555,-49.84333333,-1.56,0.068,2.628,92.484,0.594,3,2160
A716,OURINHOS,SP,7,-23.00055555,-49.84333333,-1.912,0.942,2.906,116.23,0.734,3,2232
A716,OURINHOS,SP,8,-23.00055555,-49.84333333,-1.878,0.729,3.181,111.226,0.633,3,2232
A716,OURINHOS,SP,9,-23.00055555,-49.84333333,-2.032,0.877,3.614,113.354,0.612,3,2160
A716,OURINHOS,SP,10,-23.00055555,-49.84333333,-2.352,1.271,3.891,118.386,0.687,3,2225
A716,OURINHOS,SP,11,-23.00055555,-49.84333333,-1.702,0.913,3.315,118.218,0.582,3,2160
A716,OURINHOS,SP,12,-23.00055555,-49.84333333,-1.136,0.543,2.954,115.552,0.426,3,2230
A717,NHUMIRIM,MS,1,-18.9886111,-56.62277777,-0.034,-0.975,2.142,1.968,0.456,4,2975
A717,NHUMIRIM,MS,2,-18.9886111,-56.62277777,-0.173,-0.974,2.112,10.071,0.469,4,2703
A717,NHUMIRIM,MS,3,-18.9886111,-56.62277777,-0.263,-0.716,1.89,20.15,0.404,4,2976
A717,NHUMIRIM,MS,4,-18.9886111,-56.62277777,-0.017,-0.307,1.771,3.227,0.174,4,2880
A717,NHUMIRIM,MS,5,-18.9886111,-56.62277777,0.105,0.024,2.162,257.331,0.05,4,2956
A717,NHUMIRIM,MS,6,-18.9886111,-56.62277777,-0.024,-0.245,2.159,5.53,0.114,4,2879
A717,NHUMIRIM,MS,7,-18.9886111,-56.62277777,0.062,-0.201,2.272,342.737,0.092,4,2975
A717,NHUMIRIM,MS,8,-18.9886111,-56.62277777,0.035,-0.421,2.589,355.304,0.163,4,2976
A717,NHUMIRIM,MS,9,-18.9886111,-56.62277777,0.113,-0.231,2.71,333.857,0.095,4,2798
A717,NHUMIRIM,MS,10,-18.9886111,-56.62277777,0.204,-0.116,2.644,299.654,0.089,3,2232
A717,NHUMIRIM,MS,11,-18.9886111,-56.62277777,0.007,-0.641,2.589,359.384,0.248,4,2880
A717,NHUMIRIM,MS,12,-18.9886111,-56.62277777,0.073,-1.145,2.315,356.373,0.495,4,2956
A718,RANCHARIA,SP,1,-22.37277777,-50.97472221,-0.287,0.108,1.441,110.604,0.213,5,3719
A718,RANCHARIA,SP,2,-22.37277777,-50.97472221,-0.226,-0.075,1.175,71.669,0.203,5,3384
A718,RANCHARIA,SP,3,-22.37277777,-50.97472221,-0.32,0.048,1.1,98.618,0.294,4,2975
A718,RANCHARIA,SP,4,-22.37277777,-50.97472221,-0.363,0.273,1.07,126.95,0.424,4,2880
A718,RANCHARIA,SP,5,-22.37277777,-50.97472221,-0.049,0.046,1.077,132.931,0.063,5,3712
A718,RANCHARIA,SP,6,-22.37277777,-50.97472221,-0.12,-0.065,0.979,61.544,0.14,6,4317
A718,RANCHARIA,SP,7,-22.37277777,-50.97472221,-0.221,0.013,1.067,93.298,0.207,5,3719
A718,RANCHARIA,SP,8,-22.37277777,-50.97472221,-0.313,0.084,1.431,105.06,0.227,5,3720
A718,RANCHARIA,SP,9,-22.37277777,-50.97472221,-0.538,0.302,1.862,119.314,0.331,4,2880
A718,RANCHARIA,SP,10,-22.37277777,-50.97472221,-0.546,0.355,1.873,123.037,0.347,4,2953
A718,RANCHARIA,SP,11,-22.37277777,-50.97472221,-0.448,0.365,1.662,129.139,0.348,4,2880
A718,RANCHARIA,SP,12,-22.37277777,-50.97472221,-0.235,0.197,1.437,129.913,0.213,4,2971
A719,AQUIDAUANA,MS,1,-20.47555554,-55.78388888,0.095,-0.424,0.909,347.37,0.478,3,2232
A719,AQUIDAUANA,MS,2,-20.47555554,-55.78388888,0.075,-0.343,0.661,347.669,0.532,3,2040
A719,AQUIDAUANA,MS,3,-20.47555554,-55.78388888,0.011,-0.19,0.551,356.614,0.346,3,2231
A719,AQUIDAUANA,MS,4,-20.47555554,-55.78388888,0.044,-0.015,0.532,288.751,0.087,3,2160
A719,AQUIDAUANA,MS,5,-20.47555554,-55.78388888,-0.006,-0.084,0.641,4.324,0.132,3,2232
A719,AQUIDAUANA,MS,6,-20.47555554,-55.78388888,0.072,-0.081,0.685,318.251,0.158,4,2616
A719,AQUIDAUANA,MS,7,-20.47555554,-55.78388888,-0.143,-0.063,0.765,66.161,0.204,4,2975
A719,AQUIDAUANA,MS,8,-20.47555554,-55.78388888,0.025,-0.16,0.844,351.113,0.192,4,2976
A719,AQUIDAUANA,MS,9,-20.47555554,-55.78388888,-0.218,-0.014,1.288,86.446,0.17,4,2879
A719,AQUIDAUANA,MS,10,-20.47555554,-55.78388888,-0.096,-0.207,1.257,24.865,0.181,4,2976
A719,AQUIDAUANA,MS,11,-20.47555554,-55.78388888,-0.056,-0.237,1.156,13.315,0.21,4,2878
A719,AQUIDAUANA,MS,12,-20.47555554,-55.78388888,0.099,-0.4,1.024,346.108,0.402,4,2973
A720,COXIM,MS,1,-18.51222222,-54.7361111,0.306,-0.259,1.5,310.241,0.267,3,2103
A720,COXIM,MS,2,-18.51222222,-54.7361111,-0.094,-0.081,1.354,49.216,0.091,3,1909
A720,COXIM,MS,3,-18.51222222,-54.7361111,-0.186,-0.082,1.297,66.237,0.157,4,2845
A720,COXIM,MS,4,-18.51222222,-54.7361111,-0.243,0.077,1.165,107.521,0.218,4,2861
A720,COXIM,MS,5,-18.51222222,-54.7361111,-0.274,0.194,1.169,125.287,0.287,4,2956
A720,COXIM,MS,6,-18.51222222,-54.7361111,-0.159,0.101,1.161,122.544,0.162,3,2141
A720,COXIM,MS,7,-18.51222222,-54.7361111,-0.318,0.237,1.217,126.715,0.326,3,1829
A720,COXIM,MS,8,-18.51222222,-54.7361111,-0.312,0.17,1.378,118.632,0.258,2,1178
A720,COXIM,MS,9,-18.51222222,-54.7361111,-0.004,0.21,1.499,179.011,0.14,4,2715
A720,COXIM,MS,10,-18.51222222,-54.7361111,0.073,0.009,1.545,262.971,0.047,4,2819
A720,COXIM,MS,11,-18.51222222,-54.7361111,0.159,-0.033,1.674,281.893,0.097,3,1984
A720,COXIM,MS,12,-18.51222222,-54.7361111,0.242,-0.245,1.499,315.392,0.23,4,2586
A721,DOURADOS,MS,1,-22.19388888,-54.91138888,0.091,0.526,2.051,189.777,0.26,3,2231
A721,DOURADOS,MS,2,-22.19388888,-54.91138888,-0.081,0.459,1.829,170.001,0.255,3,2040
A721,DOURADOS,MS,3,-22.19388888,-54.91138888,0.383,0.567,1.713,214.013,0.4,3,2232
A721,DOURADOS,MS,4,-22.19388888,-54.91138888,0.55,0.203,1.686,249.713,0.348,4,2880
A721,DOURADOS,MS,5,-22.19388888,-54.91138888,0.538,0.228,1.83,247.053,0.319,4,2976
A721,DOURADOS,MS,6,-22.19388888,-54.91138888,0.439,0.523,1.906,219.976,0.358,4,2880
A721,DOURADOS,MS,7,-22.19388888,-54.91138888,0.636,0.295,1.931,245.102,0.363,4,2976
A721,DOURADOS,MS,8,-22.19388888,-54.91138888,0.523,0.449,2.046,229.324,0.337,4,2970
A721,DOURADOS,MS,9,-22.19388888,-54.91138888,0.762,0.546,2.81,234.415,0.334,3,2123
A721,DOURADOS,MS,10,-22.19388888,-54.91138888,0.686,0.435,2.804,237.637,0.29,3,2179
A721,DOURADOS,MS,11,-22.19388888,-54.91138888,0.692,0.217,2.458,252.621,0.295,4,2880
A721,DOURADOS,MS,12,-22.19388888,-54.91138888,0.068,0.35,2.03,190.925,0.176,4,2974
A722,MIRANDA,MS,1,-20.39555555,-56.43166666,0.031,-0.371,0.816,355.167,0.456,3,2105
A722,MIRANDA,MS,2,-20.39555555,-56.43166666,-0.076,-0.356,0.784,12.052,0.465,3,1922
A722,MIRANDA,MS,3,-20.39555555,-56.43166666,-0.119,-0.245,0.682,25.926,0.4,3,2168
A722,MIRANDA,MS,4,-20.39555555,-56.43166666,-0.042,-0.014,0.526,71.65,0.083,3,2154
A722,MIRANDA,MS,5,-20.39555555,-56.43166666,-0.029,0.026,0.628,131.869,0.063,3,2231
A722,MIRANDA,MS,6,-20.39555555,-56.43166666,-0.005,-0.026,0.632,10.446,0.042,3,2160
A722,MIRANDA,MS,7,-20.39555555,-56.43166666,-0.018,0.269,0.707,176.194,0.382,3,2232
A722,MIRANDA,MS,8,-20.39555555,-56.43166666,-0.028,0.078,1.008,160.568,0.082,3,2229
A722,MIRANDA,MS,9,-20.39555555,-56.43166666,-0.03,0.143,1.158,168.244,0.126,4,2740
A722,MIRANDA,MS,10,-20.39555555,-56.43166666,0.011,-0.068,1.069,350.765,0.065,4,2812
A722,MIRANDA,MS,11,-20.39555555,-56.43166666,-0.079,-0.103,1.109,37.677,0.117,4,2648
A722,MIRANDA,MS,12,-20.39555555,-56.43166666,-0.023,-0.298,0.824,4.322,0.363,4,2716
A723,PORTO MURTINHO,MS,1,-21.70583333,-57.88666666,0.037,-0.565,1.331,356.233,0.425,1,381
A723,PORTO MURTINHO,MS,2,-21.70583333,-57.88666666,-0.062,-0.211,1.29,16.336,0.171,1,486
A723,PORTO MURTINHO,MS,3,-21.70583333,-57.88666666,-0.118,-0.296,0.909,21.688,0.35,1,744
A723,PORTO MURTINHO,MS,4,-21.70583333,-57.88666666,-0.073,0.088,0.693,140.322,0.164,2,1436
A723,PORTO MURTINHO,MS,5,-21.70583333,-57.88666666,-0.028,0.182,1.033,171.155,0.179,3,2230
A723,PORTO MURTINHO,MS,6,-21.70583333,-57.88666666,-0.083,-0.338,1.0,13.773,0.347,3,2118
A723,PORTO MURTINHO,MS,7,-21.70583333,-57.88666666,-0.032,-0.18,1.159,9.936,0.158,3,2227
A723,PORTO MURTINHO,MS,8,-21.70583333,-57.88666666,-0.0,-0.197,1.339,0.037,0.147,3,2231
A723,PORTO MURTINHO,MS,9,-21.70583333,-57.88666666,-0.025,-0.401,1.727,3.508,0.233,2,1436
A723,PORTO MURTINHO,MS,10,-21.70583333,-57.88666666,0.032,-0.512,2.035,356.45,0.252,1,744
A723,PORTO MURTINHO,MS,11,-21.70583333,-57.88666666,0.021,-1.333,2.01,359.08,0.663,1,720
A723,PORTO MURTINHO,MS,12,-21.70583333,-57.88666666,-0.048,-0.536,1.262,5.144,0.426,1,744
A724,CORUMBA,MS,1,-18.99666666,-57.63749999,-0.067,-0.09,0.956,36.963,0.117,3,2072
A724,CORUMBA,MS,2,-18.99666666,-57.63749999,-0.175,0.072,1.043,112.402,0.182,3,1989
A724,CORUMBA,MS,3,-18.99666666,-57.63749999,-0.242,-0.015,0.952,86.417,0.255,3,2076
A724,CORUMBA,MS,4,-18.99666666,-57.63749999,-0.23,0.074,0.924,107.733,0.262,3,2157
A724,CORUMBA,MS,5,-18.99666666,-57.63749999,0.141,0.302,1.383,205.069,0.241,3,2229
A724,CORUMBA,MS,6,-18.99666666,-57.63749999,-0.211,0.41,1.138,152.785,0.405,2,1440
A724,CORUMBA,MS,7,-18.99666666,-57.63749999,-0.203,0.515,1.509,158.429,0.367,3,2232
A724,CORUMBA,MS,8,-18.99666666,-57.63749999,-0.333,0.216,1.666,122.907,0.238,3,2231
A724,CORUMBA,MS,9,-18.99666666,-57.63749999,-0.23,0.353,1.807,146.88,0.233,4,2842
A724,CORUMBA,MS,10,-18.99666666,-57.63749999,-0.093,0.088,1.717,133.455,0.075,4,2614
A724,CORUMBA,MS,11,-18.99666666,-57.63749999,-0.396,0.098,1.522,103.936,0.268,3,2050
A724,CORUMBA,MS,12,-18.99666666,-57.63749999,-0.11,-0.047,0.942,67.051,0.127,3,2110
A725,AVARE,SP,1,-23.10166666,-48.9411111,0.541,0.752,2.424,215.7,0.382,3,2228
A725,AVARE,SP,2,-23.10166666,-48.9411111,0.058,0.454,1.865,187.295,0.246,3,2040
A725,AVARE,SP,3,-23.10166666,-48.9411111,0.416,0.629,1.68,213.462,0.449,3,2228
A725,AVARE,SP,4,-23.10166666,-48.9411111,0.567,0.597,1.653,223.507,0.498,4,2542
A725,AVARE,SP,5,-23.10166666,-48.9411111,0.281,0.595,1.641,205.274,0.401,4,2951
A725,AVARE,SP,6,-23.10166666,-48.9411111,-0.059,0.499,1.705,173.305,0.295,5,3331
A725,AVARE,SP,7,-23.10166666,-48.9411111,0.638,0.634,1.936,225.192,0.464,5,3200
A725,AVARE,SP,8,-23.10166666,-48.9411111,0.688,0.743,2.271,222.792,0.446,5,3233
A725,AVARE,SP,9,-23.10166666,-48.9411111,1.009,1.056,2.792,223.714,0.523,4,2857
A725,AVARE,SP,10,-23.10166666,-48.9411111,1.011,1.091,2.89,222.842,0.515,4,2962
A725,AVARE,SP,11,-23.10166666,-48.9411111,1.28,0.878,2.75,235.542,0.565,3,2136
A725,AVARE,SP,12,-23.10166666,-48.9411111,0.66,0.623,2.469,226.644,0.368,3,2229
A726,PIRACICABA,SP,1,-22.70305555,-47.62333332,-0.165,1.027,2.194,170.863,0.474,3,2231
A726,PIRACICABA,SP,2,-22.70305555,-47.62333332,-0.013,0.914,1.759,179.162,0.52,3,2040
A726,PIRACICABA,SP,3,-22.70305555,-47.62333332,-0.13,1.11,1.752,173.326,0.638,4,2721
A726,PIRACICABA,SP,4,-22.70305555,-47.62333332,-0.18,1.213,1.828,171.576,0.671,5,3351
A726,PIRACICABA,SP,5,-22.70305555,-47.62333332,-0.014,0.9,1.765,179.1,0.51,5,3719
A726,PIRACICABA,SP,6,-22.70305555,-47.62333332,-0.096,0.907,1.678,173.971,0.543,5,3599
A726,PIRACICABA,SP,7,-22.70305555,-47.62333332,-0.18,0.957,1.705,169.319,0.571,5,3716
A726,PIRACICABA,SP,8,-22.70305555,-47.62333332,-0.261,1.181,2.086,167.561,0.58,5,3720
A726,PIRACICABA,SP,9,-22.70305555,-47.62333332,-0.272,1.083,2.521,165.903,0.443,4,2879
A726,PIRACICABA,SP,10,-22.70305555,-47.62333332,-0.097,1.041,2.486,174.692,0.42,4,2974
A726,PIRACICABA,SP,11,-22.70305555,-47.62333332,-0.26,1.044,2.45,166.031,0.439,4,2576
A726,PIRACICABA,SP,12,-22.70305555,-47.62333332,-0.233,0.739,2.27,162.532,0.341,3,2230
A727,LINS,SP,1,-21.66611111,-49.73472221,-0.411,0.324,1.416,128.284,0.37,3,2117
A727,LINS,SP,2,-21.66611111,-49.73472221,-0.252,0.044,1.007,99.93,0.254,2,1119
A727,LINS,SP,3,-21.66611111,-49.73472221,0.284,0.045,0.892,260.939,0.322,1,744
A727,LINS,SP,4,-21.66611111,-49.73472221,0.167,0.491,1.488,198.79,0.349,3,1860
A727,LINS,SP,5,-21.66611111,-49.73472221,-0.446,0.44,1.28,134.587,0.489,3,2138
A727,LINS,SP,6,-21.66611111,-49.73472221,-0.36,0.266,1.091,126.471,0.41,4,2717
A727,LINS,SP,7,-21.66611111,-49.73472221,-0.537,0.549,1.368,135.593,0.561,4,2812
A727,LINS,SP,8,-21.66611111,-49.73472221,-0.549,0.603,1.567,137.677,0.521,4,2845
A727,LINS,SP,9,-21.66611111,-49.73472221,-0.802,0.866,1.946,137.186,0.607,3,2091
A727,LINS,SP,10,-21.66611111,-49.73472221,-0.71,0.915,1.94,142.182,0.597,3,2045
A727,LINS,SP,11,-21.66611111,-49.73472221,-0.661,1.144,1.929,149.958,0.685,2,1440
A727,LINS,SP,12,-21.66611111,-49.73472221,-0.365,0.269,1.532,126.432,0.296,2,1486
A728,TAUBATE,SP,1,-23.04166666,-45.52083332,-0.299,0.164,1.89,118.757,0.18,6,4016
A728,TAUBATE,SP,2,-23.04166666,-45.52083332,-0.275,0.141,1.733,117.09,0.178,6,3787
A728,TAUBATE,SP,3,-23.04166666,-45.52083332,-0.384,0.179,1.791,115.061,0.237,5,3720
A728,TAUBATE,SP,4,-23.04166666,-45.52083332,-0.253,0.243,1.71,133.872,0.205,5,3600
A728,TAUBATE,SP,5,-23.04166666,-45.52083332,-0.061,-0.003,1.62,86.844,0.037,5,3554
A728,TAUBATE,SP,6,-23.04166666,-45.52083332,0.017,-0.022,1.392,322.13,0.02,5,3433
A728,TAUBATE,SP,7,-23.04166666,-45.52083332,0.034,-0.029,1.512,310.143,0.03,5,3572
A728,TAUBATE,SP,8,-23.04166666,-45.52083332,-0.25,-0.012,1.931,87.326,0.129,4,2974
A728,TAUBATE,SP,9,-23.04166666,-45.52083332,-0.463,0.059,2.313,97.289,0.202,3,2159
A728,TAUBATE,SP,10,-23.04166666,-45.52083332,-0.469,0.143,2.301,106.995,0.213,3,2232
A728,TAUBATE,SP,11,-23.04166666,-45.52083332,-0.304,0.411,2.176,143.522,0.235,3,2136
A728,TAUBATE,SP,12,-23.04166666,-45.52083332,-0.436,0.178,2.089,112.23,0.225,4,2928
A729,VOTUPORANGA,SP,1,-20.40333333,-49.96611111,0.106,-0.242,1.165,336.275,0.226,1,744
A729,VOTUPORANGA,SP,2,-20.40333333,-49.96611111,0.038,0.079,1.24,205.766,0.071,1,672
A730,CHAPADAO DO SUL,MS,1,-18.80222222,-52.6025,0.253,0.74,1.939,198.875,0.404,3,2127
A730,CHAPADAO DO SUL,MS,2,-18.80222222,-52.6025,0.211,0.658,1.868,197.793,0.37,3,1938
A730,CHAPADAO DO SUL,MS,3,-18.80222222,-52.6025,0.748,0.277,1.761,249.65,0.453,3,2175
A730,CHAPADAO DO SUL,MS,4,-18.80222222,-52.6025,0.838,0.105,1.59,262.847,0.531,3,2157
A730,CHAPADAO DO SUL,MS,5,-18.80222222,-52.6025,1.02,-0.215,1.758,281.922,0.593,4,2668
A730,CHAPADAO DO SUL,MS,6,-18.80222222,-52.6025,1.032,-0.027,1.825,271.522,0.566,4,2880
A730,CHAPADAO DO SUL,MS,7,-18.80222222,-52.6025,1.256,-0.54,2.098,293.246,0.652,4,2957
A730,CHAPADAO DO SUL,MS,8,-18.80222222,-52.6025,0.941,-0.112,2.302,276.771,0.412,4,2968
A730,CHAPADAO DO SUL,MS,9,-18.80222222,-52.6025,1.031,-0.171,2.53,279.444,0.413,4,2822
A730,CHAPADAO DO SUL,MS,10,-18.80222222,-52.6025,0.61,0.238,2.594,248.645,0.252,4,2590
A730,CHAPADAO DO SUL,MS,11,-18.80222222,-52.6025,0.428,0.315,2.489,233.662,0.213,3,2052
A730,CHAPADAO DO SUL,MS,12,-18.80222222,-52.6025,0.329,0.826,1.981,201.69,0.449,3,2068
A731,MARACAJU,MS,5,-21.60916666,-55.17749999,0.264,0.169,1.224,237.388,0.256,1,611
A731,MARACAJU,MS,6,-21.60916666,-55.17749999,0.047,-0.29,0.982,350.827,0.299,1,720
A731,MARACAJU,MS,7,-21.60916666,-55.17749999,-0.155,0.334,1.203,155.113,0.306,1,744
A731,MARACAJU,MS,8,-21.60916666,-55.17749999,-0.142,0.032,1.324,102.598,0.109,1,732
A731,MARACAJU,MS,9,-21.60916666,-55.17749999,-0.099,0.091,1.493,132.592,0.09,1,720
A731,MARACAJU,MS,10,-21.60916666,-55.17749999,-0.071,0.146,1.486,154.09,0.109,1,284
A732,SAO GABRIEL DO OESTE,MS,1,-19.42027777,-54.55305555,0.405,-0.375,1.759,312.754,0.314,4,2895
A732,SAO GABRIEL DO OESTE,MS,2,-19.42027777,-54.55305555,0.273,-0.342,1.699,321.435,0.258,4,2712
A732,SAO GABRIEL DO OESTE,MS,3,-19.42027777,-54.55305555,-0.102,-0.346,1.652,16.335,0.219,3,1987
A732,SAO GABRIEL DO OESTE,MS,4,-19.42027777,-54.55305555,-0.109,-0.008,1.375,85.626,0.08,3,2160
A732,SAO GABRIEL DO OESTE,MS,5,-19.42027777,-54.55305555,-0.431,-0.058,1.323,82.317,0.329,3,2232
A732,SAO GABRIEL DO OESTE,MS,6,-19.42027777,-54.55305555,-0.146,-0.024,1.381,80.543,0.107,3,2159
A732,SAO GABRIEL DO OESTE,MS,7,-19.42027777,-54.55305555,-0.34,-0.276,1.558,50.876,0.281,3,2231
A732,SAO GABRIEL DO OESTE,MS,8,-19.42027777,-54.55305555,-0.038,-0.255,2.018,8.518,0.128,4,2975
A732,SAO GABRIEL DO OESTE,MS,9,-19.42027777,-54.55305555,-0.145,-0.154,2.228,43.246,0.095,4,2840
A732,SAO GABRIEL DO OESTE,MS,10,-19.42027777,-54.55305555,0.346,-0.454,2.364,322.687,0.241,3,2232
A732,SAO GABRIEL DO OESTE,MS,11,-19.42027777,-54.55305555,0.302,-0.431,2.399,325.013,0.219,3,2160
A732,SAO GABRIEL DO OESTE,MS,12,-19.42027777,-54.55305555,0.465,-0.574,1.904,320.979,0.388,4,2739
A733,JALES,SP,1,-20.165,-50.59499999,-0.194,-0.312,1.421,31.822,0.259,3,2231
A733,JALES,SP,2,-20.165,-50.59499999,-0.138,-0.297,1.407,24.894,0.233,4,2408
A733,JALES,SP,3,-20.165,-50.59499999,-0.532,-0.057,1.345,83.873,0.398,4,2638
A733,JALES,SP,4,-20.165,-50.59499999,-0.506,0.148,1.15,106.358,0.458,4,2880
A733,JALES,SP,5,-20.165,-50.59499999,-0.873,0.177,1.637,101.442,0.544,4,2976
A733,JALES,SP,6,-20.165,-50.59499999,-0.933,0.031,1.852,91.88,0.504,4,2878
A733,JALES,SP,7,-20.165,-50.59499999,-1.124,0.187,1.898,99.427,0.601,3,2045
A733,JALES,SP,8,-20.165,-50.59499999,-1.194,0.278,2.62,103.107,0.468,2,1486
A733,JALES,SP,9,-20.165,-50.59499999,-1.445,0.226,3.114,98.902,0.47,2,1439
A733,JALES,SP,10,-20.165,-50.59499999,-0.976,0.234,2.855,103.486,0.352,3,2222
A733,JALES,SP,11,-20.165,-50.59499999,-0.494,0.162,2.29,108.129,0.227,4,2856
A733,JALES,SP,12,-20.165,-50.59499999,-0.09,-0.443,1.665,11.535,0.272,4,2965
A734,VALPARAISO,SP,1,-21.31916666,-50.93027777,-0.519,-0.22,1.633,66.98,0.345,5,3716
A734,VALPARAISO,SP,2,-21.31916666,-50.93027777,-0.455,-0.235,1.347,62.71,0.38,6,4053
A734,VALPARAISO,SP,3,-21.31916666,-50.93027777,-0.691,-0.157,1.389,77.224,0.51,6,4434
A734,VALPARAISO,SP,4,-21.31916666,-50.93027777,-0.795,0.054,1.403,93.851,0.568,5,3468
A734,VALPARAISO,SP,5,-21.31916666,-50.93027777,-0.497,-0.187,1.542,69.396,0.344,4,2687
A734,VALPARAISO,SP,6,-21.31916666,-50.93027777,-0.56,-0.333,1.471,59.253,0.443,4,2673
A734,VALPARAISO,SP,7,-21.31916666,-50.93027777,-0.743,0.05,1.598,93.836,0.466,4,2976
A734,VALPARAISO,SP,8,-21.31916666,-50.93027777,-0.88,-0.168,2.0,79.221,0.448,4,2976
A734,VALPARAISO,SP,9,-21.31916666,-50.93027777,-1.064,-0.178,2.347,80.512,0.46,4,2862
A734,VALPARAISO,SP,10,-21.31916666,-50.93027777,-1.096,0.128,2.348,96.641,0.47,5,3694
A734,VALPARAISO,SP,11,-21.31916666,-50.93027777,-0.926,0.044,2.161,92.752,0.429,5,3600
A734,VALPARAISO,SP,12,-21.31916666,-50.93027777,-0.752,-0.092,1.811,83.027,0.418,5,3718
A735,JOSE BONIFACIO,SP,1,-21.08555555,-49.92027777,-0.405,-0.37,2.208,47.575,0.248,2,1416
A735,JOSE BONIFACIO,SP,2,-21.08555555,-49.92027777,-0.292,-0.257,1.838,48.716,0.212,2,1344
A735,JOSE BONIFACIO,SP,3,-21.08555555,-49.92027777,-0.561,-0.133,1.901,76.698,0.303,3,1951
A735,JOSE BONIFACIO,SP,4,-21.08555555,-49.92027777,-0.712,0.418,1.824,120.454,0.452,3,1899
A735,JOSE BONIFACIO,SP,5,-21.08555555,-49.92027777,-0.505,0.025,1.708,92.781,0.296,3,1939
A735,JOSE BONIFACIO,SP,6,-21.08555555,-49.92027777,-0.582,-0.079,1.683,82.253,0.349,3,1985
A735,JOSE BONIFACIO,SP,7,-21.08555555,-49.92027777,-0.788,-0.087,1.913,83.68,0.415,2,1408
A735,JOSE BONIFACIO,SP,8,-21.08555555,-49.92027777,-0.952,0.357,2.422,110.543,0.42,2,1426
A735,JOSE BONIFACIO,SP,9,-21.08555555,-49.92027777,-1.385,0.611,2.95,113.811,0.513,2,1380
A735,JOSE BONIFACIO,SP,10,-21.08555555,-49.92027777,-0.974,0.323,2.594,108.347,0.396,2,1481
A735,JOSE BONIFACIO,SP,11,-21.08555555,-49.92027777,-0.7,0.431,2.43,121.659,0.338,4,2566
A735,JOSE BONIFACIO,SP,12,-21.08555555,-49.92027777,-0.275,-0.233,2.089,49.631,0.173,3,1825
A736,ARIRANHA,SP,1,-21.13305554,-48.84055555,0.272,-0.3,1.512,317.803,0.268,3,2231
A736,ARIRANHA,SP,2,-21.13305554,-48.84055555,0.263,-0.317,1.321,320.383,0.312,3,1986
A736,ARIRANHA,SP,3,-21.13305554,-48.84055555,0.019,-0.268,1.109,355.86,0.242,3,2232
A736,ARIRANHA,SP,4,-21.13305554,-48.84055555,-0.014,-0.292,0.996,2.763,0.293,4,2686
A736,ARIRANHA,SP,5,-21.13305554,-48.84055555,0.065,-0.209,0.9,342.662,0.244,4,2976
A736,ARIRANHA,SP,6,-21.13305554,-48.84055555,0.104,-0.289,1.067,340.173,0.288,4,2877
A736,ARIRANHA,SP,7,-21.13305554,-48.84055555,-0.1,-0.201,1.07,26.289,0.21,4,2976
A736,ARIRANHA,SP,8,-21.13305554,-48.84055555,0.078,-0.286,1.336,344.662,0.222,4,2972
A736,ARIRANHA,SP,9,-21.13305554,-48.84055555,0.048,-0.383,1.644,352.833,0.235,3,2160
A736,ARIRANHA,SP,10,-21.13305554,-48.84055555,0.017,-0.412,1.817,357.674,0.227,3,2170
A736,ARIRANHA,SP,11,-21.13305554,-48.84055555,-0.023,-0.119,1.689,10.876,0.072,3,2159
A736,ARIRANHA,SP,12,-21.13305554,-48.84055555,0.315,-0.352,1.585,318.198,0.298,3,2230
A737,IBITINGA,SP,1,-21.85555555,-48.79972221,0.128,0.043,0.791,251.444,0.17,1,682
A737,IBITINGA,SP,2,-21.85555555,-48.79972221,-0.037,-0.187,0.634,11.254,0.3,2,1233
A737,IBITINGA,SP,3,-21.85555555,-48.79972221,-0.16,0.141,0.962,131.378,0.222,3,2125
A737,IBITINGA,SP,4,-21.85555555,-48.79972221,-0.178,0.036,0.996,101.254,0.183,4,2521
A737,IBITINGA,SP,5,-21.85555555,-48.79972221,-0.17,0.001,1.23,90.252,0.138,4,2961
A737,IBITINGA,SP,6,-21.85555555,-48.79972221,-0.335,0.046,1.251,97.879,0.27,4,2864
A737,IBITINGA,SP,7,-21.85555555,-48.79972221,-0.336,0.225,1.227,123.786,0.33,5,3559
A737,IBITINGA,SP,8,-21.85555555,-48.79972221,-0.339,0.323,1.631,133.62,0.287,5,3621
A737,IBITINGA,SP,9,-21.85555555,-48.79972221,-0.469,0.648,2.048,144.093,0.391,3,2160
A737,IBITINGA,SP,10,-21.85555555,-48.79972221,-0.198,0.339,1.913,149.711,0.205,2,1488
A737,IBITINGA,SP,11,-21.85555555,-48.79972221,-0.239,0.689,2.012,160.867,0.362,2,1440
A737,IBITINGA,SP,12,-21.85555555,-48.79972221,-0.281,0.181,1.686,122.782,0.199,2,1485
A738,CASA BRANCA,SP,1,-21.78055554,-47.07527777,-0.103,-0.384,1.703,14.976,0.233,3,2086
A738,CASA BRANCA,SP,2,-21.78055554,-47.07527777,-0.215,-0.251,1.42,40.568,0.233,3,1975
A738,CASA BRANCA,SP,3,-21.78055554,-47.07527777,-0.078,-0.131,1.34,30.828,0.113,4,2974
A738,CASA BRANCA,SP,4,-21.78055554,-47.07527777,-0.177,-0.214,1.205,39.514,0.23,4,2880
A738,CASA BRANCA,SP,5,-21.78055554,-47.07527777,-0.091,-0.225,1.27,22.023,0.191,5,3720
A738,CASA BRANCA,SP,6,-21.78055554,-47.07527777,-0.193,-0.348,1.248,28.982,0.319,5,3599
A738,CASA BRANCA,SP,7,-21.78055554,-47.07527777,0.079,-0.049,1.316,301.868,0.071,5,3550
A738,CASA BRANCA,SP,8,-21.78055554,-47.07527777,-0.032,-0.232,1.502,7.843,0.156,4,2710
A738,CASA BRANCA,SP,9,-21.78055554,-47.07527777,0.388,0.018,1.571,267.412,0.247,2,1440
A738,CASA BRANCA,SP,10,-21.78055554,-47.07527777,-0.111,-0.181,1.801,31.462,0.118,4,2586
A738,CASA BRANCA,SP,11,-21.78055554,-47.07527777,-0.221,-0.322,1.641,34.447,0.238,3,2160
A738,CASA BRANCA,SP,12,-21.78055554,-47.07527777,0.082,-0.458,1.651,349.846,0.282,3,2230
A739,ITAPIRA,SP,1,-22.415,-46.80527777,-0.193,0.019,0.98,95.717,0.198,2,1487
A739,ITAPIRA,SP,2,-22.415,-46.80527777,-0.134,-0.097,0.834,54.282,0.199,2,1368
A739,ITAPIRA,SP,3,-22.415,-46.80527777,-0.194,0.024,0.858,97.035,0.228,3,1853
A739,ITAPIRA,SP,4,-22.415,-46.80527777,-0.18,0.011,0.874,93.616,0.206,3,1846
A739,ITAPIRA,SP,5,-22.415,-46.80527777,-0.104,-0.176,0.833,30.686,0.245,3,2212
A739,ITAPIRA,SP,6,-22.415,-46.80527777,-0.209,-0.15,0.8,54.367,0.321,3,2157
A739,ITAPIRA,SP,7,-22.415,-46.80527777,-0.26,-0.159,0.869,58.545,0.351,3,1955
A739,ITAPIRA,SP,8,-22.415,-46.80527777,-0.2,-0.181,0.902,47.816,0.299,3,2034
A739,ITAPIRA,SP,9,-22.415,-46.80527777,-0.429,0.095,1.284,102.47,0.342,3,1888
A739,ITAPIRA,SP,10,-22.415,-46.80527777,-0.433,0.103,1.411,103.327,0.315,3,2101
A739,ITAPIRA,SP,11,-22.415,-46.80527777,-0.189,-0.006,1.063,88.171,0.178,2,1440
A739,ITAPIRA,SP,12,-22.415,-46.80527777,-0.145,-0.076,1.062,62.371,0.154,2,1484
A740,SAO LUIZ DO PARAITINGA,SP,1,-23.22833332,-45.41694443,0.105,0.189,1.883,208.931,0.115,1,742
A740,SAO LUIZ DO PARAITINGA,SP,2,-23.22833332,-45.41694443,-0.022,0.171,1.57,172.559,0.11,1,672
A740,SAO LUIZ DO PARAITINGA,SP,3,-23.22833332,-45.41694443,-0.173,0.148,1.426,130.593,0.159,2,1488
A740,SAO LUIZ DO PARAITINGA,SP,4,-23.22833332,-45.41694443,0.026,0.041,0.308,212.336,0.157,1,720
A740,SAO LUIZ DO PARAITINGA,SP,5,-23.22833332,-45.41694443,0.222,0.067,0.575,253.208,0.403,2,1440
A740,SAO LUIZ DO PARAITINGA,SP,6,-23.22833332,-45.41694443,0.021,0.032,0.484,212.995,0.079,2,1440
A740,SAO LUIZ DO PARAITINGA,SP,7,-23.22833332,-45.41694443,0.044,0.026,0.715,238.941,0.072,2,1482
A740,SAO LUIZ DO PARAITINGA,SP,8,-23.22833332,-45.41694443,-0.078,-0.164,1.471,25.431,0.123,2,1180
A740,SAO LUIZ DO PARAITINGA,SP,9,-23.22833332,-45.41694443,-0.485,-0.205,1.781,67.09,0.296,1,651
A740,SAO LUIZ DO PARAITINGA,SP,10,-23.22833332,-45.41694443,0.131,-0.181,1.57,324.216,0.142,2,1476
A740,SAO LUIZ DO PARAITINGA,SP,11,-23.22833332,-45.41694443,-0.316,-0.277,1.814,48.784,0.232,2,1390
A740,SAO LUIZ DO PARAITINGA,SP,12,-23.22833332,-45.41694443,-0.025,-0.295,1.795,4.763,0.165,3,1862
A741,BARRA BONITA,SP,1,-22.4711111,-48.5575,0.746,-0.448,2.371,300.979,0.367,1,739
A741,BARRA BONITA,SP,2,-22.4711111,-48.5575,0.874,-0.21,1.89,283.486,0.476,1,668
A741,BARRA BONITA,SP,3,-22.4711111,-48.5575,1.545,-0.978,2.487,302.334,0.735,2,1369
A741,BARRA BONITA,SP,4,-22.4711111,-48.5575,1.57,-0.981,2.367,302.0,0.782,2,1437
A741,BARRA BONITA,SP,5,-22.4711111,-48.5575,0.491,-0.115,2.001,283.139,0.252,3,2231
A741,BARRA BONITA,SP,6,-22.4711111,-48.5575,0.145,0.063,1.863,246.633,0.085,3,2157
A741,BARRA BONITA,SP,7,-22.4711111,-48.5575,0.899,-0.499,2.343,299.03,0.439,3,2231
A741,BARRA BONITA,SP,8,-22.4711111,-48.5575,0.441,-0.145,2.647,288.215,0.175,3,2229
A741,BARRA BONITA,SP,9,-22.4711111,-48.5575,0.548,-0.227,3.177,292.519,0.187,3,2160
A741,BARRA BONITA,SP,10,-22.4711111,-48.5575,1.118,-0.748,3.269,303.774,0.411,3,2203
A741,BARRA BONITA,SP,11,-22.4711111,-48.5575,1.644,-1.028,2.925,302.017,0.663,2,1440
A741,BARRA BONITA,SP,12,-22.4711111,-48.5575,0.726,-0.326,2.518,294.145,0.316,2,1484
A742,CASSILANDIA,MS,1,-19.12249999,-51.72083332,0.562,0.187,1.505,251.596,0.393,4,2890
A742,CASSILANDIA,MS,2,-19.12249999,-51.72083332,0.538,0.225,1.393,247.273,0.419,4,2708
A742,CASSILANDIA,MS,3,-19.12249999,-51.72083332,0.532,0.227,1.363,246.848,0.424,4,2971
A742,CASSILANDIA,MS,4,-19.12249999,-51.72083332,0.344,0.214,1.273,238.121,0.319,3,2160
A742,CASSILANDIA,MS,5,-19.12249999,-51.72083332,0.375,0.199,1.207,241.993,0.352,3,2232
A742,CASSILANDIA,MS,6,-19.12249999,-51.72083332,0.395,0.21,1.302,242.0,0.343,3,2159
A742,CASSILANDIA,MS,7,-19.12249999,-51.72083332,0.407,0.239,1.295,239.609,0.364,3,2232
A742,CASSILANDIA,MS,8,-19.12249999,-51.72083332,0.35,0.306,1.624,228.787,0.286,4,2677
A742,CASSILANDIA,MS,9,-19.12249999,-51.72083332,0.291,0.368,1.706,218.323,0.275,3,2142
A742,CASSILANDIA,MS,10,-19.12249999,-51.72083332,0.446,0.37,1.716,230.315,0.337,3,1960
A742,CASSILANDIA,MS,11,-19.12249999,-51.72083332,0.673,0.21,1.638,252.636,0.431,4,2512
A742,CASSILANDIA,MS,12,-19.12249999,-51.72083332,0.782,0.487,1.628,238.117,0.566,3,2227
A743,RIO BRILHANTE,MS,1,-21.774944,-54.528108,0.335,0.03,1.253,264.833,0.269,5,3717
A743,RIO BRILHANTE,MS,2,-21.774944,-54.528108,0.106,-0.137,1.091,322.233,0.159,4,2672
A743,RIO BRILHANTE,MS,3,-21.774944,-54.528108,0.087,-0.014,1.07,279.293,0.082,4,2874
A743,RIO BRILHANTE,MS,4,-21.774944,-54.528108,0.011,-0.18,0.903,356.636,0.2,5,3461
A743,RIO BRILHANTE,MS,5,-21.774944,-54.528108,0.138,-0.021,0.925,278.538,0.151,5,3521
A743,RIO BRILHANTE,MS,6,-21.774944,-54.528108,0.09,-0.126,0.969,324.46,0.159,5,3514
A743,RIO BRILHANTE,MS,7,-21.774944,-54.528108,0.062,0.012,1.13,258.803,0.056,5,3619
A743,RIO BRILHANTE,MS,8,-21.774944,-54.528108,0.077,-0.172,1.576,335.998,0.119,5,3340
A743,RIO BRILHANTE,MS,9,-21.774944,-54.528108,0.171,0.071,1.688,247.307,0.11,4,2879
A743,RIO BRILHANTE,MS,10,-21.774944,-54.528108,0.153,0.111,1.717,234.102,0.11,5,3710
A743,RIO BRILHANTE,MS,11,-21.774944,-54.528108,0.136,0.051,1.508,249.316,0.096,5,3600
A743,RIO BRILHANTE,MS,12,-21.774944,-54.528108,0.322,-0.069,1.257,282.117,0.262,5,3712
A744,BRAGANCA PAULISTA,SP,1,-22.951944,-46.530556,-0.232,0.363,1.952,147.358,0.221,5,3515
A744,BRAGANCA PAULISTA,SP,2,-22.951944,-46.530556,-0.176,0.252,1.695,145.084,0.181,5,3256
A744,BRAGANCA PAULISTA,SP,3,-22.951944,-46.530556,-0.174,0.63,1.675,164.592,0.39,6,4397
A744,BRAGANCA PAULISTA,SP,4,-22.951944,-46.530556,0.308,0.655,1.889,205.189,0.383,6,4316
A744,BRAGANCA PAULISTA,SP,5,-22.951944,-46.530556,0.036,0.314,1.634,186.477,0.193,6,4453
A744,BRAGANCA PAULISTA,SP,6,-22.951944,-46.530556,0.115,0.188,1.4,211.461,0.157,6,4317
A744,BRAGANCA PAULISTA,SP,7,-22.951944,-46.530556,0.016,0.586,1.713,181.537,0.342,6,4445
A744,BRAGANCA PAULISTA,SP,8,-22.951944,-46.530556,0.261,0.639,1.972,202.231,0.35,6,4441
A744,BRAGANCA PAULISTA,SP,9,-22.951944,-46.530556,0.234,0.74,2.328,197.576,0.333,5,3574
A744,BRAGANCA PAULISTA,SP,10,-22.951944,-46.530556,0.103,0.815,2.438,187.181,0.337,5,3600
A744,BRAGANCA PAULISTA,SP,11,-22.95194444,-46.53055554,0.163,0.706,2.296,193.031,0.315,4,2731
A744,BRAGANCA PAULISTA,SP,12,-22.95194444,-46.53055554,0.068,0.368,2.073,190.455,0.18,4,2739
A746,BARRA DO TURVO,SP,1,-24.96277777,-48.41638888,0.072,0.137,0.852,207.592,0.181,4,2975
A746,BARRA DO TURVO,SP,2,-24.96277777,-48.41638888,-0.059,0.072,0.778,140.407,0.119,4,2711
A746,BARRA DO TURVO,SP,3,-24.96277777,-48.41638888,0.119,0.138,0.595,220.68,0.307,3,2232
A746,BARRA DO TURVO,SP,4,-24.96277777,-48.41638888,0.071,0.098,0.551,215.868,0.219,4,2856
A746,BARRA DO TURVO,SP,5,-24.96277777,-48.41638888,-0.183,0.017,0.655,95.418,0.282,5,3715
A746,BARRA DO TURVO,SP,6,-24.96277777,-48.41638888,-0.241,0.039,0.661,99.1,0.369,5,3600
A746,BARRA DO TURVO,SP,7,-24.96277777,-48.41638888,-0.19,0.058,0.684,106.978,0.291,5,3711
A746,BARRA DO TURVO,SP,8,-24.96277777,-48.41638888,-0.01,0.099,0.738,174.014,0.134,5,3688
A746,BARRA DO TURVO,SP,9,-24.96277777,-48.41638888,0.081,0.181,0.925,204.215,0.215,4,2650
A746,BARRA DO TURVO,SP,10,-24.96277777,-48.41638888,0.179,0.198,0.878,222.106,0.303,3,2231
A746,BARRA DO TURVO,SP,11,-24.96277777,-48.41638888,0.294,0.207,0.898,234.911,0.401,4,2533
A746,BARRA DO TURVO,SP,12,-24.96277777,-48.41638888,0.076,0.139,0.826,208.577,0.191,4,2959
A747,PRADOPOLIS,SP,1,-21.33833333,-48.11388888,1.12,1.343,2.029,219.837,0.862,5,3719
A747,PRADOPOLIS,SP,2,-21.33833333,-48.11388888,0.955,1.282,1.705,216.669,0.938,5,3384
A747,PRADOPOLIS,SP,3,-21.33833333,-48.11388888,0.842,1.194,1.568,215.181,0.931,5,3719
A747,PRADOPOLIS,SP,4,-21.33833333,-48.11388888,0.852,1.143,1.505,216.714,0.947,4,2878
A747,PRADOPOLIS,SP,5,-21.33833333,-48.11388888,0.932,1.137,1.565,219.341,0.939,4,2976
A747,PRADOPOLIS,SP,6,-21.33833333,-48.11388888,0.815,1.101,1.447,216.529,0.947,4,2880
A747,PRADOPOLIS,SP,7,-21.33833333,-48.11388888,0.858,1.134,1.505,217.117,0.945,4,2976
A747,PRADOPOLIS,SP,8,-21.33833333,-48.11388888,1.169,1.495,2.011,218.016,0.944,3,2226
A747,PRADOPOLIS,SP,9,-21.33833333,-48.11388888,1.397,2.039,2.608,214.411,0.948,4,2779
A747,PRADOPOLIS,SP,10,-21.33833333,-48.11388888,1.522,2.099,2.745,215.953,0.945,3,2230
A747,PRADOPOLIS,SP,11,-21.33833333,-48.11388888,1.48,2.098,2.707,215.205,0.949,3,2159
A747,PRADOPOLIS,SP,12,-21.33833333,-48.11388888,1.239,1.757,2.268,215.205,0.948,4,2969
A748,BARRETOS,SP,1,-20.55916666,-48.54499999,-0.108,-0.265,1.068,22.249,0.268,4,2902
A748,BARRETOS,SP,2,-20.55916666,-48.54499999,-0.153,-0.203,1.036,37.06,0.245,4,2644
A748,BARRETOS,SP,3,-20.55916666,-48.54499999,-0.236,-0.215,1.017,47.674,0.314,4,2780
A748,BARRETOS,SP,4,-20.55916666,-48.54499999,-0.426,0.012,0.976,91.587,0.437,4,2565
A748,BARRETOS,SP,5,-20.55916666,-48.54499999,-0.335,-0.121,0.942,70.204,0.378,4,2753
A748,BARRETOS,SP,6,-20.55916666,-48.54499999,-0.338,-0.111,0.954,71.812,0.373,4,2652
A748,BARRETOS,SP,7,-20.55916666,-48.54499999,-0.422,-0.012,1.028,88.361,0.411,3,2004
A748,BARRETOS,SP,8,-20.55916666,-48.54499999,-0.28,-0.056,1.146,78.661,0.249,3,2037
A748,BARRETOS,SP,9,-20.55916666,-48.54499999,-0.376,-0.04,1.285,83.907,0.294,2,1408
A748,BARRETOS,SP,10,-20.55916666,-48.54499999,-0.3,-0.037,1.289,83.025,0.234,3,2085
A748,BARRETOS,SP,11,-20.55916666,-48.54499999,-0.155,-0.011,1.293,85.89,0.121,3,2022
A748,BARRETOS,SP,12,-20.55916666,-48.54499999,-0.201,-0.165,1.153,50.603,0.226,3,2180
A749,JUTI,MS,1,-22.85722222,-54.60555555,0.691,0.185,1.107,254.995,0.647,3,2232
A749,JUTI,MS,2,-22.85722222,-54.60555555,0.71,0.167,1.017,256.798,0.718,3,2040
A749,JUTI,MS,3,-22.85722222,-54.60555555,0.828,0.082,1.1,264.316,0.757,3,2232
A749,JUTI,MS,4,-22.85722222,-54.60555555,0.925,0.147,1.33,260.968,0.704,2,1440
A749,JUTI,MS,5,-22.85722222,-54.60555555,0.791,0.401,1.167,243.081,0.76,2,1486
A749,JUTI,MS,6,-22.85722222,-54.60555555,0.998,0.601,1.408,238.94,0.828,2,1440
A749,JUTI,MS,7,-22.85722222,-54.60555555,1.28,0.102,1.633,265.435,0.786,2,1488
A749,JUTI,MS,8,-22.85722222,-54.60555555,1.058,0.186,1.478,260.05,0.727,2,1488
A749,JUTI,MS,9,-22.85722222,-54.60555555,1.046,0.215,1.446,258.377,0.738,2,1440
A749,JUTI,MS,10,-22.85722222,-54.60555555,1.062,0.17,1.527,260.911,0.704,2,1488
A749,JUTI,MS,11,-22.85722222,-54.60555555,1.029,0.348,1.547,251.344,0.702,2,1440
A749,JUTI,MS,12,-22.85722222,-54.60555555,0.674,0.16,1.013,256.645,0.684,2,1488
A750,AMAMBAI,MS,1,-23.0025,-55.32944443,-0.168,-0.088,1.321,62.378,0.143,2,1476
A750,AMAMBAI,MS,2,-23.0025,-55.32944443,-0.346,-0.27,1.168,52.002,0.375,2,1344
A750,AMAMBAI,MS,3,-23.0025,-55.32944443,-0.515,-0.204,1.203,68.425,0.461,2,1488
A750,AMAMBAI,MS,4,-23.0025,-55.32944443,-0.514,-0.114,0.996,77.488,0.528,2,1440
A750,AMAMBAI,MS,5,-23.0025,-55.32944443,-0.339,-0.254,1.258,53.193,0.337,3,2158
A750,AMAMBAI,MS,6,-23.0025,-55.32944443,-0.381,-0.41,1.351,42.893,0.414,3,2147
A750,AMAMBAI,MS,7,-23.0025,-55.32944443,-0.52,-0.311,1.46,59.117,0.415,3,2104
A750,AMAMBAI,MS,8,-23.0025,-55.32944443,-0.54,-0.332,1.547,58.417,0.41,3,2165
A750,AMAMBAI,MS,9,-23.0025,-55.32944443,-0.805,-0.362,1.976,65.76,0.447,2,1436
A750,AMAMBAI,MS,10,-23.0025,-55.32944443,-0.988,-0.274,1.985,74.488,0.516,2,1480
A750,AMAMBAI,MS,11,-23.0025,-55.32944443,-0.749,-0.315,1.439,67.182,0.564,3,2159
A750,AMAMBAI,MS,12,-23.0025,-55.32944443,-0.338,-0.239,1.224,54.689,0.338,3,2229
A751,SETE QUEDAS,MS,1,-23.96694443,-55.02416666,-0.016,-0.048,0.119,17.895,0.426,4,2973
A751,SETE QUEDAS,MS,2,-23.96694443,-55.02416666,-0.006,-0.07,0.142,5.052,0.496,3,2040
A751,SETE QUEDAS,MS,3,-23.96694443,-55.02416666,-0.045,-0.063,0.156,35.764,0.499,2,1488
A751,SETE QUEDAS,MS,4,-23.96694443,-55.02416666,-0.026,-0.028,0.049,43.218,0.784,2,1439
A751,SETE QUEDAS,MS,5,-23.96694443,-55.02416666,-0.027,-0.122,0.18,12.631,0.695,3,2169
A751,SETE QUEDAS,MS,6,-23.96694443,-55.02416666,-0.074,-0.146,0.22,26.796,0.745,3,2160
A751,SETE QUEDAS,MS,7,-23.96694443,-55.02416666,-0.061,-0.076,0.169,38.754,0.576,3,2232
A751,SETE QUEDAS,MS,8,-23.96694443,-55.02416666,-0.153,-0.185,0.441,39.592,0.545,3,2232
A751,SETE QUEDAS,MS,9,-23.96694443,-55.02416666,-0.161,-0.238,0.515,34.021,0.558,3,2160
A751,SETE QUEDAS,MS,10,-23.96694443,-55.02416666,-0.128,-0.172,0.439,36.667,0.489,3,2224
A751,SETE QUEDAS,MS,11,-23.96694443,-55.02416666,-0.062,-0.077,0.286,38.588,0.345,4,2880
A751,SETE QUEDAS,MS,12,-23.96694443,-55.02416666,-0.021,-0.053,0.173,21.663,0.327,4,2974
A752,ITAQUIRAI,MS,1,-23.449501,-54.181858,-0.325,0.328,1.486,135.262,0.31,4,2638
A752,ITAQUIRAI,MS,2,-23.449501,-54.181858,-0.011,0.234,0.827,177.339,0.284,4,2712
A752,ITAQUIRAI,MS,3,-23.449501,-54.181858,-0.003,0.197,0.955,179.112,0.207,3,2229
A752,ITAQUIRAI,MS,4,-23.449501,-54.181858,-0.047,0.686,1.593,176.075,0.432,2,1440
A752,ITAQUIRAI,MS,5,-23.449501,-54.181858,-0.138,-0.018,1.104,82.637,0.126,3,2189
A752,ITAQUIRAI,MS,6,-23.44944444,-54.18194443,-0.329,0.23,1.069,124.926,0.376,3,1858
A752,ITAQUIRAI,MS,7,-23.449501,-54.181858,-0.039,0.404,1.131,174.496,0.358,4,2698
A752,ITAQUIRAI,MS,8,-23.449501,-54.181858,-0.202,0.496,1.414,157.817,0.378,4,2664
A752,ITAQUIRAI,MS,9,-23.449501,-54.181858,-0.218,0.557,1.817,158.617,0.329,4,2586
A752,ITAQUIRAI,MS,10,-23.449501,-54.181858,0.063,0.77,2.313,184.648,0.334,4,2324
A752,ITAQUIRAI,MS,11,-23.449501,-54.181858,0.107,0.723,2.109,188.453,0.346,4,2611
A752,ITAQUIRAI,MS,12,-23.449501,-54.181858,-0.04,0.466,1.397,175.072,0.335,4,2690
A753,ITUVERAVA,SP,1,-20.35972222,-47.77527777,0.266,0.032,1.462,263.191,0.183,3,2229
A753,ITUVERAVA,SP,2,-20.35972222,-47.77527777,0.02,0.067,1.378,196.472,0.051,4,2708
A753,ITUVERAVA,SP,3,-20.35972222,-47.77527777,-0.125,0.133,1.334,136.673,0.137,5,3706
A753,ITUVERAVA,SP,4,-20.35972222,-47.77527777,-0.123,0.366,1.239,161.416,0.312,5,3597
A753,ITUVERAVA,SP,5,-20.35972222,-47.77527777,-0.1,0.426,1.324,166.769,0.331,5,3708
A753,ITUVERAVA,SP,6,-20.35972222,-47.77527777,-0.133,0.403,1.385,161.784,0.306,5,3543
A753,ITUVERAVA,SP,7,-20.35972222,-47.77527777,-0.172,0.384,1.48,155.871,0.284,5,3696
A753,ITUVERAVA,SP,8,-20.35972222,-47.77527777,-0.16,0.382,1.723,157.28,0.241,5,3697
A753,ITUVERAVA,SP,9,-20.35972222,-47.77527777,-0.226,0.177,1.851,128.07,0.155,4,2859
A753,ITUVERAVA,SP,10,-20.35972222,-47.77527777,-0.204,0.035,1.84,99.868,0.112,4,2937
A753,ITUVERAVA,SP,11,-20.35972222,-47.77527777,-0.058,0.171,1.753,161.112,0.103,4,2871
A753,ITUVERAVA,SP,12,-20.35972222,-47.77527777,0.187,-0.039,1.611,281.686,0.118,4,2970
A754,SIDROLANDIA,MS,1,-20.98166666,-54.97194443,0.085,-0.386,1.742,347.542,0.227,4,2899
A754,SIDROLANDIA,MS,2,-20.98166666,-54.97194443,0.169,-0.503,1.619,341.418,0.328,4,2603
A754,SIDROLANDIA,MS,3,-20.98166666,-54.97194443,-0.231,-0.256,1.713,42.086,0.202,5,3430
A754,SIDROLANDIA,MS,4,-20.98166666,-54.97194443,-0.52,0.136,1.729,104.701,0.311,5,3568
A754,SIDROLANDIA,MS,5,-20.98166666,-54.97194443,-0.617,0.275,1.94,114.039,0.348,5,3702
A754,SIDROLANDIA,MS,6,-20.98166666,-54.97194443,-0.585,-0.089,1.943,81.342,0.305,5,3594
A754,SIDROLANDIA,MS,7,-20.98166666,-54.97194443,-0.81,-0.061,2.24,85.671,0.363,5,3598
A754,SIDROLANDIA,MS,8,-20.98166666,-54.97194443,-0.738,0.026,2.346,92.014,0.315,5,3664
A754,SIDROLANDIA,MS,9,-20.98166666,-54.97194443,-0.747,0.01,2.536,90.748,0.294,4,2571
A754,SIDROLANDIA,MS,10,-20.98166666,-54.97194443,-0.562,0.033,2.418,93.384,0.233,4,2955
A754,SIDROLANDIA,MS,11,-20.98166666,-54.97194443,-0.413,0.023,2.274,93.21,0.182,4,2855
A754,SIDROLANDIA,MS,12,-20.98166666,-54.97194443,-0.019,-0.188,1.821,5.65,0.104,4,2908
A755,BARUERI,SP,1,-23.52388888,-46.86944443,-0.078,0.118,1.185,146.601,0.12,3,2162
A755,BARUERI,SP,2,-23.52388888,-46.86944443,-0.158,0.056,1.005,109.667,0.167,3,1752
A755,BARUERI,SP,3,-23.52388888,-46.86944443,-0.141,0.2,0.896,144.837,0.273,3,1952
A755,BARUERI,SP,4,-23.52388888,-46.86944443,-0.235,0.018,0.907,94.359,0.26,3,1812
A755,BARUERI,SP,5,-23.52388888,-46.86944443,-0.067,0.153,0.694,156.351,0.241,2,1463
A755,BARUERI,SP,6,-23.52388888,-46.86944443,-0.168,0.006,0.614,92.214,0.273,2,1419
A755,BARUERI,SP,7,-23.52388888,-46.86944443,0.002,0.034,0.656,182.555,0.052,2,1453
A755,BARUERI,SP,8,-23.52388888,-46.86944443,-0.286,-0.004,0.458,89.255,0.625,1,704
A755,BARUERI,SP,9,-23.52388888,-46.86944443,-0.336,0.177,1.344,117.85,0.283,4,2557
A755,BARUERI,SP,10,-23.52388888,-46.86944443,-0.341,0.148,1.245,113.391,0.299,3,2131
A755,BARUERI,SP,11,-23.52388888,-46.86944443,-0.526,0.027,1.628,92.988,0.323,2,1436
A755,BARUERI,SP,12,-23.52388888,-46.86944443,-0.274,-0.131,1.467,64.465,0.207,3,2206
A756,AGUA CLARA,MS,1,-20.44444444,-52.87583332,-0.219,0.019,1.167,94.979,0.189,6,4463
A756,AGUA CLARA,MS,2,-20.44444444,-52.87583332,-0.025,-0.055,0.919,24.144,0.066,6,4056
A756,AGUA CLARA,MS,3,-20.44444444,-52.87583332,-0.056,0.082,0.879,145.651,0.112,6,4464
A756,AGUA CLARA,MS,4,-20.44444444,-52.87583332,0.043,0.103,0.754,202.842,0.148,5,3598
A756,AGUA CLARA,MS,5,-20.44444444,-52.87583332,0.088,0.021,0.801,256.528,0.113,6,4463
A756,AGUA CLARA,MS,6,-20.44444444,-52.87583332,0.068,0.06,0.79,228.315,0.115,6,4318
A756,AGUA CLARA,MS,7,-20.44444444,-52.87583332,0.044,0.122,0.956,199.787,0.136,6,4455
A756,AGUA CLARA,MS,8,-20.44444444,-52.87583332,0.173,0.173,1.251,224.958,0.196,6,4462
A756,AGUA CLARA,MS,9,-20.44444444,-52.87583332,0.156,0.114,1.415,233.949,0.137,5,3600
A756,AGUA CLARA,MS,10,-20.44444444,-52.87583332,0.08,0.149,1.46,208.079,0.116,5,3720
A756,AGUA CLARA,MS,11,-20.44444444,-52.87583332,0.086,0.065,1.387,232.992,0.077,5,3600
A756,AGUA CLARA,MS,12,-20.44444444,-52.87583332,-0.043,-0.072,1.238,30.974,0.068,5,3705
A758,JARDIM,MS,1,-21.4786111,-56.13777777,-0.14,-0.539,1.472,14.578,0.379,4,2974
A758,JARDIM,MS,2,-21.4786111,-56.13777777,-0.119,-0.572,1.389,11.733,0.42,4,2380
A758,JARDIM,MS,3,-21.4786111,-56.13777777,-0.267,-0.539,1.386,26.393,0.434,3,2231
A758,JARDIM,MS,4,-21.4786111,-56.13777777,-0.228,-0.292,1.211,37.909,0.306,3,2036
A758,JARDIM,MS,5,-21.4786111,-56.13777777,-0.023,-0.086,1.35,14.956,0.066,2,1488
A758,JARDIM,MS,6,-21.4786111,-56.13777777,-0.162,-0.25,1.33,32.953,0.224,3,2158
A758,JARDIM,MS,7,-21.4786111,-56.13777777,-0.186,-0.129,1.309,55.114,0.173,3,2231
A758,JARDIM,MS,8,-21.4786111,-56.13777777,-0.132,-0.318,1.528,22.62,0.225,4,2669
A758,JARDIM,MS,9,-21.4786111,-56.13777777,-0.169,-0.229,1.532,36.553,0.186,3,2064
A758,JARDIM,MS,10,-21.4786111,-56.13777777,-0.261,-0.199,1.526,52.728,0.215,3,2198
A758,JARDIM,MS,11,-21.4786111,-56.13777777,-0.143,-0.767,1.679,10.538,0.465,2,1440
A758,JARDIM,MS,12,-21.4786111,-56.13777777,-0.136,-0.579,1.489,13.252,0.4,3,1859
A759,BATAGUASSU,MS,1,-21.75,-52.47138888,-0.74,-0.125,2.723,80.406,0.276,4,2959
A759,BATAGUASSU,MS,2,-21.75,-52.47138888,-0.77,-0.343,2.495,66.01,0.338,4,2705
A759,BATAGUASSU,MS,3,-21.75,-52.47138888,-1.244,-0.021,2.513,89.023,0.495,4,2967
A759,BATAGUASSU,MS,4,-21.75,-52.47138888,-1.326,0.148,2.572,96.386,0.519,4,2870
A759,BATAGUASSU,MS,5,-21.75,-52.47138888,-1.244,0.185,2.768,98.438,0.454,5,3390
A759,BATAGUASSU,MS,6,-21.75,-52.47138888,-1.45,-0.131,2.896,84.836,0.503,4,2858
A759,BATAGUASSU,MS,7,-21.75,-52.47138888,-1.827,0.186,3.209,95.811,0.572,5,3509
A759,BATAGUASSU,MS,8,-21.75,-52.47138888,-1.688,0.263,3.422,98.86,0.499,5,3708
A759,BATAGUASSU,MS,9,-21.75,-52.47138888,-1.846,0.451,3.659,103.736,0.519,4,2856
A759,BATAGUASSU,MS,10,-21.75,-52.47138888,-1.582,0.376,3.44,103.36,0.473,4,2958
A759,BATAGUASSU,MS,11,-21.75,-52.47138888,-1.412,0.431,3.203,106.961,0.461,4,2814
A759,BATAGUASSU,MS,12,-21.75,-52.47138888,-0.785,0.107,2.789,97.735,0.284,4,2948
A760,COSTA RICA,MS,1,-18.49277777,-53.17138888,-0.125,-1.329,2.969,5.355,0.45,3,2230
A760,COSTA RICA,MS,2,-18.49277777,-53.17138888,-0.044,-1.249,2.876,2.003,0.434,3,2039
A760,COSTA RICA,MS,3,-18.49277777,-53.17138888,-0.836,-1.147,2.766,36.113,0.513,2,1488
A760,COSTA RICA,MS,4,-18.49277777,-53.17138888,-1.025,-1.189,2.81,40.765,0.559,2,1440
A760,COSTA RICA,MS,5,-18.49277777,-53.17138888,-1.577,-1.167,3.068,53.489,0.639,4,2683
A760,COSTA RICA,MS,6,-18.49277777,-53.17138888,-1.389,-1.372,3.223,45.353,0.606,4,2880
A760,COSTA RICA,MS,7,-18.49277777,-53.17138888,-1.772,-0.835,3.3,64.78,0.594,4,2976
A760,COSTA RICA,MS,8,-18.49277777,-53.17138888,-1.609,-0.982,3.638,58.619,0.518,4,2976
A760,COSTA RICA,MS,9,-18.49277777,-53.17138888,-1.324,-1.097,3.785,50.354,0.454,5,3600
A760,COSTA RICA,MS,10,-18.49277777,-53.17138888,-0.916,-1.068,3.641,40.618,0.386,4,2976
A760,COSTA RICA,MS,11,-18.49277777,-53.17138888,-0.52,-1.141,3.538,24.504,0.354,4,2880
A760,COSTA RICA,MS,12,-18.49277777,-53.17138888,-0.251,-1.464,3.003,9.75,0.495,3,2230
A761,SONORA,MS,1,-17.63527777,-54.76055555,-0.361,-0.896,2.882,21.925,0.335,3,2231
A761,SONORA,MS,2,-17.63527777,-54.76055555,-0.444,-0.901,2.863,26.246,0.351,3,2040
A761,SONORA,MS,3,-17.63527777,-54.76055555,-0.704,-0.712,2.789,44.691,0.359,4,2723
A761,SONORA,MS,4,-17.63527777,-54.76055555,-1.046,-0.127,2.803,83.07,0.376,4,2880
A761,SONORA,MS,5,-17.63527777,-54.76055555,-1.135,0.384,3.119,108.69,0.384,5,3542
A761,SONORA,MS,6,-17.63527777,-54.76055555,-1.122,0.215,3.221,100.846,0.355,5,3464
A761,SONORA,MS,7,-17.63527777,-54.76055555,-1.136,0.26,3.379,102.907,0.345,5,3720
A761,SONORA,MS,8,-17.63527777,-54.76055555,-1.174,0.308,3.88,104.696,0.313,5,3720
A761,SONORA,MS,9,-17.63527777,-54.76055555,-0.96,-0.171,3.718,79.881,0.262,3,2159
A761,SONORA,MS,10,-17.63527777,-54.76055555,-0.611,-0.518,3.81,49.694,0.21,3,2226
A761,SONORA,MS,11,-17.63527777,-54.76055555,-0.458,-1.132,3.595,22.042,0.34,3,2159
A761,SONORA,MS,12,-17.63527777,-54.76055555,-0.38,-1.425,3.126,14.949,0.472,3,2230
A762,DRACENA,SP,1,-21.45777777,-51.55222222,-0.635,-0.301,2.474,64.658,0.284,3,2232
A762,DRACENA,SP,2,-21.45777777,-51.55222222,-0.782,-0.155,2.38,78.79,0.335,3,2016
A762,DRACENA,SP,3,-21.45777777,-51.55222222,-1.15,-0.119,2.38,84.103,0.486,3,2225
A762,DRACENA,SP,4,-21.45777777,-51.55222222,-1.527,0.566,2.635,110.336,0.618,2,1440
A762,DRACENA,SP,5,-21.45777777,-51.55222222,-1.428,0.429,2.601,106.734,0.573,2,1291
A762,DRACENA,SP,6,-21.45777777,-51.55222222,-1.337,0.067,2.454,92.89,0.546,1,720
A762,DRACENA,SP,7,-21.45777777,-51.55222222,-1.82,0.171,2.911,95.356,0.628,1,744
A762,DRACENA,SP,8,-21.45777777,-51.55222222,-1.494,0.111,2.942,94.231,0.509,1,744
A762,DRACENA,SP,9,-21.45777777,-51.55222222,-1.346,-0.143,3.182,83.933,0.425,1,720
A762,DRACENA,SP,10,-21.45777777,-51.55222222,-1.176,0.194,2.983,99.345,0.4,3,1958
A762,DRACENA,SP,11,-21.45777777,-51.55222222,-1.436,0.531,3.065,110.301,0.5,2,1434
A762,DRACENA,SP,12,-21.45777777,-51.55222222,-0.906,-0.1,2.513,83.69,0.363,2,1488
A763,MARILIA,SP,1,-22.235222,-49.965111,-0.53,0.021,1.786,92.271,0.297,5,3367
A763,MARILIA,SP,2,-22.235222,-49.965111,-0.631,-0.111,1.589,80.022,0.403,4,2712
A763,MARILIA,SP,3,-22.235222,-49.965111,-0.889,0.195,1.639,102.353,0.556,4,2976
A763,MARILIA,SP,4,-22.235222,-49.965111,-0.77,0.265,1.576,108.979,0.517,4,2880
A763,MARILIA,SP,5,-22.235222,-49.965111,-0.504,-0.278,1.669,61.121,0.345,4,2328
A763,MARILIA,SP,6,-22.235222,-49.965111,-0.699,-0.056,1.618,85.379,0.433,4,2573
A763,MARILIA,SP,7,-22.235222,-49.965111,-0.926,0.092,1.787,95.69,0.521,4,2976
A763,MARILIA,SP,8,-22.235222,-49.965111,-1.042,0.211,2.071,101.419,0.514,4,2976
A763,MARILIA,SP,9,-22.235222,-49.965111,-1.043,0.263,2.226,104.153,0.483,5,3465
A763,MARILIA,SP,10,-22.235222,-49.965111,-0.933,0.383,2.148,112.334,0.469,5,3712
A763,MARILIA,SP,11,-22.235222,-49.965111,-0.765,0.348,1.973,114.445,0.426,5,3600
A763,MARILIA,SP,12,-22.235222,-49.965111,-0.613,0.142,1.817,103.081,0.346,5,3715
A764,BEBEDOURO,SP,1,-20.94805555,-48.47138888,-0.171,-0.188,1.403,42.267,0.181,2,1486
A764,BEBEDOURO,SP,2,-20.94805555,-48.47138888,-0.143,-0.273,1.249,27.606,0.246,2,1367
A764,BEBEDOURO,SP,3,-20.94805555,-48.47138888,-0.188,0.009,1.174,92.665,0.161,3,2019
A764,BEBEDOURO,SP,4,-20.94916666,-48.48999999,-0.285,0.047,1.257,99.387,0.229,4,2433
A764,BEBEDOURO,SP,5,-20.94916666,-48.48999999,-0.159,0.097,1.183,121.236,0.157,4,2589
A764,BEBEDOURO,SP,6,-20.94916666,-48.48999999,-0.258,-0.002,1.186,89.645,0.217,4,2516
A764,BEBEDOURO,SP,7,-20.94916666,-48.48999999,-0.272,0.074,1.249,105.182,0.226,4,2496
A764,BEBEDOURO,SP,8,-20.94805555,-48.47138888,-0.171,0.065,1.279,110.964,0.143,4,2850
A764,BEBEDOURO,SP,9,-20.94805555,-48.47138888,-0.275,0.097,1.447,109.496,0.202,3,2157
A764,BEBEDOURO,SP,10,-20.94805555,-48.47138888,-0.231,0.058,1.517,104.184,0.157,3,2232
A764,BEBEDOURO,SP,11,-20.94916666,-48.48999999,-0.168,0.053,1.634,107.502,0.108,4,2878
A764,BEBEDOURO,SP,12,-20.94916666,-48.48999999,-0.271,-0.196,1.633,54.063,0.205,4,2969
A765,BERTIOGA,SP,1,-23.84472221,-46.14333333,-0.027,0.357,1.396,175.742,0.257,3,2026
A765,BERTIOGA,SP,2,-23.84472221,-46.14333333,0.014,0.332,1.264,182.403,0.263,2,1367
A765,BERTIOGA,SP,3,-23.84472221,-46.14333333,-0.105,0.312,1.321,161.32,0.249,3,1944
A765,BERTIOGA,SP,4,-23.84472221,-46.14333333,-0.037,0.286,1.26,172.666,0.229,3,2160
A765,BERTIOGA,SP,5,-23.84472221,-46.14333333,0.37,0.133,1.279,250.272,0.307,3,2231
A765,BERTIOGA,SP,6,-23.84472221,-46.14333333,0.194,0.161,1.19,230.198,0.212,2,1417
A765,BERTIOGA,SP,7,-23.84472221,-46.14333333,0.076,0.189,1.277,201.986,0.159,1,743
A765,BERTIOGA,SP,8,-23.84472221,-46.14333333,0.275,0.073,1.546,255.147,0.184,1,744
A765,BERTIOGA,SP,9,-23.84472221,-46.14333333,0.218,0.303,1.346,215.77,0.278,1,720
A765,BERTIOGA,SP,10,-23.84472221,-46.14333333,-0.117,0.472,1.405,166.103,0.346,1,744
A765,BERTIOGA,SP,11,-23.84472221,-46.14333333,-0.079,0.474,1.439,170.553,0.334,1,720
A765,BERTIOGA,SP,12,-23.84472221,-46.14333333,-0.136,0.289,1.415,154.873,0.226,3,2216
A766,REGISTRO,SP,2,-24.53305554,-47.86416666,-0.356,0.069,1.853,100.897,0.196,1,658
A766,REGISTRO,SP,3,-24.53305554,-47.86416666,0.114,-0.684,1.799,350.576,0.385,3,1533
A766,REGISTRO,SP,4,-24.53305554,-47.86416666,-0.025,-0.637,1.67,2.246,0.382,4,2636
A766,REGISTRO,SP,5,-24.53305554,-47.86416666,-0.261,-0.296,1.554,41.488,0.254,4,2766
A766,REGISTRO,SP,6,-24.53305554,-47.86416666,-0.251,-0.098,1.446,68.678,0.187,4,2879
A766,REGISTRO,SP,7,-24.53305554,-47.86416666,-0.156,-0.224,1.506,34.761,0.181,4,2953
A766,REGISTRO,SP,8,-24.53305554,-47.86416666,0.032,-0.661,1.697,357.209,0.39,2,1482
A766,REGISTRO,SP,9,-24.53305554,-47.86416666,0.027,-0.861,1.945,358.221,0.443,1,720
A766,REGISTRO,SP,10,-24.53305554,-47.86416666,0.157,-0.963,2.047,350.767,0.477,1,736
A766,REGISTRO,SP,11,-24.53305554,-47.86416666,0.358,-1.482,2.495,346.425,0.611,1,688
A766,REGISTRO,SP,12,-24.53305554,-47.86416666,0.215,-0.867,1.973,346.06,0.453,1,492
A768,TUPA,SP,1,-21.927251,-50.490251,-0.83,-0.013,2.606,89.104,0.319,4,2762
A768,TUPA,SP,2,-21.927251,-50.490251,-0.917,-0.193,2.348,78.104,0.399,4,2524
A768,TUPA,SP,3,-21.927251,-50.490251,-1.073,0.181,2.421,99.579,0.449,5,3353
A768,TUPA,SP,4,-21.927251,-50.490251,-1.127,0.787,2.516,124.926,0.546,5,3591
A768,TUPA,SP,5,-21.927251,-50.490251,-0.725,0.444,2.471,121.491,0.344,5,3700
A768,TUPA,SP,6,-21.927251,-50.490251,-0.886,0.345,2.444,111.31,0.389,5,3545
A768,TUPA,SP,7,-21.927251,-50.490251,-1.084,0.822,2.732,127.183,0.498,5,3443
A768,TUPA,SP,8,-21.927251,-50.490251,-1.138,0.676,2.963,120.699,0.447,5,3712
A768,TUPA,SP,9,-21.927251,-50.490251,-1.187,0.622,3.102,117.645,0.432,5,3226
A768,TUPA,SP,10,-21.927251,-50.490251,-1.203,0.773,3.171,122.723,0.451,3,1656
A768,TUPA,SP,11,-21.927251,-50.490251,-1.047,0.743,3.109,125.352,0.413,3,2025
A768,TUPA,SP,12,-21.927251,-50.490251,-1.166,0.563,2.853,115.789,0.454,3,2108
A769,CACHOEIRA PAULISTA,SP,1,-22.68888888,-45.00555555,-0.073,-0.162,0.608,24.193,0.293,4,2681
A769,CACHOEIRA PAULISTA,SP,2,-22.68888888,-45.00555555,-0.164,-0.154,0.685,46.706,0.329,4,2067
A769,CACHOEIRA PAULISTA,SP,3,-22.68888888,-45.00555555,-0.232,-0.199,0.68,49.372,0.449,4,2616
A769,CACHOEIRA PAULISTA,SP,4,-22.68888888,-45.00555555,-0.109,-0.131,0.601,39.696,0.283,4,2559
A769,CACHOEIRA PAULISTA,SP,5,-22.68888888,-45.00555555,-0.068,-0.17,0.593,21.851,0.309,4,2620
A769,CACHOEIRA PAULISTA,SP,6,-22.68888888,-45.00555555,-0.061,-0.116,0.492,27.807,0.266,3,2158
A769,CACHOEIRA PAULISTA,SP,7,-22.68888888,-45.00555555,-0.19,-0.252,0.742,37.078,0.426,3,2226
A769,CACHOEIRA PAULISTA,SP,8,-22.68888888,-45.00555555,-0.212,-0.237,1.011,41.759,0.314,3,2214
A769,CACHOEIRA PAULISTA,SP,9,-22.68888888,-45.00555555,-0.442,-0.323,1.055,53.876,0.519,3,2124
A769,CACHOEIRA PAULISTA,SP,10,-22.68888888,-45.00555555,-0.444,-0.297,1.039,56.215,0.515,3,2091
A769,CACHOEIRA PAULISTA,SP,11,-22.68888888,-45.00555555,-0.12,-0.141,0.727,40.445,0.255,4,2621
A769,CACHOEIRA PAULISTA,SP,12,-22.68888888,-45.00555555,-0.203,-0.244,0.762,39.849,0.417,4,2839
A770,SAO SIMAO,SP,1,-21.46111111,-47.57944443,0.212,0.082,1.784,248.953,0.128,6,4183
A770,SAO SIMAO,SP,2,-21.46111111,-47.57944443,0.199,0.061,1.61,253.05,0.129,6,3864
A770,SAO SIMAO,SP,3,-21.46111111,-47.57944443,0.376,-0.088,1.595,283.185,0.242,5,3630
A770,SAO SIMAO,SP,4,-21.46111111,-47.57944443,0.623,-0.361,1.637,300.045,0.44,5,3598
A770,SAO SIMAO,SP,5,-21.46111111,-47.57944443,0.352,-0.19,1.518,298.326,0.263,5,3708
A770,SAO SIMAO,SP,6,-21.46111111,-47.57944443,0.422,-0.118,1.459,285.649,0.3,5,3596
A770,SAO SIMAO,SP,7,-21.46111111,-47.57944443,0.553,-0.143,1.621,284.533,0.352,5,3703
A770,SAO SIMAO,SP,8,-21.46111111,-47.57944443,0.695,-0.313,1.965,294.223,0.388,6,4458
A770,SAO SIMAO,SP,9,-21.46111111,-47.57944443,0.814,-0.419,2.177,297.211,0.421,5,3550
A770,SAO SIMAO,SP,10,-21.46111111,-47.57944443,0.748,-0.262,2.141,289.324,0.37,5,3589
A770,SAO SIMAO,SP,11,-21.46111111,-47.57944443,0.588,-0.384,2.052,303.185,0.342,5,3436
A770,SAO SIMAO,SP,12,-21.46111111,-47.57944443,0.381,-0.052,1.875,277.785,0.205,5,3526
A771,SAO PAULO - INTERLAGOS,SP,1,-23.724501,-46.677501,-0.394,0.321,1.961,129.149,0.259,5,3719
A771,SAO PAULO - INTERLAGOS,SP,2,-23.724501,-46.677501,-0.441,0.337,1.908,127.41,0.291,5,3358
A771,SAO PAULO - INTERLAGOS,SP,3,-23.724501,-46.677501,-0.71,0.548,1.765,127.7,0.508,5,3720
A771,SAO PAULO - INTERLAGOS,SP,4,-23.724501,-46.677501,-0.757,0.675,1.91,131.745,0.531,5,3509
A771,SAO PAULO - INTERLAGOS,SP,5,-23.724501,-46.677501,-0.362,0.265,1.702,126.209,0.264,6,4351
A771,SAO PAULO - INTERLAGOS,SP,6,-23.724501,-46.677501,-0.219,0.141,1.628,122.819,0.16,6,4208
A771,SAO PAULO - INTERLAGOS,SP,7,-23.724501,-46.677501,-0.413,0.305,1.736,126.484,0.296,6,4407
A771,SAO PAULO - INTERLAGOS,SP,8,-23.724501,-46.677501,-0.59,0.496,1.938,130.04,0.398,6,4459
A771,SAO PAULO - INTERLAGOS,SP,9,-23.724501,-46.677501,-0.856,0.778,2.154,132.258,0.537,5,3591
A771,SAO PAULO - INTERLAGOS,SP,10,-23.724501,-46.677501,-0.892,0.8,2.244,131.893,0.534,5,3719
A771,SAO PAULO - INTERLAGOS,SP,11,-23.724501,-46.677501,-0.941,0.894,2.275,133.532,0.57,5,3597
A771,SAO PAULO - INTERLAGOS,SP,12,-23.724501,-46.677501,-0.729,0.689,2.158,133.398,0.465,4,2618
A772,AMAMBAI - NOVO HORIZONTE,MS,2,-23.1211111,-54.86555555,-0.16,0.433,2.889,159.673,0.16,1,243
A772,AMAMBAI - NOVO HORIZONTE,MS,3,-23.1211111,-54.86555555,-0.857,-0.719,2.752,50.016,0.407,1,744
A772,AMAMBAI - NOVO HORIZONTE,MS,4,-23.1211111,-54.86555555,-0.608,-0.567,2.993,46.972,0.278,1,720
A772,AMAMBAI - NOVO HORIZONTE,MS,5,-23.1211111,-54.86555555,-0.58,0.206,2.963,109.543,0.208,1,744
A772,AMAMBAI - NOVO HORIZONTE,MS,6,-23.1211111,-54.86555555,-1.17,-0.482,3.374,67.592,0.375,1,719
A772,AMAMBAI - NOVO HORIZONTE,MS,7,-23.1211111,-54.86555555,-0.857,-1.871,4.282,24.595,0.481,1,733
A772,AMAMBAI - NOVO HORIZONTE,MS,8,-23.1211111,-54.86555555,-0.45,-0.792,3.657,29.584,0.249,1,744
A801,PORTO ALEGRE,RS,1,-30.05361111,-51.17472221,-0.614,0.311,1.639,116.85,0.42,1,660
A801,PORTO ALEGRE - JARDIM BOTANICO,RS,1,-30.05361111,-51.17472221,-0.758,0.524,1.615,124.655,0.571,5,3696
A801,PORTO ALEGRE,RS,2,-30.05361111,-51.17472221,-0.207,0.318,1.582,146.984,0.24,1,672
A801,PORTO ALEGRE - JARDIM BOTANICO,RS,2,-30.05361111,-51.17472221,-0.566,0.428,1.481,127.066,0.479,5,3376
A801,PORTO ALEGRE,RS,3,-30.05361111,-51.17472221,-0.254,0.348,1.377,143.826,0.313,1,743
A801,PORTO ALEGRE - JARDIM BOTANICO,RS,3,-30.05361111,-51.17472221,-0.456,0.377,1.369,129.56,0.432,5,3703
A801,PORTO ALEGRE,RS,4,-30.05361111,-51.17472221,-0.583,0.302,1.444,117.417,0.455,1,720
A801,PORTO ALEGRE - JARDIM BOTANICO,RS,4,-30.05361111,-51.17472221,-0.347,0.301,1.333,130.885,0.345,4,2858
A801,PORTO ALEGRE,RS,5,-30.05361111,-51.17472221,0.241,0.005,1.258,268.872,0.192,1,743
A801,PORTO ALEGRE - JARDIM BOTANICO,RS,5,-30.05361111,-51.17472221,0.099,0.175,1.176,209.585,0.171,5,3254
A801,PORTO ALEGRE,RS,6,-30.05361111,-51.17472221,0.067,0.105,1.419,212.628,0.088,1,720
A801,PORTO ALEGRE - JARDIM BOTANICO,RS,6,-30.05361111,-51.17472221,0.026,0.103,1.096,194.313,0.097,4,2854
A801,PORTO ALEGRE,RS,7,-30.05361111,-51.17472221,0.28,0.029,1.245,263.996,0.226,1,741
A801,PORTO ALEGRE - JARDIM BOTANICO,RS,7,-30.05361111,-51.17472221,-0.223,0.226,1.101,135.276,0.288,4,2970
A801,PORTO ALEGRE,RS,8,-30.05361111,-51.17472221,-0.746,0.376,1.355,116.729,0.617,1,744
A801,PORTO ALEGRE - JARDIM BOTANICO,RS,8,-30.05361111,-51.17472221,-0.273,0.284,1.301,136.134,0.303,5,3671
A801,PORTO ALEGRE,RS,9,-30.05361111,-51.17472221,-0.481,0.437,1.593,132.268,0.408,1,719
A801,PORTO ALEGRE - JARDIM BOTANICO,RS,9,-30.05361111,-51.17472221,-0.531,0.492,1.5,132.826,0.483,4,2871
A801,PORTO ALEGRE,RS,10,-30.05361111,-51.17472221,-0.834,0.571,1.657,124.39,0.61,1,742
A801,PORTO ALEGRE - JARDIM BOTANICO,RS,10,-30.05361111,-51.17472221,-0.681,0.569,1.616,129.891,0.55,4,2965
A801,PORTO ALEGRE,RS,11,-30.05361111,-51.17472221,-0.558,0.46,1.628,129.513,0.444,1,719
A801,PORTO ALEGRE - JARDIM BOTANICO,RS,11,-30.05361111,-51.17472221,-0.81,0.609,1.682,126.939,0.602,4,2855
A801,PORTO ALEGRE,RS,12,-30.05361111,-51.17472221,-1.318,0.812,1.863,121.634,0.831,1,744
A801,PORTO ALEGRE - JARDIM BOTANICO,RS,12,-30.05361111,-51.17472221,-0.556,0.546,1.637,134.521,0.476,4,2956
A802,RIO GRANDE,RS,1,-32.07888888,-52.16777777,-1.93,-0.101,3.131,86.997,0.617,5,3695
A802,RIO GRANDE,RS,2,-32.07888888,-52.16777777,-1.282,-0.209,2.992,80.763,0.434,6,3887
A802,RIO GRANDE,RS,3,-32.07888888,-52.16777777,-1.005,-0.179,2.809,79.881,0.363,6,4098
A802,RIO GRANDE,RS,4,-32.07888888,-52.16777777,-0.708,-0.101,2.728,81.852,0.262,6,4115
A802,RIO GRANDE,RS,5,-32.07888888,-52.16777777,0.329,0.035,2.573,263.891,0.129,6,4441
A802,RIO GRANDE,RS,6,-32.07888888,-52.16777777,0.622,-0.075,2.661,276.877,0.235,6,4176
A802,RIO GRANDE,RS,7,-32.07888888,-52.16777777,0.001,-0.09,2.603,359.066,0.035,6,3772
A802,RIO GRANDE,RS,8,-32.07888888,-52.16777777,-0.23,-0.118,2.921,62.798,0.089,6,3754
A802,RIO GRANDE,RS,9,-32.07888888,-52.16777777,-0.993,-0.045,3.201,87.405,0.31,5,3357
A802,RIO GRANDE,RS,10,-32.07888888,-52.16777777,-1.35,-0.024,3.349,88.986,0.403,5,3710
A802,RIO GRANDE,RS,11,-32.07888888,-52.16777777,-1.708,-0.238,3.42,82.06,0.504,5,3566
A802,RIO GRANDE,RS,12,-32.07888888,-52.16777777,-1.585,0.043,3.243,91.545,0.489,5,3613
A803,SANTA MARIA,RS,1,-29.72499999,-53.72055554,-1.235,0.491,2.139,111.7,0.621,5,3587
A803,SANTA MARIA,RS,2,-29.72499999,-53.72055554,-0.969,0.372,1.792,110.973,0.579,5,3321
A803,SANTA MARIA,RS,3,-29.72499999,-53.72055554,-0.867,0.36,1.731,112.538,0.542,6,4246
A803,SANTA MARIA,RS,4,-29.72499999,-53.72055554,-0.856,0.293,1.707,108.875,0.53,6,4165
A803,SANTA MARIA,RS,5,-29.72499999,-53.72055554,-0.477,0.228,1.567,115.521,0.337,5,3536
A803,SANTA MARIA,RS,6,-29.72499999,-53.72055554,-0.46,0.054,1.644,96.689,0.282,4,1951
A803,SANTA MARIA,RS,7,-29.72499999,-53.72055554,-0.965,0.193,1.854,101.334,0.531,3,1621
A803,SANTA MARIA,RS,8,-29.72499999,-53.72055554,-0.834,0.158,2.038,100.749,0.416,5,2752
A803,SANTA MARIA,RS,9,-29.72499999,-53.72055554,-1.261,0.488,2.254,111.153,0.6,4,2194
A803,SANTA MARIA,RS,10,-29.72499999,-53.72055554,-1.279,0.599,2.179,115.11,0.648,4,2961
A803,SANTA MARIA,RS,11,-29.72499999,-53.72055554,-1.445,0.633,2.315,113.645,0.682,5,3072
A803,SANTA MARIA,RS,12,-29.72499999,-53.72055554,-1.36,0.708,2.25,117.501,0.682,4,2849
A804,SANTANA DO LIVRAMENTO,RS,1,-30.75055555,-55.40138888,-0.821,0.617,1.861,126.923,0.552,5,3658
A804,SANTANA DO LIVRAMENTO,RS,2,-30.75055555,-55.40138888,-0.553,0.504,1.657,132.316,0.452,5,3328
A804,SANTANA DO LIVRAMENTO,RS,3,-30.75055555,-55.40138888,-0.379,0.464,1.608,140.765,0.373,5,3654
A804,SANTANA DO LIVRAMENTO,RS,4,-30.75055555,-55.40138888,-0.522,0.426,1.756,129.256,0.384,5,3533
A804,SANTANA DO LIVRAMENTO,RS,5,-30.75055555,-55.40138888,-0.087,0.795,1.812,173.783,0.442,5,3055
A804,SANTANA DO LIVRAMENTO,RS,6,-30.75055555,-55.40138888,-0.128,-0.056,2.029,66.362,0.069,5,3003
A804,SANTANA DO LIVRAMENTO,RS,7,-30.75055555,-55.40138888,-0.466,0.207,2.187,113.924,0.233,4,2630
A804,SANTANA DO LIVRAMENTO,RS,8,-30.75055555,-55.40138888,-0.651,0.482,2.51,126.495,0.323,4,2694
A804,SANTANA DO LIVRAMENTO,RS,9,-30.75055555,-55.40138888,-1.134,0.911,3.131,128.774,0.465,4,2315
A804,SANTANA DO LIVRAMENTO,RS,10,-30.75055555,-55.40138888,-1.201,1.156,2.946,133.914,0.566,4,2766
A804,SANTANA DO LIVRAMENTO,RS,11,-30.75055555,-55.40138888,-1.084,0.661,2.409,121.386,0.527,3,2160
A804,SANTANA DO LIVRAMENTO,RS,12,-30.75055555,-55.40138888,-1.018,1.073,2.422,136.496,0.611,4,2976
A805,SANTO AUGUSTO,RS,1,-27.854345,-53.791179,-0.293,0.232,1.359,128.376,0.275,6,4233
A805,SANTO AUGUSTO,RS,2,-27.854345,-53.791179,-0.237,-0.167,1.063,54.794,0.273,5,3304
A805,SANTO AUGUSTO,RS,3,-27.854345,-53.791179,-0.367,0.031,1.24,94.805,0.297,6,4242
A805,SANTO AUGUSTO,RS,4,-27.854345,-53.791179,-0.304,0.005,1.068,90.886,0.285,5,3594
A805,SANTO AUGUSTO,RS,5,-27.854345,-53.791179,-0.268,-0.009,1.238,88.164,0.217,6,4321
A805,SANTO AUGUSTO,RS,6,-27.854345,-53.791179,-0.409,-0.158,1.353,68.886,0.324,6,4294
A805,SANTO AUGUSTO,RS,7,-27.854345,-53.791179,-0.421,-0.063,1.16,81.538,0.367,5,3712
A805,SANTO AUGUSTO,RS,8,-27.854345,-53.791179,-0.585,-0.159,1.602,74.815,0.378,6,4450
A805,SANTO AUGUSTO,RS,9,-27.854345,-53.791179,-0.555,-0.071,1.487,82.675,0.376,5,3579
A805,SANTO AUGUSTO,RS,10,-27.854345,-53.791179,-0.627,0.182,1.468,106.217,0.445,5,3677
A805,SANTO AUGUSTO,RS,11,-27.854345,-53.791179,-0.496,0.045,1.457,95.154,0.342,5,3178
A805,SANTO AUGUSTO,RS,12,-27.854345,-53.791179,-0.314,0.153,1.719,116.004,0.203,5,3514
A806,FLORIANOPOLIS,SC,1,-27.60253,-48.620096,-0.397,0.006,1.474,90.8,0.269,5,3720
A806,FLORIANOPOLIS,SC,2,-27.60253,-48.620096,-0.41,0.086,1.419,101.817,0.295,5,3328
A806,FLORIANOPOLIS,SC,3,-27.60253,-48.620096,-0.327,0.055,1.356,99.604,0.245,5,3419
A806,FLORIANOPOLIS,SC,4,-27.60253,-48.620096,-0.231,0.351,1.257,146.596,0.334,4,2880
A806,FLORIANOPOLIS,SC,5,-27.60253,-48.620096,-0.068,0.092,1.191,143.514,0.096,4,2609
A806,FLORIANOPOLIS,SC,6,-27.60253,-48.620096,-0.134,0.152,1.126,138.67,0.18,4,2539
A806,FLORIANOPOLIS,SC,7,-27.60253,-48.620096,-0.13,-0.174,1.206,36.745,0.18,4,2964
A806,FLORIANOPOLIS,SC,8,-27.60253,-48.620096,-0.294,-0.044,1.543,81.404,0.193,4,2969
A806,FLORIANOPOLIS,SC,9,-27.60253,-48.620096,-0.319,-0.071,1.691,77.471,0.193,4,2856
A806,FLORIANOPOLIS,SC,10,-27.60253,-48.620096,-0.474,0.166,1.589,109.349,0.316,4,2976
A806,FLORIANOPOLIS,SC,11,-27.60253,-48.620096,-0.521,0.129,1.553,103.852,0.346,4,2880
A806,FLORIANOPOLIS,SC,12,-27.60253,-48.620096,-0.474,0.179,1.486,110.693,0.341,4,2969
A807,CURITIBA,PR,1,-25.4486111,-49.23055554,-0.494,-0.09,1.874,79.643,0.268,6,4463
A807,CURITIBA,PR,2,-25.4486111,-49.23055554,-0.347,-0.142,1.7,67.684,0.22,6,4056
A807,CURITIBA,PR,3,-25.4486111,-49.23055554,-0.579,-0.169,1.62,73.732,0.372,6,4464
A807,CURITIBA,PR,4,-25.4486111,-49.23055554,-0.545,-0.107,1.509,78.883,0.368,6,4277
A807,CURITIBA,PR,5,-25.4486111,-49.23055554,0.015,-0.314,1.343,357.184,0.234,6,4276
A807,CURITIBA,PR,6,-25.4486111,-49.23055554,0.18,-0.416,1.436,336.618,0.316,6,3863
A807,CURITIBA,PR,7,-25.4486111,-49.23055554,0.107,-0.372,1.52,344.021,0.255,6,3942
A807,CURITIBA,PR,8,-25.4486111,-49.23055554,-0.347,-0.338,1.687,45.807,0.287,6,4333
A807,CURITIBA,PR,9,-25.4486111,-49.23055554,-0.663,-0.354,2.103,61.873,0.357,5,3529
A807,CURITIBA,PR,10,-25.4486111,-49.23055554,-0.962,-0.256,2.09,75.125,0.476,5,3706
A807,CURITIBA,PR,11,-25.4486111,-49.23055554,-0.959,-0.094,2.145,84.383,0.449,5,3551
A807,CURITIBA,PR,12,-25.4486111,-49.23055554,-0.754,-0.214,2.123,74.159,0.369,5,3683
A808,TORRES,RS,1,-29.35027777,-49.73333333,-1.263,-0.412,2.503,71.944,0.531,3,2216
A808,TORRES,RS,2,-29.35027777,-49.73333333,-0.841,-0.047,2.527,86.797,0.333,3,2005
A808,TORRES,RS,3,-29.35027777,-49.73333333,-0.543,-0.063,2.535,83.358,0.216,3,2211
A808,TORRES,RS,4,-29.35027777,-49.73333333,-0.468,-0.096,2.635,78.431,0.181,2,1425
A808,TORRES,RS,5,-29.35027777,-49.73333333,0.264,0.171,2.188,237.068,0.144,2,1478
A808,TORRES,RS,6,-29.35027777,-49.73333333,0.319,0.208,2.206,236.915,0.173,2,1424
A808,TORRES,RS,7,-29.35027777,-49.73333333,0.056,0.029,2.46,242.304,0.026,2,1467
A808,TORRES,RS,8,-29.35027777,-49.73333333,-0.379,0.164,2.556,113.434,0.162,2,1481
A808,TORRES,RS,9,-29.35027777,-49.73333333,-0.612,0.206,3.065,108.602,0.211,3,2145
A808,TORRES,RS,10,-29.35027777,-49.73333333,-0.866,0.127,3.107,98.36,0.282,3,2186
A808,TORRES,RS,11,-29.35027777,-49.73333333,-1.423,-0.534,3.085,69.442,0.493,2,1114
A808,TORRES,RS,12,-29.35027777,-49.73333333,-1.254,-0.144,2.964,83.469,0.426,2,1474
A809,URUGUAIANA,RS,1,-29.83987,-57.081899,-1.815,0.178,3.307,95.59,0.551,4,2796
A809,URUGUAIANA,RS,2,-29.83987,-57.081899,-1.27,0.198,2.954,98.848,0.435,4,2653
A809,URUGUAIANA,RS,3,-29.83987,-57.081899,-1.544,0.069,2.977,92.571,0.519,4,2938
A809,URUGUAIANA,RS,4,-29.83987,-57.081899,-1.78,0.192,3.098,96.164,0.578,5,3267
A809,URUGUAIANA,RS,5,-29.83987,-57.081899,-1.064,0.438,2.742,112.374,0.42,6,3246
A809,URUGUAIANA,RS,6,-29.83987,-57.081899,-1.086,0.468,2.662,113.319,0.444,2,1436
A809,URUGUAIANA,RS,7,-29.83987,-57.081899,-1.43,-0.72,3.307,63.284,0.484,2,1486
A809,URUGUAIANA,RS,8,-29.83987,-57.081899,-1.698,0.296,3.196,99.882,0.539,4,2363
A809,URUGUAIANA,RS,9,-29.83987,-57.081899,-2.093,0.713,3.648,108.803,0.606,3,2156
A809,URUGUAIANA,RS,10,-29.83987,-57.081899,-2.08,0.792,3.51,110.835,0.634,3,2221
A809,URUGUAIANA,RS,11,-29.83987,-57.081899,-2.221,0.282,3.667,97.246,0.611,3,2122
A809,URUGUAIANA,RS,12,-29.83987,-57.081899,-2.03,0.602,3.456,106.503,0.613,3,2203
A810,SANTA ROSA,RS,1,-27.89055555,-54.47999999,-0.52,0.165,1.939,107.569,0.281,3,2170
A810,SANTA ROSA,RS,2,-27.89055555,-54.47999999,-0.45,0.189,1.673,112.778,0.292,2,1338
A810,SANTA ROSA,RS,3,-27.89055555,-54.47999999,-0.411,0.1,1.581,103.695,0.268,2,1478
A810,SANTA ROSA,RS,4,-27.89055555,-54.47999999,-0.646,-0.0,1.655,89.973,0.39,3,2144
A810,SANTA ROSA,RS,5,-27.89055555,-54.47999999,-0.297,0.225,1.648,127.145,0.226,3,1959
A810,SANTA ROSA,RS,6,-27.89055555,-54.47999999,-0.62,0.085,1.748,97.796,0.358,3,2145
A810,SANTA ROSA,RS,7,-27.89055555,-54.47999999,-0.634,0.029,1.691,92.584,0.375,3,2218
A810,SANTA ROSA,RS,8,-27.89055555,-54.47999999,-0.776,0.214,1.881,105.429,0.428,3,1939
A810,SANTA ROSA,RS,9,-27.89055555,-54.47999999,-0.853,0.376,2.093,113.775,0.445,3,1933
A810,SANTA ROSA,RS,10,-27.89055555,-54.47999999,-0.747,0.376,2.062,116.737,0.405,2,1478
A810,SANTA ROSA,RS,11,-27.89055555,-54.47999999,-1.009,0.242,2.151,103.485,0.482,3,1937
A810,SANTA ROSA,RS,12,-27.89055555,-54.47999999,-0.536,0.314,1.944,120.345,0.319,3,1990
A811,CANGUCU,RS,1,-31.40333333,-52.70083333,-2.237,0.408,4.257,100.33,0.534,4,2965
A811,CANGUCU,RS,2,-31.40333333,-52.70083333,-1.521,-0.1,4.023,86.244,0.379,5,3283
A811,CANGUCU,RS,3,-31.40333333,-52.70083333,-1.61,0.121,4.005,94.291,0.403,6,4444
A811,CANGUCU,RS,4,-31.40333333,-52.70083333,-1.403,-0.022,4.029,89.109,0.348,6,4250
A811,CANGUCU,RS,5,-31.40333333,-52.70083333,-0.281,-0.163,4.04,59.893,0.08,6,4239
A811,CANGUCU,RS,6,-31.40333333,-52.70083333,0.163,-0.597,4.283,344.697,0.144,5,3599
A811,CANGUCU,RS,7,-31.40333333,-52.70083333,-0.484,-0.577,4.277,39.991,0.176,6,4187
A811,CANGUCU,RS,8,-31.40333333,-52.70083333,-0.949,-0.44,4.499,65.148,0.233,6,3958
A811,CANGUCU,RS,9,-31.40333333,-52.70083333,-1.729,0.221,4.569,97.285,0.382,5,3252
A811,CANGUCU,RS,10,-31.40333333,-52.70083333,-2.123,0.46,4.727,102.229,0.46,5,3436
A811,CANGUCU,RS,11,-31.40333333,-52.70083333,-2.314,0.233,4.678,95.752,0.497,5,3578
A811,CANGUCU,RS,12,-31.40333333,-52.70083333,-2.281,0.614,4.549,105.054,0.519,5,3707
A812,CACAPAVA DO SUL,RS,1,-30.54527777,-53.46694443,-1.329,0.312,3.496,103.217,0.391,4,2944
A812,CACAPAVA DO SUL,RS,2,-30.54527777,-53.46694443,-1.477,-0.238,3.263,80.849,0.459,4,2666
A812,CACAPAVA DO SUL,RS,3,-30.54527777,-53.46694443,-1.353,0.107,3.196,94.503,0.424,4,2845
A812,CACAPAVA DO SUL,RS,4,-30.54527777,-53.46694443,-1.409,0.127,3.272,95.136,0.432,4,2867
A812,CACAPAVA DO SUL,RS,5,-30.54527777,-53.46694443,-0.424,0.084,3.618,101.27,0.119,4,2759
A812,CACAPAVA DO SUL,RS,6,-30.54527777,-53.46694443,-0.687,0.074,3.67,96.121,0.188,4,2385
A812,CACAPAVA DO SUL,RS,7,-30.54527777,-53.46694443,-1.351,0.359,3.401,104.881,0.411,2,889
A812,CACAPAVA DO SUL,RS,8,-30.54527777,-53.46694443,-0.803,-0.029,4.321,87.904,0.186,1,744
A812,CACAPAVA DO SUL,RS,9,-30.54527777,-53.46694443,-1.961,-0.427,4.113,77.706,0.488,1,714
A812,CACAPAVA DO SUL,RS,10,-30.54527777,-53.46694443,-2.083,0.337,4.157,99.201,0.508,2,1372
A812,CACAPAVA DO SUL,RS,11,-30.54527777,-53.46694443,-2.075,0.342,3.785,99.356,0.556,2,1347
A812,CACAPAVA DO SUL,RS,12,-30.54527777,-53.46694443,-1.056,0.286,3.541,105.138,0.309,3,1978
A813,RIO PARDO,RS,1,-29.87222221,-52.38194443,-1.611,0.479,2.949,106.551,0.57,6,4453
A813,RIO PARDO,RS,2,-29.87222221,-52.38194443,-1.291,0.331,2.7,104.389,0.494,6,3885
A813,RIO PARDO,RS,3,-29.87222221,-52.38194443,-1.025,0.332,2.385,107.944,0.452,6,4349
A813,RIO PARDO,RS,4,-29.87222221,-52.38194443,-1.143,0.284,2.421,103.966,0.487,6,4273
A813,RIO PARDO,RS,5,-29.87222221,-52.38194443,-0.428,0.045,2.276,96.036,0.189,6,4406
A813,RIO PARDO,RS,6,-29.87222221,-52.38194443,-0.417,0.073,2.313,99.949,0.183,6,4282
A813,RIO PARDO,RS,7,-29.87222221,-52.38194443,-0.895,0.058,2.481,93.723,0.361,6,4123
A813,RIO PARDO,RS,8,-29.87222221,-52.38194443,-1.233,0.214,2.757,99.833,0.454,5,3627
A813,RIO PARDO,RS,9,-29.87222221,-52.38194443,-1.432,0.17,2.981,96.754,0.484,5,3506
A813,RIO PARDO,RS,10,-29.87222221,-52.38194443,-1.594,0.305,3.053,100.839,0.532,5,3613
A813,RIO PARDO,RS,11,-29.87222221,-52.38194443,-1.755,0.372,3.259,101.962,0.55,4,2860
A813,RIO PARDO,RS,12,-29.87222221,-52.38194443,-1.592,0.572,3.007,109.762,0.563,5,3598
A814,URUSSANGA,SC,1,-28.53249999,-49.31527777,-0.227,0.151,1.134,123.69,0.241,5,3508
A814,URUSSANGA,SC,2,-28.53249999,-49.31527777,-0.187,0.216,1.09,139.155,0.262,5,3187
A814,URUSSANGA,SC,3,-28.53249999,-49.31527777,-0.15,0.161,1.024,137.059,0.214,4,2956
A814,URUSSANGA,SC,4,-28.53249999,-49.31527777,-0.047,0.123,0.954,159.196,0.138,4,2880
A814,URUSSANGA,SC,5,-28.53249999,-49.31527777,0.094,0.123,0.961,217.427,0.161,4,2852
A814,URUSSANGA,SC,6,-28.53249999,-49.31527777,0.084,0.033,0.966,248.727,0.093,5,3296
A814,URUSSANGA,SC,7,-28.53249999,-49.31527777,0.098,0.056,1.012,240.342,0.112,5,3032
A814,URUSSANGA,SC,8,-28.53249999,-49.31527777,-0.035,0.078,1.13,155.784,0.076,4,2682
A814,URUSSANGA,SC,9,-28.53249999,-49.31527777,-0.232,-0.002,1.37,89.527,0.169,3,1672
A814,URUSSANGA,SC,10,-28.53249999,-49.31527777,-0.237,0.136,1.196,119.902,0.228,4,2693
A814,URUSSANGA,SC,11,-28.53249999,-49.31527777,-0.238,0.15,1.244,122.125,0.226,4,2667
A814,URUSSANGA,SC,12,-28.53249999,-49.31527777,-0.308,0.241,1.186,128.02,0.33,4,2976
A815,SAO JOAQUIM,SC,1,-28.27564,-49.934617,-0.405,-0.114,1.596,74.283,0.264,5,3718
A815,SAO JOAQUIM,SC,2,-28.27564,-49.934617,-0.116,-0.112,1.417,45.93,0.114,5,3383
A815,SAO JOAQUIM,SC,3,-28.27564,-49.934617,-0.041,-0.207,1.339,11.147,0.157,5,3715
A815,SAO JOAQUIM,SC,4,-28.27564,-49.934617,-0.142,-0.16,1.285,41.604,0.166,5,3573
A815,SAO JOAQUIM,SC,5,-28.27564,-49.934617,0.336,-0.252,1.221,306.863,0.344,5,3544
A815,SAO JOAQUIM,SC,6,-28.27564,-49.934617,0.408,-0.413,1.339,315.347,0.434,4,2757
A815,SAO JOAQUIM,SC,7,-28.27564,-49.934617,0.316,-0.462,1.282,325.668,0.437,5,3650
A815,SAO JOAQUIM,SC,8,-28.27564,-49.934617,0.146,-0.528,1.432,344.577,0.382,5,3523
A815,SAO JOAQUIM,SC,9,-28.27564,-49.934617,0.131,-0.46,1.48,344.08,0.323,5,3532
A815,SAO JOAQUIM,SC,10,-28.27564,-49.934617,-0.096,-0.397,1.544,13.638,0.264,3,2201
A815,SAO JOAQUIM,SC,11,-28.27564,-49.934617,-0.27,-0.059,1.535,77.698,0.18,4,2571
A815,SAO JOAQUIM,SC,12,-28.27564,-49.934617,-0.189,-0.103,1.429,61.375,0.15,4,2974
A816,NOVO HORIZONTE,SC,1,-26.40638888,-52.85027777,-0.087,-1.277,2.73,3.895,0.469,3,2221
A816,NOVO HORIZONTE,SC,2,-26.40638888,-52.85027777,0.01,-0.77,2.478,359.251,0.311,3,2027
A816,NOVO HORIZONTE,SC,3,-26.40638888,-52.85027777,-0.017,-0.846,2.469,1.165,0.343,3,2227
A816,NOVO HORIZONTE,SC,4,-26.40638888,-52.85027777,-0.055,-1.04,2.257,3.009,0.462,3,2120
A816,NOVO HORIZONTE,SC,5,-26.40638888,-52.85027777,0.177,-1.589,2.622,353.642,0.61,3,2232
A816,NOVO HORIZONTE,SC,6,-26.40638888,-52.85027777,0.406,-2.558,3.488,350.978,0.743,2,1431
A816,NOVO HORIZONTE,SC,7,-26.40638888,-52.85027777,0.228,-1.872,2.88,353.066,0.655,2,1400
A816,NOVO HORIZONTE,SC,8,-26.40638888,-52.85027777,0.147,-1.725,3.247,355.134,0.533,2,1488
A816,NOVO HORIZONTE,SC,9,-26.40638888,-52.85027777,0.347,-2.158,3.515,350.866,0.622,2,1440
A816,NOVO HORIZONTE,SC,10,-26.40638888,-52.85027777,-0.216,-0.675,2.65,17.733,0.267,3,2216
A816,NOVO HORIZONTE,SC,11,-26.40638888,-52.85027777,-0.353,-0.762,2.676,24.873,0.314,3,2160
A816,NOVO HORIZONTE,SC,12,-26.40638888,-52.85027777,-0.038,-0.814,2.392,2.683,0.341,3,2232
A817,INDAIAL,SC,1,-26.91361111,-49.26805554,-0.115,0.106,1.036,132.481,0.151,4,2696
A817,INDAIAL,SC,2,-26.91361111,-49.26805554,0.033,0.187,1.07,189.885,0.177,4,2375
A817,INDAIAL,SC,3,-26.91361111,-49.26805554,0.095,0.158,0.872,210.999,0.212,3,2232
A817,INDAIAL,SC,4,-26.91361111,-49.26805554,0.187,0.141,0.811,233.083,0.289,3,2160
A817,INDAIAL,SC,5,-26.91361111,-49.26805554,0.537,0.265,0.964,243.691,0.621,3,2220
A817,INDAIAL,SC,6,-26.91361111,-49.26805554,0.758,0.345,1.157,245.518,0.72,3,2160
A817,INDAIAL,SC,7,-26.91361111,-49.26805554,0.362,0.097,0.822,255.033,0.456,2,1488
A817,INDAIAL,SC,8,-26.91361111,-49.26805554,0.375,0.162,1.068,246.707,0.383,2,1488
A817,INDAIAL,SC,9,-26.91361111,-49.26805554,0.074,0.075,0.971,224.545,0.109,2,1341
A817,INDAIAL,SC,10,-26.91361111,-49.26805554,-0.276,0.033,0.949,96.834,0.292,2,1249
A817,INDAIAL,SC,11,-26.91361111,-49.26805554,-0.119,0.16,1.062,143.387,0.188,3,2015
A817,INDAIAL,SC,12,-26.91361111,-49.26805554,-0.321,0.074,1.053,103.005,0.313,3,2076
A818,IVAI,PR,1,-25.01083333,-50.85388888,-0.172,0.044,0.923,104.484,0.193,3,2213
A818,IVAI,PR,2,-25.01083333,-50.85388888,-0.206,0.236,0.955,138.877,0.328,2,1343
A818,IVAI,PR,3,-25.01083333,-50.85388888,-0.093,-0.031,0.839,71.366,0.117,2,1487
A818,IVAI,PR,4,-25.01083333,-50.85388888,-0.486,0.271,0.874,119.173,0.637,2,1439
A818,IVAI,PR,5,-25.01083333,-50.85388888,-0.292,0.101,0.965,109.115,0.321,3,2182
A818,IVAI,PR,6,-25.01083333,-50.85388888,-0.316,0.117,1.006,110.274,0.335,3,2124
A818,IVAI,PR,7,-25.01083333,-50.85388888,-0.307,0.099,0.96,107.796,0.336,3,2217
A818,IVAI,PR,8,-25.01083333,-50.85388888,-0.398,0.204,1.059,117.171,0.423,3,2227
A818,IVAI,PR,9,-25.01083333,-50.85388888,-0.51,0.173,1.523,108.714,0.354,3,2133
A818,IVAI,PR,10,-25.01083333,-50.85388888,-0.632,0.379,1.256,120.941,0.587,2,1487
A818,IVAI,PR,11,-25.01083333,-50.85388888,-0.286,0.162,0.869,119.513,0.378,2,1440
A818,IVAI,PR,12,-25.01083333,-50.85388888,0.044,-0.077,0.878,330.091,0.101,2,1485
A819,CASTRO,PR,1,-24.78694444,-49.99916666,-0.399,-0.056,1.711,81.964,0.236,2,1421
A819,CASTRO,PR,2,-24.77999999,-50.04638888,-0.306,0.062,1.306,101.525,0.239,2,890
A819,CASTRO,PR,3,-24.77999999,-50.04638888,-0.242,0.282,1.398,139.409,0.266,1,742
A819,CASTRO,PR,4,-24.77999999,-50.04638888,-0.29,0.091,1.321,107.358,0.23,1,720
A819,CASTRO,PR,5,-24.77999999,-50.04638888,0.067,-0.618,1.293,353.851,0.481,1,657
A819,CASTRO,PR,6,-24.77999999,-50.04638888,-0.019,-0.566,1.191,1.931,0.476,1,720
A819,CASTRO,PR,7,-24.77999999,-50.04638888,-0.252,0.156,0.967,121.804,0.306,1,744
A819,CASTRO,PR,8,-24.77999999,-50.04638888,0.009,-0.151,1.378,356.493,0.11,3,1724
A819,CASTRO,PR,9,-24.77999999,-50.04638888,-0.145,-0.231,1.554,32.027,0.175,1,718
A819,CASTRO,PR,10,-24.77999999,-50.04638888,-0.34,0.079,1.496,103.151,0.233,1,743
A819,CASTRO,PR,11,-24.77999999,-50.04638888,-0.111,-0.17,1.753,33.173,0.116,1,718
A819,CASTRO,PR,12,-24.77999999,-50.04638888,-0.495,0.408,1.593,129.495,0.402,1,547
A820,MAL. CANDIDO RONDON,PR,1,-24.53333333,-54.01916666,0.022,0.82,1.8,181.55,0.456,6,4441
A820,MAL. CANDIDO RONDON,PR,2,-24.53333333,-54.01916666,0.176,0.486,1.734,199.896,0.298,6,4056
A820,MAL. CANDIDO RONDON,PR,3,-24.53333333,-54.01916666,0.159,0.583,1.636,195.231,0.369,6,4464
A820,MAL. CANDIDO RONDON,PR,4,-24.53333333,-54.01916666,0.25,0.744,1.424,198.607,0.551,5,3599
A820,MAL. CANDIDO RONDON,PR,5,-24.53333333,-54.01916666,0.236,0.319,1.508,216.477,0.263,5,3720
A820,MAL. CANDIDO RONDON,PR,6,-24.53333333,-54.01916666,0.253,0.697,1.927,199.912,0.385,5,3598
A820,MAL. CANDIDO RONDON,PR,7,-24.53333333,-54.01916666,0.153,1.384,2.567,186.293,0.542,5,3717
A820,MAL. CANDIDO RONDON,PR,8,-24.53333333,-54.01916666,0.25,1.031,2.565,193.637,0.413,6,4198
A820,MAL. CANDIDO RONDON,PR,9,-24.53333333,-54.01916666,0.543,1.291,3.317,202.807,0.422,3,2158
A820,MAL. CANDIDO RONDON,PR,10,-24.53333333,-54.01916666,0.398,1.228,2.91,197.96,0.444,4,2976
A820,MAL. CANDIDO RONDON,PR,11,-24.53333333,-54.01916666,0.443,0.552,1.962,218.775,0.361,5,3546
A820,MAL. CANDIDO RONDON,PR,12,-24.53333333,-54.01916666,0.186,0.534,1.656,199.205,0.341,5,3487
A821,JOAQUIM TAVORA,PR,1,-23.505266,-49.946387,1.419,1.901,2.407,216.737,0.986,4,2222
A821,JOAQUIM TAVORA,PR,2,-23.505266,-49.946387,1.222,1.605,2.048,217.28,0.985,3,1320
A821,JOAQUIM TAVORA,PR,3,-23.505266,-49.946387,1.132,1.33,1.774,220.396,0.984,1,481
A821,JOAQUIM TAVORA,PR,4,-23.505266,-49.946387,1.64,2.323,2.878,215.218,0.988,2,871
A821,JOAQUIM TAVORA,PR,5,-23.505266,-49.946387,1.275,1.541,2.033,219.616,0.984,3,1283
A821,JOAQUIM TAVORA,PR,6,-23.505266,-49.946387,1.197,1.45,1.91,219.535,0.984,2,931
A821,JOAQUIM TAVORA,PR,7,-23.505266,-49.946387,1.314,1.562,2.076,220.081,0.983,1,453
A821,JOAQUIM TAVORA,PR,8,-23.505266,-49.946387,1.494,1.904,2.46,218.116,0.984,2,897
A821,JOAQUIM TAVORA,PR,9,-23.505266,-49.946387,1.696,2.189,2.811,217.773,0.985,3,1567
A821,JOAQUIM TAVORA,PR,10,-23.505266,-49.946387,1.86,2.596,3.231,215.611,0.989,3,1843
A821,JOAQUIM TAVORA,PR,11,-23.505266,-49.946387,1.8,2.529,3.14,215.444,0.988,3,1594
A821,JOAQUIM TAVORA,PR,12,-23.505266,-49.946387,1.509,2.026,2.559,216.69,0.987,3,1845
A822,NOVA TEBAS,PR,1,-24.43388888,-51.95388888,-0.856,0.034,1.819,92.25,0.471,3,2231
A822,NOVA TEBAS,PR,2,-24.43388888,-51.95388888,-0.733,-0.136,1.664,79.518,0.448,3,2040
A822,NOVA TEBAS,PR,3,-24.43388888,-51.95388888,-0.985,0.105,1.863,96.071,0.531,3,2232
A822,NOVA TEBAS,PR,4,-24.43388888,-51.95388888,-0.871,0.089,1.678,95.807,0.522,3,2159
A822,NOVA TEBAS,PR,5,-24.43388888,-51.95388888,-0.734,-0.176,1.743,76.49,0.433,3,2081
A822,NOVA TEBAS,PR,6,-24.43388888,-51.95388888,-0.692,-0.183,1.488,75.215,0.481,3,2098
A822,NOVA TEBAS,PR,7,-24.43388888,-51.95388888,-0.951,0.15,1.652,98.973,0.583,3,2183
A822,NOVA TEBAS,PR,8,-24.43388888,-51.95388888,-0.956,0.109,1.994,96.504,0.483,3,2125
A822,NOVA TEBAS,PR,9,-24.43388888,-51.95388888,-1.117,0.294,2.146,104.734,0.538,2,1344
A822,NOVA TEBAS,PR,10,-24.43388888,-51.95388888,-1.74,0.359,2.858,101.659,0.622,2,1233
A822,NOVA TEBAS,PR,11,-24.43388888,-51.95388888,-1.093,0.042,2.277,92.226,0.48,2,1440
A822,NOVA TEBAS,PR,12,-24.43388888,-51.95388888,-0.634,-0.133,1.953,78.189,0.332,2,1485
A823,INACIO MARTINS,PR,1,-25.567879,-51.077946,0.6,0.81,2.203,216.515,0.458,5,3717
A823,INACIO MARTINS,PR,2,-25.567879,-51.077946,0.341,0.528,2.006,212.861,0.313,5,3384
A823,INACIO MARTINS,PR,3,-25.567879,-51.077946,0.323,0.726,2.049,203.954,0.388,5,3374
A823,INACIO MARTINS,PR,4,-25.567879,-51.077946,0.984,0.969,2.312,225.43,0.597,4,2880
A823,INACIO MARTINS,PR,5,-25.567879,-51.077946,0.411,0.686,2.135,210.903,0.374,4,2976
A823,INACIO MARTINS,PR,6,-25.567879,-51.077946,0.505,0.883,2.124,209.775,0.479,3,2160
A823,INACIO MARTINS,PR,7,-25.567879,-51.077946,0.488,0.816,2.088,210.903,0.455,3,2232
A823,INACIO MARTINS,PR,8,-25.567879,-51.077946,0.736,1.207,2.307,211.389,0.613,3,2232
A823,INACIO MARTINS,PR,9,-25.567879,-51.077946,0.814,1.131,2.622,215.738,0.531,4,2815
A823,INACIO MARTINS,PR,10,-25.567879,-51.077946,0.927,1.092,2.432,220.301,0.589,4,2976
A823,INACIO MARTINS,PR,11,-25.567879,-51.077946,1.079,0.848,2.496,231.838,0.55,4,2880
A823,INACIO MARTINS,PR,12,-25.567879,-51.077946,1.017,1.065,2.263,223.684,0.651,4,2821
A824,ICARAIMA,PR,1,-23.39027777,-53.63583333,0.137,1.223,2.449,186.378,0.503,1,712
A824,ICARAIMA,PR,2,-23.39027777,-53.63583333,-0.085,0.166,1.583,152.981,0.118,1,639
A824,ICARAIMA,PR,3,-23.39027777,-53.63583333,0.042,0.453,1.052,185.274,0.432,1,632
A824,ICARAIMA,PR,12,-23.39027777,-53.63583333,0.369,0.919,2.439,201.893,0.406,1,710
A825,GOIOERE,PR,4,-24.18388888,-53.04888888,-0.909,-0.039,2.0,87.566,0.455,1,633
A825,GOIOERE,PR,5,-24.18388888,-53.04888888,-0.052,-0.061,1.968,40.531,0.041,1,744
A825,GOIOERE,PR,6,-24.18388888,-53.04888888,-0.488,-0.082,1.902,80.453,0.26,1,704
A825,GOIOERE,PR,7,-24.18388888,-53.04888888,-1.211,-0.571,2.257,64.76,0.593,2,1066
A825,GOIOERE,PR,8,-24.18388888,-53.04888888,-1.294,0.698,2.264,118.334,0.649,1,309
A825,GOIOERE,PR,9,-24.18388888,-53.04888888,-1.394,0.62,2.694,113.995,0.566,1,447
A825,GOIOERE,PR,10,-24.18388888,-53.04888888,-0.237,0.092,2.208,111.104,0.115,1,490
A825,GOIOERE,PR,11,-24.15833333,-53.03055554,-0.796,0.448,2.229,119.348,0.41,2,1321
A825,GOIOERE,PR,12,-24.18388888,-53.04888888,-0.634,-0.133,1.887,78.145,0.343,1,550
A826,ALEGRETE,RS,1,-29.709083,-55.525486,-1.141,0.436,2.006,110.929,0.609,5,3569
A826,ALEGRETE,RS,2,-29.709083,-55.525486,-0.845,0.334,1.762,111.547,0.515,5,3296
A826,ALEGRETE,RS,3,-29.709083,-55.525486,-0.866,0.414,1.698,115.542,0.565,6,3940
A826,ALEGRETE,RS,4,-29.709083,-55.525486,-1.057,0.414,1.804,111.372,0.629,6,3912
A826,ALEGRETE,RS,5,-29.709083,-55.525486,-0.639,0.41,1.624,122.668,0.468,5,3709
A826,ALEGRETE,RS,6,-29.709083,-55.525486,-0.702,0.17,1.804,103.623,0.4,4,2877
A826,ALEGRETE,RS,7,-29.709083,-55.525486,-1.025,0.427,1.833,112.588,0.606,4,2971
A826,ALEGRETE,RS,8,-29.709083,-55.525486,-1.282,0.347,2.24,105.143,0.593,6,4073
A826,ALEGRETE,RS,9,-29.709083,-55.525486,-1.406,0.604,2.282,113.251,0.671,5,3589
A826,ALEGRETE,RS,10,-29.709083,-55.525486,-1.388,0.633,2.239,114.509,0.681,5,3693
A826,ALEGRETE,RS,11,-29.709083,-55.525486,-1.389,0.553,2.25,111.697,0.664,5,3519
A826,ALEGRETE,RS,12,-29.709083,-55.525486,-1.282,0.725,2.137,119.502,0.689,4,2887
A827,BAGE,RS,1,-31.34777777,-54.01333333,-1.835,0.281,3.634,98.704,0.511,6,4415
A827,BAGE,RS,2,-31.34777777,-54.01333333,-1.256,-0.188,3.326,81.464,0.382,6,4056
A827,BAGE,RS,3,-31.34777777,-54.01333333,-1.265,-0.064,3.198,87.086,0.396,6,4464
A827,BAGE,RS,4,-31.34777777,-54.01333333,-1.188,-0.268,3.178,77.281,0.383,6,4317
A827,BAGE,RS,5,-31.34777777,-54.01333333,-0.515,-0.232,2.928,65.746,0.193,6,3971
A827,BAGE,RS,6,-31.34777777,-54.01333333,-0.373,-0.667,3.222,29.198,0.237,4,2854
A827,BAGE,RS,7,-31.34777777,-54.01333333,-1.143,-0.556,3.385,64.078,0.376,4,2854
A827,BAGE,RS,8,-31.34777777,-54.01333333,-1.035,-0.594,3.785,60.164,0.315,3,2209
A827,BAGE,RS,9,-31.34777777,-54.01333333,-1.648,0.014,3.867,90.499,0.426,4,2693
A827,BAGE,RS,10,-31.34777777,-54.01333333,-1.719,0.193,3.711,96.421,0.466,5,3719
A827,BAGE,RS,11,-31.34777777,-54.01333333,-1.887,0.049,3.821,91.477,0.494,5,3600
A827,BAGE,RS,12,-31.34777777,-54.01333333,-1.848,0.411,3.736,102.53,0.507,5,3713
A828,ERECHIM,RS,1,-27.65771,-52.305805,-0.495,-0.134,1.913,74.802,0.268,5,3676
A828,ERECHIM,RS,2,-27.65771,-52.305805,-0.521,-0.141,1.827,74.848,0.296,4,2625
A828,ERECHIM,RS,3,-27.65771,-52.305805,-0.628,-0.153,1.775,76.276,0.364,4,2970
A828,ERECHIM,RS,4,-27.65771,-52.305805,-0.731,-0.322,1.811,66.186,0.441,4,2828
A828,ERECHIM,RS,5,-27.65771,-52.305805,-0.423,-0.429,1.941,44.598,0.31,4,2735
A828,ERECHIM,RS,6,-27.65771,-52.305805,-0.552,-0.435,1.912,51.804,0.368,5,3305
A828,ERECHIM,RS,7,-27.65771,-52.305805,-0.637,-0.557,1.924,48.866,0.44,5,3492
A828,ERECHIM,RS,8,-27.65771,-52.305805,-0.778,-0.808,2.276,43.914,0.493,5,3642
A828,ERECHIM,RS,9,-27.65777777,-52.30583333,-1.066,-0.798,2.499,53.156,0.533,3,2160
A828,ERECHIM,RS,10,-27.65777777,-52.30583333,-0.912,-0.291,2.077,72.304,0.461,4,2772
A828,ERECHIM,RS,11,-27.65771,-52.305805,-0.691,-0.081,1.983,83.297,0.351,5,3294
A828,ERECHIM,RS,12,-27.65771,-52.305805,-0.559,-0.071,1.935,82.792,0.291,3,2232
A829,SAO JOSE DOS AUSENTES,RS,1,-28.7486111,-50.05777777,-2.493,-0.899,5.648,70.166,0.469,2,1469
A829,SAO JOSE DOS AUSENTES,RS,2,-28.7486111,-50.05777777,-1.564,-1.197,5.332,52.584,0.369,2,1365
A829,SAO JOSE DOS AUSENTES,RS,3,-28.7486111,-50.05777777,-0.983,-1.77,5.196,29.045,0.39,2,1488
A829,SAO JOSE DOS AUSENTES,RS,5,-28.7486111,-50.05777777,0.935,-2.206,5.316,337.035,0.451,3,1588
A829,SAO JOSE DOS AUSENTES,RS,6,-28.7486111,-50.05777777,1.592,-3.034,5.802,332.312,0.591,4,1919
A829,SAO JOSE DOS AUSENTES,RS,7,-28.7486111,-50.05777777,1.324,-3.825,6.219,340.902,0.651,3,1893
A829,SAO JOSE DOS AUSENTES,RS,8,-28.7486111,-50.05777777,1.146,-2.777,6.521,337.568,0.461,2,964
A829,SAO JOSE DOS AUSENTES,RS,10,-28.7486111,-50.05777777,-1.485,-1.264,5.404,49.59,0.361,1,744
A829,SAO JOSE DOS AUSENTES,RS,12,-28.7486111,-50.05777777,-1.374,-1.27,5.521,47.264,0.339,2,1488
A830,SAO BORJA,RS,1,-28.65,-56.01638888,-0.796,0.473,2.104,120.721,0.44,5,3720
A830,SAO BORJA,RS,2,-28.65,-56.01638888,-0.59,0.319,1.7,118.409,0.394,5,3384
A830,SAO BORJA,RS,3,-28.65,-56.01638888,-0.624,0.295,1.671,115.345,0.413,6,3942
A830,SAO BORJA,RS,4,-28.65,-56.01638888,-0.474,0.228,1.727,115.639,0.305,5,3245
A830,SAO BORJA,RS,5,-28.65,-56.01638888,0.022,0.565,1.962,182.28,0.288,5,3719
A830,SAO BORJA,RS,6,-28.65,-56.01638888,-0.17,0.334,1.968,153.063,0.19,5,3569
A830,SAO BORJA,RS,7,-28.65,-56.01638888,-0.907,-0.077,1.927,85.126,0.473,4,2814
A830,SAO BORJA,RS,8,-28.65,-56.01638888,-1.058,0.377,2.278,109.625,0.493,5,3670
A830,SAO BORJA,RS,9,-28.65,-56.01638888,-1.211,0.65,2.362,118.23,0.582,4,2880
A830,SAO BORJA,RS,10,-28.65,-56.01638888,-1.237,0.871,2.36,125.166,0.641,4,2976
A830,SAO BORJA,RS,11,-28.65,-56.01638888,-1.018,0.663,2.005,123.051,0.606,5,3599
A830,SAO BORJA,RS,12,-28.65,-56.01638888,-0.917,0.863,2.475,133.266,0.509,3,2232
A831,QUARAI,RS,1,-30.368578,-56.437115,-1.052,0.233,2.007,102.498,0.537,4,2952
A831,QUARAI,RS,2,-30.368578,-56.437115,-0.667,0.134,1.865,101.342,0.365,5,2911
A831,QUARAI,RS,3,-30.368578,-56.437115,-0.908,0.13,1.97,98.127,0.466,6,4147
A831,QUARAI,RS,4,-30.368578,-56.437115,-0.776,0.29,1.891,110.488,0.438,6,4090
A831,QUARAI,RS,5,-30.368578,-56.437115,-0.506,0.231,1.784,114.536,0.312,5,3671
A831,QUARAI,RS,6,-30.368578,-56.437115,-0.487,0.242,1.756,116.395,0.31,5,3502
A831,QUARAI,RS,7,-30.368578,-56.437115,-0.982,0.091,2.276,95.281,0.433,4,2845
A831,QUARAI,RS,8,-30.368578,-56.437115,-1.219,0.252,2.706,101.695,0.46,5,3593
A831,QUARAI,RS,9,-30.368578,-56.437115,-1.584,0.599,2.997,110.698,0.565,4,2847
A831,QUARAI,RS,10,-30.368578,-56.437115,-1.526,0.624,2.892,112.23,0.57,4,2943
A831,QUARAI,RS,11,-30.368578,-56.437115,-1.442,0.462,2.822,107.746,0.537,4,2840
A831,QUARAI,RS,12,-30.368578,-56.437115,-1.647,0.542,2.738,108.227,0.633,3,2197
A832,SAO GABRIEL,RS,1,-30.341438,-54.310909,-1.37,0.017,2.323,90.7,0.59,5,3716
A832,SAO GABRIEL,RS,2,-30.341438,-54.310909,-1.022,-0.08,2.084,85.538,0.492,5,3363
A832,SAO GABRIEL,RS,3,-30.341438,-54.310909,-0.804,0.04,1.846,92.875,0.436,5,3720
A832,SAO GABRIEL,RS,4,-30.341438,-54.310909,-1.115,-0.024,1.996,88.759,0.559,5,3530
A832,SAO GABRIEL,RS,5,-30.341438,-54.310909,-0.306,0.134,1.669,113.613,0.2,6,4046
A832,SAO GABRIEL,RS,6,-30.341438,-54.310909,-0.537,-0.013,1.845,88.66,0.291,5,3597
A832,SAO GABRIEL,RS,7,-30.341438,-54.310909,-0.705,-0.315,1.894,65.942,0.407,5,3501
A832,SAO GABRIEL,RS,8,-30.341438,-54.310909,-1.014,-0.042,2.188,87.63,0.464,6,4192
A832,SAO GABRIEL,RS,9,-30.341438,-54.310909,-1.28,-0.033,2.493,88.545,0.514,4,2776
A832,SAO GABRIEL,RS,10,-30.341438,-54.310909,-1.496,0.117,2.439,94.478,0.615,4,2928
A832,SAO GABRIEL,RS,11,-30.341438,-54.310909,-1.493,0.094,2.482,93.595,0.603,5,3397
A832,SAO GABRIEL,RS,12,-30.341438,-54.310909,-1.428,0.328,2.462,102.923,0.595,4,2975
A833,SANTIAGO,RS,1,-29.191599,-54.885653,-0.583,0.192,1.949,108.253,0.315,5,3661
A833,SANTIAGO,RS,2,-29.191599,-54.885653,-0.487,0.125,1.805,104.366,0.278,5,3344
A833,SANTIAGO,RS,3,-29.191599,-54.885653,-0.528,0.187,1.74,109.459,0.322,6,3985
A833,SANTIAGO,RS,4,-29.191599,-54.885653,-0.707,0.06,1.843,94.846,0.385,4,2714
A833,SANTIAGO,RS,5,-29.191599,-54.885653,-0.57,0.019,1.765,91.895,0.323,3,1720
A833,SANTIAGO,RS,6,-29.191599,-54.885653,-0.569,-0.528,2.134,47.148,0.364,3,1868
A833,SANTIAGO,RS,7,-29.191599,-54.885653,-0.969,-0.11,1.944,83.52,0.502,4,2313
A833,SANTIAGO,RS,8,-29.191599,-54.885653,-0.664,-0.083,2.044,82.904,0.327,5,3597
A833,SANTIAGO,RS,9,-29.191599,-54.885653,-0.898,0.107,2.087,96.819,0.433,4,2873
A833,SANTIAGO,RS,10,-29.191599,-54.885653,-0.779,0.377,1.832,115.811,0.472,5,3599
A833,SANTIAGO,RS,11,-29.191599,-54.885653,-0.717,0.452,1.94,122.247,0.437,4,2631
A833,SANTIAGO,RS,12,-29.191599,-54.885653,-0.623,0.499,1.929,128.674,0.414,4,2822
A834,TRAMANDAI,RS,1,-30.01027777,-50.13583333,-2.061,-0.611,3.411,73.493,0.63,4,2966
A834,TRAMANDAI,RS,2,-30.01027777,-50.13583333,-1.871,-0.01,3.53,89.694,0.53,4,2598
A834,TRAMANDAI,RS,3,-30.01027777,-50.13583333,-2.383,-0.566,4.294,76.626,0.57,4,2946
A834,TRAMANDAI,RS,4,-30.01027777,-50.13583333,-1.412,-0.255,4.268,79.757,0.336,4,2823
A834,TRAMANDAI,RS,5,-30.01027777,-50.13583333,-0.617,0.053,3.53,94.891,0.175,4,2899
A834,TRAMANDAI,RS,6,-30.01027777,-50.13583333,0.297,-0.276,3.136,312.934,0.129,3,1868
A834,TRAMANDAI,RS,7,-30.01027777,-50.13583333,-0.386,-0.603,3.464,32.615,0.207,3,2207
A834,TRAMANDAI,RS,8,-30.01027777,-50.13583333,-1.445,-1.382,4.326,46.265,0.462,2,1136
A834,TRAMANDAI,RS,9,-30.01027777,-50.13583333,-1.9,-1.876,5.195,45.371,0.514,1,720
A834,TRAMANDAI,RS,10,-30.01027777,-50.13583333,-2.607,-1.198,5.02,65.325,0.572,2,1487
A834,TRAMANDAI,RS,11,-30.01027777,-50.13583333,-2.587,-1.094,4.712,67.066,0.596,2,1440
A834,TRAMANDAI,RS,12,-30.01027777,-50.13583333,-1.901,-0.916,3.478,64.282,0.607,3,2230
A835,MARINGA,PR,1,-23.40527777,-51.93277777,0.156,0.847,1.906,190.402,0.452,5,3492
A835,MARINGA,PR,2,-23.40527777,-51.93277777,0.172,0.721,1.879,193.415,0.395,5,3003
A835,MARINGA,PR,3,-23.40527777,-51.93277777,0.213,0.765,1.838,195.56,0.432,5,3702
A835,MARINGA,PR,4,-23.40527777,-51.93277777,0.491,0.874,1.929,209.308,0.52,5,3564
A835,MARINGA,PR,5,-23.40527777,-51.93277777,0.168,0.392,1.775,203.184,0.241,5,3648
A835,MARINGA,PR,6,-23.40527777,-51.93277777,0.263,0.676,1.817,201.275,0.399,5,3443
A835,MARINGA,PR,7,-23.40527777,-51.93277777,0.352,0.89,1.975,201.552,0.484,5,3661
A835,MARINGA,PR,8,-23.40527777,-51.93277777,0.33,0.876,2.141,200.632,0.437,5,3689
A835,MARINGA,PR,9,-23.40527777,-51.93277777,0.491,0.855,2.282,209.845,0.432,4,2880
A835,MARINGA,PR,10,-23.40527777,-51.93277777,0.442,0.905,2.195,206.043,0.459,4,2974
A835,MARINGA,PR,11,-23.40527777,-51.93277777,0.51,0.811,2.254,212.157,0.425,4,2823
A835,MARINGA,PR,12,-23.40527777,-51.93277777,0.39,0.889,2.03,203.677,0.478,4,2975
A836,JAGUARAO,RS,1,-32.53472221,-53.37583332,-1.21,0.24,2.043,101.234,0.604,6,4427
A836,JAGUARAO,RS,2,-32.53472221,-53.37583332,-0.845,0.091,1.778,96.121,0.478,6,4008
A836,JAGUARAO,RS,3,-32.53472221,-53.37583332,-0.653,0.125,1.394,100.841,0.477,5,3677
A836,JAGUARAO,RS,4,-32.53472221,-53.37583332,-0.307,-0.073,1.259,76.64,0.251,6,4223
A836,JAGUARAO,RS,5,-32.53472221,-53.37583332,0.171,-0.025,1.303,278.344,0.132,6,4414
A836,JAGUARAO,RS,6,-32.53472221,-53.37583332,0.071,-0.294,1.342,346.409,0.225,6,3977
A836,JAGUARAO,RS,7,-32.53472221,-53.37583332,-0.141,0.006,1.475,92.389,0.096,5,3720
A836,JAGUARAO,RS,8,-32.53472221,-53.37583332,-0.121,0.202,2.021,149.049,0.116,4,2956
A836,JAGUARAO,RS,9,-32.53472221,-53.37583332,-0.647,0.246,1.854,110.819,0.373,4,2860
A836,JAGUARAO,RS,10,-32.53472221,-53.37583332,-0.89,0.146,2.15,99.33,0.42,5,3718
A836,JAGUARAO,RS,11,-32.53472221,-53.37583332,-1.039,0.126,2.255,96.889,0.464,5,3599
A836,JAGUARAO,RS,12,-32.53472221,-53.37583332,-0.849,0.306,2.102,109.849,0.429,5,3715
A837,SOLEDADE,RS,1,-28.859211,-52.542387,-1.354,0.261,3.53,100.903,0.39,5,3348
A837,SOLEDADE,RS,2,-28.859211,-52.542387,-0.854,0.031,2.614,92.069,0.327,5,3363
A837,SOLEDADE,RS,3,-28.859211,-52.542387,-1.067,0.093,2.739,94.984,0.391,5,3719
A837,SOLEDADE,RS,4,-28.859211,-52.542387,-1.636,-0.057,3.223,87.99,0.508,5,3600
A837,SOLEDADE,RS,5,-28.859211,-52.542387,-0.664,-0.266,2.785,68.155,0.257,6,4260
A837,SOLEDADE,RS,6,-28.859211,-52.542387,-0.904,-0.657,3.41,54.016,0.328,5,3600
A837,SOLEDADE,RS,7,-28.859211,-52.542387,-1.097,-0.791,3.489,54.196,0.388,5,3720
A837,SOLEDADE,RS,8,-28.859211,-52.542387,-1.382,-0.513,3.433,69.615,0.429,6,4344
A837,SOLEDADE,RS,9,-28.859211,-52.542387,-1.804,-0.168,3.95,84.673,0.459,5,3600
A837,SOLEDADE,RS,10,-28.859211,-52.542387,-2.131,0.338,4.024,99.022,0.536,5,3720
A837,SOLEDADE,RS,11,-28.859211,-52.542387,-1.94,0.713,4.089,110.189,0.505,5,3599
A837,SOLEDADE,RS,12,-28.859211,-52.542387,-1.637,0.773,3.716,115.275,0.487,4,2973
A838,CAMAQUA,RS,1,-30.807953,-51.83424,-0.449,0.321,0.954,125.51,0.579,6,4315
A838,CAMAQUA,RS,2,-30.807953,-51.83424,-0.263,0.202,0.782,127.572,0.424,6,3804
A838,CAMAQUA,RS,3,-30.807953,-51.83424,-0.19,0.22,0.67,139.133,0.434,6,4353
A838,CAMAQUA,RS,4,-30.807953,-51.83424,-0.161,0.082,0.655,116.994,0.275,6,4139
A838,CAMAQUA,RS,5,-30.807953,-51.83424,0.104,-0.02,0.541,280.792,0.195,4,2886
A838,CAMAQUA,RS,6,-30.807953,-51.83424,0.103,0.034,0.533,251.723,0.203,5,3226
A838,CAMAQUA,RS,7,-30.807953,-51.83424,0.02,0.025,0.495,218.924,0.065,5,3600
A838,CAMAQUA,RS,8,-30.807953,-51.83424,-0.15,0.088,0.751,120.306,0.232,5,3094
A838,CAMAQUA,RS,9,-30.807953,-51.83424,-0.285,0.224,0.899,128.117,0.403,4,2420
A838,CAMAQUA,RS,10,-30.807953,-51.83424,-0.38,0.285,0.912,126.792,0.521,4,2655
A838,CAMAQUA,RS,11,-30.807953,-51.83424,-0.433,0.332,1.058,127.452,0.516,5,3210
A838,CAMAQUA,RS,12,-30.807953,-51.83424,-0.406,0.361,0.965,131.637,0.564,5,3596
A839,PASSO FUNDO,RS,1,-28.226805,-52.403582,-1.236,-0.311,3.079,75.888,0.414,6,4323
A839,PASSO FUNDO,RS,2,-28.226805,-52.403582,-1.032,-0.225,2.817,77.701,0.375,6,3963
A839,PASSO FUNDO,RS,3,-28.226805,-52.403582,-1.175,-0.169,2.81,81.835,0.423,6,4289
A839,PASSO FUNDO,RS,4,-28.226805,-52.403582,-1.441,-0.302,2.952,78.149,0.499,6,4176
A839,PASSO FUNDO,RS,5,-28.226805,-52.403582,-0.975,-0.416,2.829,66.912,0.375,6,4091
A839,PASSO FUNDO,RS,6,-28.226805,-52.403582,-1.067,-0.846,3.042,51.592,0.447,6,4003
A839,PASSO FUNDO,RS,7,-28.226805,-52.403582,-1.273,-0.99,3.101,52.138,0.52,6,4043
A839,PASSO FUNDO,RS,8,-28.226805,-52.403582,-1.487,-0.805,3.278,61.587,0.516,6,4351
A839,PASSO FUNDO,RS,9,-28.226805,-52.403582,-1.832,-0.596,3.508,71.991,0.549,5,3367
A839,PASSO FUNDO,RS,10,-28.226805,-52.403582,-1.685,-0.045,3.313,88.481,0.509,4,2813
A839,PASSO FUNDO,RS,11,-28.226805,-52.403582,-1.623,0.141,3.446,94.96,0.473,5,3324
A839,PASSO FUNDO,RS,12,-28.226805,-52.403582,-1.275,0.049,3.245,92.202,0.393,5,3451
A840,BENTO GONCALVES,RS,1,-29.164581,-51.534202,-1.258,-0.205,2.863,80.754,0.445,5,3679
A840,BENTO GONCALVES,RS,2,-29.164581,-51.534202,-0.912,-0.267,2.579,73.688,0.368,5,3338
A840,BENTO GONCALVES,RS,3,-29.164581,-51.534202,-0.907,-0.248,2.511,74.715,0.374,6,4192
A840,BENTO GONCALVES,RS,4,-29.164581,-51.534202,-1.119,-0.431,2.629,68.91,0.456,5,3588
A840,BENTO GONCALVES,RS,5,-29.164581,-51.534202,-0.612,-0.491,2.536,51.277,0.309,5,3361
A840,BENTO GONCALVES,RS,6,-29.164581,-51.534202,-0.841,-0.927,2.777,42.202,0.451,4,2828
A840,BENTO GONCALVES,RS,7,-29.164581,-51.534202,-0.982,-0.951,2.768,45.921,0.494,5,3518
A840,BENTO GONCALVES,RS,8,-29.164581,-51.534202,-1.022,-0.889,2.931,48.982,0.462,5,3696
A840,BENTO GONCALVES,RS,9,-29.164581,-51.534202,-1.119,-0.629,3.053,60.663,0.421,4,2757
A840,BENTO GONCALVES,RS,10,-29.164581,-51.534202,-1.216,-0.152,2.879,82.888,0.426,4,2955
A840,BENTO GONCALVES,RS,11,-29.164581,-51.534202,-1.255,-0.007,2.916,89.699,0.43,4,2838
A840,BENTO GONCALVES,RS,12,-29.164581,-51.534202,-1.07,0.137,2.772,97.309,0.389,4,2930
A841,JOACABA,SC,1,-27.16916666,-51.55888888,-1.299,-0.682,2.687,62.303,0.546,4,2973
A841,JOACABA,SC,2,-27.16916666,-51.55888888,-0.821,-0.535,2.508,56.929,0.391,4,2688
A841,JOACABA,SC,3,-27.16916666,-51.55888888,-0.916,-0.502,2.406,61.261,0.434,4,2961
A841,JOACABA,SC,4,-27.16916666,-51.55888888,-1.256,-0.774,2.574,58.355,0.573,4,2736
A841,JOACABA,SC,5,-27.16916666,-51.55888888,-0.549,-0.585,2.437,43.179,0.329,4,2373
A841,JOACABA,SC,6,-27.16916666,-51.55888888,-0.778,-0.66,2.548,49.722,0.4,4,2022
A841,JOACABA,SC,7,-27.16916666,-51.55888888,-1.11,-0.934,2.896,49.93,0.501,4,2302
A841,JOACABA,SC,8,-27.16916666,-51.55888888,-1.291,-0.983,3.087,52.717,0.526,4,2494
A841,JOACABA,SC,9,-27.16916666,-51.55888888,-1.286,-0.894,3.265,55.2,0.48,4,2475
A841,JOACABA,SC,10,-27.16916666,-51.55888888,-1.325,-0.629,2.873,64.613,0.51,4,2695
A841,JOACABA,SC,11,-27.16916666,-51.55888888,-1.26,-0.52,3.012,67.597,0.453,4,2515
A841,JOACABA,SC,12,-27.16916666,-51.55888888,-1.208,-0.564,2.785,64.957,0.479,3,2224
A842,NOVA FATIMA,PR,1,-23.41527777,-50.57777777,0.932,0.57,1.184,238.553,0.923,1,455
A842,NOVA FATIMA,PR,5,-23.41527777,-50.57777777,0.823,0.195,0.876,256.647,0.966,1,651
A842,NOVA FATIMA,PR,6,-23.41527777,-50.57777777,0.896,0.211,0.94,256.733,0.979,1,507
A842,NOVA FATIMA,PR,8,-23.41527777,-50.57777777,0.456,-0.504,2.427,317.81,0.28,2,1013
A842,NOVA FATIMA,PR,9,-23.41527777,-50.57777777,-0.211,-0.964,2.842,12.331,0.347,2,1287
A842,NOVA FATIMA,PR,10,-23.41527777,-50.57777777,-1.111,0.271,2.674,103.717,0.428,2,1451
A842,NOVA FATIMA,PR,11,-23.41527777,-50.57777777,-0.564,0.479,2.884,130.34,0.257,2,1291
A842,NOVA FATIMA,PR,12,-23.41527777,-50.57777777,0.641,0.875,1.411,216.22,0.769,1,539
A843,DOIS VIZINHOS,PR,1,-25.69916666,-53.09527777,-0.741,0.345,2.107,114.958,0.388,4,2975
A843,DOIS VIZINHOS,PR,2,-25.69916666,-53.09527777,-0.632,0.196,2.1,107.204,0.315,4,2712
A843,DOIS VIZINHOS,PR,3,-25.69916666,-53.09527777,-0.929,0.392,2.197,112.871,0.459,4,2667
A843,DOIS VIZINHOS,PR,4,-25.69916666,-53.09527777,-0.872,0.399,1.995,114.558,0.481,4,2635
A843,DOIS VIZINHOS,PR,5,-25.69916666,-53.09527777,-0.652,0.237,1.875,109.967,0.37,4,2963
A843,DOIS VIZINHOS,PR,6,-25.69916666,-53.09527777,-0.759,0.365,1.887,115.686,0.446,4,2880
A843,DOIS VIZINHOS,PR,7,-25.69916666,-53.09527777,-0.977,0.435,2.085,114.025,0.513,4,2906
A843,DOIS VIZINHOS,PR,8,-25.69916666,-53.09527777,-0.905,0.501,2.117,118.984,0.489,4,2736
A843,DOIS VIZINHOS,PR,9,-25.69916666,-53.09527777,-1.424,0.657,2.871,114.758,0.546,4,2841
A843,DOIS VIZINHOS,PR,10,-25.69916666,-53.09527777,-1.338,0.556,2.862,112.569,0.506,4,2874
A843,DOIS VIZINHOS,PR,11,-25.69916666,-53.09527777,-0.996,0.393,2.397,111.522,0.447,4,2880
A843,DOIS VIZINHOS,PR,12,-25.69916666,-53.09527777,-0.625,0.271,1.953,113.459,0.349,4,2870
A844,LAGOA VERMELHA,RS,1,-28.222381,-51.512845,-0.979,-0.392,3.126,68.185,0.337,5,3491
A844,LAGOA VERMELHA,RS,2,-28.222381,-51.512845,-0.613,-0.284,2.867,65.143,0.236,5,3324
A844,LAGOA VERMELHA,RS,3,-28.222381,-51.512845,-0.791,-0.209,2.987,75.184,0.274,5,3527
A844,LAGOA VERMELHA,RS,4,-28.222381,-51.512845,-1.053,-0.342,3.05,72.0,0.363,5,3397
A844,LAGOA VERMELHA,RS,5,-28.222381,-51.512845,-0.55,-0.426,2.898,52.211,0.24,5,3544
A844,LAGOA VERMELHA,RS,6,-28.222381,-51.512845,-0.611,-0.653,3.055,43.108,0.293,5,3596
A844,LAGOA VERMELHA,RS,7,-28.222381,-51.512845,-0.771,-0.865,3.004,41.734,0.386,5,3718
A844,LAGOA VERMELHA,RS,8,-28.222381,-51.512845,-1.121,-0.809,3.369,54.174,0.41,5,3717
A844,LAGOA VERMELHA,RS,9,-28.222381,-51.512845,-1.251,-0.733,3.572,59.638,0.406,5,3586
A844,LAGOA VERMELHA,RS,10,-28.222381,-51.512845,-1.351,-0.27,3.608,78.704,0.382,5,3685
A844,LAGOA VERMELHA,RS,11,-28.222381,-51.512845,-1.228,-0.012,3.618,89.439,0.339,5,3526
A844,LAGOA VERMELHA,RS,12,-28.222381,-51.512845,-0.969,-0.117,3.343,83.108,0.292,4,2904
A845,BOM JARDIM DA SERRA - MORRO DA IGREJA,SC,1,-28.12694443,-49.47972221,1.034,0.2,6.232,259.061,0.169,1,744
A845,BOM JARDIM DA SERRA - MORRO DA IGREJA,SC,4,-28.126992,-49.47961,1.75,-0.901,6.231,297.241,0.316,2,1047
A845,BOM JARDIM DA SERRA - MORRO DA IGREJA,SC,5,-28.12694443,-49.47972221,2.955,-1.921,6.853,303.025,0.514,1,744
A845,BOM JARDIM DA SERRA - MORRO DA IGREJA,SC,6,-28.126992,-49.47961,4.822,-3.024,8.23,302.094,0.692,3,1862
A845,BOM JARDIM DA SERRA - MORRO DA IGREJA,SC,7,-28.126992,-49.47961,3.928,-3.354,7.887,310.487,0.655,3,1868
A845,BOM JARDIM DA SERRA - MORRO DA IGREJA,SC,8,-28.126992,-49.47961,4.43,-4.374,8.501,314.636,0.732,3,1847
A845,BOM JARDIM DA SERRA - MORRO DA IGREJA,SC,9,-28.126992,-49.47961,4.729,-4.383,8.897,312.823,0.725,2,1194
A845,BOM JARDIM DA SERRA - MORRO DA IGREJA,SC,10,-28.12694443,-49.47972221,3.088,-1.665,6.948,298.334,0.505,1,744
A845,BOM JARDIM DA SERRA - MORRO DA IGREJA,SC,11,-28.126992,-49.47961,1.939,-0.26,6.979,277.647,0.28,3,1823
A845,BOM JARDIM DA SERRA - MORRO DA IGREJA,SC,12,-28.126992,-49.47961,1.674,-0.946,5.671,299.485,0.339,3,1474
A846,FOZ DO IGUACU,PR,1,-25.60194444,-54.48305554,0.439,0.928,2.288,205.301,0.448,3,2230
A846,FOZ DO IGUACU,PR,2,-25.60194444,-54.48305554,0.368,0.797,2.337,204.785,0.376,3,2039
A846,FOZ DO IGUACU,PR,3,-25.60194444,-54.48305554,0.54,0.719,2.322,216.911,0.387,2,1466
A846,FOZ DO IGUACU,PR,4,-25.60194444,-54.48305554,0.692,0.691,2.12,225.039,0.462,2,1438
A846,FOZ DO IGUACU,PR,5,-25.60194444,-54.48305554,0.634,0.339,1.961,241.85,0.367,2,1441
A846,FOZ DO IGUACU,PR,6,-25.60194444,-54.48305554,0.604,0.686,2.271,221.4,0.402,2,1333
A846,FOZ DO IGUACU,PR,7,-25.60194444,-54.48305554,0.49,1.111,2.416,203.796,0.502,1,741
A846,FOZ DO IGUACU,PR,8,-25.60194444,-54.48305554,0.949,1.042,2.853,222.332,0.494,2,1293
A846,FOZ DO IGUACU,PR,9,-25.60194444,-54.48305554,0.736,0.973,3.023,217.102,0.404,2,1387
A846,FOZ DO IGUACU,PR,10,-25.60194444,-54.48305554,1.011,0.491,2.804,244.109,0.401,2,1482
A846,FOZ DO IGUACU,PR,11,-25.60194444,-54.48305554,0.749,0.683,2.622,227.655,0.387,3,2158
A846,FOZ DO IGUACU,PR,12,-25.60194444,-54.48305554,0.406,0.665,2.106,211.42,0.37,3,2232
A848,DIONISIO CERQUEIRA,SC,1,-26.286562,-53.633114,1.505,1.664,2.354,222.12,0.953,4,2722
A848,DIONISIO CERQUEIRA,SC,2,-26.286562,-53.633114,1.489,1.725,2.39,220.789,0.954,4,2520
A848,DIONISIO CERQUEIRA,SC,3,-26.286562,-53.633114,1.516,1.742,2.434,221.024,0.949,4,2976
A848,DIONISIO CERQUEIRA,SC,4,-26.286562,-53.633114,1.337,1.518,2.127,221.363,0.951,4,2879
A848,DIONISIO CERQUEIRA,SC,5,-26.286562,-53.633114,1.145,1.496,1.979,217.431,0.952,4,2808
A848,DIONISIO CERQUEIRA,SC,6,-26.286562,-53.633114,1.193,1.76,2.227,214.14,0.955,3,2151
A848,DIONISIO CERQUEIRA,SC,7,-26.286562,-53.633114,1.556,1.896,2.555,219.361,0.96,4,2833
A848,DIONISIO CERQUEIRA,SC,8,-26.286562,-53.633114,1.618,2.06,2.803,218.149,0.935,4,2964
A848,DIONISIO CERQUEIRA,SC,9,-26.286562,-53.633114,1.854,2.129,2.955,221.052,0.955,4,2869
A848,DIONISIO CERQUEIRA,SC,10,-26.286562,-53.633114,1.751,2.194,2.952,218.592,0.951,4,2487
A848,DIONISIO CERQUEIRA,SC,11,-26.286562,-53.633114,1.525,1.888,2.552,218.929,0.951,3,2159
A848,DIONISIO CERQUEIRA,SC,12,-26.286562,-53.633114,1.395,1.613,2.24,220.856,0.952,3,2232
A849,DIAMANTE DO NORTE,PR,1,-22.63944444,-52.89027777,0.597,0.526,2.221,228.616,0.359,5,3559
A849,DIAMANTE DO NORTE,PR,2,-22.63944444,-52.89027777,0.32,0.256,1.885,231.325,0.217,4,2603
A849,DIAMANTE DO NORTE,PR,3,-22.63944444,-52.89027777,0.181,0.349,2.083,207.454,0.189,4,2692
A849,DIAMANTE DO NORTE,PR,4,-22.63944444,-52.89027777,0.163,0.517,2.195,197.549,0.247,4,2527
A849,DIAMANTE DO NORTE,PR,5,-22.63944444,-52.89027777,-0.473,0.258,2.687,118.606,0.201,2,1488
A849,DIAMANTE DO NORTE,PR,6,-22.63944444,-52.89027777,-0.762,0.079,2.792,95.952,0.274,2,1439
A849,DIAMANTE DO NORTE,PR,7,-22.63944444,-52.89027777,1.339,0.903,3.142,236.0,0.514,2,1487
A849,DIAMANTE DO NORTE,PR,8,-22.63944444,-52.89027777,1.755,1.184,3.451,236.0,0.613,3,1904
A849,DIAMANTE DO NORTE,PR,9,-22.63944444,-52.89027777,1.94,1.309,3.68,236.0,0.636,3,2159
A849,DIAMANTE DO NORTE,PR,10,-22.63944444,-52.89027777,2.22,1.497,3.438,236.0,0.779,3,1876
A849,DIAMANTE DO NORTE,PR,11,-22.63944444,-52.89027777,2.648,1.786,3.194,236.0,1.0,2,1439
A849,DIAMANTE DO NORTE,PR,12,-22.63944444,-52.89027777,1.322,1.098,2.725,230.29,0.631,4,2910
A850,PARANAPOEMA,PR,1,-22.65833333,-52.13444444,-0.551,-0.517,2.021,46.869,0.374,4,2617
A850,PARANAPOEMA,PR,2,-22.65833333,-52.13444444,-0.241,-0.551,1.823,23.59,0.33,4,2485
A850,PARANAPOEMA,PR,3,-22.65833333,-52.13444444,-0.771,-0.407,1.74,62.147,0.501,3,2222
A850,PARANAPOEMA,PR,4,-22.65833333,-52.13444444,-1.014,-0.471,1.757,65.09,0.636,3,2138
A850,PARANAPOEMA,PR,5,-22.65833333,-52.13444444,-0.408,-0.454,1.497,41.938,0.408,3,2074
A850,PARANAPOEMA,PR,6,-22.65833333,-52.13444444,-0.307,-0.53,1.233,30.108,0.497,2,1440
A850,PARANAPOEMA,PR,7,-22.65833333,-52.13444444,-0.347,-0.143,1.117,67.633,0.336,2,1415
A850,PARANAPOEMA,PR,8,-22.65833333,-52.13444444,-0.847,-0.986,2.777,40.654,0.468,1,666
A850,PARANAPOEMA,PR,9,-22.65833333,-52.13444444,-1.1,-0.681,3.023,58.245,0.428,1,717
A850,PARANAPOEMA,PR,10,-22.65833333,-52.13444444,-1.664,-0.75,3.415,65.728,0.535,2,1462
A850,PARANAPOEMA,PR,11,-22.65833333,-52.13444444,-1.115,-0.524,2.172,64.82,0.567,3,2147
A850,PARANAPOEMA,PR,12,-22.65833333,-52.13444444,-0.834,-0.355,2.042,66.927,0.444,4,2766
A851,ITAPOA,SC,1,-26.08138888,-48.64166666,-0.523,0.024,1.348,92.583,0.388,3,2232
A851,ITAPOA,SC,2,-26.08138888,-48.64166666,-0.452,-0.116,1.045,75.564,0.447,3,2040
A851,ITAPOA,SC,3,-26.08138888,-48.64166666,-0.45,-0.07,0.986,81.169,0.461,4,2664
A851,ITAPOA,SC,4,-26.08138888,-48.64166666,-0.232,0.06,0.802,104.566,0.298,4,2880
A851,ITAPOA,SC,5,-26.08138888,-48.64166666,-0.07,0.108,0.888,147.22,0.145,5,3380
A851,ITAPOA,SC,6,-26.08138888,-48.64166666,-0.065,0.11,0.748,149.493,0.171,4,2879
A851,ITAPOA,SC,7,-26.08138888,-48.64166666,-0.121,0.081,0.828,123.911,0.176,4,2975
A851,ITAPOA,SC,8,-26.08138888,-48.64166666,-0.28,0.124,1.002,113.931,0.305,4,2966
A851,ITAPOA,SC,9,-26.08138888,-48.64166666,-0.466,0.027,1.081,93.313,0.431,4,2880
A851,ITAPOA,SC,10,-26.08138888,-48.64166666,-0.631,-0.001,1.314,89.912,0.481,4,2649
A851,ITAPOA,SC,11,-26.08138888,-48.64166666,-0.667,0.114,1.399,99.704,0.484,3,2158
A851,ITAPOA,SC,12,-26.08138888,-48.64166666,-0.735,-0.195,1.473,75.138,0.516,3,2214
A852,SAO LUIZ GONZAGA,RS,1,-28.41722221,-54.9625,-1.198,-0.127,2.779,83.964,0.434,5,3576
A852,SAO LUIZ GONZAGA,RS,2,-28.41722221,-54.9625,-1.157,0.018,2.625,90.892,0.441,5,3329
A852,SAO LUIZ GONZAGA,RS,3,-28.41722221,-54.9625,-1.221,-0.017,2.595,89.212,0.471,6,4411
A852,SAO LUIZ GONZAGA,RS,4,-28.41722221,-54.9625,-1.269,-0.028,2.563,88.755,0.495,6,4174
A852,SAO LUIZ GONZAGA,RS,5,-28.41722221,-54.9625,-0.968,-0.194,2.585,78.661,0.382,6,3965
A852,SAO LUIZ GONZAGA,RS,6,-28.41722221,-54.9625,-1.233,-0.444,2.75,70.191,0.477,5,3470
A852,SAO LUIZ GONZAGA,RS,7,-28.41722221,-54.9625,-1.577,-0.572,2.899,70.056,0.578,4,2968
A852,SAO LUIZ GONZAGA,RS,8,-28.41722221,-54.9625,-1.481,-0.233,3.002,81.043,0.499,5,3650
A852,SAO LUIZ GONZAGA,RS,9,-28.41722221,-54.9625,-1.735,-0.055,3.175,88.197,0.547,4,2863
A852,SAO LUIZ GONZAGA,RS,10,-28.41722221,-54.9625,-1.681,0.213,3.025,97.214,0.56,4,2704
A852,SAO LUIZ GONZAGA,RS,11,-28.41722221,-54.9625,-1.529,0.21,2.958,97.816,0.522,4,2549
A852,SAO LUIZ GONZAGA,RS,12,-28.41722221,-54.9625,-1.018,0.218,2.755,102.072,0.378,5,3257
A853,CRUZ ALTA,RS,1,-28.60344,-53.673597,1.638,-1.406,3.233,310.657,0.668,5,3410
A853,CRUZ ALTA,RS,2,-28.60344,-53.673597,0.584,-1.128,2.919,332.622,0.435,5,3275
A853,CRUZ ALTA,RS,3,-28.60344,-53.673597,0.629,-0.882,2.973,324.491,0.364,6,4419
A853,CRUZ ALTA,RS,4,-28.60344,-53.673597,0.954,-0.952,3.201,314.959,0.421,6,4298
A853,CRUZ ALTA,RS,5,-28.60344,-53.673597,0.882,-1.282,2.959,325.492,0.526,6,4032
A853,CRUZ ALTA,RS,6,-28.60344,-53.673597,1.3,-1.388,3.132,316.883,0.607,5,3593
A853,CRUZ ALTA,RS,7,-28.60344,-53.673597,1.117,-1.452,3.065,322.437,0.598,5,3712
A853,CRUZ ALTA,RS,8,-28.60344,-53.673597,0.902,-1.481,3.458,328.638,0.501,5,3702
A853,CRUZ ALTA,RS,9,-28.60344,-53.673597,2.209,-1.892,3.722,310.587,0.781,4,2866
A853,CRUZ ALTA,RS,10,-28.60344,-53.673597,1.587,-2.245,3.605,324.736,0.763,4,2954
A853,CRUZ ALTA,RS,11,-28.60344,-53.673597,0.884,-1.605,3.975,331.148,0.461,5,3494
A853,CRUZ ALTA,RS,12,-28.60344,-53.673597,1.732,-1.769,3.575,315.605,0.692,4,2913
A854,FREDERICO WESTPHALEN,RS,1,-27.39555555,-53.42944443,-0.098,0.334,1.767,163.708,0.197,6,4311
A854,FREDERICO WESTPHALEN,RS,2,-27.39555555,-53.42944443,0.028,0.348,1.364,184.567,0.256,6,4033
A854,FREDERICO WESTPHALEN,RS,3,-27.39555555,-53.42944443,-0.015,0.354,1.386,177.575,0.255,6,4450
A854,FREDERICO WESTPHALEN,RS,4,-27.39555555,-53.42944443,-0.085,0.24,1.313,160.61,0.194,6,4255
A854,FREDERICO WESTPHALEN,RS,5,-27.39555555,-53.42944443,0.109,0.309,1.256,199.327,0.261,6,3952
A854,FREDERICO WESTPHALEN,RS,6,-27.39555555,-53.42944443,0.169,0.345,1.353,206.109,0.284,6,4043
A854,FREDERICO WESTPHALEN,RS,7,-27.39555555,-53.42944443,0.421,0.311,1.185,233.6,0.442,5,3437
A854,FREDERICO WESTPHALEN,RS,8,-27.39555555,-53.42944443,0.309,0.413,1.636,216.792,0.315,6,4372
A854,FREDERICO WESTPHALEN,RS,9,-27.39555555,-53.42944443,0.398,0.535,1.726,216.636,0.386,5,3530
A854,FREDERICO WESTPHALEN,RS,10,-27.39555555,-53.42944443,0.285,0.781,1.958,200.033,0.424,5,3488
A854,FREDERICO WESTPHALEN,RS,11,-27.39555555,-53.42944443,0.124,0.622,1.902,191.267,0.334,5,3291
A854,FREDERICO WESTPHALEN,RS,12,-27.39555555,-53.42944443,0.205,0.57,1.788,199.754,0.338,3,2161
A855,PLANALTO,PR,1,-25.72194443,-53.74805555,-1.225,0.184,2.531,98.542,0.489,4,2848
A855,PLANALTO,PR,2,-25.72194443,-53.74805555,-1.034,-0.067,2.48,86.296,0.418,4,2682
A855,PLANALTO,PR,3,-25.72194443,-53.74805555,-1.309,-0.004,2.774,89.839,0.472,4,2886
A855,PLANALTO,PR,4,-25.72194443,-53.74805555,-1.491,0.122,2.627,94.659,0.57,3,2148
A855,PLANALTO,PR,5,-25.72194443,-53.74805555,-1.238,-0.0,2.704,89.985,0.458,3,2214
A855,PLANALTO,PR,6,-25.72194443,-53.74805555,-1.624,-0.018,2.821,89.378,0.576,3,2104
A855,PLANALTO,PR,7,-25.72194443,-53.74805555,-1.764,0.018,2.828,90.575,0.624,4,2703
A855,PLANALTO,PR,8,-25.72194443,-53.74805555,-1.632,0.135,2.727,94.729,0.6,4,2914
A855,PLANALTO,PR,9,-25.72194443,-53.74805555,-2.034,0.16,3.504,94.5,0.582,4,2820
A855,PLANALTO,PR,10,-25.72194443,-53.74805555,-1.894,0.163,3.455,94.914,0.55,4,2894
A855,PLANALTO,PR,11,-25.72194443,-53.74805555,-1.557,0.06,3.196,92.196,0.488,4,2807
A855,PLANALTO,PR,12,-25.72194443,-53.74805555,-1.156,0.087,2.675,94.315,0.433,4,2974
A856,PALMEIRA DAS MISSOES,RS,1,-27.92027777,-53.31805554,0.19,0.286,1.805,213.589,0.19,6,4462
A856,PALMEIRA DAS MISSOES,RS,2,-27.92027777,-53.31805554,0.029,0.576,2.007,182.891,0.288,5,3383
A856,PALMEIRA DAS MISSOES,RS,3,-27.92027777,-53.31805554,-0.029,0.495,1.669,176.63,0.297,6,4462
A856,PALMEIRA DAS MISSOES,RS,4,-27.92027777,-53.31805554,0.309,0.146,1.732,244.764,0.197,6,4320
A856,PALMEIRA DAS MISSOES,RS,5,-27.92027777,-53.31805554,0.039,-0.153,2.075,345.566,0.076,5,3447
A856,PALMEIRA DAS MISSOES,RS,6,-27.92027777,-53.31805554,0.035,-0.699,2.637,357.17,0.265,4,2860
A856,PALMEIRA DAS MISSOES,RS,7,-27.92027777,-53.31805554,-0.225,-0.468,1.26,25.702,0.412,4,2976
A856,PALMEIRA DAS MISSOES,RS,8,-27.92027777,-53.31805554,-0.623,-0.807,2.087,37.685,0.489,5,3681
A856,PALMEIRA DAS MISSOES,RS,9,-27.92027777,-53.31805554,-0.754,-0.762,2.544,44.714,0.421,2,1440
A856,PALMEIRA DAS MISSOES,RS,10,-27.92027777,-53.31805554,-0.805,-0.185,1.962,77.058,0.421,3,2231
A856,PALMEIRA DAS MISSOES,RS,11,-27.92027777,-53.31805554,-0.135,0.035,2.169,104.418,0.064,4,2880
A856,PALMEIRA DAS MISSOES,RS,12,-27.92027777,-53.31805554,0.106,0.103,2.136,225.83,0.069,5,3440
A857,SAO MIGUEL DO OESTE,SC,1,-26.77638888,-53.50416666,-0.86,-0.641,2.742,53.311,0.391,2,1362
A857,SAO MIGUEL DO OESTE,SC,2,-26.77638888,-53.50416666,-0.468,-0.354,2.667,52.872,0.22,2,1053
A857,SAO MIGUEL DO OESTE,SC,3,-26.78638888,-53.51416666,-0.414,-0.678,2.727,31.424,0.291,1,402
A857,SAO MIGUEL DO OESTE,SC,4,-26.78638888,-53.51416666,-1.089,-0.96,2.726,48.582,0.532,1,709
A857,SAO MIGUEL DO OESTE,SC,5,-26.78638888,-53.51416666,-0.906,-1.013,2.817,41.801,0.482,2,951
A857,SAO MIGUEL DO OESTE,SC,6,-26.78638888,-53.51416666,-0.982,-1.188,3.015,39.573,0.511,1,719
A857,SAO MIGUEL DO OESTE,SC,7,-26.77638888,-53.50416666,-1.225,-1.706,3.34,35.678,0.629,2,1488
A857,SAO MIGUEL DO OESTE,SC,8,-26.77638888,-53.50416666,-1.169,-0.496,3.047,67.022,0.417,2,1486
A857,SAO MIGUEL DO OESTE,SC,9,-26.77638888,-53.50416666,-1.02,-0.861,3.476,49.828,0.384,2,1212
A857,SAO MIGUEL DO OESTE,SC,10,-26.77638888,-53.50416666,-1.073,0.184,2.895,99.717,0.376,2,1166
A857,SAO MIGUEL DO OESTE,SC,11,-26.77638888,-53.50416666,-1.204,-0.062,3.312,87.072,0.364,2,911
A857,SAO MIGUEL DO OESTE,SC,12,-26.77638888,-53.50416666,-0.618,-0.145,2.53,76.817,0.251,2,976
A858,XANXERE,SC,1,-26.938666,-52.39809,-0.501,-0.164,1.99,71.892,0.265,5,3716
A858,XANXERE,SC,2,-26.938666,-52.39809,-0.452,-0.053,2.048,83.324,0.222,4,2712
A858,XANXERE,SC,3,-26.938666,-52.39809,-0.536,0.017,2.168,91.869,0.247,4,2967
A858,XANXERE,SC,4,-26.938666,-52.39809,-0.711,-0.276,2.157,68.806,0.353,4,2578
A858,XANXERE,SC,5,-26.938666,-52.39809,-0.248,-0.354,2.316,35.028,0.187,4,2676
A858,XANXERE,SC,6,-26.938666,-52.39809,-0.312,-0.613,2.179,26.962,0.316,3,2030
A858,XANXERE,SC,7,-26.938666,-52.39809,-0.284,-0.549,1.938,27.329,0.319,3,2064
A858,XANXERE,SC,8,-26.938666,-52.39809,-0.521,-0.747,2.33,34.903,0.391,3,2232
A858,XANXERE,SC,9,-26.938666,-52.39809,-0.38,-0.644,2.454,30.509,0.305,3,2141
A858,XANXERE,SC,10,-26.938666,-52.39809,-0.821,0.222,2.195,105.113,0.387,4,2822
A858,XANXERE,SC,11,-26.938666,-52.39809,-0.718,0.27,2.095,110.629,0.366,4,2807
A858,XANXERE,SC,12,-26.938666,-52.39809,-0.583,0.19,1.895,108.088,0.324,4,2970
A859,CACADOR,SC,1,-26.819156,-50.98552,-0.12,-0.152,0.699,38.342,0.277,4,2975
A859,CACADOR,SC,2,-26.819156,-50.98552,0.002,-0.121,0.592,359.108,0.204,4,2710
A859,CACADOR,SC,3,-26.819156,-50.98552,-0.074,-0.161,0.672,24.574,0.264,4,2976
A859,CACADOR,SC,4,-26.819156,-50.98552,-0.133,-0.287,0.741,24.806,0.427,4,2874
A859,CACADOR,SC,5,-26.819156,-50.98552,0.111,-0.172,0.902,327.192,0.227,4,2854
A859,CACADOR,SC,6,-26.819156,-50.98552,-0.031,-0.335,0.9,5.262,0.374,3,2126
A859,CACADOR,SC,7,-26.819156,-50.98552,-0.083,-0.26,0.996,17.665,0.274,3,2146
A859,CACADOR,SC,8,-26.819156,-50.98552,-0.118,-0.375,1.171,17.433,0.335,4,2943
A859,CACADOR,SC,9,-26.819156,-50.98552,-0.104,-0.45,1.079,12.984,0.428,3,2141
A859,CACADOR,SC,10,-26.819156,-50.98552,-0.157,-0.278,0.883,29.372,0.361,3,2232
A859,CACADOR,SC,11,-26.819156,-50.98552,-0.191,-0.186,1.084,45.861,0.246,3,2159
A859,CACADOR,SC,12,-26.819156,-50.98552,-0.183,-0.231,1.059,38.378,0.278,3,2232
A860,CURITIBANOS,SC,1,-27.288624,-50.604283,-0.854,-0.478,2.036,60.751,0.481,5,3717
A860,CURITIBANOS,SC,2,-27.288624,-50.604283,-0.71,-0.573,2.266,51.108,0.403,4,2712
A860,CURITIBANOS,SC,3,-27.288624,-50.604283,-0.909,-0.522,2.188,60.144,0.479,4,2976
A860,CURITIBANOS,SC,4,-27.288624,-50.604283,-0.966,-0.552,2.274,60.256,0.489,4,2880
A860,CURITIBANOS,SC,5,-27.288624,-50.604283,-0.479,-0.612,2.196,38.029,0.354,4,2976
A860,CURITIBANOS,SC,6,-27.288624,-50.604283,-0.386,-0.585,2.203,33.382,0.318,4,2880
A860,CURITIBANOS,SC,7,-27.288624,-50.604283,-0.555,-0.439,2.174,51.629,0.326,4,2976
A860,CURITIBANOS,SC,8,-27.288624,-50.604283,-0.793,-0.655,2.451,50.437,0.42,4,2976
A860,CURITIBANOS,SC,9,-27.288624,-50.604283,-0.99,-0.76,2.667,52.494,0.468,3,2142
A860,CURITIBANOS,SC,10,-27.288624,-50.604283,-1.339,-0.54,2.549,68.043,0.566,3,2134
A860,CURITIBANOS,SC,11,-27.2886111,-50.60416666,-1.76,-0.58,3.462,71.77,0.535,3,2160
A860,CURITIBANOS,SC,12,-27.288624,-50.604283,-1.065,-0.653,2.78,58.476,0.449,4,2797
A861,RIO DO CAMPO,SC,1,-26.93749999,-50.14555555,-0.117,-0.522,1.207,12.649,0.443,4,2972
A861,RIO DO CAMPO,SC,2,-26.93749999,-50.14555555,-0.069,-0.379,1.116,10.276,0.345,4,2655
A861,RIO DO CAMPO,SC,3,-26.93749999,-50.14555555,-0.05,-0.286,1.017,9.912,0.286,3,2232
A861,RIO DO CAMPO,SC,4,-26.93749999,-50.14555555,-0.035,-0.153,0.862,12.958,0.183,4,2880
A861,RIO DO CAMPO,SC,5,-26.93749999,-50.14555555,0.071,-0.095,0.92,323.45,0.129,4,2976
A861,RIO DO CAMPO,SC,6,-26.93749999,-50.14555555,0.035,-0.078,0.863,336.002,0.099,4,2880
A861,RIO DO CAMPO,SC,7,-26.93749999,-50.14555555,0.025,-0.009,0.838,290.757,0.032,4,2976
A861,RIO DO CAMPO,SC,8,-26.93749999,-50.14555555,-0.019,-0.177,0.982,6.007,0.181,4,2976
A861,RIO DO CAMPO,SC,9,-26.93749999,-50.14555555,-0.018,-0.235,1.202,4.429,0.196,3,2136
A861,RIO DO CAMPO,SC,10,-26.93749999,-50.14555555,-0.149,-0.607,1.264,13.801,0.495,2,1488
A861,RIO DO CAMPO,SC,11,-26.93749999,-50.14555555,-0.25,-0.434,1.353,29.886,0.37,3,2157
A861,RIO DO CAMPO,SC,12,-26.93749999,-50.14555555,-0.238,-0.625,1.401,20.857,0.478,3,2232
A862,RIO NEGRINHO,SC,1,-26.2486111,-49.57416666,-0.516,0.012,1.519,91.327,0.339,6,4306
A862,RIO NEGRINHO,SC,2,-26.2486111,-49.57416666,-0.347,-0.013,1.338,87.93,0.26,6,3905
A862,RIO NEGRINHO,SC,3,-26.2486111,-49.57416666,-0.539,-0.059,1.346,83.703,0.403,6,4299
A862,RIO NEGRINHO,SC,4,-26.2486111,-49.57416666,-0.441,-0.066,1.253,81.53,0.356,6,4247
A862,RIO NEGRINHO,SC,5,-26.2486111,-49.57416666,-0.051,-0.242,1.265,11.816,0.196,6,4464
A862,RIO NEGRINHO,SC,6,-26.2486111,-49.57416666,0.037,-0.281,1.213,352.431,0.233,6,4056
A862,RIO NEGRINHO,SC,7,-26.2486111,-49.57416666,-0.078,-0.207,1.231,20.596,0.18,5,3720
A862,RIO NEGRINHO,SC,8,-26.2486111,-49.57416666,-0.466,-0.208,1.685,65.941,0.303,5,3655
A862,RIO NEGRINHO,SC,9,-26.2486111,-49.57416666,-0.751,-0.086,1.977,83.434,0.382,4,2862
A862,RIO NEGRINHO,SC,10,-26.2486111,-49.57416666,-1.204,0.045,2.083,92.156,0.578,4,2781
A862,RIO NEGRINHO,SC,11,-26.2486111,-49.57416666,-1.075,0.194,2.023,100.217,0.54,5,3509
A862,RIO NEGRINHO,SC,12,-26.2486111,-49.57416666,-0.848,0.042,1.904,92.848,0.446,5,3578
A863,ITUPORANGA,SC,1,-27.41833332,-49.64694444,0.241,0.01,1.251,267.536,0.193,5,3694
A863,ITUPORANGA,SC,2,-27.41833332,-49.64694444,0.049,0.071,0.907,214.481,0.095,6,3985
A863,ITUPORANGA,SC,3,-27.41833332,-49.64694444,0.055,-0.012,0.828,281.858,0.068,6,4293
A863,ITUPORANGA,SC,4,-27.41833332,-49.64694444,0.04,-0.001,0.77,271.024,0.052,5,3494
A863,ITUPORANGA,SC,5,-27.41833332,-49.64694444,-0.02,0.088,0.706,167.028,0.128,5,3298
A863,ITUPORANGA,SC,6,-27.41833332,-49.64694444,0.016,0.03,0.644,207.993,0.053,5,3485
A863,ITUPORANGA,SC,7,-27.41833332,-49.64694444,-0.051,0.043,0.581,130.416,0.115,4,2959
A863,ITUPORANGA,SC,8,-27.41833332,-49.64694444,0.012,0.041,0.704,196.423,0.06,4,2975
A863,ITUPORANGA,SC,9,-27.41833332,-49.64694444,-0.115,0.031,0.919,104.943,0.13,4,2726
A863,ITUPORANGA,SC,10,-27.41833332,-49.64694444,-0.255,0.046,1.181,100.173,0.22,3,2232
A863,ITUPORANGA,SC,11,-27.41833332,-49.64694444,-0.006,-0.029,1.379,12.699,0.021,4,2580
A863,ITUPORANGA,SC,12,-27.41833332,-49.64694444,0.163,-0.028,1.252,279.737,0.132,4,2615
A864,MAJOR VIEIRA,SC,1,-26.3936111,-50.36333333,-0.61,-0.021,1.943,88.045,0.314,1,744
A864,MAJOR VIEIRA,SC,2,-26.3936111,-50.36333333,0.031,0.004,1.811,262.869,0.017,2,1344
A864,MAJOR VIEIRA,SC,3,-26.3936111,-50.36333333,-0.416,0.319,1.945,127.444,0.269,2,1488
A864,MAJOR VIEIRA,SC,4,-26.3936111,-50.36333333,-0.324,0.185,2.107,119.752,0.177,2,1207
A864,MAJOR VIEIRA,SC,5,-26.3936111,-50.36333333,-0.14,0.292,1.147,154.446,0.282,1,744
A864,MAJOR VIEIRA,SC,6,-26.3936111,-50.36333333,0.311,0.078,1.584,256.003,0.202,1,708
A864,MAJOR VIEIRA,SC,7,-26.3936111,-50.36333333,0.1,-0.058,1.636,300.026,0.07,1,728
A864,MAJOR VIEIRA,SC,11,-26.3936111,-50.36333333,-1.983,-0.155,3.027,85.526,0.657,1,718
A864,MAJOR VIEIRA,SC,12,-26.3936111,-50.36333333,-0.864,-0.356,2.339,67.61,0.4,1,744
A865,LAGES,SC,1,-27.80222222,-50.33555555,-1.062,-0.765,3.139,54.245,0.417,3,2231
A865,LAGES,SC,2,-27.80222222,-50.33555555,-1.099,-0.822,2.895,53.224,0.474,4,2413
A865,LAGES,SC,3,-27.80222222,-50.33555555,-1.412,-0.908,2.863,57.245,0.586,3,2232
A865,LAGES,SC,4,-27.80222222,-50.33555555,-1.151,-0.807,2.905,54.983,0.484,3,2160
A865,LAGES,SC,5,-27.80222222,-50.33555555,-0.484,-0.624,2.667,37.788,0.296,4,2666
A865,LAGES,SC,6,-27.80222222,-50.33555555,-0.534,-0.614,2.658,41.001,0.306,4,2590
A865,LAGES,SC,7,-27.80222222,-50.33555555,-0.741,-0.572,2.711,52.325,0.345,4,2736
A865,LAGES,SC,8,-27.80222222,-50.33555555,-0.977,-0.793,3.038,50.932,0.414,4,2975
A865,LAGES,SC,9,-27.80222222,-50.33555555,-1.711,-0.999,3.53,59.724,0.561,3,2159
A865,LAGES,SC,10,-27.80222222,-50.33555555,-2.018,-0.948,3.646,64.849,0.612,3,2221
A865,LAGES,SC,11,-27.80222222,-50.33555555,-1.75,-1.003,3.592,60.189,0.562,3,2158
A865,LAGES,SC,12,-27.80222222,-50.33555555,-0.988,-1.037,3.306,43.621,0.433,3,2229
A866,Laguna  - Farol de Santa Marta,SC,1,-28.60444444,-48.81333333,0.212,0.183,5.987,229.279,0.047,3,2228
A866,Laguna  - Farol de Santa Marta,SC,2,-28.60444444,-48.81333333,0.754,0.238,5.366,252.466,0.147,3,2033
A866,Laguna  - Farol de Santa Marta,SC,3,-28.60444444,-48.81333333,-0.706,-1.471,6.157,25.622,0.265,3,2230
A866,Laguna  - Farol de Santa Marta,SC,4,-28.60444444,-48.81333333,-1.071,-1.244,6.298,40.732,0.261,3,2089
A866,Laguna  - Farol de Santa Marta,SC,5,-28.60444444,-48.81333333,0.635,-0.7,6.279,317.783,0.15,2,1488
A866,Laguna  - Farol de Santa Marta,SC,6,-28.60444444,-48.81333333,1.165,-0.251,5.561,282.175,0.214,3,2037
A866,Laguna  - Farol de Santa Marta,SC,7,-28.60444444,-48.81333333,0.982,-0.172,5.956,279.961,0.167,2,1488
A866,Laguna  - Farol de Santa Marta,SC,8,-28.60444444,-48.81333333,-0.524,-1.654,7.527,17.566,0.231,3,2227
A866,Laguna  - Farol de Santa Marta,SC,9,-28.60444444,-48.81333333,-0.868,-2.19,7.872,21.616,0.299,3,1854
A866,Laguna  - Farol de Santa Marta,SC,10,-28.60444444,-48.81333333,-1.231,-1.593,7.254,37.706,0.278,2,1425
A866,Laguna  - Farol de Santa Marta,SC,11,-28.60444444,-48.81333333,-1.599,-1.4,7.417,48.787,0.287,2,1433
A866,Laguna  - Farol de Santa Marta,SC,12,-28.60444444,-48.81333333,-2.351,-2.857,7.709,39.459,0.48,2,1485
A867,ARARANGUA,SC,1,-28.931353,-49.49792,-0.793,0.166,2.223,101.808,0.364,6,4457
A867,ARARANGUA,SC,2,-28.931353,-49.49792,-0.726,0.24,2.119,108.279,0.361,6,4054
A867,ARARANGUA,SC,3,-28.931353,-49.49792,-0.526,0.275,2.063,117.588,0.288,6,4459
A867,ARARANGUA,SC,4,-28.931353,-49.49792,-0.258,0.273,2.03,136.703,0.185,6,4315
A867,ARARANGUA,SC,5,-28.931353,-49.49792,0.311,0.323,1.862,223.922,0.241,6,4461
A867,ARARANGUA,SC,6,-28.931353,-49.49792,0.276,0.345,1.832,218.646,0.241,6,4051
A867,ARARANGUA,SC,7,-28.931353,-49.49792,0.092,0.297,1.8,197.115,0.173,5,3692
A867,ARARANGUA,SC,8,-28.931353,-49.49792,-0.261,0.39,2.181,146.261,0.215,5,3680
A867,ARARANGUA,SC,9,-28.931353,-49.49792,-0.673,0.381,2.573,119.482,0.301,5,3110
A867,ARARANGUA,SC,10,-28.931353,-49.49792,-0.968,0.321,2.803,108.365,0.364,5,3710
A867,ARARANGUA,SC,11,-28.931353,-49.49792,-1.064,0.326,2.774,107.032,0.401,5,3258
A867,ARARANGUA,SC,12,-28.931353,-49.49792,-0.996,0.387,2.517,111.223,0.425,5,3605
A868,ITAJAI,SC,1,-26.95083333,-48.76194444,-0.475,0.067,1.827,97.976,0.263,5,3657
A868,ITAJAI,SC,2,-26.95083333,-48.76194444,-0.375,0.009,1.648,91.419,0.228,5,3328
A868,ITAJAI,SC,3,-26.95083333,-48.76194444,-0.363,-0.032,1.578,84.932,0.231,5,3658
A868,ITAJAI,SC,4,-26.95083333,-48.76194444,-0.064,0.113,1.362,150.422,0.095,5,3513
A868,ITAJAI,SC,5,-26.95083333,-48.76194444,0.194,0.207,1.173,223.074,0.242,4,2896
A868,ITAJAI,SC,6,-26.95083333,-48.76194444,0.41,0.304,1.212,233.472,0.421,5,3596
A868,ITAJAI,SC,7,-26.95083333,-48.76194444,0.187,0.148,1.186,231.605,0.201,5,3693
A868,ITAJAI,SC,8,-26.95083333,-48.76194444,-0.151,-0.006,1.427,87.766,0.106,5,3660
A868,ITAJAI,SC,9,-26.95083333,-48.76194444,-0.433,-0.213,1.577,63.814,0.306,4,2850
A868,ITAJAI,SC,10,-26.95083333,-48.76194444,-0.726,-0.232,1.704,72.267,0.447,4,2721
A868,ITAJAI,SC,11,-26.95083333,-48.76194444,-0.765,-0.109,1.91,81.9,0.405,4,2747
A868,ITAJAI,SC,12,-26.95083333,-48.76194444,-0.593,-0.287,1.901,64.137,0.347,4,2882
A869,CIDADE GAUCHA,PR,1,-23.359156,-52.931912,0.315,-0.565,1.513,330.873,0.427,5,3716
A869,CIDADE GAUCHA,PR,2,-23.359156,-52.931912,0.173,-0.46,1.308,339.402,0.375,5,3284
A869,CIDADE GAUCHA,PR,3,-23.359156,-52.931912,0.229,-0.458,1.277,333.39,0.401,4,2860
A869,CIDADE GAUCHA,PR,4,-23.359156,-52.931912,0.113,-0.723,1.342,351.085,0.545,5,3532
A869,CIDADE GAUCHA,PR,5,-23.359156,-52.931912,0.175,-0.522,1.308,341.435,0.421,5,3447
A869,CIDADE GAUCHA,PR,6,-23.359156,-52.931912,0.256,-0.609,1.442,337.167,0.458,5,3188
A869,CIDADE GAUCHA,PR,7,-23.359156,-52.931912,0.239,-0.809,1.595,343.528,0.529,5,3300
A869,CIDADE GAUCHA,PR,8,-23.35916666,-52.93194443,0.304,-0.713,1.748,336.909,0.443,4,2948
A869,CIDADE GAUCHA,PR,9,-23.35916666,-52.93194443,0.35,-0.864,2.147,337.974,0.434,2,1440
A869,CIDADE GAUCHA,PR,10,-23.35916666,-52.93194443,0.377,-0.891,2.086,337.039,0.464,2,1385
A869,CIDADE GAUCHA,PR,11,-23.35916666,-52.93194443,0.435,-0.795,1.915,331.292,0.473,2,1440
A869,CIDADE GAUCHA,PR,12,-23.35916666,-52.93194443,0.237,-0.651,1.675,339.998,0.414,3,2232
A870,RANCHO QUEIMADO,SC,1,-27.6786111,-49.04194444,-0.138,0.075,2.148,118.586,0.073,4,2465
A870,RANCHO QUEIMADO,SC,2,-27.6786111,-49.04194444,-0.047,-0.204,1.974,12.83,0.106,3,2040
A870,RANCHO QUEIMADO,SC,3,-27.6786111,-49.04194444,0.095,-0.057,1.965,300.888,0.056,4,2934
A870,RANCHO QUEIMADO,SC,4,-27.6786111,-49.04194444,0.014,0.143,2.01,185.537,0.072,3,2160
A870,RANCHO QUEIMADO,SC,5,-27.6786111,-49.04194444,0.38,-0.144,2.05,290.778,0.198,3,2232
A870,RANCHO QUEIMADO,SC,6,-27.6786111,-49.04194444,0.573,-0.092,2.217,279.116,0.262,3,2160
A870,RANCHO QUEIMADO,SC,7,-27.6786111,-49.04194444,0.502,-0.369,2.235,306.315,0.279,4,2744
A870,RANCHO QUEIMADO,SC,8,-27.6786111,-49.04194444,0.243,-0.295,2.287,320.444,0.167,3,2232
A870,RANCHO QUEIMADO,SC,9,-27.6786111,-49.04194444,0.256,-0.445,2.338,330.146,0.22,3,2142
A870,RANCHO QUEIMADO,SC,10,-27.6786111,-49.04194444,-0.123,-0.164,2.155,36.889,0.095,3,2073
A870,RANCHO QUEIMADO,SC,11,-27.6786111,-49.04194444,-0.189,-0.068,2.367,70.135,0.085,2,1183
A870,RANCHO QUEIMADO,SC,12,-27.6786111,-49.04194444,-0.184,-0.191,2.146,43.92,0.124,2,1488
A871,JAPIRA,PR,1,-23.77333332,-50.18055554,1.117,0.031,1.776,268.434,0.629,5,3718
A871,JAPIRA,PR,2,-23.77333332,-50.18055554,0.908,-0.045,1.631,272.844,0.558,4,2704
A871,JAPIRA,PR,3,-23.77333332,-50.18055554,1.163,-0.027,1.664,271.339,0.699,3,2232
A871,JAPIRA,PR,4,-23.77333332,-50.18055554,1.074,-0.054,1.381,272.885,0.779,3,2160
A871,JAPIRA,PR,5,-23.77333332,-50.18055554,0.683,-0.068,1.34,275.7,0.513,4,2976
A871,JAPIRA,PR,6,-23.77333332,-50.18055554,0.652,-0.046,1.095,273.994,0.597,4,2880
A871,JAPIRA,PR,7,-23.77333332,-50.18055554,0.744,-0.11,1.103,278.403,0.681,4,2974
A871,JAPIRA,PR,8,-23.77333332,-50.18055554,0.984,-0.111,1.495,276.429,0.663,4,2976
A871,JAPIRA,PR,9,-23.77333332,-50.18055554,1.462,-0.17,2.257,276.623,0.652,4,2877
A871,JAPIRA,PR,10,-23.77333332,-50.18055554,1.534,-0.04,2.175,271.484,0.705,4,2966
A871,JAPIRA,PR,11,-23.77333332,-50.18055554,1.529,-0.034,2.23,271.271,0.686,4,2880
A871,JAPIRA,PR,12,-23.77333332,-50.18055554,1.115,0.055,1.804,267.193,0.619,4,2974
A872,VENTANIA,PR,1,-24.28027777,-50.21027777,-0.773,-0.329,2.367,66.955,0.355,4,2974
A872,VENTANIA,PR,2,-24.28027777,-50.21027777,-0.696,-0.501,2.174,54.212,0.394,4,2712
A872,VENTANIA,PR,3,-24.28027777,-50.21027777,-0.931,-0.371,2.114,68.277,0.474,4,2976
A872,VENTANIA,PR,4,-24.28027777,-50.21027777,-0.753,-0.342,2.211,65.577,0.374,4,2650
A872,VENTANIA,PR,5,-24.28027777,-50.21027777,-0.605,-0.309,2.226,62.905,0.305,4,2975
A872,VENTANIA,PR,6,-24.28027777,-50.21027777,-0.665,-0.614,2.399,47.282,0.378,4,2879
A872,VENTANIA,PR,7,-24.28027777,-50.21027777,-0.822,-0.591,2.313,54.298,0.438,4,2976
A872,VENTANIA,PR,8,-24.28027777,-50.21027777,-0.927,-0.258,2.625,74.454,0.366,5,3405
A872,VENTANIA,PR,9,-24.28027777,-50.21027777,-0.993,-0.177,2.724,79.899,0.37,4,2878
A872,VENTANIA,PR,10,-24.28027777,-50.21027777,-1.006,-0.243,2.744,76.423,0.377,4,2967
A872,VENTANIA,PR,11,-24.28027777,-50.21027777,-1.0,-0.106,2.643,83.972,0.381,4,2878
A872,VENTANIA,PR,12,-24.28027777,-50.21027777,-0.543,-0.408,2.35,53.075,0.289,4,2973
A873,MORRETES,PR,1,-25.508935,-48.808681,-0.286,-0.181,0.498,57.74,0.681,5,2624
A873,MORRETES,PR,2,-25.508935,-48.808681,-0.223,-0.106,0.435,64.527,0.569,4,2146
A873,MORRETES,PR,3,-25.508935,-48.808681,-0.162,-0.054,0.304,71.475,0.561,3,2146
A873,MORRETES,PR,4,-25.508935,-48.808681,-0.115,-0.064,0.238,60.888,0.553,3,2107
A873,MORRETES,PR,5,-25.508935,-48.808681,-0.07,-0.029,0.245,67.465,0.31,3,1947
A873,MORRETES,PR,6,-25.508935,-48.808681,-0.038,-0.029,0.203,53.265,0.235,2,1418
A873,MORRETES,PR,7,-25.508935,-48.808681,-0.057,-0.033,0.292,60.048,0.224,2,1468
A873,MORRETES,PR,8,-25.508935,-48.808681,-0.175,-0.151,0.416,49.081,0.556,2,1477
A873,MORRETES,PR,9,-25.508935,-48.808681,-0.235,-0.148,0.674,57.805,0.412,3,2118
A873,MORRETES,PR,10,-25.508935,-48.808681,-0.242,-0.169,0.57,55.029,0.519,3,1974
A873,MORRETES,PR,11,-25.508935,-48.808681,-0.357,-0.131,0.791,69.907,0.481,3,1976
A873,MORRETES,PR,12,-25.50888888,-48.80861111,-0.364,-0.18,0.696,63.726,0.583,2,1477
A874,SAO MATEUS DO SUL,PR,1,-25.83555555,-50.36888888,-0.105,0.036,0.547,108.896,0.203,6,4401
A874,SAO MATEUS DO SUL,PR,2,-25.83555555,-50.36888888,-0.033,-0.023,0.516,54.631,0.077,6,3854
A874,SAO MATEUS DO SUL,PR,3,-25.83555555,-50.36888888,-0.045,-0.004,0.409,84.583,0.111,5,3658
A874,SAO MATEUS DO SUL,PR,4,-25.83555555,-50.36888888,0.003,0.002,0.367,233.516,0.009,5,3540
A874,SAO MATEUS DO SUL,PR,5,-25.83555555,-50.36888888,-0.122,-0.047,0.536,69.05,0.244,4,2831
A874,SAO MATEUS DO SUL,PR,6,-25.83555555,-50.36888888,-0.124,-0.009,0.351,85.901,0.354,2,1440
A874,SAO MATEUS DO SUL,PR,7,-25.83555555,-50.36888888,-0.039,-0.011,0.314,74.612,0.128,2,1449
A874,SAO MATEUS DO SUL,PR,8,-25.83555555,-50.36888888,-0.11,0.048,0.468,113.661,0.258,2,1482
A874,SAO MATEUS DO SUL,PR,9,-25.83555555,-50.36888888,-0.089,0.084,0.578,133.491,0.212,3,2160
A874,SAO MATEUS DO SUL,PR,10,-25.83555555,-50.36888888,-0.098,0.098,0.555,135.059,0.25,4,2976
A874,SAO MATEUS DO SUL,PR,11,-25.83555555,-50.36888888,-0.025,0.051,0.575,154.19,0.099,4,2880
A874,SAO MATEUS DO SUL,PR,12,-25.83555555,-50.36888888,-0.101,0.043,0.543,113.036,0.202,4,2960
A875,GENERAL CARNEIRO,PR,1,-26.3986111,-51.35361111,0.082,-0.086,0.905,316.212,0.131,6,4459
A875,GENERAL CARNEIRO,PR,2,-26.3986111,-51.35361111,0.092,-0.008,0.786,274.901,0.117,6,4037
A875,GENERAL CARNEIRO,PR,3,-26.3986111,-51.35361111,0.018,-0.128,0.704,352.173,0.184,5,3708
A875,GENERAL CARNEIRO,PR,4,-26.3986111,-51.35361111,0.042,-0.08,0.627,331.99,0.144,5,3501
A875,GENERAL CARNEIRO,PR,5,-26.3986111,-51.35361111,0.14,0.101,0.644,234.074,0.269,6,4311
A875,GENERAL CARNEIRO,PR,6,-26.3986111,-51.35361111,0.136,0.064,0.617,244.749,0.243,6,4026
A875,GENERAL CARNEIRO,PR,7,-26.3986111,-51.35361111,0.153,0.082,0.664,241.853,0.26,6,3790
A875,GENERAL CARNEIRO,PR,8,-26.3986111,-51.35361111,0.145,-0.008,0.808,273.04,0.18,5,3242
A875,GENERAL CARNEIRO,PR,9,-26.3986111,-51.35361111,0.16,-0.048,0.917,286.779,0.182,4,2398
A875,GENERAL CARNEIRO,PR,10,-26.3986111,-51.35361111,-0.068,-0.34,0.897,11.369,0.386,4,2372
A875,GENERAL CARNEIRO,PR,11,-26.3986111,-51.35361111,-0.003,-0.168,0.999,1.006,0.169,5,3532
A875,GENERAL CARNEIRO,PR,12,-26.3986111,-51.35361111,0.042,-0.166,0.987,345.646,0.173,5,3696
A876,CLEVELANDIA,PR,1,-26.41722221,-52.3486111,0.887,-0.462,3.242,297.527,0.309,6,4448
A876,CLEVELANDIA,PR,2,-26.41722221,-52.3486111,-0.142,-1.194,3.163,6.761,0.38,3,2040
A876,CLEVELANDIA,PR,3,-26.41722221,-52.3486111,-0.089,-0.853,3.198,5.931,0.268,3,2232
A876,CLEVELANDIA,PR,4,-26.41722221,-52.3486111,0.177,-1.41,3.257,352.862,0.436,3,2160
A876,CLEVELANDIA,PR,5,-26.41722221,-52.3486111,0.225,-1.05,3.213,347.896,0.334,3,2212
A876,CLEVELANDIA,PR,6,-26.41722221,-52.3486111,0.235,-1.38,3.449,350.348,0.406,3,2160
A876,CLEVELANDIA,PR,7,-26.41722221,-52.3486111,0.007,-0.985,3.134,359.582,0.314,3,2230
A876,CLEVELANDIA,PR,8,-26.41722221,-52.3486111,0.908,-0.761,3.469,309.977,0.342,5,3693
A876,CLEVELANDIA,PR,9,-26.41722221,-52.3486111,0.048,-1.413,3.847,358.065,0.368,3,2133
A876,CLEVELANDIA,PR,10,-26.41722221,-52.3486111,0.129,-1.607,3.96,355.402,0.407,4,2974
A876,CLEVELANDIA,PR,11,-26.41722221,-52.3486111,0.507,-1.04,3.652,334.022,0.317,5,3589
A876,CLEVELANDIA,PR,12,-26.41722221,-52.3486111,0.669,-0.459,3.222,304.443,0.252,5,3717
A878,MOSTARDAS,RS,1,-31.24833333,-50.90638888,-5.171,-0.586,6.501,83.538,0.8,1,397
A878,MOSTARDAS,RS,7,-31.24833333,-50.90638888,-1.005,-0.638,5.432,57.594,0.219,2,934
A878,MOSTARDAS,RS,8,-31.24833333,-50.90638888,-0.734,0.94,5.383,142.023,0.222,1,733
A878,MOSTARDAS,RS,9,-31.24833333,-50.90638888,-1.292,1.418,5.991,137.671,0.32,2,980
A878,MOSTARDAS,RS,10,-31.24833333,-50.90638888,-2.15,0.661,5.993,107.087,0.375,1,726
A878,MOSTARDAS,RS,11,-31.24833333,-50.90638888,-2.906,-0.161,5.855,86.827,0.497,2,1193
A878,MOSTARDAS,RS,12,-31.24833333,-50.90638888,-2.913,0.029,6.003,90.577,0.485,2,1320
A879,CANELA,RS,1,-29.36888888,-50.82722221,-0.188,-0.353,2.45,28.09,0.163,3,2139
A879,CANELA,RS,2,-29.36888888,-50.82722221,-0.252,-0.525,2.506,25.609,0.232,4,2455
A879,CANELA,RS,3,-29.36888888,-50.82722221,-0.096,-0.527,2.359,10.287,0.227,4,2613
A879,CANELA,RS,4,-29.36888888,-50.82722221,-0.076,-0.597,2.521,7.285,0.239,4,2665
A879,CANELA,RS,5,-29.36888888,-50.82722221,0.443,-1.015,2.695,336.398,0.411,4,2653
A879,CANELA,RS,6,-29.36888888,-50.82722221,0.55,-1.15,2.78,334.44,0.459,4,2438
A879,CANELA,RS,7,-29.36888888,-50.82722221,0.337,-1.382,2.706,346.315,0.526,3,1756
A879,CANELA,RS,8,-29.36888888,-50.82722221,0.307,-1.315,2.946,346.864,0.459,4,2327
A879,CANELA,RS,9,-29.36888888,-50.82722221,-0.053,-1.124,2.856,2.707,0.394,3,1513
A879,CANELA,RS,10,-29.36888888,-50.82722221,-0.338,-0.694,2.809,25.926,0.275,4,2313
A879,CANELA,RS,11,-29.36888888,-50.82722221,-0.291,-0.537,2.695,28.495,0.227,4,2585
A879,CANELA,RS,12,-29.36888888,-50.82722221,0.083,-0.322,2.709,345.598,0.123,4,2588
A880,VACARIA,RS,1,-28.513602,-50.882738,-0.705,-1.125,3.025,32.065,0.439,5,3594
A880,VACARIA,RS,2,-28.513602,-50.882738,-0.34,-1.071,2.816,17.593,0.399,5,3233
A880,VACARIA,RS,3,-28.513602,-50.882738,-0.443,-1.183,2.898,20.548,0.436,5,3510
A880,VACARIA,RS,4,-28.513602,-50.882738,-0.688,-1.285,3.087,28.15,0.472,4,2806
A880,VACARIA,RS,5,-28.513602,-50.882738,0.129,-1.142,2.964,353.561,0.388,6,4081
A880,VACARIA,RS,6,-28.513602,-50.882738,0.165,-1.337,3.137,352.963,0.429,6,4139
A880,VACARIA,RS,7,-28.513602,-50.882738,-0.069,-1.642,3.362,2.403,0.489,6,4183
A880,VACARIA,RS,8,-28.513602,-50.882738,-0.349,-2.025,3.731,9.781,0.551,6,4244
A880,VACARIA,RS,9,-28.513602,-50.882738,-0.681,-2.058,3.835,18.309,0.565,5,3515
A880,VACARIA,RS,10,-28.513602,-50.882738,-0.893,-1.548,3.612,29.973,0.495,5,3430
A880,VACARIA,RS,11,-28.513602,-50.882738,-0.91,-0.949,3.356,43.805,0.392,4,2834
A880,VACARIA,RS,12,-28.513602,-50.882738,-0.614,-1.144,3.145,28.214,0.413,4,2738
A881,DOM PEDRITO,RS,1,-31.0025,-54.61805554,-1.701,0.547,3.46,107.832,0.517,4,2928
A881,DOM PEDRITO,RS,2,-31.0025,-54.61805554,-1.093,0.099,3.154,95.157,0.348,3,2040
A881,DOM PEDRITO,RS,3,-31.0025,-54.61805554,-1.22,0.168,3.066,97.82,0.402,3,2232
A881,DOM PEDRITO,RS,4,-31.0025,-54.61805554,-1.272,0.368,3.149,106.116,0.42,3,2160
A881,DOM PEDRITO,RS,5,-31.0025,-54.61805554,-0.698,0.212,3.022,106.913,0.241,4,2907
A881,DOM PEDRITO,RS,6,-31.0025,-54.61805554,-0.643,-0.034,2.939,86.936,0.219,4,2599
A881,DOM PEDRITO,RS,7,-31.0025,-54.61805554,-1.093,0.19,3.108,99.84,0.357,4,2854
A881,DOM PEDRITO,RS,8,-31.0025,-54.61805554,-1.092,0.059,3.541,93.103,0.309,5,3387
A881,DOM PEDRITO,RS,9,-31.0025,-54.61805554,-1.549,0.497,3.682,107.782,0.442,4,2880
A881,DOM PEDRITO,RS,10,-31.0025,-54.61805554,-1.788,0.671,3.765,110.582,0.507,5,3650
A881,DOM PEDRITO,RS,11,-31.0025,-54.61805554,-1.818,0.376,3.676,101.671,0.505,5,3551
A881,DOM PEDRITO,RS,12,-31.0025,-54.61805554,-1.962,0.931,3.824,115.396,0.568,4,2964
A882,TEUTONIA,RS,1,-29.44916666,-51.82333332,-0.217,0.583,2.029,159.568,0.307,5,3698
A882,TEUTONIA,RS,2,-29.44916666,-51.82333332,-0.127,0.358,1.856,160.403,0.205,5,3381
A882,TEUTONIA,RS,3,-29.44916666,-51.82333332,-0.134,0.264,1.708,153.079,0.173,5,3720
A882,TEUTONIA,RS,4,-29.44916666,-51.82333332,-0.06,0.224,1.732,165.022,0.134,4,2880
A882,TEUTONIA,RS,5,-29.44916666,-51.82333332,0.2,-0.079,1.855,291.397,0.116,4,2597
A882,TEUTONIA,RS,6,-29.44916666,-51.82333332,0.095,-0.22,1.866,336.662,0.128,3,2124
A882,TEUTONIA,RS,7,-29.44916666,-51.82333332,0.1,-0.129,1.933,322.421,0.084,2,1479
A882,TEUTONIA,RS,8,-29.44916666,-51.82333332,0.01,0.196,1.885,182.991,0.104,4,2555
A882,TEUTONIA,RS,9,-29.44916666,-51.82333332,0.01,0.338,2.018,181.642,0.167,3,2159
A882,TEUTONIA,RS,10,-29.44916666,-51.82333332,-0.094,0.536,1.982,170.032,0.275,3,2231
A882,TEUTONIA,RS,11,-29.44916666,-51.82333332,-0.399,0.554,2.068,144.23,0.33,4,2880
A882,TEUTONIA,RS,12,-29.44916666,-51.82333332,-0.071,0.536,2.001,172.476,0.27,4,2969
A883,IBIRUBA,RS,1,-28.65333333,-53.11194444,-1.067,-0.101,2.519,84.59,0.425,5,3557
A883,IBIRUBA,RS,2,-28.65333333,-53.11194444,-0.923,0.012,2.238,90.717,0.413,5,3345
A883,IBIRUBA,RS,3,-28.65333333,-53.11194444,-0.827,0.045,2.186,93.092,0.379,5,3666
A883,IBIRUBA,RS,4,-28.65333333,-53.11194444,-1.081,-0.131,2.412,83.101,0.451,5,3536
A883,IBIRUBA,RS,5,-28.65333333,-53.11194444,-0.499,0.002,2.146,90.196,0.233,5,3575
A883,IBIRUBA,RS,6,-28.65333333,-53.11194444,-0.593,-0.385,2.214,56.991,0.319,5,3495
A883,IBIRUBA,RS,7,-28.65333333,-53.11194444,-0.915,-0.453,2.39,63.663,0.427,4,2965
A883,IBIRUBA,RS,8,-28.65333333,-53.11194444,-0.985,-0.278,2.381,74.247,0.43,5,3372
A883,IBIRUBA,RS,9,-28.65333333,-53.11194444,-1.303,-0.117,2.696,84.85,0.485,3,2160
A883,IBIRUBA,RS,10,-28.65333333,-53.11194444,-1.309,0.117,2.59,95.112,0.508,4,2709
A883,IBIRUBA,RS,11,-28.65333333,-53.11194444,-1.287,0.299,2.775,103.06,0.476,5,3431
A883,IBIRUBA,RS,12,-28.65333333,-53.11194444,-1.004,0.237,2.489,103.269,0.414,4,2889
A884,CAMPO BOM,RS,1,-29.674293,-51.064042,-0.462,0.111,1.153,103.499,0.412,6,4428
A884,CAMPO BOM,RS,2,-29.674293,-51.064042,-0.243,0.124,1.094,117.01,0.249,6,4021
A884,CAMPO BOM,RS,3,-29.674293,-51.064042,-0.21,0.08,0.975,110.917,0.23,6,4427
A884,CAMPO BOM,RS,4,-29.674293,-51.064042,-0.153,0.011,0.935,94.282,0.164,6,4282
A884,CAMPO BOM,RS,5,-29.674293,-51.064042,0.19,0.0,0.914,269.936,0.208,6,4414
A884,CAMPO BOM,RS,6,-29.674293,-51.064042,0.22,-0.024,0.981,276.291,0.225,5,3328
A884,CAMPO BOM,RS,7,-29.674293,-51.064042,0.076,-0.029,0.977,291.022,0.083,4,2946
A884,CAMPO BOM,RS,8,-29.674293,-51.064042,-0.069,-0.012,1.044,80.502,0.067,5,3689
A884,CAMPO BOM,RS,9,-29.674293,-51.064042,-0.163,0.082,1.156,116.757,0.158,4,2851
A884,CAMPO BOM,RS,10,-29.674293,-51.064042,-0.339,0.125,1.123,110.206,0.322,5,3342
A884,CAMPO BOM,RS,11,-29.674293,-51.064042,-0.406,0.137,1.16,108.628,0.369,5,3566
A884,CAMPO BOM,RS,12,-29.674293,-51.064042,-0.372,0.157,1.171,112.933,0.345,5,3679
A886,TUPANCIRETA,RS,1,-29.0893814,-53.82665025,-0.854,-0.176,2.132,78.375,0.409,5,3705
A886,TUPANCIRETA,RS,2,-29.0893814,-53.82665025,-0.728,-0.241,1.96,71.676,0.391,6,3955
A886,TUPANCIRETA,RS,3,-29.0893814,-53.82665025,-0.693,-0.122,1.874,80.039,0.375,6,4464
A886,TUPANCIRETA,RS,4,-29.0893814,-53.82665025,-0.817,-0.256,1.946,72.597,0.44,6,4320
A886,TUPANCIRETA,RS,5,-29.0893814,-53.82665025,-0.397,-0.125,1.814,72.463,0.229,6,4325
A886,TUPANCIRETA,RS,6,-29.0893814,-53.82665025,-0.438,-0.28,1.903,57.401,0.274,6,4035
A886,TUPANCIRETA,RS,7,-29.0893814,-53.82665025,-0.515,-0.553,1.935,42.969,0.39,4,2976
A886,TUPANCIRETA,RS,8,-29.0893814,-53.82665025,-0.804,-0.419,2.11,62.49,0.429,6,4447
A886,TUPANCIRETA,RS,9,-29.0893814,-53.82665025,-1.019,-0.471,2.396,65.201,0.468,5,3584
A886,TUPANCIRETA,RS,10,-29.0893814,-53.82665025,-1.123,-0.21,2.263,79.419,0.505,5,3569
A886,TUPANCIRETA,RS,11,-29.0893814,-53.82665025,-1.071,-0.056,2.292,86.982,0.468,5,3600
A886,TUPANCIRETA,RS,12,-29.0893814,-53.82665025,-0.864,0.051,2.12,93.392,0.408,5,3493
A887,CAPAO DO LEAO (PELOTAS),RS,1,-31.8025,-52.40722222,-1.719,-0.049,3.256,88.379,0.528,6,4120
A887,CAPAO DO LEAO (PELOTAS),RS,2,-31.8025,-52.40722222,-0.905,-0.152,3.042,80.451,0.302,6,3901
A887,CAPAO DO LEAO (PELOTAS),RS,3,-31.8025,-52.40722222,-0.581,0.031,2.822,93.094,0.206,5,3488
A887,CAPAO DO LEAO (PELOTAS),RS,4,-31.8025,-52.40722222,-0.261,0.036,2.82,97.923,0.093,5,3275
A887,CAPAO DO LEAO (PELOTAS),RS,5,-31.8025,-52.40722222,0.677,0.068,2.882,264.224,0.236,5,3464
A887,CAPAO DO LEAO (PELOTAS),RS,6,-31.8025,-52.40722222,0.726,-0.182,2.867,284.093,0.261,5,3511
A887,CAPAO DO LEAO (PELOTAS),RS,7,-31.8025,-52.40722222,0.285,-0.2,2.957,305.106,0.118,6,4442
A887,CAPAO DO LEAO (PELOTAS),RS,8,-31.8025,-52.40722222,-0.158,-0.021,2.966,82.328,0.054,6,4169
A887,CAPAO DO LEAO (PELOTAS),RS,9,-31.8025,-52.40722222,-0.686,0.136,3.557,101.243,0.196,5,3277
A887,CAPAO DO LEAO (PELOTAS),RS,10,-31.8025,-52.40722222,-1.259,0.084,3.673,93.82,0.344,5,3412
A887,CAPAO DO LEAO (PELOTAS),RS,11,-31.8025,-52.40722222,-1.631,-0.214,3.65,82.523,0.451,5,3504
A887,CAPAO DO LEAO (PELOTAS),RS,12,-31.8025,-52.40722222,-1.413,0.141,3.465,95.717,0.41,5,3527
A889,SAO VICENTE DO SUL,RS,1,-29.70222222,-54.69444444,-2.196,0.842,3.477,110.968,0.676,5,3720
A889,SAO VICENTE DO SUL,RS,2,-29.70222222,-54.69444444,-1.542,0.732,2.853,115.409,0.598,5,3383
A889,SAO VICENTE DO SUL,RS,3,-29.70222222,-54.69444444,-1.477,0.701,2.766,115.389,0.591,5,3529
A889,SAO VICENTE DO SUL,RS,4,-29.70222222,-54.69444444,-1.735,0.667,2.832,111.033,0.656,4,2856
A889,SAO VICENTE DO SUL,RS,5,-29.70222222,-54.69444444,-1.08,0.617,2.63,119.755,0.473,5,3572
A889,SAO VICENTE DO SUL,RS,6,-29.70222222,-54.69444444,-1.212,0.51,2.854,112.817,0.461,4,2851
A889,SAO VICENTE DO SUL,RS,7,-29.70222222,-54.69444444,-1.576,0.587,2.943,110.418,0.571,4,2976
A889,SAO VICENTE DO SUL,RS,8,-29.70222222,-54.69444444,-1.831,0.745,3.35,112.136,0.59,5,3409
A889,SAO VICENTE DO SUL,RS,9,-29.70222222,-54.69444444,-2.406,1.107,3.752,114.705,0.706,4,2880
A889,SAO VICENTE DO SUL,RS,10,-29.70222222,-54.69444444,-2.557,1.182,3.775,114.81,0.746,4,2976
A889,SAO VICENTE DO SUL,RS,11,-29.70222222,-54.69444444,-2.594,1.03,3.893,111.664,0.717,4,2880
A889,SAO VICENTE DO SUL,RS,12,-29.70222222,-54.69444444,-2.543,1.309,3.819,117.235,0.749,4,2932
A893,ENCRUZILHADA DO SUL,RS,1,-30.54305555,-52.52472221,-1.007,0.832,2.674,129.559,0.489,6,4345
A893,ENCRUZILHADA DO SUL,RS,2,-30.54305555,-52.52472221,-0.711,0.676,2.401,133.543,0.408,6,4007
A893,ENCRUZILHADA DO SUL,RS,3,-30.54305555,-52.52472221,-0.718,0.747,2.502,136.136,0.414,6,4200
A893,ENCRUZILHADA DO SUL,RS,4,-30.54305555,-52.52472221,-0.778,0.763,2.515,134.435,0.433,6,3666
A893,ENCRUZILHADA DO SUL,RS,5,-30.54305555,-52.52472221,-0.038,0.402,2.345,174.576,0.172,5,3285
A893,ENCRUZILHADA DO SUL,RS,6,-30.54305555,-52.52472221,-0.025,0.311,2.385,175.487,0.131,5,3368
A893,ENCRUZILHADA DO SUL,RS,7,-30.54305555,-52.52472221,-0.612,0.378,2.349,121.728,0.306,5,3697
A893,ENCRUZILHADA DO SUL,RS,8,-30.54305555,-52.52472221,-0.594,0.428,2.811,125.791,0.26,5,3429
A893,ENCRUZILHADA DO SUL,RS,9,-30.54305555,-52.52472221,-0.984,0.769,2.938,128.019,0.425,4,2870
A893,ENCRUZILHADA DO SUL,RS,10,-30.54305555,-52.52472221,-1.105,1.146,2.995,136.054,0.532,5,3548
A893,ENCRUZILHADA DO SUL,RS,11,-30.54305555,-52.52472221,-1.158,0.846,2.906,126.152,0.493,5,3519
A893,ENCRUZILHADA DO SUL,RS,12,-30.54305555,-52.52472221,-1.142,1.067,2.877,133.06,0.543,5,3678
A894,SERAFINA CORREA,RS,1,-28.70472222,-51.87083332,0.104,0.039,1.28,249.18,0.087,5,3719
A894,SERAFINA CORREA,RS,2,-28.70472222,-51.87083332,0.162,0.037,1.119,257.18,0.149,5,3384
A894,SERAFINA CORREA,RS,3,-28.70472222,-51.87083332,0.088,0.005,1.105,266.805,0.08,5,3720
A894,SERAFINA CORREA,RS,4,-28.70472222,-51.87083332,0.029,0.013,1.064,245.233,0.03,5,3600
A894,SERAFINA CORREA,RS,5,-28.70472222,-51.87083332,0.264,-0.015,1.091,273.224,0.242,6,4194
A894,SERAFINA CORREA,RS,6,-28.70472222,-51.87083332,0.253,-0.177,1.142,304.972,0.27,5,3434
A894,SERAFINA CORREA,RS,7,-28.70472222,-51.87083332,0.272,-0.186,1.131,304.338,0.291,5,3615
A894,SERAFINA CORREA,RS,8,-28.70472222,-51.87083332,0.113,-0.16,1.27,324.91,0.154,5,3716
A894,SERAFINA CORREA,RS,9,-28.70472222,-51.87083332,0.002,-0.127,1.385,359.035,0.092,5,3579
A894,SERAFINA CORREA,RS,10,-28.70472222,-51.87083332,-0.011,-0.024,1.381,24.781,0.019,5,3421
A894,SERAFINA CORREA,RS,11,-28.70472222,-51.87083332,-0.02,0.121,1.37,170.466,0.09,4,2818
A894,SERAFINA CORREA,RS,12,-28.70472222,-51.87083332,0.148,0.076,1.298,242.902,0.128,3,2232
A895,CHAPECO,SC,1,-27.0853111,-52.6357111,-0.907,-0.382,3.377,67.161,0.291,6,4280
A895,CHAPECO,SC,2,-27.0853111,-52.6357111,-0.708,-0.38,3.042,61.768,0.264,6,3947
A895,CHAPECO,SC,3,-27.0853111,-52.6357111,-0.876,-0.247,3.022,74.244,0.301,6,4411
A895,CHAPECO,SC,4,-27.0853111,-52.6357111,-1.251,-0.228,3.08,79.651,0.413,6,4307
A895,CHAPECO,SC,5,-27.0853111,-52.6357111,-0.905,-0.48,3.216,62.055,0.319,6,4449
A895,CHAPECO,SC,6,-27.0853111,-52.6357111,-1.128,-0.716,3.407,57.611,0.392,6,4311
A895,CHAPECO,SC,7,-27.0853111,-52.6357111,-1.318,-1.036,3.632,51.846,0.462,6,4443
A895,CHAPECO,SC,8,-27.0853111,-52.6357111,-1.474,-0.753,3.721,62.925,0.445,6,4385
A895,CHAPECO,SC,9,-27.0853111,-52.6357111,-1.419,-0.473,3.953,71.549,0.378,5,3219
A895,CHAPECO,SC,10,-27.0853111,-52.6357111,-1.589,0.146,3.636,95.261,0.439,5,3660
A895,CHAPECO,SC,11,-27.0853111,-52.6357111,-1.207,0.099,3.563,94.704,0.34,5,3504
A895,CHAPECO,SC,12,-27.0853111,-52.6357111,-0.817,-0.159,3.326,78.963,0.25,5,3620
A897,CAMBARA DO SUL,RS,1,-29.04916666,-50.14972221,-0.991,-0.439,2.918,66.085,0.371,5,3682
A897,CAMBARA DO SUL,RS,2,-29.04916666,-50.14972221,-0.502,-0.453,2.75,47.936,0.246,5,3343
A897,CAMBARA DO SUL,RS,3,-29.04916666,-50.14972221,-0.356,-0.529,2.643,33.952,0.241,5,3696
A897,CAMBARA DO SUL,RS,4,-29.04916666,-50.14972221,-0.498,-0.613,2.705,39.106,0.292,5,3600
A897,CAMBARA DO SUL,RS,5,-29.04916666,-50.14972221,0.576,-1.032,2.959,330.821,0.4,6,3870
A897,CAMBARA DO SUL,RS,6,-29.04916666,-50.14972221,0.653,-1.233,3.117,332.1,0.448,5,3599
A897,CAMBARA DO SUL,RS,7,-29.04916666,-50.14972221,0.266,-1.232,2.974,347.825,0.424,5,3717
A897,CAMBARA DO SUL,RS,8,-29.04916666,-50.14972221,-0.087,-1.115,3.099,4.462,0.361,5,3718
A897,CAMBARA DO SUL,RS,9,-29.04916666,-50.14972221,-0.211,-0.905,3.189,13.115,0.291,5,3588
A897,CAMBARA DO SUL,RS,10,-29.04916666,-50.14972221,-0.733,-0.582,3.098,51.545,0.302,5,3696
A897,CAMBARA DO SUL,RS,11,-29.04916666,-50.14972221,-0.893,-0.309,3.064,70.903,0.309,5,3552
A897,CAMBARA DO SUL,RS,12,-29.04916666,-50.14972221,-0.851,-0.327,3.029,68.999,0.301,4,2938
A898,CAMPOS NOVOS,SC,1,-27.3886111,-51.21583333,-1.524,-0.613,3.398,68.089,0.483,6,4243
A898,CAMPOS NOVOS,SC,2,-27.3886111,-51.21583333,-1.166,-0.59,3.041,63.184,0.43,6,3920
A898,CAMPOS NOVOS,SC,3,-27.3886111,-51.21583333,-1.352,-0.589,3.118,66.462,0.473,6,4271
A898,CAMPOS NOVOS,SC,4,-27.3886111,-51.21583333,-1.65,-0.686,3.347,67.422,0.534,6,4284
A898,CAMPOS NOVOS,SC,5,-27.3886111,-51.21583333,-0.849,-0.663,3.051,51.993,0.353,6,4332
A898,CAMPOS NOVOS,SC,6,-27.3886111,-51.21583333,-0.885,-0.775,3.092,48.783,0.38,6,4182
A898,CAMPOS NOVOS,SC,7,-27.3886111,-51.21583333,-1.224,-0.928,3.283,52.845,0.468,6,4262
A898,CAMPOS NOVOS,SC,8,-27.3886111,-51.21583333,-1.743,-0.93,3.732,61.907,0.529,6,4306
A898,CAMPOS NOVOS,SC,9,-27.3886111,-51.21583333,-2.041,-0.927,4.072,65.565,0.551,5,3560
A898,CAMPOS NOVOS,SC,10,-27.3886111,-51.21583333,-2.278,-0.67,4.051,73.606,0.586,5,3649
A898,CAMPOS NOVOS,SC,11,-27.3886111,-51.21583333,-2.097,-0.465,4.017,77.502,0.535,5,3490
A898,CAMPOS NOVOS,SC,12,-27.3886111,-51.21583333,-1.554,-0.63,3.636,67.939,0.461,5,3587
A899,SANTA VITORIA DO PALMAR - BARRA DO CHUI,RS,1,-33.74222221,-53.37222221,-2.433,1.351,5.81,119.042,0.479,1,742
A899,Santa Vitoria do Palmar - Barra do Chui,RS,1,-33.74222221,-53.37222221,-0.784,-0.036,4.706,87.357,0.167,4,2976
A899,SANTA VITORIA DO PALMAR - BARRA DO CHUI,RS,2,-33.74222221,-53.37222221,-2.183,1.253,5.211,119.858,0.483,1,668
A899,Santa Vitoria do Palmar - Barra do Chui,RS,2,-33.74222221,-53.37222221,-0.508,0.263,4.863,117.372,0.118,4,2712
A899,SANTA VITORIA DO PALMAR - BARRA DO CHUI,RS,3,-33.74222221,-53.37222221,-3.743,0.457,5.393,96.955,0.699,1,741
A899,Santa Vitoria do Palmar - Barra do Chui,RS,3,-33.74222221,-53.37222221,-0.512,0.374,4.471,126.138,0.142,4,2975
A899,SANTA VITORIA DO PALMAR - BARRA DO CHUI,RS,4,-33.74222221,-53.37222221,-0.302,0.233,4.573,127.575,0.083,1,717
A899,Santa Vitoria do Palmar - Barra do Chui,RS,4,-33.74222221,-53.37222221,-0.56,-0.272,4.8,64.137,0.13,3,2155
A899,SANTA VITORIA DO PALMAR - BARRA DO CHUI,RS,5,-33.74222221,-53.37222221,1.255,0.842,4.057,236.135,0.373,1,741
A899,Santa Vitoria do Palmar - Barra do Chui,RS,5,-33.74222221,-53.37222221,0.593,0.081,4.566,262.218,0.131,3,2206
A899,SANTA VITORIA DO PALMAR - BARRA DO CHUI,RS,6,-33.74222221,-53.37222221,0.494,0.236,3.729,244.427,0.147,1,719
A899,Santa Vitoria do Palmar - Barra do Chui,RS,6,-33.74222221,-53.37222221,0.28,0.22,4.249,231.864,0.084,3,2122
A899,SANTA VITORIA DO PALMAR - BARRA DO CHUI,RS,7,-33.74222221,-53.37222221,-0.195,1.061,4.448,169.562,0.243,1,743
A899,Santa Vitoria do Palmar - Barra do Chui,RS,7,-33.74222221,-53.37222221,1.258,0.586,4.216,245.036,0.329,4,2855
A899,SANTA VITORIA DO PALMAR - BARRA DO CHUI,RS,8,-33.74222221,-53.37222221,-0.669,1.759,5.15,159.188,0.365,1,744
A899,Santa Vitoria do Palmar - Barra do Chui,RS,8,-33.74222221,-53.37222221,-0.257,0.199,4.445,127.731,0.073,4,2854
A899,Santa Vitoria do Palmar - Barra do Chui,RS,9,-33.74222221,-53.37222221,-0.289,0.112,5.128,111.215,0.06,4,2526
A899,Santa Vitoria do Palmar - Barra do Chui,RS,10,-33.74222221,-53.37222221,0.0,0.0,5.056,180.0,0.0,3,2204
A899,Santa Vitoria do Palmar - Barra do Chui,RS,11,-33.74222221,-53.37222221,-0.358,0.216,5.063,121.119,0.083,4,2645
A899,Santa Vitoria do Palmar - Barra do Chui,RS,12,-33.74222221,-53.37222221,-0.449,0.055,4.131,96.983,0.11,4,2973
A901,CUIABA,MT,1,-15.559295,-56.062951,0.022,-1.002,1.77,358.741,0.566,5,3216
A901,CUIABA,MT,2,-15.559295,-56.062951,0.038,-0.881,1.699,357.552,0.519,5,2922
A901,CUIABA,MT,3,-15.559295,-56.062951,-0.017,-0.687,1.532,1.407,0.448,4,2711
A901,CUIABA,MT,4,-15.559295,-56.062951,-0.016,-0.224,1.299,4.146,0.173,5,3178
A901,CUIABA,MT,5,-15.559295,-56.062951,0.05,0.123,1.297,202.121,0.102,5,3693
A901,CUIABA,MT,6,-15.559295,-56.062951,0.031,0.058,1.243,208.122,0.053,6,4250
A901,CUIABA,MT,7,-15.559295,-56.062951,0.054,-0.031,1.257,299.568,0.049,6,4333
A901,CUIABA,MT,8,-15.559295,-56.062951,0.103,-0.126,1.532,320.694,0.106,6,4449
A901,CUIABA,MT,9,-15.559295,-56.062951,0.201,-0.446,1.671,335.79,0.293,4,2796
A901,CUIABA,MT,10,-15.559295,-56.062951,0.161,-0.836,1.896,349.119,0.449,4,2783
A901,CUIABA,MT,11,-15.559295,-56.062951,0.082,-0.883,1.866,354.694,0.475,5,3232
A901,CUIABA,MT,12,-15.559295,-56.062951,0.001,-1.219,1.887,359.958,0.646,4,2441
A902,TANGARA DA SERRA,MT,1,-14.65,-57.43166666,-0.452,0.389,1.838,130.652,0.325,4,2975
A902,TANGARA DA SERRA,MT,2,-14.65,-57.43166666,0.034,0.497,1.792,183.903,0.278,5,3115
A902,TANGARA DA SERRA,MT,3,-14.65,-57.43166666,0.166,0.672,1.651,193.866,0.419,5,3720
A902,TANGARA DA SERRA,MT,4,-14.65,-57.43166666,0.493,0.399,1.543,231.047,0.411,5,3596
A902,TANGARA DA SERRA,MT,5,-14.65,-57.43166666,0.664,-0.087,1.876,277.479,0.357,5,3698
A902,TANGARA DA SERRA,MT,6,-14.65,-57.43166666,0.487,0.052,1.714,263.929,0.286,5,3507
A902,TANGARA DA SERRA,MT,7,-14.65,-57.43166666,0.399,0.312,1.919,231.933,0.264,4,2976
A902,TANGARA DA SERRA,MT,8,-14.65,-57.43166666,0.253,0.14,2.169,240.972,0.133,4,2976
A902,TANGARA DA SERRA,MT,9,-14.65,-57.43166666,-0.005,0.043,2.209,173.597,0.02,4,2520
A902,TANGARA DA SERRA,MT,10,-14.65,-57.43166666,-0.223,0.056,2.098,104.184,0.11,4,2976
A902,TANGARA DA SERRA,MT,11,-14.65,-57.43166666,-0.234,0.165,2.024,125.231,0.141,4,2860
A902,TANGARA DA SERRA,MT,12,-14.65,-57.43166666,-0.558,0.592,1.839,136.689,0.443,4,2862
A903,S.J. DO RIO CLARO,MT,1,-13.45388888,-56.67722221,0.601,-0.843,1.531,324.523,0.676,2,1488
A903,S.J. DO RIO CLARO,MT,2,-13.45388888,-56.67722221,0.258,-0.477,1.217,331.612,0.445,2,1362
A903,S.J. DO RIO CLARO,MT,3,-13.45388888,-56.67722221,0.101,-0.491,1.128,348.412,0.444,2,1487
A903,S.J. DO RIO CLARO,MT,4,-13.45388888,-56.67722221,-0.045,-0.226,0.921,11.336,0.25,2,1440
A903,S.J. DO RIO CLARO,MT,5,-13.45388888,-56.67722221,-0.244,0.223,0.861,132.413,0.384,3,2062
A903,S.J. DO RIO CLARO,MT,6,-13.45388888,-56.67722221,-0.276,0.041,0.902,98.525,0.309,3,2022
A903,S.J. DO RIO CLARO,MT,7,-13.45388888,-56.67722221,-0.294,0.028,0.931,95.509,0.318,3,2131
A903,S.J. DO RIO CLARO,MT,8,-13.45388888,-56.67722221,-0.129,-0.032,1.073,76.1,0.124,3,2133
A903,S.J. DO RIO CLARO,MT,9,-13.45388888,-56.67722221,0.08,-0.225,1.205,340.341,0.198,3,2103
A903,S.J. DO RIO CLARO,MT,10,-13.45388888,-56.67722221,0.358,-0.469,1.394,322.661,0.424,3,2164
A903,S.J. DO RIO CLARO,MT,11,-13.45388888,-56.67722221,0.209,-0.477,1.292,336.368,0.403,3,2089
A903,S.J. DO RIO CLARO,MT,12,-13.45388888,-56.67722221,0.35,-0.605,1.302,329.928,0.537,3,2172
A904,SORRISO,MT,1,-12.555,-55.72277777,0.448,-0.762,1.786,329.538,0.495,3,2108
A904,SORRISO,MT,2,-12.555,-55.72277777,-0.162,-0.545,1.896,16.582,0.3,3,1980
A904,SORRISO,MT,3,-12.555,-55.72277777,-0.321,-0.444,1.74,35.849,0.315,3,2217
A904,SORRISO,MT,4,-12.555,-55.72277777,-0.363,-0.036,1.665,84.299,0.219,3,2148
A904,SORRISO,MT,5,-12.555,-55.72277777,-1.334,0.404,2.173,106.841,0.642,3,2218
A904,SORRISO,MT,6,-12.555,-55.72277777,-1.444,0.114,2.25,94.496,0.644,3,2152
A904,SORRISO,MT,7,-12.555,-55.72277777,-1.339,0.322,2.208,103.527,0.624,3,2181
A904,SORRISO,MT,8,-12.555,-55.72277777,-1.109,-0.008,2.322,89.599,0.477,3,1876
A904,SORRISO,MT,9,-12.555,-55.72277777,-0.365,-0.382,2.04,43.687,0.259,3,1990
A904,SORRISO,MT,10,-12.555,-55.72277777,0.129,-0.384,2.013,341.37,0.201,3,2214
A904,SORRISO,MT,11,-12.555,-55.72277777,0.066,-0.451,1.979,351.626,0.23,4,2522
A904,SORRISO,MT,12,-12.555,-55.72277777,0.078,-0.679,1.804,353.455,0.379,3,2014
A905,CAMPO NOVO DOS PARECIS,MT,1,-13.78583333,-57.8386111,-0.268,-0.878,1.792,17.0,0.512,2,1487
A905,CAMPO NOVO DOS PARECIS,MT,2,-13.78583333,-57.8386111,-0.462,-1.51,1.579,17.0,1.0,1,672
A905,CAMPO NOVO DOS PARECIS,MT,3,-13.78583333,-57.8386111,-0.479,-1.565,1.637,17.0,1.0,1,744
A905,CAMPO NOVO DOS PARECIS,MT,5,-13.78583333,-57.8386111,-0.912,0.499,1.876,118.666,0.554,1,641
A905,CAMPO NOVO DOS PARECIS,MT,6,-13.78583333,-57.8386111,-0.918,0.306,1.855,108.428,0.521,1,694
A905,CAMPO NOVO DOS PARECIS,MT,7,-13.78583333,-57.8386111,-0.885,-0.758,1.635,49.392,0.713,1,731
A905,CAMPO NOVO DOS PARECIS,MT,8,-13.78583333,-57.8386111,-1.125,0.343,2.207,106.976,0.533,1,732
A905,CAMPO NOVO DOS PARECIS,MT,9,-13.78583333,-57.8386111,-1.119,0.304,2.133,105.177,0.544,1,720
A905,CAMPO NOVO DOS PARECIS,MT,10,-13.78583333,-57.8386111,-1.045,-0.154,1.869,81.629,0.565,1,744
A905,CAMPO NOVO DOS PARECIS,MT,11,-13.78583333,-57.8386111,-0.25,-0.287,2.146,41.057,0.177,1,720
A905,CAMPO NOVO DOS PARECIS,MT,12,-13.78583333,-57.8386111,-0.242,-1.664,1.7,8.288,0.989,2,1128
A906,GUARANTA DO NORTE,MT,1,-9.9525,-54.89777777,0.06,-0.108,0.679,331.028,0.181,1,744
A906,GUARANTA DO NORTE,MT,2,-9.9525,-54.89777777,-0.034,-0.121,0.577,15.791,0.219,1,672
A906,GUARANTA DO NORTE,MT,5,-9.9525,-54.89777777,-0.424,-0.058,0.594,82.194,0.72,1,744
A906,GUARANTA DO NORTE,MT,6,-9.9525,-54.89777777,-0.392,0.033,0.692,94.875,0.569,1,720
A906,GUARANTA DO NORTE,MT,7,-9.9525,-54.89777777,-0.507,-0.043,0.669,85.152,0.76,1,744
A906,GUARANTA DO NORTE,MT,8,-9.9525,-54.89777777,-0.308,-0.24,0.748,52.045,0.522,1,744
A906,GUARANTA DO NORTE,MT,9,-9.9525,-54.89777777,-0.073,-0.165,0.691,23.83,0.262,1,720
A906,GUARANTA DO NORTE,MT,10,-9.9525,-54.89777777,0.049,-0.249,0.812,348.904,0.312,1,744
A906,GUARANTA DO NORTE,MT,11,-9.9525,-54.89777777,0.143,-0.148,0.984,316.155,0.209,1,720
A906,GUARANTA DO NORTE,MT,12,-9.9525,-54.89777777,0.133,-0.29,0.781,335.428,0.409,1,744
A907,RONDONOPOLIS,MT,1,-16.4625,-54.58027777,-0.217,-0.168,1.151,52.185,0.238,3,2231
A907,RONDONOPOLIS,MT,2,-16.4625,-54.58027777,-0.246,-0.115,1.134,64.965,0.24,3,2016
A907,RONDONOPOLIS,MT,3,-16.4625,-54.58027777,-0.382,0.152,1.092,111.681,0.376,4,2690
A907,RONDONOPOLIS,MT,4,-16.4625,-54.58027777,-0.207,0.187,0.923,131.974,0.302,3,2160
A907,RONDONOPOLIS,MT,5,-16.4625,-54.58027777,-0.081,0.25,0.96,162.14,0.274,4,2976
A907,RONDONOPOLIS,MT,6,-16.4625,-54.58027777,0.033,0.256,1.007,187.418,0.256,4,2879
A907,RONDONOPOLIS,MT,7,-16.4625,-54.58027777,-0.009,0.115,1.165,175.318,0.099,5,3533
A907,RONDONOPOLIS,MT,8,-16.4625,-54.58027777,-0.024,0.232,1.45,174.211,0.161,5,3719
A907,RONDONOPOLIS,MT,9,-16.4625,-54.58027777,0.08,0.078,1.486,225.783,0.075,5,3576
A907,RONDONOPOLIS,MT,10,-16.4625,-54.58027777,-0.194,0.159,1.405,129.304,0.178,3,2232
A907,RONDONOPOLIS,MT,11,-16.4625,-54.58027777,-0.186,0.027,1.347,98.303,0.139,3,2160
A907,RONDONOPOLIS,MT,12,-16.4625,-54.58027777,-0.246,-0.076,1.197,72.901,0.215,4,2897
A908,AGUA BOA,MT,1,-14.01638888,-52.21166666,0.341,-0.736,2.219,335.151,0.365,4,2918
A908,AGUA BOA,MT,2,-14.01638888,-52.21166666,0.073,0.098,2.079,216.852,0.059,3,1746
A908,AGUA BOA,MT,3,-14.01638888,-52.21166666,0.179,0.443,1.762,201.96,0.271,5,2668
A908,AGUA BOA,MT,4,-14.01638888,-52.21166666,0.07,0.734,1.583,185.447,0.466,2,1440
A908,AGUA BOA,MT,5,-14.01638888,-52.21166666,-0.401,1.016,2.113,158.463,0.517,2,1141
A908,AGUA BOA,MT,6,-14.01638888,-52.21166666,-1.754,-0.149,2.23,85.158,0.789,1,720
A908,AGUA BOA,MT,7,-14.01638888,-52.21166666,-1.585,0.24,2.219,98.614,0.722,1,744
A908,AGUA BOA,MT,8,-14.01638888,-52.21166666,-1.91,0.112,3.107,93.344,0.616,1,744
A908,AGUA BOA,MT,9,-14.01638888,-52.21166666,-1.834,-0.497,2.775,74.827,0.685,1,720
A908,AGUA BOA,MT,10,-14.01638888,-52.21166666,-0.081,-0.525,2.376,8.728,0.223,2,1452
A908,AGUA BOA,MT,11,-14.01638888,-52.21166666,0.086,-0.689,2.27,352.912,0.306,3,2159
A908,AGUA BOA,MT,12,-14.01638888,-52.21166666,0.334,-0.278,2.177,309.739,0.2,4,2724
A909,ALTO ARAGUAIA,MT,1,-17.33944444,-53.22444443,-0.253,-0.669,2.178,20.759,0.328,5,3352
A909,ALTO ARAGUAIA,MT,2,-17.33944444,-53.22444443,-0.321,-0.433,2.149,36.601,0.251,5,3176
A909,ALTO ARAGUAIA,MT,3,-17.33944444,-53.22444443,-0.614,-0.408,2.059,56.406,0.358,5,3414
A909,ALTO ARAGUAIA,MT,4,-17.33944444,-53.22444443,-0.773,0.086,1.983,96.384,0.392,5,3575
A909,ALTO ARAGUAIA,MT,5,-17.33944444,-53.22444443,-0.894,0.466,2.244,117.543,0.449,5,3709
A909,ALTO ARAGUAIA,MT,6,-17.33944444,-53.22444443,-0.978,0.402,2.323,112.353,0.455,6,4317
A909,ALTO ARAGUAIA,MT,7,-17.33944444,-53.22444443,-1.052,0.397,2.385,110.67,0.471,6,4442
A909,ALTO ARAGUAIA,MT,8,-17.33944444,-53.22444443,-0.96,0.376,2.624,111.371,0.393,6,4456
A909,ALTO ARAGUAIA,MT,9,-17.33944444,-53.22444443,-0.852,0.095,2.583,96.377,0.332,5,3517
A909,ALTO ARAGUAIA,MT,10,-17.33944444,-53.22444443,-0.561,-0.197,2.459,70.653,0.242,5,3537
A909,ALTO ARAGUAIA,MT,11,-17.33944444,-53.22444443,-0.441,-0.487,2.424,42.157,0.271,5,3094
A909,ALTO ARAGUAIA,MT,12,-17.33944444,-53.22444443,-0.301,-0.932,2.28,17.884,0.429,4,2707
A910,APIACAS,MT,1,-9.56333333,-57.3936111,0.18,-0.226,1.081,321.47,0.268,2,1488
A910,APIACAS,MT,2,-9.56333333,-57.3936111,-0.031,-0.08,1.068,21.254,0.08,1,672
A910,APIACAS,MT,3,-9.56333333,-57.3936111,-0.046,-0.217,1.134,12.038,0.195,1,744
A910,APIACAS,MT,4,-9.56333333,-57.3936111,-0.17,0.003,0.895,91.146,0.19,1,719
A910,APIACAS,MT,5,-9.56333333,-57.3936111,-0.471,0.033,0.929,93.99,0.508,1,744
A910,APIACAS,MT,6,-9.56333333,-57.3936111,-0.625,0.256,1.206,112.247,0.56,1,720
A910,APIACAS,MT,7,-9.56333333,-57.3936111,-0.58,-0.045,1.004,85.608,0.579,1,743
A910,APIACAS,MT,8,-9.56333333,-57.3936111,-0.168,-0.184,0.961,42.416,0.259,1,744
A910,APIACAS,MT,9,-9.56333333,-57.3936111,0.003,-0.168,1.036,359.075,0.163,1,720
A910,APIACAS,MT,10,-9.56333333,-57.3936111,0.171,-0.156,1.007,312.325,0.23,1,744
A910,APIACAS,MT,11,-9.56333333,-57.3936111,0.052,-0.043,1.153,309.465,0.059,2,1440
A910,APIACAS,MT,12,-9.56333333,-57.3936111,0.177,-0.169,1.109,313.67,0.221,2,1488
A911,SAPEZAL,MT,1,-13.30388888,-58.76333333,0.31,-0.194,2.722,302.069,0.135,5,3626
A911,SAPEZAL,MT,2,-13.30388888,-58.76333333,0.056,-0.471,2.98,353.184,0.159,5,3353
A911,SAPEZAL,MT,3,-13.30388888,-58.76333333,-0.154,-0.092,2.378,59.213,0.076,5,3693
A911,SAPEZAL,MT,4,-13.30388888,-58.76333333,0.111,-0.001,2.117,270.376,0.053,5,3598
A911,SAPEZAL,MT,5,-13.30388888,-58.76333333,-0.218,0.3,2.623,143.998,0.142,5,3720
A911,SAPEZAL,MT,6,-13.30388888,-58.76333333,-0.344,0.044,2.656,97.215,0.131,6,4317
A911,SAPEZAL,MT,7,-13.30388888,-58.76333333,-0.373,0.449,2.953,140.325,0.198,6,4462
A911,SAPEZAL,MT,8,-13.30388888,-58.76333333,-0.009,-0.019,3.278,26.598,0.006,6,4463
A911,SAPEZAL,MT,9,-13.30388888,-58.76333333,-0.128,-0.226,3.172,29.566,0.082,5,3587
A911,SAPEZAL,MT,10,-13.30388888,-58.76333333,0.118,-0.208,3.096,330.395,0.077,5,3700
A911,SAPEZAL,MT,11,-13.30388888,-58.76333333,0.291,-0.654,2.669,335.986,0.268,5,3290
A911,SAPEZAL,MT,12,-13.30388888,-58.76333333,0.122,-0.696,2.391,350.031,0.295,4,2947
A912,CAMPO VERDE,MT,1,-15.55888888,-55.17944443,1.455,-1.541,3.064,316.639,0.692,2,1367
A912,CAMPO VERDE,MT,2,-15.55888888,-55.17944443,0.51,-1.073,2.635,334.597,0.451,3,1861
A912,CAMPO VERDE,MT,3,-15.55888888,-55.17944443,0.027,-0.576,2.259,357.331,0.255,2,1413
A912,CAMPO VERDE,MT,4,-15.55888888,-55.17944443,0.012,0.384,2.031,181.775,0.189,1,717
A912,CAMPO VERDE,MT,5,-15.55888888,-55.17944443,-1.12,0.308,2.259,105.383,0.514,1,743
A912,CAMPO VERDE,MT,6,-15.55888888,-55.17944443,-0.872,0.115,2.434,97.529,0.361,2,1440
A912,CAMPO VERDE,MT,7,-15.55888888,-55.17944443,-0.696,0.266,2.514,110.879,0.296,2,1488
A912,CAMPO VERDE,MT,8,-15.55888888,-55.17944443,-0.211,0.106,2.955,116.644,0.08,2,1487
A912,CAMPO VERDE,MT,9,-15.55888888,-55.17944443,0.128,-0.515,2.861,346.055,0.186,2,1357
A912,CAMPO VERDE,MT,10,-15.55888888,-55.17944443,1.283,-1.269,3.175,314.675,0.568,1,703
A912,CAMPO VERDE,MT,11,-15.53138888,-55.13555555,0.416,-0.562,2.94,323.461,0.238,2,1319
A912,CAMPO VERDE,MT,12,-15.53138888,-55.13555555,0.96,-1.306,2.821,323.682,0.574,2,1382
A913,COMODORO,MT,1,-13.70805555,-59.7625,0.912,-0.553,1.459,301.235,0.731,3,1843
A913,COMODORO,MT,2,-13.70805555,-59.7625,0.386,-0.335,1.373,310.982,0.373,2,1339
A913,COMODORO,MT,3,-13.70805555,-59.7625,0.246,-0.468,1.235,332.326,0.428,2,1458
A913,COMODORO,MT,4,-13.70805555,-59.7625,0.22,-0.269,1.211,320.736,0.287,1,720
A913,COMODORO,MT,5,-13.70805555,-59.7625,-0.28,0.164,1.261,120.351,0.258,2,1333
A913,COMODORO,MT,6,-13.70805555,-59.7625,-0.255,-0.215,1.048,49.909,0.318,3,2012
A913,COMODORO,MT,7,-13.70805555,-59.7625,-0.34,-0.154,1.139,65.586,0.328,3,2218
A913,COMODORO,MT,8,-13.70805555,-59.7625,-0.075,-0.045,1.374,59.072,0.064,3,2190
A913,COMODORO,MT,9,-13.70805555,-59.7625,0.22,-0.105,1.446,295.406,0.169,3,1921
A913,COMODORO,MT,10,-13.70805555,-59.7625,0.281,-0.357,1.368,321.795,0.333,2,1481
A913,COMODORO,MT,11,-13.70805555,-59.7625,0.35,-0.282,1.524,308.896,0.295,2,1404
A913,COMODORO,MT,12,-13.70805555,-59.7625,0.683,-0.505,1.53,306.48,0.555,2,1417
A914,JUARA,MT,1,-11.28027777,-57.52666666,0.392,-0.329,1.074,309.994,0.476,1,744
A914,JUARA,MT,2,-11.28027777,-57.52666666,0.118,-0.075,1.014,302.502,0.138,1,672
A914,JUARA,MT,3,-11.28027777,-57.52666666,0.137,-0.192,1.13,324.519,0.208,1,744
A914,JUARA,MT,4,-11.28027777,-57.52666666,-0.149,0.024,0.926,99.057,0.163,1,720
A914,JUARA,MT,5,-11.28027777,-57.52666666,-0.662,0.163,0.995,103.785,0.686,1,744
A914,JUARA,MT,6,-11.28027777,-57.52666666,-0.722,0.322,1.252,114.066,0.632,1,720
A914,JUARA,MT,7,-11.28027777,-57.52666666,-0.718,0.077,1.163,96.133,0.621,1,618
A914,JUARA,MT,8,-11.28027777,-57.52666666,-0.207,-0.308,1.148,33.971,0.323,1,433
A914,JUARA,MT,9,-11.28027777,-57.52666666,-0.098,-0.168,1.122,30.422,0.173,1,501
A914,JUARA,MT,10,-11.28027777,-57.52666666,0.227,-0.359,1.172,327.649,0.362,1,583
A914,JUARA,MT,11,-11.28027777,-57.52666666,0.08,-0.139,1.167,330.046,0.137,2,1374
A914,JUARA,MT,12,-11.28027777,-57.52666666,0.546,-0.45,1.256,309.477,0.563,1,744
A915,PARANATINGA,MT,3,-14.42138888,-54.0361111,-0.044,-0.163,1.058,15.125,0.159,1,417
A915,PARANATINGA,MT,4,-14.42138888,-54.0361111,-0.219,-0.082,0.964,69.6,0.243,1,719
A915,PARANATINGA,MT,6,-14.42138888,-54.0361111,-0.497,0.192,1.252,111.125,0.426,1,720
A915,PARANATINGA,MT,7,-14.42138888,-54.0361111,-0.636,-0.207,1.241,71.979,0.539,1,744
A915,PARANATINGA,MT,8,-14.42138888,-54.0361111,-0.306,-0.301,1.46,45.497,0.294,1,744
A915,PARANATINGA,MT,9,-14.42138888,-54.0361111,-0.094,-0.294,1.629,17.712,0.189,1,720
A915,PARANATINGA,MT,10,-14.42138888,-54.0361111,0.308,-0.613,1.757,333.291,0.39,1,744
A915,PARANATINGA,MT,11,-14.42138888,-54.0361111,0.246,-0.534,1.628,335.24,0.361,1,720
A915,PARANATINGA,MT,12,-14.42138888,-54.0361111,0.454,-0.292,1.53,302.74,0.353,1,744
A916,QUERENCIA,MT,1,-12.60305555,-52.1625,0.721,0.263,1.041,249.985,0.737,3,2227
A916,QUERENCIA,MT,2,-12.60305555,-52.1625,0.465,0.281,0.771,238.925,0.705,3,2004
A916,QUERENCIA,MT,3,-12.60305555,-52.1625,0.196,0.116,0.559,239.325,0.408,2,1488
A916,QUERENCIA,MT,4,-12.60305555,-52.1625,0.166,0.07,0.488,247.028,0.369,2,1440
A916,QUERENCIA,MT,5,-12.60305555,-52.1625,0.276,0.334,0.702,219.585,0.616,2,1488
A916,QUERENCIA,MT,6,-12.60305555,-52.1625,0.685,0.647,1.16,226.662,0.813,2,1440
A916,QUERENCIA,MT,7,-12.60305555,-52.1625,0.142,0.345,0.993,202.415,0.376,3,2120
A916,QUERENCIA,MT,8,-12.60305555,-52.1625,0.375,0.409,1.142,222.501,0.486,3,2232
A916,QUERENCIA,MT,9,-12.60305555,-52.1625,0.619,0.414,1.229,236.216,0.605,3,2160
A916,QUERENCIA,MT,10,-12.60305555,-52.1625,0.683,0.405,1.202,239.33,0.66,3,2232
A916,QUERENCIA,MT,11,-12.60305555,-52.1625,0.762,0.368,1.26,244.266,0.672,3,2160
A916,QUERENCIA,MT,12,-12.60305555,-52.1625,0.514,0.111,1.032,257.857,0.51,4,2974
A917,SINOP,MT,1,-11.98222221,-55.56611111,0.717,-0.459,1.552,302.611,0.548,1,744
A917,SINOP,MT,2,-11.98222221,-55.56611111,0.147,-0.187,1.44,321.875,0.165,1,672
A917,SINOP,MT,3,-11.98222221,-55.56611111,0.098,-0.365,1.338,344.928,0.282,2,1488
A917,SINOP,MT,4,-11.98222221,-55.56611111,-0.057,-0.326,1.114,9.891,0.297,1,720
A917,SINOP,MT,5,-11.98222221,-55.56611111,-0.896,-0.062,1.458,86.049,0.616,1,744
A917,SINOP,MT,6,-11.98222221,-55.56611111,-1.1,-0.797,1.63,54.084,0.833,1,720
A917,SINOP,MT,7,-11.98222221,-55.56611111,-1.302,-0.295,1.764,77.235,0.757,1,744
A917,SINOP,MT,8,-11.98222221,-55.56611111,-1.34,-0.378,2.195,74.247,0.634,1,743
A917,SINOP,MT,9,-11.98222221,-55.56611111,-0.352,-0.53,1.86,33.605,0.342,1,660
A917,SINOP,MT,10,-11.98222221,-55.56611111,0.531,-0.338,1.893,302.503,0.332,1,741
A917,SINOP,MT,11,-11.98222221,-55.56611111,0.332,-0.161,1.642,295.864,0.225,2,1440
A917,SINOP,MT,12,-11.98222221,-55.56611111,0.667,-0.465,1.604,304.906,0.507,2,1488
A919,COTRIGUACU,MT,1,-9.90638888,-58.57222221,0.128,-0.398,1.13,342.106,0.37,4,2975
A919,COTRIGUACU,MT,2,-9.90638888,-58.57222221,-0.031,-0.229,1.109,7.819,0.208,4,2660
A919,COTRIGUACU,MT,3,-9.90638888,-58.57222221,-0.068,-0.201,1.01,18.587,0.21,3,2216
A919,COTRIGUACU,MT,4,-9.90638888,-58.57222221,-0.126,0.004,0.794,91.952,0.159,3,2133
A919,COTRIGUACU,MT,5,-9.90638888,-58.57222221,-0.369,0.485,0.966,142.74,0.631,3,2195
A919,COTRIGUACU,MT,6,-9.90638888,-58.57222221,-0.541,0.425,1.103,128.184,0.624,3,1885
A919,COTRIGUACU,MT,7,-9.90638888,-58.57222221,-0.574,0.488,1.199,130.354,0.628,3,1909
A919,COTRIGUACU,MT,8,-9.90638888,-58.57222221,-0.262,0.233,1.13,131.715,0.31,3,2232
A919,COTRIGUACU,MT,9,-9.90638888,-58.57222221,-0.056,-0.147,1.029,20.671,0.153,3,2160
A919,COTRIGUACU,MT,10,-9.90638888,-58.57222221,-0.047,-0.219,1.08,12.169,0.207,3,2232
A919,COTRIGUACU,MT,11,-9.90638888,-58.57222221,-0.067,-0.173,1.117,21.241,0.166,4,2880
A919,COTRIGUACU,MT,12,-9.90638888,-58.57222221,-0.02,-0.342,1.089,3.396,0.314,4,2974
A920,JUINA,MT,1,-11.375126,-58.774785,0.433,-0.219,0.928,296.895,0.523,3,2232
A920,JUINA,MT,2,-11.375126,-58.774785,0.216,-0.019,0.833,274.918,0.26,3,2040
A920,JUINA,MT,3,-11.375126,-58.774785,0.251,-0.14,0.849,299.133,0.338,3,2232
A920,JUINA,MT,4,-11.375126,-58.774785,0.162,0.098,0.798,238.824,0.237,3,2160
A920,JUINA,MT,5,-11.375126,-58.774785,-0.097,0.42,0.953,166.987,0.452,3,2232
A920,JUINA,MT,6,-11.375126,-58.774785,-0.056,0.383,1.048,171.725,0.37,3,2160
A920,JUINA,MT,7,-11.375126,-58.774785,-0.059,0.449,1.177,172.543,0.385,3,2178
A920,JUINA,MT,8,-11.375126,-58.774785,0.077,0.263,1.143,196.359,0.24,3,2166
A920,JUINA,MT,9,-11.375126,-58.774785,0.224,0.151,1.021,235.948,0.265,3,1819
A920,JUINA,MT,10,-11.375126,-58.774785,0.48,0.058,1.005,263.151,0.481,2,1488
A920,JUINA,MT,11,-11.37499999,-58.77472221,0.094,-0.21,1.0,336.025,0.23,3,2054
A920,JUINA,MT,12,-11.37499999,-58.77472221,0.186,-0.437,0.925,336.905,0.514,3,1966
A921,SAO FELIX  DO ARAGUAIA,MT,1,-11.61888888,-50.72777777,-0.028,0.016,0.8,118.835,0.04,1,744
A921,SAO FELIX  DO ARAGUAIA,MT,2,-11.61888888,-50.72777777,-0.452,-0.066,1.062,81.712,0.43,1,672
A921,SAO FELIX  DO ARAGUAIA,MT,3,-11.61888888,-50.72777777,0.028,0.038,0.874,216.399,0.054,1,744
A921,SAO FELIX  DO ARAGUAIA,MT,4,-11.61888888,-50.72777777,0.182,0.18,0.868,225.287,0.295,1,720
A921,SAO FELIX  DO ARAGUAIA,MT,5,-11.61888888,-50.72777777,0.524,0.247,0.821,244.795,0.705,1,743
A921,SAO FELIX  DO ARAGUAIA,MT,6,-11.61888888,-50.72777777,0.531,0.238,0.782,245.874,0.744,1,720
A921,SAO FELIX  DO ARAGUAIA,MT,7,-11.61888888,-50.72777777,0.45,0.576,0.909,217.999,0.805,2,1470
A921,SAO FELIX  DO ARAGUAIA,MT,8,-11.61888888,-50.72777777,0.814,1.057,1.968,217.611,0.678,1,744
A921,SAO FELIX  DO ARAGUAIA,MT,9,-11.61888888,-50.72777777,0.218,0.674,1.659,197.936,0.427,1,720
A921,SAO FELIX  DO ARAGUAIA,MT,10,-11.61888888,-50.72777777,0.07,-0.0,1.71,270.394,0.041,1,744
A922,VILA BELA DA SANTISSIMA TRINDADE,MT,1,-15.06277777,-59.87305554,1.494,-0.55,1.788,290.224,0.891,2,1488
A922,VILA BELA DA SANTISSIMA TRINDADE,MT,2,-15.06277777,-59.87305554,1.23,-0.345,1.5,285.674,0.852,2,1368
A922,VILA BELA DA SANTISSIMA TRINDADE,MT,3,-15.06277777,-59.87305554,1.038,-0.35,1.393,288.611,0.786,2,1488
A922,VILA BELA DA SANTISSIMA TRINDADE,MT,4,-15.06277777,-59.87305554,0.889,-0.28,1.266,287.492,0.736,2,1121
A922,VILA BELA DA SANTISSIMA TRINDADE,MT,5,-15.06277777,-59.87305554,1.016,0.26,1.277,255.661,0.821,2,1473
A922,VILA BELA DA SANTISSIMA TRINDADE,MT,6,-15.06277777,-59.87305554,0.965,0.129,1.26,262.403,0.772,3,2160
A922,VILA BELA DA SANTISSIMA TRINDADE,MT,7,-15.06277777,-59.87305554,1.209,0.255,1.432,258.079,0.863,3,2212
A922,VILA BELA DA SANTISSIMA TRINDADE,MT,8,-15.06277777,-59.87305554,1.387,0.252,1.682,259.704,0.838,3,1893
A922,VILA BELA DA SANTISSIMA TRINDADE,MT,9,-15.06277777,-59.87305554,1.549,0.21,1.901,262.284,0.822,3,1798
A922,VILA BELA DA SANTISSIMA TRINDADE,MT,10,-15.06277777,-59.87305554,1.547,-0.055,1.948,272.028,0.795,2,1488
A922,VILA BELA DA SANTISSIMA TRINDADE,MT,11,-15.06277777,-59.87305554,1.685,-0.195,2.123,276.595,0.799,2,1440
A922,VILA BELA DA SANTISSIMA TRINDADE,MT,12,-15.06277777,-59.87305554,1.509,-0.163,1.741,276.153,0.872,2,1488
A923,PRIMAVERA DO LESTE,MT,1,-15.57999999,-54.3811111,0.178,-1.423,2.691,352.884,0.533,3,2007
A923,PRIMAVERA DO LESTE,MT,2,-15.57999999,-54.3811111,-0.204,-0.87,2.591,13.215,0.345,2,1245
A923,PRIMAVERA DO LESTE,MT,3,-15.57999999,-54.3811111,-0.424,-1.23,2.542,19.024,0.512,3,2114
A923,PRIMAVERA DO LESTE,MT,4,-15.57999999,-54.3811111,-0.273,-0.477,1.708,29.737,0.322,3,2045
A923,PRIMAVERA DO LESTE,MT,5,-15.57999999,-54.3811111,-0.335,0.208,2.046,121.866,0.193,3,2214
A923,PRIMAVERA DO LESTE,MT,6,-15.57999999,-54.3811111,-0.528,0.142,2.184,105.07,0.25,3,2156
A923,PRIMAVERA DO LESTE,MT,7,-15.57999999,-54.3811111,-1.077,-0.433,2.978,68.077,0.39,4,2812
A923,PRIMAVERA DO LESTE,MT,8,-15.57999999,-54.3811111,-0.582,-0.639,3.241,42.313,0.267,3,2224
A923,PRIMAVERA DO LESTE,MT,9,-15.57999999,-54.3811111,-0.019,-0.544,3.265,2.041,0.167,2,1403
A923,PRIMAVERA DO LESTE,MT,10,-15.57999999,-54.3811111,-0.041,-1.052,3.145,2.253,0.335,2,1409
A923,PRIMAVERA DO LESTE,MT,11,-15.57999999,-54.3811111,0.229,-0.815,3.139,344.287,0.27,2,1337
A923,PRIMAVERA DO LESTE,MT,12,-15.57999999,-54.3811111,0.166,-1.463,2.784,353.511,0.529,2,1361
A924,ALTA FLORESTA,MT,1,-10.07722221,-56.17916666,0.118,-0.519,1.421,347.197,0.375,2,1488
A924,ALTA FLORESTA,MT,2,-10.07722221,-56.17916666,-0.212,-0.113,1.463,62.008,0.164,2,1318
A924,ALTA FLORESTA,MT,3,-10.07722221,-56.17916666,-0.155,-0.243,1.391,32.428,0.207,2,1207
A924,ALTA FLORESTA,MT,4,-10.07722221,-56.17916666,-0.252,0.066,1.239,104.579,0.21,2,1437
A924,ALTA FLORESTA,MT,5,-10.07722221,-56.17916666,-0.794,0.899,1.507,138.559,0.796,2,1488
A924,ALTA FLORESTA,MT,6,-10.07722221,-56.17916666,-1.034,1.042,1.721,135.22,0.853,2,1440
A924,ALTA FLORESTA,MT,7,-10.07722221,-56.17916666,-1.154,1.268,1.945,137.691,0.881,1,744
A924,ALTA FLORESTA,MT,8,-10.07722221,-56.17916666,-0.916,1.012,1.792,137.862,0.762,1,744
A924,ALTA FLORESTA,MT,9,-10.07722221,-56.17916666,-0.229,0.16,1.324,124.923,0.211,1,720
A924,ALTA FLORESTA,MT,10,-10.07722221,-56.17916666,0.07,-0.196,1.49,340.335,0.14,1,744
A924,ALTA FLORESTA,MT,11,-10.07722221,-56.17916666,0.016,-0.102,1.486,351.196,0.07,2,1440
A924,ALTA FLORESTA,MT,12,-10.07722221,-56.17916666,0.077,-0.439,1.454,350.065,0.307,2,1458
A925,PORTO VELHO,RO,1,-8.7936111,-63.84583333,0.013,-0.411,1.342,358.124,0.306,1,744
A925,PORTO VELHO,RO,2,-8.7936111,-63.84583333,-0.462,-0.211,1.334,65.497,0.381,1,696
A925,PORTO VELHO,RO,3,-8.7936111,-63.84583333,0.032,-0.337,1.298,354.603,0.261,1,744
A925,PORTO VELHO,RO,4,-8.7936111,-63.84583333,-0.067,-0.102,1.197,33.351,0.102,1,720
A925,PORTO VELHO,RO,5,-8.7936111,-63.84583333,-0.302,0.382,1.256,141.63,0.387,1,744
A925,PORTO VELHO,RO,6,-8.7936111,-63.84583333,-0.454,0.313,1.044,124.593,0.529,2,1320
A925,PORTO VELHO,RO,7,-8.7936111,-63.84583333,-0.31,0.462,1.091,146.146,0.51,3,1806
A925,PORTO VELHO,RO,8,-8.7936111,-63.84583333,-0.09,0.178,1.274,153.216,0.156,3,2049
A925,PORTO VELHO,RO,9,-8.7936111,-63.84583333,0.044,-0.044,1.373,314.825,0.045,3,1523
A925,PORTO VELHO,RO,10,-8.7936111,-63.84583333,-0.03,-0.128,1.329,13.151,0.099,2,1306
A925,PORTO VELHO,RO,11,-8.7936111,-63.84583333,0.029,-0.137,1.381,347.852,0.101,3,1727
A925,PORTO VELHO,RO,12,-8.7936111,-63.84583333,0.163,-0.282,1.35,329.95,0.241,2,1446
A926,CARLINDA,MT,1,-9.97055554,-55.82749999,0.11,-0.598,1.489,349.565,0.408,2,1488
A926,CARLINDA,MT,2,-9.97055554,-55.82749999,-0.234,-0.284,1.469,39.48,0.251,2,1368
A926,CARLINDA,MT,3,-9.97055554,-55.82749999,-0.079,-0.371,1.349,12.03,0.281,1,744
A926,CARLINDA,MT,4,-9.97055554,-55.82749999,-0.21,-0.174,1.239,50.363,0.22,1,720
A926,CARLINDA,MT,5,-9.97055554,-55.82749999,-0.799,0.815,1.532,135.579,0.745,1,744
A926,CARLINDA,MT,6,-9.97055554,-55.82749999,-1.236,0.645,1.638,117.544,0.851,1,720
A926,CARLINDA,MT,7,-9.97055554,-55.82749999,-1.278,0.967,1.967,127.121,0.815,1,580
A926,CARLINDA,MT,11,-9.97055554,-55.82749999,0.152,-0.306,1.562,333.531,0.219,1,720
A926,CARLINDA,MT,12,-9.97055554,-55.82749999,0.017,-0.554,1.537,358.218,0.361,2,1488
A927,BRASNORTE (NOVO MUNDO),MT,1,-12.52194443,-58.23138888,0.28,-0.141,0.677,296.818,0.463,3,2226
A927,BRASNORTE (NOVO MUNDO),MT,2,-12.52194443,-58.23138888,0.357,-0.078,0.778,282.28,0.47,3,2005
A927,BRASNORTE (NOVO MUNDO),MT,3,-12.52194443,-58.23138888,0.229,-0.32,0.74,324.369,0.532,3,2146
A927,BRASNORTE (NOVO MUNDO),MT,4,-12.52194443,-58.23138888,0.028,-0.378,0.717,355.737,0.528,2,1440
A927,BRASNORTE (NOVO MUNDO),MT,5,-12.52194443,-58.23138888,-0.194,-0.302,0.728,32.7,0.494,2,1488
A927,BRASNORTE (NOVO MUNDO),MT,6,-12.52194443,-58.23138888,-0.206,-0.394,0.81,27.62,0.549,2,1440
A927,BRASNORTE (NOVO MUNDO),MT,7,-12.52194443,-58.23138888,0.062,-0.407,0.879,351.289,0.469,2,1484
A927,BRASNORTE (NOVO MUNDO),MT,8,-12.52194443,-58.23138888,0.219,-0.354,1.098,328.269,0.379,2,1485
A927,BRASNORTE (NOVO MUNDO),MT,9,-12.52194443,-58.23138888,0.32,-0.362,0.966,318.511,0.5,2,1085
A927,BRASNORTE (NOVO MUNDO),MT,10,-12.52194443,-58.23138888,0.275,-0.226,1.093,309.486,0.326,2,1488
A927,BRASNORTE (NOVO MUNDO),MT,11,-12.52194443,-58.23138888,0.149,-0.151,0.876,315.496,0.242,3,2159
A927,BRASNORTE (NOVO MUNDO),MT,12,-12.52194443,-58.23138888,0.3,-0.218,0.636,305.996,0.584,3,2209
A928,NOVA MARINGA,MT,1,-13.0386111,-57.09222221,0.245,-0.636,1.304,338.945,0.522,2,1488
A928,NOVA MARINGA,MT,2,-13.0386111,-57.09222221,-0.134,-0.431,1.169,17.324,0.386,2,1224
A928,NOVA MARINGA,MT,3,-13.0386111,-57.09222221,-0.093,-0.365,0.868,14.374,0.434,1,744
A928,NOVA MARINGA,MT,4,-13.0386111,-57.09222221,-0.184,-0.133,0.583,54.207,0.389,1,720
A928,NOVA MARINGA,MT,5,-13.0386111,-57.09222221,-0.295,0.544,1.111,151.496,0.557,1,744
A928,NOVA MARINGA,MT,6,-13.0386111,-57.09222221,-0.585,0.225,1.142,111.073,0.549,2,1440
A928,NOVA MARINGA,MT,7,-13.0386111,-57.09222221,-0.575,0.22,1.137,110.926,0.541,3,2232
A928,NOVA MARINGA,MT,8,-13.0386111,-57.09222221,-0.345,0.356,1.384,135.918,0.358,3,2232
A928,NOVA MARINGA,MT,9,-13.0386111,-57.09222221,-0.22,0.042,1.166,100.743,0.192,3,2160
A928,NOVA MARINGA,MT,10,-13.0386111,-57.09222221,0.059,-0.39,1.246,351.446,0.316,1,744
A928,NOVA MARINGA,MT,11,-13.0386111,-57.09222221,-0.251,-0.497,1.272,26.773,0.438,1,720
A928,NOVA MARINGA,MT,12,-13.0386111,-57.09222221,-0.244,-0.312,1.161,37.966,0.341,1,744
A929,NOVA UBIRATA,MT,1,-13.41111111,-54.75222222,0.104,-1.038,2.188,354.284,0.477,1,744
A929,NOVA UBIRATA,MT,2,-13.41111111,-54.75222222,-0.281,0.037,2.203,97.534,0.129,1,672
A929,NOVA UBIRATA,MT,3,-13.41111111,-54.75222222,-0.827,-0.084,2.293,84.198,0.362,1,744
A929,NOVA UBIRATA,MT,4,-13.41111111,-54.75222222,-0.37,0.411,1.735,137.974,0.319,1,720
A929,NOVA UBIRATA,MT,5,-13.41111111,-54.75222222,-0.873,1.183,2.084,143.563,0.706,1,744
A929,NOVA UBIRATA,MT,6,-13.41111111,-54.75222222,-0.685,1.267,2.364,151.597,0.609,1,720
A929,NOVA UBIRATA,MT,7,-13.41111111,-54.75222222,-1.529,0.658,2.718,113.292,0.612,1,744
A929,NOVA UBIRATA,MT,8,-13.41111111,-54.75222222,-1.308,0.255,2.79,101.037,0.478,1,744
A929,NOVA UBIRATA,MT,9,-13.41111111,-54.75222222,-0.362,-0.14,2.225,68.894,0.174,2,1237
A929,NOVA UBIRATA,MT,10,-13.41111111,-54.75222222,-0.077,-0.184,2.073,22.749,0.096,2,1488
A929,NOVA UBIRATA,MT,11,-13.41111111,-54.75222222,0.026,-0.195,2.086,352.532,0.094,3,2140
A929,NOVA UBIRATA,MT,12,-13.41111111,-54.75222222,0.118,-0.745,2.339,350.973,0.322,2,1486
A930,GAUCHA DO NORTE,MT,1,-13.18472221,-53.2575,1.081,-0.159,1.135,278.381,0.962,1,692
A930,GAUCHA DO NORTE,MT,3,-13.18472221,-53.2575,0.998,-0.044,1.059,272.541,0.944,2,1112
A930,GAUCHA DO NORTE,MT,4,-13.18472221,-53.2575,0.831,0.142,0.889,260.281,0.947,2,1437
A930,GAUCHA DO NORTE,MT,5,-13.18472221,-53.2575,1.185,0.341,1.283,253.959,0.961,2,1486
A930,GAUCHA DO NORTE,MT,6,-13.18472221,-53.2575,1.146,0.241,1.232,258.137,0.951,2,1439
A930,GAUCHA DO NORTE,MT,7,-13.18472221,-53.2575,1.034,0.02,1.093,268.886,0.946,2,1464
A930,GAUCHA DO NORTE,MT,8,-13.18472221,-53.2575,1.228,0.08,1.314,266.252,0.936,2,1483
A930,GAUCHA DO NORTE,MT,9,-13.18472221,-53.2575,0.675,0.042,0.718,266.472,0.942,1,703
A930,GAUCHA DO NORTE,MT,10,-13.18472221,-53.2575,1.312,0.196,1.406,261.525,0.944,1,716
A930,GAUCHA DO NORTE,MT,11,-13.18472221,-53.2575,1.392,0.111,1.499,265.42,0.931,1,673
A930,GAUCHA DO NORTE,MT,12,-13.18472221,-53.2575,1.432,-0.285,1.505,281.238,0.97,1,701
A931,SANTO ANTONIO DO LESTE,MT,1,-14.92499999,-53.88444444,-1.162,-0.753,2.152,57.063,0.644,1,744
A931,SANTO ANTONIO DO LESTE,MT,2,-14.92499999,-53.88444444,-0.944,-0.13,1.551,82.179,0.614,1,696
A931,SANTO ANTONIO DO LESTE,MT,3,-14.92777777,-53.8836111,-0.142,0.102,1.117,125.728,0.157,1,441
A931,SANTO ANTONIO DO LESTE,MT,4,-14.92777777,-53.8836111,-0.366,0.123,1.033,108.592,0.374,1,720
A931,SANTO ANTONIO DO LESTE,MT,5,-14.92777777,-53.8836111,-0.373,0.463,1.465,141.165,0.406,1,744
A931,SANTO ANTONIO DO LESTE,MT,6,-14.92777777,-53.8836111,-0.51,0.419,1.685,129.373,0.392,2,1440
A931,SANTO ANTONIO DO LESTE,MT,7,-14.92777777,-53.8836111,-0.176,-0.206,1.574,40.428,0.172,2,1488
A931,SANTO ANTONIO DO LESTE,MT,8,-14.92777777,-53.8836111,-0.329,0.365,2.146,137.969,0.229,2,1360
A931,SANTO ANTONIO DO LESTE,MT,9,-14.92777777,-53.8836111,-0.057,0.392,1.808,171.661,0.219,1,720
A931,SANTO ANTONIO DO LESTE,MT,11,-14.92499999,-53.88444444,-1.103,-0.412,1.961,69.534,0.601,1,363
A931,SANTO ANTONIO DO LESTE,MT,12,-14.92499999,-53.88444444,-0.747,-0.459,1.578,58.424,0.556,1,744
A932,GUIRATINGA,MT,1,-16.34166666,-53.76611111,0.045,-0.16,0.848,344.366,0.196,4,2975
A932,GUIRATINGA,MT,2,-16.34166666,-53.76611111,0.066,-0.116,0.851,330.55,0.157,4,2712
A932,GUIRATINGA,MT,3,-16.34166666,-53.76611111,-0.083,-0.274,0.827,16.935,0.347,5,3458
A932,GUIRATINGA,MT,4,-16.34166666,-53.76611111,-0.138,-0.127,0.765,47.502,0.245,5,3600
A932,GUIRATINGA,MT,5,-16.34166666,-53.76611111,-0.054,-0.069,0.784,37.726,0.112,5,3716
A932,GUIRATINGA,MT,6,-16.34166666,-53.76611111,-0.106,-0.032,0.783,73.244,0.142,5,3435
A932,GUIRATINGA,MT,7,-16.34166666,-53.76611111,-0.02,-0.223,0.667,4.994,0.336,4,2976
A932,GUIRATINGA,MT,8,-16.34166666,-53.76611111,-0.034,-0.071,0.774,25.89,0.102,4,2976
A932,GUIRATINGA,MT,9,-16.34166666,-53.76611111,-0.067,-0.092,0.805,36.114,0.141,3,2160
A932,GUIRATINGA,MT,10,-16.34166666,-53.76611111,-0.052,-0.058,0.816,41.949,0.096,3,2232
A932,GUIRATINGA,MT,11,-16.34166666,-53.76611111,0.064,0.045,0.799,234.838,0.099,3,2156
A932,GUIRATINGA,MT,12,-16.34166666,-53.76611111,0.015,-0.264,0.707,356.7,0.374,3,2229
A933,ITIQUIRA,MT,3,-17.17499999,-54.50166666,-0.136,0.024,0.637,100.1,0.217,1,510
A933,ITIQUIRA,MT,4,-17.17499999,-54.50166666,-0.439,0.313,0.866,125.516,0.623,1,720
A933,ITIQUIRA,MT,5,-17.17499999,-54.50166666,-0.407,0.435,1.109,136.907,0.537,1,744
A933,ITIQUIRA,MT,6,-17.17499999,-54.50166666,-0.503,0.481,1.189,133.738,0.585,1,720
A933,ITIQUIRA,MT,7,-17.17499999,-54.50166666,-0.4,-0.132,0.909,71.817,0.464,1,744
A933,ITIQUIRA,MT,8,-17.17499999,-54.50166666,-0.664,0.552,1.596,129.731,0.541,1,744
A933,ITIQUIRA,MT,9,-17.17499999,-54.50166666,-0.373,0.279,1.584,126.733,0.294,1,720
A934,ALTO TAQUARI,MT,1,-17.8411111,-53.28944444,0.201,-0.868,2.408,346.935,0.37,2,1376
A934,ALTO TAQUARI,MT,2,-17.8411111,-53.28944444,0.498,-0.68,2.345,323.752,0.359,2,1243
A934,ALTO TAQUARI,MT,3,-17.8411111,-53.28944444,-0.358,-0.785,2.095,24.512,0.412,2,1395
A934,ALTO TAQUARI,MT,4,-17.8411111,-53.28944444,-0.411,-0.265,1.528,57.211,0.32,1,717
A934,ALTO TAQUARI,MT,5,-17.8411111,-53.28944444,-0.854,0.191,1.95,102.632,0.449,1,742
A934,ALTO TAQUARI,MT,6,-17.8411111,-53.28944444,-0.433,-0.048,1.803,83.701,0.242,1,719
A934,ALTO TAQUARI,MT,7,-17.8411111,-53.28944444,-0.61,-0.44,1.923,54.187,0.391,1,726
A934,ALTO TAQUARI,MT,8,-17.8411111,-53.28944444,-0.187,-0.716,2.188,14.659,0.338,1,740
A934,ALTO TAQUARI,MT,9,-17.8411111,-53.28944444,-0.623,0.092,2.898,98.372,0.217,1,699
A934,ALTO TAQUARI,MT,10,-17.8411111,-53.28944444,-0.596,-0.169,2.791,74.141,0.222,2,1404
A934,ALTO TAQUARI,MT,11,-17.8411111,-53.28944444,-0.029,-0.011,2.764,68.578,0.011,2,1341
A934,ALTO TAQUARI,MT,12,-17.8411111,-53.28944444,0.041,-1.259,2.518,358.132,0.5,2,1362
A935,PORTO ESTRELA,MT,1,-15.32472221,-57.22583332,-0.35,-0.367,1.186,43.627,0.428,1,744
A935,PORTO ESTRELA,MT,2,-15.32472221,-57.22583332,-0.09,-0.201,0.976,24.05,0.225,1,672
A935,PORTO ESTRELA,MT,3,-15.32472221,-57.22583332,-0.368,-0.278,1.078,52.922,0.428,1,741
A935,PORTO ESTRELA,MT,6,-15.32472221,-57.22583332,0.344,0.035,0.674,264.228,0.512,1,720
A935,PORTO ESTRELA,MT,7,-15.32472221,-57.22583332,-0.135,-0.363,0.703,20.339,0.552,1,743
A935,PORTO ESTRELA,MT,8,-15.32472221,-57.22583332,0.28,0.048,0.922,260.359,0.308,1,742
A936,SALTO DO CEU,MT,2,-15.12472221,-58.12722221,0.105,-0.522,0.803,348.657,0.663,1,655
A936,SALTO DO CEU,MT,5,-15.12472221,-58.12722221,0.062,0.078,1.158,218.421,0.086,1,744
A936,SALTO DO CEU,MT,6,-15.12472221,-58.12722221,0.051,-0.052,1.132,315.747,0.064,1,720
A936,SALTO DO CEU,MT,7,-15.12472221,-58.12722221,-0.015,-0.784,1.359,1.094,0.577,1,744
A936,SALTO DO CEU,MT,8,-15.12472221,-58.12722221,0.1,-0.107,1.529,316.943,0.096,1,744
A936,SALTO DO CEU,MT,9,-15.12472221,-58.12722221,0.171,-0.011,1.355,273.706,0.126,1,720
A936,SALTO DO CEU,MT,10,-15.12472221,-58.12722221,0.111,-0.253,1.048,336.348,0.264,1,744
A936,SALTO DO CEU,MT,11,-15.12472221,-58.12722221,0.181,0.093,1.332,242.78,0.153,1,720
A936,SALTO DO CEU,MT,12,-15.12472221,-58.12722221,0.203,-0.689,1.203,343.552,0.597,1,744
A937,PONTES E LACERDA,MT,1,-15.23444444,-59.3461111,0.633,-0.619,1.06,314.349,0.835,2,1487
A937,PONTES E LACERDA,MT,2,-15.23444444,-59.3461111,0.619,-0.383,0.996,301.786,0.731,3,1871
A937,PONTES E LACERDA,MT,3,-15.23444444,-59.3461111,0.579,-0.234,0.923,292.025,0.677,3,2003
A937,PONTES E LACERDA,MT,4,-15.23444444,-59.3461111,0.585,0.004,0.919,269.652,0.636,3,1810
A937,PONTES E LACERDA,MT,5,-15.23444444,-59.3461111,0.36,0.341,1.077,226.507,0.46,3,2232
A937,PONTES E LACERDA,MT,6,-15.23444444,-59.3461111,0.375,0.163,1.027,246.586,0.398,4,2535
A937,PONTES E LACERDA,MT,7,-15.23444444,-59.3461111,0.409,0.094,1.123,257.118,0.374,4,2588
A937,PONTES E LACERDA,MT,8,-15.23444444,-59.3461111,0.478,0.139,1.27,253.75,0.392,3,2231
A937,PONTES E LACERDA,MT,9,-15.23444444,-59.3461111,0.794,0.033,1.449,267.613,0.548,2,1440
A937,PONTES E LACERDA,MT,10,-15.23444444,-59.3461111,0.737,-0.266,1.269,289.841,0.617,2,1488
A937,PONTES E LACERDA,MT,11,-15.23444444,-59.3461111,0.774,-0.164,1.394,281.957,0.568,2,1440
A937,PONTES E LACERDA,MT,12,-15.23444444,-59.3461111,0.704,-0.562,1.148,308.593,0.785,2,1488
A938,VILHENA,RO,1,-12.73499999,-60.15777777,0.369,-0.858,1.526,336.758,0.612,1,744
A938,VILHENA,RO,2,-12.73499999,-60.15777777,-0.436,-0.48,1.617,42.215,0.401,1,696
A938,VILHENA,RO,3,-12.73499999,-60.15777777,-0.403,-0.5,1.61,38.883,0.399,1,744
A938,VILHENA,RO,4,-12.73499999,-60.15777777,-0.422,-0.342,1.527,50.94,0.355,1,720
A938,VILHENA,RO,5,-12.73499999,-60.15777777,-0.657,0.313,1.974,115.494,0.369,1,744
A938,VILHENA,RO,6,-12.73499999,-60.15777777,-1.098,0.088,1.922,94.585,0.573,2,1440
A938,VILHENA,RO,7,-12.73499999,-60.15777777,-0.841,0.344,1.876,112.28,0.484,2,1488
A938,VILHENA,RO,8,-12.73499999,-60.15777777,-0.499,0.002,1.813,90.176,0.275,2,1488
A938,VILHENA,RO,9,-12.73499999,-60.15777777,-0.378,-0.142,1.68,69.335,0.24,2,1414
A938,VILHENA,RO,10,-12.73499999,-60.15777777,-0.183,-0.611,1.584,16.652,0.402,1,744
A938,VILHENA,RO,11,-12.73499999,-60.15777777,-0.23,-0.821,1.633,15.629,0.522,1,720
A938,VILHENA,RO,12,-12.73499999,-60.15777777,-0.245,-0.621,1.591,21.53,0.42,1,744
A939,CACOAL,RO,1,-11.44583333,-61.43416666,-0.004,-0.489,1.376,0.463,0.355,4,2972
A939,CACOAL,RO,2,-11.44583333,-61.43416666,-0.115,-0.461,1.379,14.046,0.345,4,2712
A939,CACOAL,RO,3,-11.44583333,-61.43416666,-0.24,-0.258,1.328,42.969,0.266,4,2976
A939,CACOAL,RO,4,-11.44583333,-61.43416666,-0.196,0.055,1.269,105.827,0.16,4,2877
A939,CACOAL,RO,5,-11.44583333,-61.43416666,-0.301,0.627,1.406,154.347,0.494,3,2229
A939,CACOAL,RO,6,-11.44583333,-61.43416666,-0.437,0.527,1.329,140.327,0.515,4,2879
A939,CACOAL,RO,7,-11.44583333,-61.43416666,-0.45,0.481,1.397,136.902,0.471,4,2973
A939,CACOAL,RO,8,-11.44583333,-61.43416666,-0.279,0.168,1.43,121.025,0.228,4,2974
A939,CACOAL,RO,9,-11.44583333,-61.43416666,-0.176,-0.124,1.356,54.95,0.159,2,1440
A939,CACOAL,RO,10,-11.44583333,-61.43416666,-0.162,-0.488,1.505,18.392,0.342,2,1488
A939,CACOAL,RO,11,-11.44583333,-61.43416666,-0.095,-0.472,1.425,11.325,0.338,2,1440
A939,CACOAL,RO,12,-11.44583333,-61.43416666,-0.095,-0.433,1.375,12.405,0.322,2,1487
A940,ARIQUEMES,RO,1,-9.94888888,-62.96194444,-0.133,-0.618,1.339,12.134,0.473,1,744
A940,ARIQUEMES,RO,2,-9.94888888,-62.96194444,-0.282,-0.036,1.337,82.713,0.213,1,696
A940,ARIQUEMES,RO,3,-9.94888888,-62.96194444,-0.163,-0.044,1.182,74.824,0.143,1,301
A940,ARIQUEMES,RO,6,-9.94888888,-62.96194444,0.072,0.871,1.327,184.731,0.658,1,711
A940,ARIQUEMES,RO,7,-9.94888888,-62.96194444,-0.077,0.401,1.192,169.185,0.343,1,413
A940,ARIQUEMES,RO,11,-9.94888888,-62.96194444,-0.06,-0.158,1.075,20.823,0.157,1,518
A940,ARIQUEMES,RO,12,-9.94888888,-62.96194444,-0.158,-0.236,1.166,33.852,0.244,1,744
A942,SAO JOSE DO XINGU,MT,1,-10.48416666,-52.37249999,0.14,-0.203,1.356,325.353,0.182,1,658
A942,SAO JOSE DO XINGU,MT,2,-10.48416666,-52.37249999,-0.009,-0.873,1.76,0.599,0.496,1,670
A942,SAO JOSE DO XINGU,MT,3,-10.48416666,-52.37249999,-0.086,-0.314,1.281,15.278,0.254,1,737
A942,SAO JOSE DO XINGU,MT,4,-10.48416666,-52.37249999,-0.137,-0.025,1.216,79.707,0.115,1,720
A942,SAO JOSE DO XINGU,MT,5,-10.48416666,-52.37249999,-0.35,0.388,1.063,137.976,0.491,1,744
A942,SAO JOSE DO XINGU,MT,6,-10.48416666,-52.37249999,-0.485,0.399,1.319,129.445,0.476,1,720
A942,SAO JOSE DO XINGU,MT,7,-10.48416666,-52.37249999,-0.712,0.651,1.546,132.437,0.624,1,597
A943,SERRA NOVA DOURADA,MT,1,-11.98777777,-51.4261111,0.069,0.542,2.199,187.272,0.248,3,1787
A943,SERRA NOVA DOURADA,MT,2,-11.98777777,-51.4261111,0.299,-0.613,2.348,333.999,0.291,2,1208
A943,SERRA NOVA DOURADA,MT,3,-11.98777777,-51.4261111,0.084,-0.162,2.54,332.55,0.072,2,1220
A943,SERRA NOVA DOURADA,MT,4,-11.98777777,-51.4261111,-0.344,0.043,2.255,97.064,0.154,2,1439
A943,SERRA NOVA DOURADA,MT,5,-11.98777777,-51.4261111,-0.781,-0.369,2.431,64.697,0.356,2,1488
A943,SERRA NOVA DOURADA,MT,6,-11.98777777,-51.4261111,-0.832,-0.731,2.908,48.696,0.381,2,1140
A943,SERRA NOVA DOURADA,MT,7,-11.98777777,-51.4261111,1.267,-2.522,3.33,333.318,0.848,2,1187
A943,SERRA NOVA DOURADA,MT,8,-11.98777777,-51.4261111,0.914,-1.822,3.349,333.351,0.609,2,1487
A943,SERRA NOVA DOURADA,MT,9,-11.98777777,-51.4261111,0.85,-0.893,3.172,316.403,0.388,2,1180
A943,SERRA NOVA DOURADA,MT,10,-11.98777777,-51.4261111,-0.074,0.097,2.911,142.717,0.042,2,1419
A943,SERRA NOVA DOURADA,MT,11,-11.98777777,-51.4261111,0.17,0.338,2.504,206.702,0.151,2,1365
A943,SERRA NOVA DOURADA,MT,12,-11.98777777,-51.4261111,0.05,0.52,2.451,185.548,0.213,2,1387
A944,ROSARIO OESTE,MT,1,-14.82888888,-56.44194444,0.014,-0.311,1.003,357.431,0.311,5,3320
A944,ROSARIO OESTE,MT,2,-14.82888888,-56.44194444,-0.073,-0.175,0.945,22.595,0.2,4,2509
A944,ROSARIO OESTE,MT,3,-14.82888888,-56.44194444,-0.156,-0.155,0.869,45.155,0.253,3,2135
A944,ROSARIO OESTE,MT,4,-14.82888888,-56.44194444,-0.033,-0.054,0.796,31.652,0.079,3,2143
A944,ROSARIO OESTE,MT,5,-14.82888888,-56.44194444,0.32,0.249,1.025,232.109,0.395,4,2908
A944,ROSARIO OESTE,MT,6,-14.82888888,-56.44194444,0.157,0.165,0.957,223.691,0.238,4,2759
A944,ROSARIO OESTE,MT,7,-14.82888888,-56.44194444,0.098,0.076,1.001,232.177,0.125,4,2862
A944,ROSARIO OESTE,MT,8,-14.82888888,-56.44194444,0.153,0.04,1.139,255.47,0.138,4,2912
A944,ROSARIO OESTE,MT,9,-14.82888888,-56.44194444,0.156,-0.04,1.204,284.333,0.134,3,2114
A944,ROSARIO OESTE,MT,10,-14.82888888,-56.44194444,0.071,-0.086,1.168,320.206,0.096,4,2852
A944,ROSARIO OESTE,MT,11,-14.82888888,-56.44194444,0.049,-0.196,1.116,345.857,0.181,4,2700
A944,ROSARIO OESTE,MT,12,-14.82888888,-56.44194444,-0.133,-0.378,1.013,19.429,0.396,4,2762
A945,BARRA DO GARCAS,MT,1,-15.88472221,-52.22722221,-0.262,0.0,1.043,90.076,0.252,1,743
A945,BARRA DO GARCAS,MT,2,-15.88472221,-52.22722221,0.13,0.028,1.025,257.701,0.13,1,672
A945,BARRA DO GARCAS,MT,3,-15.88472221,-52.22722221,-0.19,0.07,0.841,110.171,0.241,1,744
A945,BARRA DO GARCAS,MT,4,-15.88472221,-52.22722221,-0.277,0.034,0.805,97.083,0.346,1,720
A945,BARRA DO GARCAS,MT,5,-15.88472221,-52.22722221,-0.127,-0.006,0.82,87.381,0.155,1,591
A945,BARRA DO GARCAS,MT,8,-15.88472221,-52.22722221,-0.291,-0.261,1.095,48.147,0.357,1,744
A945,BARRA DO GARCAS,MT,12,-15.88472221,-52.22722221,-0.314,-0.079,1.093,75.95,0.296,1,675
A946,MARCELANDIA,MT,2,-11.08499999,-54.51388888,-0.065,0.255,0.951,165.705,0.276,1,641
A946,MARCELANDIA,MT,3,-11.08499999,-54.51388888,-0.038,0.319,0.958,173.193,0.335,1,360
A947,NOVO SANTO ANTONIO,MT,1,-12.28805555,-50.97138888,0.047,-0.183,1.228,345.526,0.154,1,743
A947,NOVO SANTO ANTONIO,MT,2,-12.28805555,-50.97138888,0.173,-0.476,1.447,340.069,0.35,1,671
A947,NOVO SANTO ANTONIO,MT,3,-12.28805555,-50.97138888,-0.122,-0.294,1.273,22.506,0.25,1,742
A947,NOVO SANTO ANTONIO,MT,4,-12.28805555,-50.97138888,-0.253,0.027,1.148,95.994,0.221,1,720
A947,NOVO SANTO ANTONIO,MT,5,-12.28805555,-50.97138888,-0.431,0.388,1.16,132.034,0.5,1,744
A947,NOVO SANTO ANTONIO,MT,6,-12.28805555,-50.97138888,-0.383,0.417,1.17,137.443,0.484,1,719
A947,NOVO SANTO ANTONIO,MT,7,-12.28805555,-50.97138888,-0.389,0.23,1.127,120.641,0.401,1,744
A947,NOVO SANTO ANTONIO,MT,8,-12.28805555,-50.97138888,-0.557,-0.131,1.267,76.777,0.451,1,744
A947,NOVO SANTO ANTONIO,MT,12,-12.28805555,-50.97138888,-0.072,-0.408,1.304,10.042,0.318,1,704
A949,DIAMANTINO,MT,1,-14.37777777,-56.37972221,0.011,-0.533,1.365,358.803,0.391,1,741
A949,DIAMANTINO,MT,2,-14.37777777,-56.37972221,0.019,-0.646,1.354,358.325,0.477,1,670
A949,DIAMANTINO,MT,3,-14.37777777,-56.37972221,-0.109,-0.616,1.337,9.991,0.468,1,742
A949,DIAMANTINO,MT,4,-14.37777777,-56.37972221,-0.091,-0.501,1.211,10.253,0.421,1,718
A949,DIAMANTINO,MT,5,-14.37777777,-56.37972221,0.193,0.198,1.621,224.288,0.171,1,744
A949,DIAMANTINO,MT,6,-14.37777777,-56.37972221,0.099,-0.121,1.462,320.81,0.107,1,719
A949,DIAMANTINO,MT,7,-14.37777777,-56.37972221,-0.001,-0.583,1.587,0.139,0.367,1,744
A949,DIAMANTINO,MT,8,-14.37777777,-56.37972221,0.108,-0.738,1.681,351.69,0.444,1,744
A950,ITANHANGA,MT,1,-12.23416666,-56.60222222,0.285,-0.872,2.269,341.876,0.404,1,732
A950,ITANHANGA,MT,2,-12.23416666,-56.60222222,0.702,-1.098,2.418,327.409,0.539,1,668
A950,ITANHANGA,MT,3,-12.23416666,-56.60222222,-0.011,-0.658,2.034,0.951,0.324,1,736
A950,ITANHANGA,MT,4,-12.23416666,-56.60222222,-0.446,-0.052,1.805,83.303,0.249,1,720
A950,ITANHANGA,MT,5,-12.23416666,-56.60222222,-0.905,1.338,2.699,145.929,0.598,1,744
A950,ITANHANGA,MT,6,-12.23416666,-56.60222222,-0.965,1.1,2.521,138.743,0.58,1,719
A950,ITANHANGA,MT,7,-12.23416666,-56.60222222,-0.661,0.049,2.308,94.252,0.287,1,744
A950,ITANHANGA,MT,8,-12.23416666,-56.60222222,-0.346,-0.414,2.456,39.923,0.22,1,744
A950,ITANHANGA,MT,12,-12.23416666,-56.60222222,0.141,-1.159,2.112,353.04,0.553,1,682
A952,TABAPORA,MT,2,-11.05055555,-56.83583333,-0.163,1.05,2.301,171.195,0.462,1,672
A952,TABAPORA,MT,3,-11.05055555,-56.83583333,0.442,0.517,2.026,220.523,0.335,1,744
A952,TABAPORA,MT,4,-11.05055555,-56.83583333,0.524,0.114,1.65,257.693,0.325,1,719
A952,TABAPORA,MT,5,-11.05055555,-56.83583333,0.391,-1.146,2.254,341.164,0.537,1,743
A952,TABAPORA,MT,6,-11.05055555,-56.83583333,0.847,-0.822,2.159,314.124,0.547,1,719
A952,TABAPORA,MT,7,-11.05055555,-56.83583333,0.898,-0.244,2.169,285.22,0.429,1,744
A952,TABAPORA,MT,8,-11.05055555,-56.83583333,0.487,0.367,2.268,233.003,0.269,1,744
A953,NOVA CANAA DO NORTE,MT,2,-10.62444443,-55.72416666,0.018,-0.582,1.635,358.209,0.356,1,672
A953,NOVA CANAA DO NORTE,MT,3,-10.62444443,-55.72416666,-0.496,-0.315,1.634,57.614,0.36,1,744
A953,NOVA CANAA DO NORTE,MT,4,-10.62444443,-55.72416666,-0.258,0.081,1.264,107.544,0.214,1,720
A953,NOVA CANAA DO NORTE,MT,5,-10.62444443,-55.72416666,-0.142,0.632,1.427,167.334,0.454,1,743
A953,NOVA CANAA DO NORTE,MT,6,-10.62444443,-55.72416666,-0.403,0.632,1.556,147.48,0.481,1,719
A953,NOVA CANAA DO NORTE,MT,7,-10.62444443,-55.72416666,-0.45,0.295,1.573,123.269,0.342,1,744
A953,NOVA CANAA DO NORTE,MT,8,-10.62444443,-55.72416666,-0.387,0.029,1.571,94.35,0.247,1,744
A954,COCALINHO,MT,1,-14.38555555,-51.00972222,-0.054,-0.349,1.464,8.791,0.241,1,743
A954,COCALINHO,MT,2,-14.38555555,-51.00972222,0.266,-0.499,1.457,331.874,0.388,1,672
A954,COCALINHO,MT,3,-14.38555555,-51.00972222,-0.091,-0.177,1.209,27.135,0.164,1,744
A954,COCALINHO,MT,4,-14.38555555,-51.00972222,-0.219,-0.042,1.203,79.208,0.185,1,720
A954,COCALINHO,MT,5,-14.38555555,-51.00972222,-0.294,0.583,1.349,153.213,0.484,1,744
A954,COCALINHO,MT,6,-14.38555555,-51.00972222,-0.252,0.631,1.308,158.24,0.519,1,719
A954,COCALINHO,MT,7,-14.38555555,-51.00972222,-0.276,0.303,1.194,137.71,0.343,1,744
A954,COCALINHO,MT,8,-14.38555555,-51.00972222,-0.346,-0.084,1.38,76.366,0.258,1,743
A954,COCALINHO,MT,12,-14.38555555,-51.00972222,-0.083,-0.522,1.54,9.067,0.344,1,676
A955,LUCAS DO RIO VERDE,MT,12,-13.07499999,-55.91138888,-0.295,-0.948,1.844,17.26,0.538,1,636
A956,NOVA XAVANTINA,MT,3,-14.69777777,-52.35027777,0.074,-0.077,0.719,316.184,0.149,1,743
A956,NOVA XAVANTINA,MT,4,-14.69777777,-52.35027777,0.006,0.068,0.637,185.465,0.107,1,719
A956,NOVA XAVANTINA,MT,5,-14.69777777,-52.35027777,-0.093,0.243,0.711,159.145,0.366,1,744
A956,NOVA XAVANTINA,MT,6,-14.69777777,-52.35027777,-0.224,0.362,0.83,148.247,0.513,1,719
A956,NOVA XAVANTINA,MT,7,-14.69777777,-52.35027777,-0.092,0.12,0.703,142.565,0.215,1,744
A956,NOVA XAVANTINA,MT,8,-14.69777777,-52.35027777,-0.123,-0.009,0.778,85.967,0.159,1,744
A957,CANARANA,MT,2,-13.47055554,-52.30444444,1.1,-1.004,2.707,312.411,0.55,1,415
A957,CANARANA,MT,3,-13.47055554,-52.30444444,-0.178,-0.722,2.164,13.843,0.343,1,744
A957,CANARANA,MT,4,-13.47055554,-52.30444444,-0.679,-0.185,1.709,74.732,0.412,1,720
A957,CANARANA,MT,5,-13.47055554,-52.30444444,-1.514,0.683,2.327,114.298,0.714,1,744
A957,CANARANA,MT,6,-13.47055554,-52.30444444,-1.543,0.745,2.529,115.768,0.677,1,719
A957,CANARANA,MT,7,-13.47055554,-52.30444444,-1.575,-0.097,2.738,86.462,0.576,1,744
A957,CANARANA,MT,8,-13.47055554,-52.30444444,-1.376,-1.154,3.082,50.019,0.583,1,744
A958,CHAPADA DOS GUIMARAES,MT,2,-15.46055555,-55.74972221,-0.191,-0.616,1.204,17.184,0.536,1,510
A958,CHAPADA DOS GUIMARAES,MT,3,-15.46055555,-55.74972221,-0.568,-0.685,1.431,39.678,0.622,1,712
A958,CHAPADA DOS GUIMARAES,MT,4,-15.46055555,-55.74972221,-0.668,-0.448,1.327,56.115,0.606,1,717
A958,CHAPADA DOS GUIMARAES,MT,5,-15.46055555,-55.74972221,-0.231,0.722,2.074,162.229,0.365,1,742
A958,CHAPADA DOS GUIMARAES,MT,6,-15.46055555,-55.74972221,-0.463,0.249,1.708,118.211,0.308,1,718
A958,CHAPADA DOS GUIMARAES,MT,7,-15.46055555,-55.74972221,-0.753,-0.412,2.134,61.302,0.402,1,727
A958,CHAPADA DOS GUIMARAES,MT,8,-15.46055555,-55.74972221,-0.559,-0.439,2.142,51.896,0.332,1,740
A960,PORTO ESPERIDIAO,MT,5,-15.86083333,-58.47222221,-0.179,0.473,1.426,159.248,0.355,1,744
A960,PORTO ESPERIDIAO,MT,6,-15.86083333,-58.47222221,-0.132,0.228,1.239,149.859,0.213,1,719
A960,PORTO ESPERIDIAO,MT,7,-15.86083333,-58.47222221,0.019,-0.231,1.33,355.245,0.174,1,744
A960,PORTO ESPERIDIAO,MT,8,-15.86083333,-58.47222221,0.199,-0.366,1.472,331.483,0.283,1,744
A961,MIRASSOL D'OESTE,MT,2,-15.64027777,-58.07888888,-0.104,-0.49,1.45,11.974,0.345,1,553
A961,MIRASSOL D'OESTE,MT,3,-15.64027777,-58.07888888,-0.363,-0.442,1.48,39.335,0.387,1,744
A961,MIRASSOL D'OESTE,MT,4,-15.64027777,-58.07888888,-0.356,-0.165,1.252,65.153,0.314,1,720
A961,MIRASSOL D'OESTE,MT,5,-15.64027777,-58.07888888,0.054,1.05,2.055,182.938,0.512,1,731
A961,MIRASSOL D'OESTE,MT,6,-15.64027777,-58.07888888,-0.033,0.61,1.732,176.877,0.353,1,685
A962,CAMPOS DE JULIO,MT,6,-13.72722221,-59.2625,-0.305,0.375,2.604,140.921,0.186,1,719
A962,CAMPOS DE JULIO,MT,7,-13.72722221,-59.2625,-0.303,-0.578,2.864,27.647,0.228,1,744
A962,CAMPOS DE JULIO,MT,8,-13.72722221,-59.2625,0.366,-0.86,3.274,336.964,0.285,1,744
A963,COMODORO NORTE,MT,5,-13.63555555,-59.78499999,-0.409,0.967,2.105,157.069,0.499,1,583
A963,COMODORO NORTE,MT,6,-13.63555555,-59.78499999,-0.799,0.119,1.947,98.445,0.415,1,719
A963,COMODORO NORTE,MT,7,-13.63555555,-59.78499999,-0.447,-0.444,1.817,45.19,0.346,1,744
A963,COMODORO NORTE,MT,8,-13.63555555,-59.78499999,-0.228,-0.453,2.052,26.749,0.247,1,744
A964,ARIPUANA,MT,3,-10.18249999,-59.45972222,-0.304,-0.246,0.926,51.023,0.422,1,738
A964,ARIPUANA,MT,4,-10.18249999,-59.45972222,-0.247,-0.167,0.893,55.983,0.334,1,720
A964,ARIPUANA,MT,5,-10.18249999,-59.45972222,-0.087,0.9,1.609,174.454,0.562,1,742
A964,ARIPUANA,MT,6,-10.18249999,-59.45972222,-0.12,0.682,1.431,170.021,0.483,1,719
A964,ARIPUANA,MT,7,-10.18249999,-59.45972222,-0.154,0.2,1.195,142.407,0.211,1,727
A964,ARIPUANA,MT,8,-10.18249999,-59.45972222,-0.091,-0.0,1.164,89.968,0.078,1,740
A965,COLNIZA,MT,5,-9.45222222,-59.23527777,0.246,0.784,1.415,197.413,0.581,1,561
A965,COLNIZA,MT,6,-9.45222222,-59.23527777,0.039,0.793,1.332,182.818,0.596,1,720
A965,COLNIZA,MT,7,-9.45222222,-59.23527777,-0.131,0.465,1.316,164.227,0.367,1,744
A965,COLNIZA,MT,8,-9.45222222,-59.23527777,-0.094,0.208,1.338,155.576,0.171,1,744
A966,POCONE,MT,6,-17.33666666,-56.76999999,-0.193,0.385,1.327,153.377,0.325,1,525
A967,BARRA DO BUGRES,MT,2,-15.07583332,-57.19472221,-1.013,-0.358,1.374,70.549,0.782,1,462
A967,BARRA DO BUGRES,MT,3,-15.07583332,-57.19472221,-0.97,-0.442,1.373,65.517,0.776,1,743
A967,BARRA DO BUGRES,MT,4,-15.07583332,-57.19472221,-0.692,-0.334,1.014,64.251,0.758,1,720
A967,BARRA DO BUGRES,MT,5,-15.07583332,-57.19472221,-0.716,0.175,1.103,103.698,0.669,1,744
A967,BARRA DO BUGRES,MT,6,-15.07583332,-57.19472221,-0.649,0.061,0.923,95.401,0.706,1,719
A967,BARRA DO BUGRES,MT,7,-15.07583332,-57.19472221,-0.717,-0.434,1.239,58.826,0.677,1,744
A967,BARRA DO BUGRES,MT,8,-15.07583332,-57.19472221,-0.866,-0.476,1.447,61.199,0.683,1,744
A969,SANTO ANTONIO DO LEVERGER,MT,5,-15.85472222,-56.07083332,-0.253,0.721,1.369,160.685,0.558,1,416
A969,SANTO ANTONIO DO LEVERGER,MT,6,-15.85472222,-56.07083332,0.046,0.131,1.36,199.544,0.102,1,719
A969,SANTO ANTONIO DO LEVERGER,MT,7,-15.85472222,-56.07083332,0.326,-0.318,1.643,314.312,0.277,1,744
A969,SANTO ANTONIO DO LEVERGER,MT,8,-15.85472222,-56.07083332,0.696,-0.312,1.888,294.156,0.404,1,743
B803,CAMPINA DA LAGOA,PR,1,-24.57083332,-52.80027777,-1.31,-0.783,3.102,59.123,0.492,3,1867
B803,CAMPINA DA LAGOA,PR,2,-24.57083332,-52.80027777,-1.232,-0.75,3.084,58.666,0.468,2,1367
B803,CAMPINA DA LAGOA,PR,3,-24.57083332,-52.80027777,-1.207,-0.304,2.779,75.857,0.448,2,1476
B803,CAMPINA DA LAGOA,PR,4,-24.57083332,-52.80027777,-1.387,-0.679,2.758,63.927,0.56,2,1415
B803,CAMPINA DA LAGOA,PR,5,-24.57083332,-52.80027777,-0.525,-0.652,2.658,38.863,0.315,3,1857
B803,CAMPINA DA LAGOA,PR,6,-24.57083332,-52.80027777,-1.13,-1.428,3.095,38.345,0.588,2,1416
B803,CAMPINA DA LAGOA,PR,7,-24.57083332,-52.80027777,-1.446,-0.629,2.969,66.511,0.531,2,1488
B803,CAMPINA DA LAGOA,PR,8,-24.57083332,-52.80027777,-1.434,-0.952,3.599,56.423,0.478,2,1485
B803,CAMPINA DA LAGOA,PR,9,-24.57083332,-52.80027777,-1.508,-1.052,3.987,55.097,0.461,3,1562
B803,CAMPINA DA LAGOA,PR,10,-24.57083332,-52.80027777,-1.573,-0.59,3.987,69.452,0.421,1,743
B803,CAMPINA DA LAGOA,PR,11,-24.57083332,-52.80027777,-1.329,-0.441,3.326,71.645,0.421,3,1804
B803,CAMPINA DA LAGOA,PR,12,-24.57083332,-52.80027777,-1.294,-0.595,2.885,65.291,0.494,3,1883
B804,LARANJEIRAS DO SUL,PR,1,-25.36888888,-52.39194444,-0.248,-0.942,2.501,14.775,0.39,3,1642
B804,LARANJEIRAS DO SUL,PR,2,-25.36888888,-52.39194444,-0.313,-0.895,2.272,19.296,0.417,2,1087
B804,LARANJEIRAS DO SUL,PR,3,-25.36888888,-52.39194444,-0.205,-0.648,2.363,17.589,0.288,2,1056
B804,LARANJEIRAS DO SUL,PR,4,-25.36888888,-52.39194444,-0.556,-0.761,2.344,36.172,0.402,2,1100
B804,LARANJEIRAS DO SUL,PR,5,-25.37138888,-52.40083333,0.322,-1.881,3.374,350.278,0.566,1,717
B804,LARANJEIRAS DO SUL,PR,6,-25.37138888,-52.40083333,-0.521,-2.469,3.457,11.915,0.73,1,720
B804,LARANJEIRAS DO SUL,PR,7,-25.37138888,-52.40083333,-0.667,-1.188,2.613,29.292,0.521,1,616
B804,LARANJEIRAS DO SUL,PR,8,-25.37138888,-52.40083333,-0.449,-2.006,3.496,12.615,0.588,2,1423
B804,LARANJEIRAS DO SUL,PR,9,-25.37138888,-52.40083333,-0.736,-1.637,3.39,24.205,0.53,1,720
B804,LARANJEIRAS DO SUL,PR,10,-25.37138888,-52.40083333,-0.859,-0.78,3.214,47.745,0.361,2,1488
B804,LARANJEIRAS DO SUL,PR,11,-25.37138888,-52.40083333,-0.775,-1.129,3.132,34.452,0.437,2,1440
B804,LARANJEIRAS DO SUL,PR,12,-25.37138888,-52.40083333,-0.409,-0.761,2.661,28.275,0.325,2,1487
B806,COLOMBO,PR,1,-25.322464,-49.157733,-0.33,-0.296,1.332,48.12,0.333,6,4410
B806,COLOMBO,PR,2,-25.322464,-49.157733,-0.249,-0.322,1.257,37.731,0.323,6,3970
B806,COLOMBO,PR,3,-25.322464,-49.157733,-0.388,-0.366,1.249,46.667,0.427,6,4189
B806,COLOMBO,PR,4,-25.322464,-49.157733,-0.416,-0.294,1.186,54.724,0.429,6,4116
B806,COLOMBO,PR,5,-25.322464,-49.157733,-0.126,-0.542,1.291,13.076,0.431,6,4092
B806,COLOMBO,PR,6,-25.322464,-49.157733,-0.071,-0.598,1.32,6.812,0.457,6,3948
B806,COLOMBO,PR,7,-25.322464,-49.157733,-0.128,-0.561,1.314,12.89,0.438,6,4228
B806,COLOMBO,PR,8,-25.322464,-49.157733,-0.354,-0.558,1.44,32.395,0.459,6,4214
B806,COLOMBO,PR,9,-25.322464,-49.157733,-0.482,-0.543,1.524,41.6,0.476,5,3548
B806,COLOMBO,PR,10,-25.322464,-49.157733,-0.703,-0.347,1.489,63.72,0.527,4,2943
B806,COLOMBO,PR,11,-25.322464,-49.157733,-0.538,-0.26,1.421,64.209,0.42,5,3548
B806,COLOMBO,PR,12,-25.322464,-49.157733,-0.433,-0.361,1.426,50.23,0.395,5,3615
B807,PORTO ALEGRE- BELEM NOVO,RS,1,-30.1861111,-51.17805554,-1.709,0.643,2.898,110.61,0.63,2,1484
B807,PORTO ALEGRE- BELEM NOVO,RS,2,-30.1861111,-51.17805554,-1.113,0.342,2.425,107.093,0.48,2,1367
B807,PORTO ALEGRE- BELEM NOVO,RS,3,-30.1861111,-51.17805554,-0.703,0.413,2.203,120.424,0.37,2,1487
B807,PORTO ALEGRE- BELEM NOVO,RS,4,-30.1861111,-51.17805554,-0.633,0.308,2.226,115.931,0.316,2,1440
B807,PORTO ALEGRE- BELEM NOVO,RS,5,-30.1861111,-51.17805554,0.11,0.417,2.001,194.775,0.216,2,1487
B807,PORTO ALEGRE- BELEM NOVO,RS,6,-30.1861111,-51.17805554,0.127,0.291,1.932,203.67,0.164,2,1440
B807,PORTO ALEGRE- BELEM NOVO,RS,7,-30.1861111,-51.17805554,-0.211,0.674,2.075,162.583,0.34,2,1485
B807,PORTO ALEGRE- BELEM NOVO,RS,8,-30.1861111,-51.17805554,-0.067,0.447,2.221,171.528,0.203,2,1488
B807,PORTO ALEGRE- BELEM NOVO,RS,9,-30.1861111,-51.17805554,-0.697,0.693,2.664,134.824,0.369,2,1440
B807,PORTO ALEGRE- BELEM NOVO,RS,10,-30.1861111,-51.17805554,-1.29,0.762,2.802,120.555,0.535,2,1488
B807,PORTO ALEGRE- BELEM NOVO,RS,11,-30.1861111,-51.17805554,-1.426,0.428,2.866,106.707,0.52,2,1440
B807,PORTO ALEGRE- BELEM NOVO,RS,12,-30.1861111,-51.17805554,-1.158,0.794,3.054,124.44,0.46,3,2044
B808,CACHOEIRINHA,RS,1,-29.95138888,-51.12416666,-0.536,0.86,2.131,148.087,0.476,1,735
B808,CACHOEIRINHA,RS,2,-29.95138888,-51.12416666,-0.791,0.936,2.114,139.79,0.58,1,665
B808,CACHOEIRINHA,RS,3,-29.95138888,-51.12416666,-1.032,0.96,2.053,132.921,0.687,1,739
B808,CACHOEIRINHA,RS,4,-29.95138888,-51.12416666,-0.155,0.348,1.84,156.001,0.207,1,720
B808,CACHOEIRINHA,RS,5,-29.95138888,-51.12416666,0.21,0.252,1.79,219.847,0.183,1,744
B808,CACHOEIRINHA,RS,8,-29.95138888,-51.12416666,-0.531,0.583,2.234,137.656,0.353,1,744
B808,CACHOEIRINHA,RS,9,-29.95138888,-51.12416666,-0.462,0.54,2.137,139.431,0.332,1,511
B808,CACHOEIRINHA,RS,10,-29.95138888,-51.12416666,-1.085,0.902,2.264,129.752,0.623,1,741
B808,CACHOEIRINHA,RS,11,-29.95138888,-51.12416666,-1.086,1.148,2.48,136.599,0.637,1,718
B808,CACHOEIRINHA,RS,12,-29.95138888,-51.12416666,-0.421,0.719,2.156,149.641,0.386,1,733
B809,SAPUCAIA DO SUL,RS,1,-29.81388888,-51.15666666,-0.284,0.597,1.752,154.557,0.377,1,741
B809,SAPUCAIA DO SUL,RS,2,-29.81388888,-51.15666666,-0.468,0.699,1.704,146.22,0.494,1,672
B809,SAPUCAIA DO SUL,RS,3,-29.81388888,-51.15666666,-0.521,0.649,1.552,141.224,0.536,1,744
B809,SAPUCAIA DO SUL,RS,4,-29.81388888,-51.15666666,-0.037,0.219,1.461,170.31,0.152,1,720
B809,SAPUCAIA DO SUL,RS,5,-29.81388888,-51.15666666,0.204,0.191,1.488,226.918,0.188,1,702
B809,SAPUCAIA DO SUL,RS,8,-29.81388888,-51.15666666,-0.141,0.574,1.888,166.224,0.313,1,742
B809,SAPUCAIA DO SUL,RS,9,-29.81388888,-51.15666666,-0.316,0.351,1.747,138.023,0.27,1,511
B809,SAPUCAIA DO SUL,RS,10,-29.81388888,-51.15666666,-0.706,0.61,1.815,130.824,0.514,1,743
B809,SAPUCAIA DO SUL,RS,11,-29.81388888,-51.15666666,-0.586,0.868,1.919,145.969,0.546,1,720
B809,SAPUCAIA DO SUL,RS,12,-29.81388888,-51.15666666,-0.042,0.513,1.702,175.318,0.303,1,740
B810,PARQUE ELDORADO,RS,1,-30.09666666,-51.67388888,-1.963,1.52,3.091,127.749,0.803,1,380
B810,PARQUE ELDORADO,RS,2,-30.09666666,-51.67388888,-1.362,1.166,2.872,130.586,0.624,1,672
B810,PARQUE ELDORADO,RS,3,-30.09666666,-51.67388888,-1.548,1.426,2.825,132.644,0.745,1,744
B810,PARQUE ELDORADO,RS,4,-30.09666666,-51.67388888,-0.169,0.483,2.563,160.684,0.2,1,720
B810,PARQUE ELDORADO,RS,5,-30.09666666,-51.67388888,0.869,0.29,2.688,251.557,0.341,1,728
B810,PARQUE ELDORADO,RS,9,-30.09666666,-51.67388888,-0.809,0.851,2.963,136.451,0.396,1,511
B810,PARQUE ELDORADO,RS,10,-30.09666666,-51.67388888,-1.611,1.203,3.257,126.766,0.617,1,742
B810,PARQUE ELDORADO,RS,11,-30.09666666,-51.67388888,-1.725,1.491,3.521,130.846,0.647,1,719
B810,PARQUE ELDORADO,RS,12,-30.09666666,-51.67388888,-0.541,0.832,2.845,146.94,0.349,1,616
B811,SERTAO SANTANA,RS,1,-30.49416666,-51.66333333,-0.075,0.774,1.917,174.472,0.405,1,723
B811,SERTAO SANTANA,RS,2,-30.49416666,-51.66333333,-0.252,0.693,1.788,160.009,0.412,1,655
B811,SERTAO SANTANA,RS,3,-30.49416666,-51.66333333,-0.414,0.724,1.711,150.225,0.487,1,744
B811,SERTAO SANTANA,RS,4,-30.49416666,-51.66333333,0.255,0.256,1.585,224.883,0.228,1,706
B811,SERTAO SANTANA,RS,5,-30.49416666,-51.66333333,0.798,0.276,1.658,250.899,0.51,1,580
B811,SERTAO SANTANA,RS,6,-30.49416666,-51.66333333,0.473,-4.533,6.416,354.049,0.71,1,394
B811,SERTAO SANTANA,RS,8,-30.49416666,-51.66333333,-0.264,0.275,2.077,136.183,0.183,1,742
B811,SERTAO SANTANA,RS,9,-30.49416666,-51.66333333,-0.05,0.484,1.802,174.133,0.27,1,509
B811,SERTAO SANTANA,RS,10,-30.49416666,-51.66333333,-0.294,0.69,2.022,156.899,0.371,1,654
B811,SERTAO SANTANA,RS,11,-30.49416666,-51.66333333,-0.502,0.923,2.225,151.434,0.472,1,560
B811,SERTAO SANTANA,RS,12,-30.49416666,-51.66333333,-0.187,0.597,1.814,162.593,0.345,1,728
B812,CHARQUEADAS,RS,1,-29.96555555,-51.62555554,-0.716,0.875,2.248,140.735,0.503,1,722
B812,CHARQUEADAS,RS,2,-29.96555555,-51.62555554,-0.917,0.851,2.158,132.864,0.58,1,527
B812,CHARQUEADAS,RS,3,-29.96555555,-51.62555554,-1.105,0.991,2.054,131.884,0.723,1,598
B812,CHARQUEADAS,RS,4,-29.96555555,-51.62555554,-0.168,0.393,2.071,156.847,0.206,1,719
B812,CHARQUEADAS,RS,5,-29.96555555,-51.62555554,0.285,0.246,1.778,229.194,0.212,1,433
B812,CHARQUEADAS,RS,7,-29.96555555,-51.62555554,-0.359,-0.066,1.557,79.561,0.234,1,538
B812,CHARQUEADAS,RS,8,-29.96555555,-51.62555554,-0.714,0.572,1.912,128.708,0.479,1,744
B812,CHARQUEADAS,RS,9,-29.96555555,-51.62555554,-0.717,0.568,2.299,128.349,0.398,1,509
B812,CHARQUEADAS,RS,10,-29.96555555,-51.62555554,-1.299,0.88,2.48,124.115,0.632,1,743
B812,CHARQUEADAS,RS,11,-29.96555555,-51.62555554,-1.278,1.164,2.667,132.324,0.648,1,695
B812,CHARQUEADAS,RS,12,-29.96555555,-51.62555554,-0.586,0.8,2.314,143.77,0.428,1,638
B813,MINAS DO LEAO,RS,1,-30.12444443,-52.05083333,-0.678,0.705,1.774,136.103,0.551,1,742
B813,MINAS DO LEAO,RS,2,-30.12444443,-52.05083333,-0.97,0.7,1.852,125.825,0.646,1,672
B813,MINAS DO LEAO,RS,3,-30.12444443,-52.05083333,-1.179,0.771,1.798,123.2,0.783,1,744
B813,MINAS DO LEAO,RS,4,-30.12444443,-52.05083333,-0.379,0.44,1.639,139.257,0.354,1,711
B813,MINAS DO LEAO,RS,5,-30.12444443,-52.05083333,0.058,0.279,1.369,191.64,0.208,1,727
B813,MINAS DO LEAO,RS,6,-30.12444443,-52.05083333,-0.12,0.338,1.167,160.381,0.308,1,666
B813,MINAS DO LEAO,RS,7,-30.12444443,-52.05083333,-0.199,0.289,1.31,145.561,0.268,1,558
B813,MINAS DO LEAO,RS,8,-30.12444443,-52.05083333,-0.804,0.58,2.003,125.798,0.495,1,658
B813,MINAS DO LEAO,RS,10,-30.12444443,-52.05083333,-1.349,0.819,2.174,121.271,0.726,1,436
B813,MINAS DO LEAO,RS,11,-30.12444443,-52.05083333,-1.22,0.834,2.156,124.348,0.685,1,702
B813,MINAS DO LEAO,RS,12,-30.12444443,-52.05083333,-0.558,0.539,1.701,134.044,0.456,1,739
B814,MONTENEGRO,RS,1,-29.75861111,-51.4361111,-0.178,0.851,1.807,168.158,0.481,1,741
B814,MONTENEGRO,RS,2,-29.75861111,-51.4361111,-0.443,0.926,1.768,154.454,0.581,1,672
B814,MONTENEGRO,RS,3,-29.75861111,-51.4361111,-0.52,0.938,1.625,151.021,0.66,1,744
B814,MONTENEGRO,RS,4,-29.75861111,-51.4361111,0.24,0.56,1.558,203.18,0.391,1,720
B814,MONTENEGRO,RS,5,-29.75861111,-51.4361111,0.499,0.484,1.51,225.868,0.461,1,744
B814,MONTENEGRO,RS,6,-29.75861111,-51.4361111,0.481,0.52,1.348,222.797,0.525,1,720
B814,MONTENEGRO,RS,7,-29.75861111,-51.4361111,0.292,0.493,1.573,210.683,0.364,1,744
B814,MONTENEGRO,RS,8,-29.75861111,-51.4361111,-0.141,0.671,1.632,168.101,0.42,1,744
B814,MONTENEGRO,RS,10,-29.75861111,-51.4361111,-0.806,0.999,2.12,141.095,0.605,1,431
B814,MONTENEGRO,RS,11,-29.75861111,-51.4361111,-0.595,1.069,2.061,150.886,0.594,1,720
B814,MONTENEGRO,RS,12,-29.75861111,-51.4361111,0.005,0.722,1.657,180.366,0.436,1,735
B815,TAQUARI,RS,1,-29.79166666,-51.82749999,-0.356,0.084,1.598,103.235,0.229,1,732
B815,TAQUARI,RS,3,-29.79166666,-51.82749999,-0.722,0.44,1.258,121.335,0.672,1,443
B815,TAQUARI,RS,4,-29.79166666,-51.82749999,-0.057,-0.182,1.698,17.353,0.112,1,671
B815,TAQUARI,RS,5,-29.79166666,-51.82749999,0.052,-1.646,2.718,358.19,0.606,1,709
B815,TAQUARI,RS,8,-29.79166666,-51.82749999,-0.351,-1.627,2.318,12.168,0.718,1,733
B816,SANTA MARIA DO HERVAL,RS,1,-29.47916666,-51.01333333,-0.39,0.558,2.382,145.048,0.286,1,724
B816,SANTA MARIA DO HERVAL,RS,2,-29.47916666,-51.01333333,-0.62,0.66,2.33,136.766,0.389,1,628
B816,SANTA MARIA DO HERVAL,RS,3,-29.47916666,-51.01333333,-0.575,0.767,2.227,143.148,0.431,1,660
B816,SANTA MARIA DO HERVAL,RS,5,-29.47916666,-51.01333333,0.257,0.234,2.145,227.653,0.162,1,675
B816,SANTA MARIA DO HERVAL,RS,6,-29.47916666,-51.01333333,0.149,0.106,1.902,234.488,0.096,1,557
B816,SANTA MARIA DO HERVAL,RS,8,-29.47916666,-51.01333333,0.324,-0.846,2.717,339.056,0.333,1,737
B816,SANTA MARIA DO HERVAL,RS,11,-29.47916666,-51.01333333,-0.416,1.019,2.662,157.777,0.414,1,649
B816,SANTA MARIA DO HERVAL,RS,12,-29.47916666,-51.01333333,0.03,0.386,2.313,184.432,0.167,1,720
B817,CAXIAS DO SUL - CRIUVA,RS,1,-28.87416666,-50.97555554,-0.216,0.444,1.955,154.081,0.252,1,725
B817,CAXIAS DO SUL - CRIUVA,RS,2,-28.87416666,-50.97555554,-0.538,0.545,1.948,135.368,0.393,1,672
B817,CAXIAS DO SUL - CRIUVA,RS,3,-28.87416666,-50.97555554,-0.743,0.555,1.875,126.747,0.495,1,744
B817,CAXIAS DO SUL - CRIUVA,RS,4,-28.87416666,-50.97555554,-0.177,0.226,1.775,141.809,0.162,1,719
B817,CAXIAS DO SUL - CRIUVA,RS,5,-28.87416666,-50.97555554,-0.071,0.18,1.833,158.427,0.105,1,694
B817,CAXIAS DO SUL - CRIUVA,RS,6,-28.87416666,-50.97555554,0.097,0.141,1.517,214.495,0.112,1,700
B817,CAXIAS DO SUL - CRIUVA,RS,8,-28.87416666,-50.97555554,-0.33,-0.474,1.984,34.872,0.291,1,742
B817,CAXIAS DO SUL - CRIUVA,RS,10,-28.87416666,-50.97555554,-0.996,0.941,2.227,133.38,0.615,1,429
B817,CAXIAS DO SUL - CRIUVA,RS,11,-28.87416666,-50.97555554,-0.696,0.712,2.236,135.634,0.445,1,720
B817,CAXIAS DO SUL - CRIUVA,RS,12,-28.87416666,-50.97555554,0.005,0.363,2.022,180.851,0.18,1,728
B818,CAXIAS DO SUL - AEROPORTO,RS,1,-29.1961111,-51.18638888,-0.06,0.729,3.388,175.269,0.216,1,694
B818,CAXIAS DO SUL - AEROPORTO,RS,2,-29.1961111,-51.18638888,-0.508,0.794,3.283,147.386,0.287,1,613
B818,CAXIAS DO SUL - AEROPORTO,RS,3,-29.1961111,-51.18638888,-0.669,0.889,3.017,143.032,0.369,1,718
B818,CAXIAS DO SUL - AEROPORTO,RS,4,-29.1961111,-51.18638888,-0.059,0.142,3.118,157.349,0.049,1,652
B818,CAXIAS DO SUL - AEROPORTO,RS,5,-29.1961111,-51.18638888,0.389,0.173,3.193,245.977,0.133,1,596
B818,CAXIAS DO SUL - AEROPORTO,RS,6,-29.1961111,-51.18638888,0.125,-0.008,2.735,273.683,0.046,1,401
B818,CAXIAS DO SUL - AEROPORTO,RS,8,-29.1961111,-51.18638888,0.122,-1.202,3.778,354.188,0.32,1,743
B818,CAXIAS DO SUL - AEROPORTO,RS,10,-29.1961111,-51.18638888,-1.729,1.123,4.012,123.013,0.514,1,383
B818,CAXIAS DO SUL - AEROPORTO,RS,11,-29.1961111,-51.18638888,-0.645,1.304,3.501,153.7,0.416,1,701
B818,CAXIAS DO SUL - AEROPORTO,RS,12,-29.1961111,-51.18638888,0.385,0.482,3.353,218.66,0.184,1,390
B819,ROLANTE,RS,1,-29.65583333,-50.61805554,-0.305,1.045,2.011,163.744,0.541,1,711
B819,ROLANTE,RS,2,-29.65583333,-50.61805554,-0.366,0.774,1.797,154.714,0.476,1,672
B819,ROLANTE,RS,3,-29.65583333,-50.61805554,-0.294,0.698,1.593,157.137,0.476,1,744
B819,ROLANTE,RS,4,-29.65583333,-50.61805554,0.197,0.476,1.782,202.422,0.289,1,720
B819,ROLANTE,RS,5,-29.65583333,-50.61805554,0.303,1.389,2.329,192.3,0.611,1,738
B819,ROLANTE,RS,6,-29.65583333,-50.61805554,0.305,1.007,1.906,196.839,0.552,1,719
B819,ROLANTE,RS,8,-29.65583333,-50.61805554,0.287,-0.014,2.148,272.693,0.134,1,740
B819,ROLANTE,RS,9,-29.65583333,-50.61805554,-0.325,0.576,1.931,150.581,0.342,1,509
B819,ROLANTE,RS,10,-29.65583333,-50.61805554,-0.42,1.359,2.411,162.813,0.59,1,717
B819,ROLANTE,RS,11,-29.65583333,-50.61805554,-0.211,1.31,2.235,170.842,0.594,1,702
B819,ROLANTE,RS,12,-29.65583333,-50.61805554,-0.006,0.691,1.891,179.475,0.366,1,741
B820,SAO FRANCISCO DE PAULA,RS,1,-29.44222221,-50.56027777,-0.256,0.285,2.507,138.022,0.153,1,742
B820,SAO FRANCISCO DE PAULA,RS,2,-29.44222221,-50.56027777,-0.65,0.144,2.526,102.501,0.264,1,671
B820,SAO FRANCISCO DE PAULA,RS,3,-29.44222221,-50.56027777,-0.803,-0.051,2.474,86.352,0.325,1,744
B820,SAO FRANCISCO DE PAULA,RS,4,-29.44222221,-50.56027777,-0.131,-0.254,2.695,27.38,0.106,1,720
B820,SAO FRANCISCO DE PAULA,RS,5,-29.44222221,-50.56027777,0.321,-0.389,2.992,320.506,0.168,1,744
B820,SAO FRANCISCO DE PAULA,RS,6,-29.44222221,-50.56027777,0.324,-0.396,2.609,320.728,0.196,1,717
B820,SAO FRANCISCO DE PAULA,RS,7,-29.44222221,-50.56027777,-0.273,-0.777,3.608,19.378,0.228,1,744
B820,SAO FRANCISCO DE PAULA,RS,8,-29.44222221,-50.56027777,-0.129,-1.603,3.418,4.598,0.471,1,726
B820,SAO FRANCISCO DE PAULA,RS,10,-29.44222221,-50.56027777,-0.982,-0.242,3.055,76.151,0.331,1,739
B820,SAO FRANCISCO DE PAULA,RS,11,-29.44222221,-50.56027777,-0.498,0.35,2.687,125.071,0.227,1,720
B820,SAO FRANCISCO DE PAULA,RS,12,-29.44222221,-50.56027777,-0.028,-0.05,2.685,28.97,0.021,1,740
B821,SANTANA DA BOA VISTA,RS,1,-30.85861111,-53.15555555,-1.021,0.588,2.148,119.953,0.549,1,726
B821,SANTANA DA BOA VISTA,RS,2,-30.85861111,-53.15555555,-1.046,0.405,2.094,111.155,0.536,1,671
B821,SANTANA DA BOA VISTA,RS,3,-30.85861111,-53.15555555,-1.616,0.423,2.152,104.658,0.776,1,740
B821,SANTANA DA BOA VISTA,RS,4,-30.85861111,-53.15555555,-0.411,0.568,1.842,144.128,0.381,1,697
B821,SANTANA DA BOA VISTA,RS,5,-30.85861111,-53.15555555,-0.27,3.357,4.22,175.393,0.798,1,644
B821,SANTANA DA BOA VISTA,RS,6,-30.85861111,-53.15555555,-0.418,1.71,2.471,166.261,0.712,1,646
B821,SANTANA DA BOA VISTA,RS,7,-30.85861111,-53.15555555,-0.015,2.994,4.212,179.715,0.711,1,518
B821,SANTANA DA BOA VISTA,RS,8,-30.85861111,-53.15555555,-0.6,2.666,3.693,167.317,0.74,1,389
B821,SANTANA DA BOA VISTA,RS,10,-30.85861111,-53.15555555,-1.64,0.469,2.859,105.944,0.597,1,431
B821,SANTANA DA BOA VISTA,RS,11,-30.85861111,-53.15555555,-1.457,0.645,2.447,113.881,0.651,1,704
B821,SANTANA DA BOA VISTA,RS,12,-30.85861111,-53.15555555,-0.598,0.453,2.015,127.133,0.372,1,739
B822,CACHOEIRA DO SUL,RS,1,-30.01833332,-52.93888888,-0.768,0.313,2.601,112.188,0.319,1,680
B822,CACHOEIRA DO SUL,RS,2,-30.01833332,-52.93888888,-1.63,0.127,2.637,94.437,0.62,1,654
B822,CACHOEIRA DO SUL,RS,3,-30.01833332,-52.93888888,-2.022,0.145,2.684,94.101,0.755,1,699
B822,CACHOEIRA DO SUL,RS,4,-30.01833332,-52.93888888,-0.725,-0.104,2.53,81.808,0.29,1,719
B822,CACHOEIRA DO SUL,RS,5,-30.01833332,-52.93888888,-0.085,-0.117,2.463,36.003,0.059,1,700
B822,CACHOEIRA DO SUL,RS,6,-30.01833332,-52.93888888,-0.234,-0.045,1.985,79.232,0.12,1,693
B822,CACHOEIRA DO SUL,RS,7,-30.01833332,-52.93888888,-0.586,-0.043,2.561,85.804,0.229,1,686
B822,CACHOEIRA DO SUL,RS,8,-30.01833332,-52.93888888,-1.515,-0.075,3.062,87.175,0.495,1,733
B822,CACHOEIRA DO SUL,RS,10,-30.01833332,-52.93888888,-1.889,1.277,3.325,124.053,0.686,1,412
B822,CACHOEIRA DO SUL,RS,11,-30.01833332,-52.93888888,-1.668,1.33,3.361,128.569,0.635,1,703
B822,CACHOEIRA DO SUL,RS,12,-30.01833332,-52.93888888,-0.756,0.574,2.488,127.238,0.382,1,738
B823,PINHEIRO MACHADO,RS,1,-31.57472221,-53.38833333,-0.955,0.471,2.634,116.25,0.404,1,740
B823,PINHEIRO MACHADO,RS,2,-31.57472221,-53.38833333,-1.007,0.412,2.419,112.237,0.45,1,672
B823,PINHEIRO MACHADO,RS,3,-31.57472221,-53.38833333,-1.789,0.241,2.624,97.661,0.688,1,744
B823,PINHEIRO MACHADO,RS,4,-31.57472221,-53.38833333,-0.096,0.148,2.419,146.863,0.073,1,719
B823,PINHEIRO MACHADO,RS,5,-31.57472221,-53.38833333,0.395,0.318,2.553,231.144,0.199,1,742
B823,PINHEIRO MACHADO,RS,6,-31.57472221,-53.38833333,-0.081,0.273,2.128,163.419,0.134,1,718
B823,PINHEIRO MACHADO,RS,7,-31.57472221,-53.38833333,-0.077,-0.207,2.719,20.53,0.081,1,744
B823,PINHEIRO MACHADO,RS,8,-31.57472221,-53.38833333,-0.92,-0.177,2.889,79.119,0.324,1,457
B823,PINHEIRO MACHADO,RS,10,-31.57472221,-53.38833333,-1.328,0.516,2.855,111.237,0.499,1,436
B823,PINHEIRO MACHADO,RS,11,-31.57472221,-53.38833333,-1.161,0.509,2.778,113.647,0.456,1,718
B823,PINHEIRO MACHADO,RS,12,-31.57472221,-53.38833333,-0.254,0.359,2.305,144.694,0.191,1,736
B824,VIAMAO,RS,5,-30.11527777,-50.92916666,0.767,0.247,1.931,252.14,0.417,1,442
B824,VIAMAO,RS,8,-30.11527777,-50.92916666,-0.63,0.495,2.363,128.151,0.339,1,739
B825,PORTO ALEGRE - BELEM NOVO,RS,1,-30.1861111,-51.17833332,-0.564,1.014,2.753,150.932,0.421,1,742
B825,PORTO ALEGRE - BELEM NOVO,RS,2,-30.1861111,-51.17833332,-1.013,0.966,2.692,133.639,0.52,1,672
B825,PORTO ALEGRE - BELEM NOVO,RS,3,-30.1861111,-51.17833332,-0.955,1.066,2.533,138.127,0.565,1,744
B825,PORTO ALEGRE - BELEM NOVO,RS,4,-30.1861111,-51.17833332,-0.167,0.216,2.162,142.34,0.126,1,720
B825,PORTO ALEGRE - BELEM NOVO,RS,5,-30.1861111,-51.17833332,0.511,0.454,2.288,228.34,0.299,1,743
B825,PORTO ALEGRE - BELEM NOVO,RS,7,-30.1861111,-51.17833332,0.144,0.079,2.116,241.412,0.078,1,744
B825,PORTO ALEGRE - BELEM NOVO,RS,8,-30.1861111,-51.17833332,-0.452,0.372,2.629,129.491,0.223,1,743
B825,PORTO ALEGRE - BELEM NOVO,RS,10,-30.1861111,-51.17833332,-1.232,1.191,3.073,134.026,0.558,1,437
B825,PORTO ALEGRE - BELEM NOVO,RS,11,-30.1861111,-51.17833332,-0.979,1.435,3.107,145.702,0.559,1,720
B825,PORTO ALEGRE - BELEM NOVO,RS,12,-30.1861111,-51.17833332,-0.476,0.78,2.578,148.587,0.354,1,742
B826,HERVAL,RS,1,-32.01277777,-53.40305555,-1.989,1.294,4.442,123.047,0.534,1,738
B826,HERVAL,RS,2,-32.01277777,-53.40305555,-2.268,1.233,4.094,118.543,0.631,1,672
B826,HERVAL,RS,3,-32.01277777,-53.40305555,-3.511,1.748,4.72,116.466,0.831,1,741
B826,HERVAL,RS,4,-32.01277777,-53.40305555,-0.502,0.305,4.289,121.246,0.137,1,718
B826,HERVAL,RS,5,-32.01277777,-53.40305555,0.434,0.489,4.225,221.6,0.155,1,711
B826,HERVAL,RS,6,-32.01277777,-53.40305555,-0.284,0.426,3.823,146.347,0.134,1,712
B826,HERVAL,RS,7,-32.01277777,-53.40305555,-0.824,0.083,4.484,95.754,0.185,1,744
B826,HERVAL,RS,8,-32.01277777,-53.40305555,-2.073,0.826,5.342,111.714,0.418,1,455
B826,HERVAL,RS,10,-32.01277777,-53.40305555,-2.044,0.852,4.846,112.632,0.457,1,700
B826,HERVAL,RS,11,-32.01277777,-53.40305555,-2.307,1.333,4.624,120.022,0.576,1,717
B826,HERVAL,RS,12,-32.01277777,-53.40305555,-1.266,0.617,3.964,116.003,0.355,1,736
B827,BAGE - CENTRO,RS,1,-31.30555555,-54.01333333,-0.87,0.507,2.559,120.264,0.394,1,591
B827,BAGE - CENTRO,RS,2,-31.30555555,-54.01333333,-1.209,0.365,2.758,106.794,0.458,1,671
B827,BAGE - CENTRO,RS,3,-31.30555555,-54.01333333,-1.695,0.359,2.688,101.971,0.645,1,743
B827,BAGE - CENTRO,RS,4,-31.30555555,-54.01333333,-0.292,-0.053,2.395,79.698,0.124,1,701
B827,BAGE - CENTRO,RS,5,-31.30555555,-54.01333333,0.339,-0.039,2.59,276.586,0.132,1,636
B827,BAGE - CENTRO,RS,6,-31.30555555,-54.01333333,0.13,-0.152,2.134,319.534,0.094,1,561
B827,BAGE - CENTRO,RS,7,-31.30555555,-54.01333333,-0.607,-0.634,3.026,43.723,0.29,1,738
B827,BAGE - CENTRO,RS,8,-31.30555555,-54.01333333,-1.157,-0.191,3.146,80.648,0.373,1,741
B827,BAGE - CENTRO,RS,10,-31.30555555,-54.01333333,-1.706,0.435,3.43,104.296,0.513,1,417
B827,BAGE - CENTRO,RS,11,-31.30555555,-54.01333333,-1.167,0.661,2.868,119.514,0.468,1,709
B827,BAGE - CENTRO,RS,12,-31.30555555,-54.01333333,-0.566,-0.117,2.433,78.343,0.238,1,471
B828,ACEGUA,RS,1,-31.87472221,-54.11972221,-1.079,0.935,3.404,130.927,0.419,1,740
B828,ACEGUA,RS,2,-31.87472221,-54.11972221,-1.237,0.555,3.388,114.15,0.4,1,668
B828,ACEGUA,RS,3,-31.87472221,-54.11972221,-2.046,0.979,3.394,115.567,0.668,1,741
B828,ACEGUA,RS,4,-31.87472221,-54.11972221,-0.074,0.427,3.393,170.216,0.128,1,717
B828,ACEGUA,RS,5,-31.87472221,-54.11972221,0.63,0.462,3.769,233.769,0.207,1,741
B828,ACEGUA,RS,6,-31.87472221,-54.11972221,0.405,0.392,3.33,225.93,0.169,1,718
B828,ACEGUA,RS,7,-31.87472221,-54.11972221,0.161,-0.266,4.055,328.882,0.077,1,744
B828,ACEGUA,RS,8,-31.87472221,-54.11972221,1.371,0.828,3.273,238.866,0.489,1,456
B828,ACEGUA,RS,10,-31.87472221,-54.11972221,-1.654,0.367,4.023,102.512,0.421,1,433
B828,ACEGUA,RS,11,-31.87472221,-54.11972221,-1.208,0.662,3.712,118.711,0.371,1,720
B828,ACEGUA,RS,12,-31.87472221,-54.11972221,-0.461,0.218,3.363,115.313,0.152,1,739
B829,SANTA VITORIA DO PALMAR (RESERVA DO TAIM),RS,1,-32.83583333,-52.6436111,-3.028,1.128,6.302,110.438,0.513,1,743
B829,SANTA VITORIA DO PALMAR (RESERVA DO TAIM),RS,2,-32.83583333,-52.6436111,-2.927,0.889,6.021,106.9,0.508,1,669
B829,SANTA VITORIA DO PALMAR (RESERVA DO TAIM),RS,3,-32.83583333,-52.6436111,-4.562,1.056,6.166,103.028,0.759,1,740
B829,SANTA VITORIA DO PALMAR (RESERVA DO TAIM),RS,4,-32.83583333,-52.6436111,-0.746,0.126,5.378,99.623,0.141,1,715
B829,SANTA VITORIA DO PALMAR (RESERVA DO TAIM),RS,5,-32.83583333,-52.6436111,1.457,0.626,4.807,246.733,0.33,1,740
B829,SANTA VITORIA DO PALMAR (RESERVA DO TAIM),RS,6,-32.83583333,-52.6436111,0.582,-0.567,4.584,314.235,0.177,1,717
B829,SANTA VITORIA DO PALMAR (RESERVA DO TAIM),RS,7,-32.83583333,-52.6436111,-0.524,-1.178,4.737,23.982,0.272,1,723
B829,SANTA VITORIA DO PALMAR (RESERVA DO TAIM),RS,8,-32.83583333,-52.6436111,-1.423,-2.039,5.674,34.919,0.438,1,467
B829,SANTA VITORIA DO PALMAR (RESERVA DO TAIM),RS,10,-32.83583333,-52.6436111,-3.731,0.719,6.918,100.906,0.549,1,396
B829,SANTA VITORIA DO PALMAR (RESERVA DO TAIM),RS,11,-32.83583333,-52.6436111,-2.815,0.43,5.861,98.685,0.486,1,718
B829,SANTA VITORIA DO PALMAR (RESERVA DO TAIM),RS,12,-32.83583333,-52.6436111,-2.725,-0.303,5.684,83.653,0.482,1,740
B830,SANTA VITORIA DO PALMAR (CENTRO),RS,1,-33.53166666,-53.35027777,-1.357,0.578,3.481,113.068,0.424,1,724
B830,SANTA VITORIA DO PALMAR (CENTRO),RS,2,-33.53166666,-53.35027777,-1.199,0.427,3.014,109.579,0.422,1,672
B830,SANTA VITORIA DO PALMAR (CENTRO),RS,3,-33.53166666,-53.35027777,-1.889,0.06,2.63,91.812,0.719,1,742
B830,SANTA VITORIA DO PALMAR (CENTRO),RS,4,-33.53166666,-53.35027777,-0.401,0.136,2.016,108.72,0.21,1,705
B830,SANTA VITORIA DO PALMAR (CENTRO),RS,5,-33.53166666,-53.35027777,-0.083,-0.206,2.306,21.87,0.096,1,710
B830,SANTA VITORIA DO PALMAR (CENTRO),RS,6,-33.53166666,-53.35027777,-0.055,0.124,1.803,155.92,0.075,1,677
B830,SANTA VITORIA DO PALMAR (CENTRO),RS,7,-33.53166666,-53.35027777,-0.755,0.313,2.571,112.535,0.318,1,739
B830,SANTA VITORIA DO PALMAR (CENTRO),RS,8,-33.53166666,-53.35027777,-0.453,0.519,2.723,138.89,0.253,1,743
B830,SANTA VITORIA DO PALMAR (CENTRO),RS,9,-33.53166666,-53.35027777,-0.862,-0.275,3.595,72.314,0.252,1,292
B830,SANTA VITORIA DO PALMAR (CENTRO),RS,10,-33.53166666,-53.35027777,-0.858,-0.554,3.466,57.163,0.295,1,542
B830,SANTA VITORIA DO PALMAR (CENTRO),RS,11,-33.53166666,-53.35027777,-1.347,0.485,3.396,109.78,0.422,1,699
B830,SANTA VITORIA DO PALMAR (CENTRO),RS,12,-33.53166666,-53.35027777,-1.013,-0.169,3.082,80.508,0.333,1,739
B831,SAO LOURENCO DO SUL,RS,4,-31.34055555,-52.01083333,-0.285,0.022,3.333,94.492,0.086,1,663
B831,SAO LOURENCO DO SUL,RS,5,-31.34055555,-52.01083333,1.107,-0.676,3.627,301.423,0.358,1,703
B831,SAO LOURENCO DO SUL,RS,6,-31.34055555,-52.01083333,0.685,-2.123,3.985,342.121,0.56,1,631
B831,SAO LOURENCO DO SUL,RS,7,-31.34055555,-52.01083333,0.092,-0.787,3.626,353.357,0.218,1,696
B831,SAO LOURENCO DO SUL,RS,8,-31.34055555,-52.01083333,-0.234,0.489,4.143,154.476,0.131,1,690
B832,CAPAO DA CANOA,RS,1,-29.68527777,-49.99305555,-1.183,0.159,3.207,97.675,0.372,1,742
B832,CAPAO DA CANOA,RS,2,-29.68527777,-49.99305555,-1.349,-0.011,3.087,89.521,0.437,1,672
B832,CAPAO DA CANOA,RS,3,-29.68527777,-49.99305555,-1.954,-0.509,3.099,75.404,0.652,1,741
B832,CAPAO DA CANOA,RS,4,-29.68527777,-49.99305555,-0.626,-0.316,2.802,63.211,0.25,1,685
B832,CAPAO DA CANOA,RS,5,-29.68527777,-49.99305555,0.598,0.208,2.657,250.816,0.238,1,721
B832,CAPAO DA CANOA,RS,6,-29.68527777,-49.99305555,0.39,0.175,2.562,245.843,0.167,1,645
B832,CAPAO DA CANOA,RS,7,-29.68527777,-49.99305555,-0.393,-0.162,3.197,67.568,0.133,1,688
B832,CAPAO DA CANOA,RS,8,-29.68527777,-49.99305555,-0.762,-0.405,3.512,61.994,0.246,1,744
B832,CAPAO DA CANOA,RS,11,-29.68527777,-49.99305555,-0.949,0.381,3.676,111.893,0.278,1,443
B832,CAPAO DA CANOA,RS,12,-29.68527777,-49.99305555,-1.693,-0.36,3.577,77.989,0.484,1,742
B833,CRUZ ALTA ( CENTRO),RS,3,-28.62583332,-53.61361111,-1.161,0.594,2.371,117.12,0.55,1,697
B833,CRUZ ALTA ( CENTRO),RS,4,-28.62583332,-53.61361111,-0.631,0.092,2.358,98.311,0.27,1,659
B833,CRUZ ALTA ( CENTRO),RS,5,-28.62583332,-53.61361111,-0.637,-0.521,2.798,50.693,0.294,1,679
B833,CRUZ ALTA ( CENTRO),RS,6,-28.62583332,-53.61361111,-0.552,-1.016,2.822,28.521,0.41,1,472
B833,CRUZ ALTA ( CENTRO),RS,8,-28.62583332,-53.61361111,2.431,-0.223,3.56,275.234,0.686,1,624
B834,GARRUCHOS,RS,5,-28.19694444,-55.62972221,-0.141,0.177,2.595,141.473,0.087,1,591
B834,GARRUCHOS,RS,6,-28.19694444,-55.62972221,-0.241,-0.148,2.051,58.418,0.138,1,594
B834,GARRUCHOS,RS,8,-28.19694444,-55.62972221,-0.454,0.156,2.459,108.919,0.195,1,598
B835,JOIA,RS,5,-28.65027777,-54.11277777,-0.715,0.776,2.525,137.363,0.418,1,616
B835,JOIA,RS,8,-28.65027777,-54.11277777,-1.27,0.289,2.794,102.799,0.466,1,612
B836,PALMARES DO SUL,RS,1,-30.24916666,-50.50916666,-1.255,0.791,3.3,122.23,0.45,1,699
B836,PALMARES DO SUL,RS,2,-30.24916666,-50.50916666,-1.794,0.75,3.442,112.695,0.565,1,497
B836,PALMARES DO SUL,RS,3,-30.24916666,-50.50916666,-2.197,0.659,3.511,106.695,0.653,1,741
B836,PALMARES DO SUL,RS,4,-30.24916666,-50.50916666,-0.283,-0.029,3.422,84.159,0.083,1,680
B836,PALMARES DO SUL,RS,5,-30.24916666,-50.50916666,1.309,-0.25,3.217,280.822,0.414,1,706
B836,PALMARES DO SUL,RS,6,-30.24916666,-50.50916666,0.831,0.132,1.771,260.998,0.475,1,685
B836,PALMARES DO SUL,RS,7,-30.24916666,-50.50916666,1.534,0.027,2.677,268.996,0.573,1,724
B836,PALMARES DO SUL,RS,8,-30.24916666,-50.50916666,0.688,0.065,2.023,264.563,0.342,1,732
B836,PALMARES DO SUL,RS,10,-30.24916666,-50.50916666,-3.911,0.376,5.137,95.484,0.765,1,294
B836,PALMARES DO SUL,RS,11,-30.24916666,-50.50916666,-0.623,0.718,2.821,139.047,0.337,1,606
B836,PALMARES DO SUL,RS,12,-30.24916666,-50.50916666,-1.521,0.383,3.493,104.136,0.449,1,716
B837,PORTO XAVIER,RS,5,-27.90277777,-55.16722221,-0.205,0.557,1.546,159.767,0.384,1,732
B837,PORTO XAVIER,RS,6,-27.90277777,-55.16722221,0.135,0.496,1.06,195.25,0.484,1,692
B837,PORTO XAVIER,RS,8,-27.90277777,-55.16722221,-0.107,0.056,1.395,117.692,0.087,1,739
B838,SALTO DO JACUI,RS,3,-29.09638888,-53.2125,-0.377,0.598,1.286,147.789,0.549,1,649
B838,SALTO DO JACUI,RS,4,-29.09638888,-53.2125,-0.014,0.269,1.404,176.943,0.192,1,616
B838,SALTO DO JACUI,RS,5,-29.09638888,-53.2125,0.143,0.243,1.323,210.549,0.213,1,615
B838,SALTO DO JACUI,RS,6,-29.09638888,-53.2125,0.023,0.26,1.191,185.161,0.219,1,594
B838,SALTO DO JACUI,RS,7,-29.09638888,-53.2125,-0.56,0.051,1.77,95.154,0.318,1,374
B838,SALTO DO JACUI,RS,8,-29.09638888,-53.2125,-0.173,0.068,1.735,111.604,0.107,1,609
B839,SANTO ANTONIO DA PATRULHA,RS,1,-29.81611111,-50.53333333,-0.417,0.658,2.439,147.641,0.319,1,741
B839,SANTO ANTONIO DA PATRULHA,RS,2,-29.81611111,-50.53333333,-0.669,0.604,2.305,132.114,0.391,1,672
B839,SANTO ANTONIO DA PATRULHA,RS,3,-29.81611111,-50.53333333,-0.736,0.639,2.042,130.972,0.478,1,716
B839,SANTO ANTONIO DA PATRULHA,RS,4,-29.81611111,-50.53333333,0.044,0.138,2.303,197.834,0.063,1,719
B839,SANTO ANTONIO DA PATRULHA,RS,5,-29.81611111,-50.53333333,0.421,0.082,2.301,258.98,0.186,1,695
B839,SANTO ANTONIO DA PATRULHA,RS,6,-29.81611111,-50.53333333,0.188,0.224,1.842,219.899,0.159,1,511
B839,SANTO ANTONIO DA PATRULHA,RS,8,-29.81611111,-50.53333333,0.036,0.071,2.404,206.875,0.033,1,744
B839,SANTO ANTONIO DA PATRULHA,RS,10,-29.81611111,-50.53333333,-1.72,0.634,2.767,110.223,0.663,1,311
B839,SANTO ANTONIO DA PATRULHA,RS,11,-29.81611111,-50.53333333,-0.631,0.85,2.54,143.395,0.417,1,701
B839,SANTO ANTONIO DA PATRULHA,RS,12,-29.81611111,-50.53333333,-0.185,0.527,2.471,160.644,0.226,1,737
B840,SOBRADINHO,RS,3,-29.39833333,-53.01361111,0.19,0.759,1.139,194.034,0.687,1,477
B840,SOBRADINHO,RS,4,-29.39833333,-53.01361111,0.271,0.323,1.086,219.984,0.388,1,664
B840,SOBRADINHO,RS,5,-29.39833333,-53.01361111,2.394,0.526,2.933,257.606,0.836,1,442
B840,SOBRADINHO,RS,8,-29.39833333,-53.01361111,2.556,0.509,3.158,258.732,0.825,1,608
B841,TORRES-AEROPORTO,RS,1,-29.41361111,-49.80361111,-0.751,0.02,2.807,91.504,0.268,1,723
B841,TORRES-AEROPORTO,RS,2,-29.41361111,-49.80361111,-0.987,-0.193,2.72,78.923,0.37,1,651
B841,TORRES-AEROPORTO,RS,3,-29.41361111,-49.80361111,-0.93,-0.327,2.646,70.632,0.372,1,717
B841,TORRES-AEROPORTO,RS,4,-29.41361111,-49.80361111,-0.082,0.181,2.302,155.485,0.086,1,650
B841,TORRES-AEROPORTO,RS,5,-29.41361111,-49.80361111,0.282,0.398,2.022,215.305,0.241,1,698
B841,TORRES-AEROPORTO,RS,6,-29.41361111,-49.80361111,0.149,0.585,2.013,194.302,0.3,1,536
B841,TORRES-AEROPORTO,RS,7,-29.41361111,-49.80361111,0.191,-0.095,2.2,296.303,0.097,1,492
B841,TORRES-AEROPORTO,RS,8,-29.41361111,-49.80361111,0.065,-0.567,2.307,353.506,0.248,1,741
B841,TORRES,RS,10,-29.41361111,-49.80361111,-1.503,-0.531,3.654,70.559,0.436,1,310
B841,TORRES,RS,11,-29.41361111,-49.80361111,-0.883,0.025,3.081,91.601,0.287,1,689
B841,TORRES,RS,12,-29.41361111,-49.80361111,-0.74,-0.202,2.765,74.725,0.277,1,719
B842,CARAZINHO,RS,3,-28.32333332,-52.81444444,-1.085,0.318,2.935,106.343,0.385,1,706
B842,CARAZINHO,RS,4,-28.32333332,-52.81444444,-0.796,-0.087,3.037,83.763,0.264,1,685
B842,CARAZINHO,RS,5,-28.32333332,-52.81444444,-0.501,0.44,2.772,131.315,0.241,1,691
B842,CARAZINHO,RS,6,-28.32333332,-52.81444444,-0.268,-0.332,2.688,38.867,0.159,1,685
B842,CARAZINHO,RS,8,-28.32333332,-52.81444444,-1.025,-0.586,3.378,60.25,0.35,1,625
B843,AJURICABA,RS,5,-28.22083332,-53.6736111,-0.398,-0.154,2.841,68.876,0.15,1,487
B843,AJURICABA,RS,6,-28.22083332,-53.6736111,-0.319,-1.402,2.034,12.823,0.707,1,500
B843,AJURICABA,RS,8,-28.22083332,-53.6736111,-0.772,-1.497,2.99,27.272,0.563,1,679
B844,SANTO ANGELO,RS,3,-28.27805554,-54.27388888,-0.584,0.691,2.134,139.797,0.424,1,682
B844,SANTO ANGELO,RS,4,-28.27805554,-54.27388888,-0.418,0.358,2.253,130.538,0.244,1,630
B844,SANTO ANGELO,RS,5,-28.27805554,-54.27388888,-0.2,0.666,2.113,163.254,0.329,1,588
B844,SANTO ANGELO,RS,6,-28.27805554,-54.27388888,-0.116,0.737,1.914,171.079,0.39,1,459
B844,SANTO ANGELO,RS,8,-28.27805554,-54.27388888,-0.506,0.544,3.194,137.068,0.232,1,609
B845,ESPERANCA DO SUL,RS,5,-27.37416666,-53.96916666,-0.895,0.364,2.149,112.134,0.45,1,473
B846,NONOAI,RS,3,-27.35861111,-52.77805554,-0.237,0.054,1.203,102.847,0.202,1,691
B846,NONOAI,RS,4,-27.35861111,-52.77805554,-0.133,0.001,1.214,90.363,0.11,1,695
B846,NONOAI,RS,5,-27.35861111,-52.77805554,-0.08,0.044,1.075,118.756,0.085,1,718
B846,NONOAI,RS,6,-27.35861111,-52.77805554,-0.031,-0.08,1.097,21.207,0.078,1,688
B846,NONOAI,RS,8,-27.35861111,-52.77805554,-0.312,-0.362,1.443,40.765,0.331,1,666
B847,ALEGRETE (MARONNA),RS,8,-29.82138888,-55.88722221,-1.893,0.558,3.678,106.43,0.536,1,624
B848,BARRA DO QUARAI,RS,8,-30.11166666,-57.3361111,-0.576,1.074,2.861,151.775,0.426,1,401
B849,ITACURUBI,RS,8,-28.69916666,-55.38055554,-0.705,0.671,2.669,133.612,0.365,1,432
B850,ITAQUI,RS,3,-29.15555555,-56.55555555,-1.375,1.128,2.913,129.368,0.611,1,689
B850,ITAQUI,RS,4,-29.15555555,-56.55555555,-1.044,0.621,2.606,120.729,0.466,1,585
B850,ITAQUI,RS,5,-29.15555555,-56.55555555,-0.751,1.022,2.871,143.684,0.442,1,608
B850,ITAQUI,RS,6,-29.15555555,-56.55555555,-0.564,0.588,2.504,136.2,0.325,1,498
B850,ITAQUI,RS,7,-29.15555555,-56.55555555,-1.383,0.134,3.527,95.522,0.394,1,640
B850,ITAQUI,RS,8,-29.15555555,-56.55555555,-1.145,0.454,3.268,111.622,0.377,1,730
B851,MACAMBARA,RS,5,-29.15527777,-56.1786111,-0.119,0.704,1.901,170.434,0.375,1,658
B851,MACAMBARA,RS,8,-29.15527777,-56.1786111,-5.56,0.61,6.608,96.257,0.847,1,389
B852,DILERMANDO DE AGUIAR,RS,5,-29.72555554,-54.18805555,-0.108,0.484,2.041,167.382,0.243,1,708
B852,DILERMANDO DE AGUIAR,RS,6,-29.72555554,-54.18805555,-0.249,0.374,1.824,146.301,0.247,1,681
B852,DILERMANDO DE AGUIAR,RS,7,-29.72555554,-54.18805555,-0.734,0.086,2.764,96.709,0.267,1,459
B852,DILERMANDO DE AGUIAR,RS,8,-29.72555554,-54.18805555,-1.113,0.283,2.803,104.286,0.41,1,718
B853,LAVRAS DO SUL,RS,5,-30.7886111,-53.89416666,1.612,0.539,4.288,251.516,0.397,1,659
B853,LAVRAS DO SUL,RS,6,-30.7886111,-53.89416666,3.236,0.166,4.939,267.07,0.656,1,529
B853,LAVRAS DO SUL,RS,7,-30.7886111,-53.89416666,0.363,0.344,4.131,226.545,0.121,1,398
B854,FAXINAL DO SOTURNO,RS,5,-29.58749999,-53.42749999,0.664,-0.055,1.699,274.7,0.392,1,704
B854,FAXINAL DO SOTURNO,RS,6,-29.58749999,-53.42749999,0.35,0.082,1.418,256.829,0.253,1,605
B854,FAXINAL DO SOTURNO,RS,7,-29.58749999,-53.42749999,-0.241,0.254,2.316,136.418,0.151,1,659
B854,FAXINAL DO SOTURNO,RS,8,-29.58749999,-53.42749999,0.268,0.066,2.055,256.168,0.134,1,742
B855,Rosario do Sul,RS,5,-30.25972222,-54.90222222,0.109,0.206,2.447,207.795,0.095,1,654
B855,Rosario do Sul,RS,6,-30.25972222,-54.90222222,0.784,0.493,2.004,237.86,0.462,1,635
B855,Rosario do Sul,RS,7,-30.25972222,-54.90222222,0.575,-0.091,2.564,279.019,0.227,1,627
B855,Rosario do Sul,RS,8,-30.25972222,-54.90222222,0.386,0.32,2.441,230.315,0.205,1,604
B856,BOM JESUS (INMET),RS,5,-28.66944443,-50.44194444,-0.185,-0.119,2.366,57.315,0.093,1,495
B856,BOM JESUS (INMET),RS,8,-28.66944443,-50.44194444,-0.353,-0.9,2.766,21.402,0.349,1,412
B858,CASCA,RS,5,-28.56361111,-51.96916666,0.181,0.526,1.089,198.941,0.511,1,623
B858,CASCA,RS,8,-28.56361111,-51.96916666,0.141,-0.361,1.56,338.703,0.248,1,701
B859,MUCUM,RS,5,-29.15361111,-51.86527777,0.147,0.337,0.966,203.55,0.38,1,585
B859,MUCUM,RS,6,-29.15361111,-51.86527777,0.062,0.291,0.832,191.977,0.357,1,629
B859,MUCUM,RS,7,-29.15361111,-51.86527777,0.126,0.175,1.031,215.663,0.209,1,663
B859,MUCUM,RS,8,-29.15361111,-51.86527777,0.191,-0.228,0.928,320.006,0.32,1,685
B860,RELVADO,RS,5,-29.10444444,-52.05277777,0.138,0.242,1.037,209.739,0.269,1,684
B860,RELVADO,RS,6,-29.10444444,-52.05277777,-0.045,0.297,0.876,171.385,0.343,1,645
B860,RELVADO,RS,7,-29.10444444,-52.05277777,0.04,0.427,1.013,185.31,0.423,1,479
B860,RELVADO,RS,8,-29.10444444,-52.05277777,-0.047,0.085,1.217,150.975,0.08,1,582
B861,SAO JOSE DO OURO,RS,5,-27.77249999,-51.58666666,-0.58,-0.157,2.178,74.857,0.276,1,655
B861,SAO JOSE DO OURO,RS,6,-27.77249999,-51.58666666,-0.606,-0.463,2.17,52.585,0.351,1,623
B861,SAO JOSE DO OURO,RS,8,-27.77249999,-51.58666666,-1.134,-0.864,2.748,52.696,0.519,1,657
B862,MOSTARDAS - BACUPARI,RS,5,-30.50611111,-50.41999999,0.634,0.22,3.879,250.88,0.173,1,719
B862,MOSTARDAS - BACUPARI,RS,6,-30.50611111,-50.41999999,0.335,0.26,3.723,232.185,0.114,1,662
B862,MOSTARDAS - BACUPARI,RS,7,-30.50611111,-50.41999999,0.472,0.042,4.441,264.907,0.107,1,466
B862,MOSTARDAS - BACUPARI,RS,8,-30.50611111,-50.41999999,-1.633,-0.602,4.493,69.756,0.387,1,571
F501,BELO HORIZONTE - CERCADINHO,MG,1,-19.97999999,-43.95861111,-2.277,0.286,4.233,97.149,0.542,5,3719
F501,BELO HORIZONTE - CERCADINHO,MG,2,-19.97999999,-43.95861111,-2.591,0.399,4.155,98.75,0.631,6,4056
F501,BELO HORIZONTE - CERCADINHO,MG,3,-19.97999999,-43.95861111,-3.547,1.45,4.851,112.229,0.79,6,4448
F501,BELO HORIZONTE - CERCADINHO,MG,4,-19.97999999,-43.95861111,-3.493,2.098,5.197,120.99,0.784,6,4319
F501,BELO HORIZONTE - CERCADINHO,MG,5,-19.97999999,-43.95861111,-3.437,1.807,5.088,117.733,0.763,5,3719
F501,BELO HORIZONTE - CERCADINHO,MG,6,-19.97999999,-43.95861111,-3.242,1.569,4.804,115.824,0.75,5,3599
F501,BELO HORIZONTE - CERCADINHO,MG,7,-19.97999999,-43.95861111,-3.619,1.647,5.148,114.473,0.772,6,4464
F501,BELO HORIZONTE - CERCADINHO,MG,8,-19.97999999,-43.95861111,-4.301,1.827,5.731,113.019,0.816,6,4462
F501,BELO HORIZONTE - CERCADINHO,MG,9,-19.97999999,-43.95861111,-4.763,1.857,6.085,111.297,0.84,5,3597
F501,BELO HORIZONTE - CERCADINHO,MG,10,-19.97999999,-43.95861111,-4.146,1.628,5.694,111.441,0.782,5,3630
F501,BELO HORIZONTE - CERCADINHO,MG,11,-19.97999999,-43.95861111,-3.245,1.52,5.316,115.103,0.674,5,3600
F501,BELO HORIZONTE - CERCADINHO,MG,12,-19.97999999,-43.95861111,-2.581,0.691,4.654,104.979,0.574,5,3718
S701,ANGELICA,MS,1,-22.148083,-53.763736,-0.221,-0.564,1.978,21.424,0.307,1,718
S701,ANGELICA,MS,2,-22.148083,-53.763736,-0.348,0.6,1.9,149.898,0.365,1,668
S701,ANGELICA,MS,3,-22.148083,-53.763736,-0.091,-0.017,1.793,79.436,0.052,1,743
S701,ANGELICA,MS,4,-22.148083,-53.763736,-1.08,0.686,2.239,122.427,0.572,1,720
S701,ANGELICA,MS,5,-22.148083,-53.763736,-0.254,0.326,1.974,142.103,0.209,1,744
S701,ANGELICA,MS,6,-22.148083,-53.763736,-0.512,0.575,2.042,138.32,0.377,1,720
S701,ANGELICA,MS,7,-22.148083,-53.763736,-0.806,0.665,2.228,129.518,0.469,1,744
S701,ANGELICA,MS,8,-22.148083,-53.763736,-0.824,0.132,2.452,99.113,0.34,1,743
S701,ANGELICA,MS,9,-22.148083,-53.763736,-0.589,0.236,2.384,111.858,0.266,1,708
S701,ANGELICA,MS,10,-22.148083,-53.763736,-1.346,0.504,2.492,110.532,0.576,1,732
S701,ANGELICA,MS,11,-22.148083,-53.763736,-1.02,0.613,2.417,120.996,0.492,1,480
S702,ARAL MOREIRA,MS,1,-22.955,-55.6261111,-0.203,-1.26,2.775,9.159,0.46,1,744
S702,ARAL MOREIRA,MS,2,-22.955,-55.6261111,-0.448,0.208,2.503,114.942,0.197,1,672
S702,ARAL MOREIRA,MS,3,-22.955,-55.6261111,0.166,-0.191,2.576,319.063,0.098,1,744
S702,ARAL MOREIRA,MS,4,-22.955,-55.6261111,-1.553,-0.361,2.909,76.903,0.548,1,720
S702,ARAL MOREIRA,MS,5,-22.955,-55.6261111,-0.605,-0.674,2.696,41.902,0.336,1,744
S702,ARAL MOREIRA,MS,6,-22.955,-55.6261111,-0.959,-0.435,2.776,65.614,0.379,1,720
S702,ARAL MOREIRA,MS,7,-22.955,-55.6261111,-1.581,-0.784,3.246,63.629,0.544,1,744
S702,ARAL MOREIRA,MS,8,-22.955,-55.6261111,-0.737,-0.991,3.306,36.626,0.374,1,744
S702,ARAL MOREIRA,MS,9,-22.955,-55.6261111,-0.434,-0.838,3.135,27.405,0.301,1,720
S704,BONITO,MS,1,-21.24666666,-56.45055555,0.018,-1.37,2.849,359.255,0.481,1,744
S704,BONITO,MS,2,-21.24666666,-56.45055555,0.342,0.239,2.348,235.081,0.178,1,672
S704,BONITO,MS,3,-21.24666666,-56.45055555,0.394,-0.337,2.526,310.484,0.205,1,744
S704,BONITO,MS,4,-21.24666666,-56.45055555,-0.023,0.232,2.355,174.324,0.099,1,720
S704,BONITO,MS,5,-21.24666666,-56.45055555,0.27,0.142,2.591,242.236,0.118,1,744
S704,BONITO,MS,6,-21.24666666,-56.45055555,0.121,0.335,2.35,199.925,0.152,1,504
S706,CAARAPO,MS,1,-22.657056,-54.819306,-0.37,-1.43,2.673,14.491,0.553,1,744
S706,CAARAPO,MS,2,-22.657056,-54.819306,-0.472,-0.032,2.227,86.146,0.212,1,672
S706,CAARAPO,MS,3,-22.657056,-54.819306,0.047,-0.521,2.551,354.793,0.205,1,577
S706,CAARAPO,MS,4,-22.657056,-54.819306,-1.428,-0.33,2.753,76.976,0.532,1,495
S706,CAARAPO,MS,5,-22.657056,-54.819306,-0.319,-0.549,2.593,30.105,0.245,1,450
S707,CAMAPUA,MS,12,-19.58749999,-54.02999999,-0.394,-0.131,2.369,71.661,0.175,1,698
S709,IGUATEMI,MS,3,-23.64444444,-54.57027777,-0.133,-0.405,2.146,18.132,0.198,1,744
S709,IGUATEMI,MS,4,-23.64444444,-54.57027777,-1.359,-0.399,2.554,73.634,0.555,1,720
S709,IGUATEMI,MS,5,-23.64444444,-54.57027777,-0.305,-0.383,2.377,38.572,0.206,1,744
S709,IGUATEMI,MS,6,-23.64444444,-54.57027777,-0.868,-0.418,2.685,64.311,0.359,1,707
S709,IGUATEMI,MS,7,-23.64444444,-54.57027777,-1.088,-0.551,2.765,63.128,0.441,1,647
S709,IGUATEMI,MS,12,-23.64444444,-54.57027777,-0.765,-0.371,2.699,64.123,0.315,1,466
S710,ITAPORA,MS,1,-22.092833,-54.798833,-0.107,-0.569,2.012,10.654,0.288,1,744
S710,ITAPORA,MS,2,-22.092833,-54.798833,-0.353,0.525,1.866,146.121,0.339,1,672
S710,ITAPORA,MS,3,-22.092833,-54.798833,0.221,-0.026,2.044,276.833,0.109,1,744
S710,ITAPORA,MS,4,-22.092833,-54.798833,-1.019,0.472,2.103,114.843,0.534,1,720
S710,ITAPORA,MS,5,-22.092833,-54.798833,-0.308,0.31,2.029,135.124,0.215,1,744
S710,ITAPORA,MS,6,-22.092833,-54.798833,-0.627,0.593,1.972,133.408,0.438,1,720
S710,ITAPORA,MS,7,-22.092833,-54.798833,-1.047,0.557,2.199,118.029,0.539,1,744
S710,ITAPORA,MS,8,-22.092833,-54.798833,-0.659,0.196,2.356,106.549,0.292,1,744
S710,ITAPORA,MS,9,-22.092833,-54.798833,-0.457,0.15,2.233,108.135,0.215,1,720
S710,ITAPORA,MS,10,-22.092833,-54.798833,-1.059,0.228,2.384,102.155,0.455,1,744
S710,ITAPORA,MS,11,-22.092833,-54.798833,-0.755,0.302,2.198,111.793,0.37,1,424
S711,LAGUNA CARAPA,MS,1,-22.575389,-55.160333,0.029,-1.509,3.444,358.916,0.438,1,469
S711,LAGUNA CARAPA,MS,2,-22.575389,-55.160333,-0.369,0.654,3.231,150.611,0.232,1,424
S711,LAGUNA CARAPA,MS,3,-22.575389,-55.160333,0.367,-0.315,3.8,310.616,0.127,1,447
S711,LAGUNA CARAPA,MS,4,-22.575389,-55.160333,-1.665,-0.198,3.592,83.236,0.467,1,429
S711,LAGUNA CARAPA,MS,5,-22.575389,-55.160333,-0.371,-0.422,3.043,41.311,0.185,1,379
S711,LAGUNA CARAPA,MS,9,-22.575389,-55.160333,-0.341,-1.676,4.71,11.512,0.363,1,352
S711,LAGUNA CARAPA,MS,12,-22.575389,-55.160333,-0.708,0.032,3.058,92.549,0.232,1,640
S712,NOVA ALVORADA DO SUL,MS,1,-21.450972,-54.341972,0.272,-0.984,2.227,344.573,0.458,1,386
S712,NOVA ALVORADA DO SUL,MS,8,-21.450972,-54.341972,-0.671,-1.136,2.855,30.576,0.462,1,453
S712,NOVA ALVORADA DO SUL,MS,9,-21.450972,-54.341972,-0.524,-0.721,2.295,36.02,0.388,1,720
S712,NOVA ALVORADA DO SUL,MS,10,-21.450972,-54.341972,-1.034,-0.536,2.387,62.594,0.488,1,744
S712,NOVA ALVORADA DO SUL,MS,11,-21.450972,-54.341972,-0.538,-0.155,1.92,73.935,0.291,1,676
S714,PEDRO GOMES,MS,1,-18.07277777,-54.54888888,-0.088,-0.191,1.034,24.899,0.203,1,438
S714,PEDRO GOMES,MS,2,-18.07277777,-54.54888888,-0.081,0.089,0.964,137.617,0.124,1,395
S714,PEDRO GOMES,MS,3,-18.07277777,-54.54888888,-0.116,-0.065,0.962,60.813,0.138,1,443
S714,PEDRO GOMES,MS,10,-18.07277777,-54.54888888,-0.399,0.328,1.283,129.453,0.403,1,400
S714,PEDRO GOMES,MS,11,-18.07277777,-54.54888888,-0.029,-0.005,1.055,81.002,0.028,1,389
S714,PEDRO GOMES,MS,12,-18.07277777,-54.54888888,-0.123,0.032,1.012,104.774,0.125,1,412
S715,RIBAS DO RIO PARDO,MS,1,-20.466694,-53.763028,0.271,-0.893,2.232,343.103,0.418,1,744
S715,RIBAS DO RIO PARDO,MS,2,-20.466694,-53.763028,0.022,0.368,2.013,183.489,0.183,1,671
S715,RIBAS DO RIO PARDO,MS,3,-20.466694,-53.763028,0.296,-0.776,2.141,339.14,0.388,1,744
S715,RIBAS DO RIO PARDO,MS,4,-20.466694,-53.763028,-0.682,0.719,2.124,136.531,0.467,1,711
S715,RIBAS DO RIO PARDO,MS,8,-20.466694,-53.763028,-0.503,-0.263,2.656,62.401,0.214,1,558
S715,RIBAS DO RIO PARDO,MS,9,-20.466694,-53.763028,-0.006,0.066,2.55,174.878,0.026,1,720
S715,RIBAS DO RIO PARDO,MS,10,-20.466694,-53.763028,-0.537,0.25,2.651,114.971,0.223,1,743
S715,RIBAS DO RIO PARDO,MS,11,-20.466694,-53.763028,-0.099,0.112,2.355,138.492,0.063,1,718
S715,RIBAS DO RIO PARDO,MS,12,-20.466694,-53.763028,-0.359,0.003,2.147,90.486,0.167,1,742
S716,SANTA RITA DO PARDO,MS,1,-21.305889,-52.820375,-0.374,-0.564,2.338,33.561,0.29,1,737
S716,SANTA RITA DO PARDO,MS,2,-21.305889,-52.820375,-0.822,0.318,2.214,111.123,0.398,1,672
S716,SANTA RITA DO PARDO,MS,3,-21.305889,-52.820375,-0.506,-0.5,2.139,45.382,0.333,1,744
S716,SANTA RITA DO PARDO,MS,4,-21.305889,-52.820375,-1.693,0.456,2.615,105.073,0.671,1,720
S716,SANTA RITA DO PARDO,MS,5,-21.305889,-52.820375,-0.687,-0.009,2.284,89.285,0.301,1,744
S716,SANTA RITA DO PARDO,MS,6,-21.305889,-52.820375,-1.092,0.213,2.646,101.025,0.421,1,720
S716,SANTA RITA DO PARDO,MS,7,-21.305889,-52.820375,-1.494,0.384,2.906,104.427,0.531,1,744
S716,SANTA RITA DO PARDO,MS,11,-21.305889,-52.820375,-1.026,0.266,2.711,104.523,0.391,1,720
S716,SANTA RITA DO PARDO,MS,12,-21.305889,-52.820375,-1.4,-0.017,2.559,89.31,0.547,1,744
