uf,regiao,bioma,mes,precipitacao_mm,precipitacao_max_24h_mm,dias_com_chuva,temperatura_media_c,umidade_relativa_pct,rajada_vento_max_kmh,altitude_m,declividade_media_pct,densidade_demografica_hab_km2,pct_area_urbana,indice_vegetacao_ndvi,tipo_desastre
RJ,Sudeste,Mata Atlantica,7,77.4,26.7,11,18.4,69.5,28.1,232.0,2.2,63.7,21.9,0.336,nenhum
MT,Centro-Oeste,Cerrado,6,122.8,41.3,8,21.1,68.5,49.0,102.0,14.6,113.7,28.6,0.347,nenhum
SC,Sul,Mata Atlantica,1,238.5,70.3,21,22.8,91.2,41.8,110.0,11.2,28.1,19.4,0.677,nenhum
ES,Sudeste,Mata Atlantica,2,228.8,50.9,15,24.6,74.5,84.0,1492.0,14.9,40.9,18.5,0.648,tempestade
RR,Norte,Amazonia,8,50.0,9.0,0,25.7,78.3,22.7,166.0,6.0,8.6,19.5,0.418,estiagem_seca
RS,Sul,Mata Atlantica,7,124.6,41.9,7,12.1,75.1,52.4,40.0,18.8,7.2,13.6,0.548,nenhum
ES,Sudeste,Mata Atlantica,7,71.4,20.1,4,22.6,97.2,25.0,776.0,18.6,3.9,11.5,0.285,nenhum
ES,Sudeste,Mata Atlantica,2,235.0,69.3,16,21.5,95.0,32.4,705.0,15.1,85.3,23.1,0.561,nenhum
TO,Norte,Amazonia,7,99.5,40.5,8,23.6,88.6,19.2,31.0,0.9,30.8,19.0,0.207,nenhum
MS,Centro-Oeste,Cerrado,1,158.8,59.2,12,27.0,77.2,33.0,1233.0,4.1,8.5,14.3,0.537,nenhum
BA,Nordeste,Caatinga,2,50.2,12.0,7,30.6,71.1,20.9,247.0,11.5,27.7,16.5,0.267,incendio_florestal
RS,Sul,Mata Atlantica,6,55.8,27.7,6,17.4,79.2,92.3,89.0,12.4,10.1,20.2,0.459,tempestade
RJ,Sudeste,Mata Atlantica,8,97.9,39.6,8,18.5,76.9,40.5,559.0,22.4,65.0,20.0,0.361,nenhum
ES,Sudeste,Mata Atlantica,8,61.6,19.8,4,16.9,80.4,43.8,1059.0,14.3,217.0,27.0,0.287,nenhum
MS,Centro-Oeste,Cerrado,12,342.4,129.3,24,24.1,85.4,34.8,202.0,3.2,361.8,19.2,0.623,inundacao
MA,Nordeste,Cerrado,11,29.0,13.2,1,29.0,66.2,76.6,103.0,5.8,39.2,19.9,0.279,estiagem_seca
MG,Sudeste,Mata Atlantica,5,107.2,46.8,12,20.7,83.4,55.2,821.0,3.3,37.9,20.3,0.507,nenhum
AM,Norte,Amazonia,10,152.9,65.3,10,24.3,87.8,44.2,167.0,11.9,3.3,12.1,0.371,nenhum
ES,Sudeste,Mata Atlantica,2,262.5,85.3,18,22.9,82.0,32.1,1482.0,19.8,5.5,11.2,0.775,deslizamento
MG,Sudeste,Mata Atlantica,11,432.0,97.1,24,19.6,86.0,72.7,116.0,7.8,366.2,28.3,0.508,inundacao
ES,Sudeste,Mata Atlantica,5,123.8,54.7,8,21.3,75.1,41.6,30.0,14.8,64.1,15.3,0.436,nenhum
RN,Nordeste,Caatinga,10,55.5,13.6,3,28.1,73.3,40.2,536.0,12.1,266.5,21.2,0.24,incendio_florestal
PR,Sul,Mata Atlantica,12,233.2,104.1,22,19.6,82.6,50.5,460.0,10.9,2.9,14.7,0.583,tempestade
RS,Sul,Mata Atlantica,9,119.8,40.2,8,17.8,94.9,63.3,594.0,22.1,44.1,18.7,0.343,nenhum
MG,Sudeste,Mata Atlantica,12,121.0,19.4,9,24.8,85.6,61.0,324.0,1.1,3.7,12.7,0.487,nenhum
PI,Nordeste,Caatinga,1,96.4,14.9,4,30.1,61.5,23.4,396.0,11.8,1.9,11.7,0.387,incendio_florestal
MS,Centro-Oeste,Cerrado,3,87.2,27.4,4,26.3,64.8,39.4,650.0,17.0,12.9,20.3,0.413,nenhum
AM,Norte,Amazonia,8,53.0,6.9,4,22.2,97.0,35.0,76.0,3.4,760.7,24.6,0.348,nenhum
SE,Nordeste,Caatinga,7,39.7,13.7,2,26.3,60.8,39.2,18.0,22.3,14.7,21.6,0.267,incendio_florestal
RJ,Sudeste,Mata Atlantica,2,169.8,38.2,15,22.2,87.7,58.8,893.0,14.6,322.8,32.3,0.534,nenhum
SP,Sudeste,Cerrado,9,123.7,56.2,8,17.8,87.9,68.2,462.0,19.4,33.6,15.2,0.462,deslizamento
SC,Sul,Pampa,1,108.4,58.6,4,19.7,83.2,26.3,618.0,7.0,312.9,32.3,0.344,nenhum
RN,Nordeste,Mata Atlantica,12,41.6,16.3,2,31.7,63.2,26.9,216.0,6.5,137.3,28.4,0.334,estiagem_seca
CE,Nordeste,Caatinga,2,86.1,38.4,5,30.1,75.0,31.6,118.0,7.4,356.8,30.2,0.448,estiagem_seca
MS,Centro-Oeste,Cerrado,6,68.5,15.4,3,22.9,72.4,58.2,535.0,8.8,24.2,17.6,0.438,nenhum
AL,Nordeste,Caatinga,10,70.6,44.9,4,29.1,58.8,57.0,456.0,5.3,73.7,26.9,0.207,incendio_florestal
AC,Norte,Amazonia,7,48.6,8.0,2,22.4,89.5,8.1,345.0,8.6,59.1,26.9,0.291,incendio_florestal
MT,Centro-Oeste,Pantanal,9,104.5,56.3,8,21.5,67.8,43.8,865.0,14.0,2229.6,22.2,0.493,nenhum
BA,Nordeste,Cerrado,9,26.4,10.6,2,22.6,56.3,16.6,215.0,2.3,190.2,23.2,0.172,deslizamento
MG,Sudeste,Cerrado,12,385.7,196.7,26,23.5,85.9,41.8,1209.0,20.5,39.8,20.9,0.661,deslizamento
MT,Centro-Oeste,Cerrado,6,84.2,24.9,10,21.7,72.3,14.0,472.0,13.3,1043.1,42.9,0.25,nenhum
MG,Sudeste,Mata Atlantica,12,158.1,37.1,14,21.5,93.5,35.7,477.0,13.7,1181.2,31.5,0.489,nenhum
SP,Sudeste,Cerrado,7,134.3,73.1,8,18.6,76.8,38.3,1126.0,16.5,18.8,16.1,0.678,nenhum
RN,Nordeste,Mata Atlantica,11,40.3,8.4,3,28.8,65.3,22.8,283.0,6.0,75.1,16.4,0.303,estiagem_seca
SP,Sudeste,Mata Atlantica,9,102.3,45.7,9,22.5,90.4,35.8,284.0,11.7,27.9,20.5,0.391,nenhum
MG,Sudeste,Mata Atlantica,2,264.4,92.5,20,25.1,79.3,34.8,1171.0,15.1,4.7,15.6,0.839,deslizamento
MA,Nordeste,Cerrado,8,25.0,8.3,1,24.6,68.0,37.8,256.0,12.6,65.0,29.2,0.251,estiagem_seca
PI,Nordeste,Cerrado,11,46.0,14.8,5,30.0,58.9,11.1,40.0,12.5,0.5,9.6,0.29,estiagem_seca
MG,Sudeste,Cerrado,2,124.4,24.0,7,23.6,67.9,21.3,1252.0,20.9,55.8,23.1,0.319,inundacao
PB,Nordeste,Caatinga,11,63.2,36.8,4,25.8,69.2,43.0,623.0,11.3,45.7,21.7,0.404,nenhum
SE,Nordeste,Caatinga,2,252.0,138.2,18,28.5,81.7,33.4,452.0,7.4,44.9,24.3,0.574,tempestade
PA,Norte,Amazonia,11,331.1,102.5,22,27.0,89.8,24.3,40.0,2.5,35.9,20.1,0.656,inundacao
RJ,Sudeste,Cerrado,10,231.3,111.4,15,21.5,95.4,27.2,401.0,10.5,25.9,16.4,0.677,tempestade
SP,Sudeste,Mata Atlantica,2,179.0,32.4,19,22.2,83.8,72.0,865.0,12.3,3.8,12.5,0.609,tempestade
RJ,Sudeste,Mata Atlantica,9,67.6,15.0,5,20.6,78.3,15.3,768.0,6.4,6.0,15.9,0.239,nenhum
RJ,Sudeste,Mata Atlantica,2,189.7,139.7,14,23.8,77.1,120.7,877.0,20.1,45.3,25.2,0.47,tempestade
MT,Centro-Oeste,Cerrado,7,89.1,28.7,5,24.0,76.6,23.9,626.0,14.7,45.8,22.5,0.388,nenhum
ES,Sudeste,Mata Atlantica,12,407.7,200.2,27,21.2,78.1,47.4,1215.0,15.1,179.5,29.5,0.53,deslizamento
PB,Nordeste,Mata Atlantica,3,112.0,33.2,11,29.3,74.9,36.5,128.0,5.4,24.2,13.2,0.49,nenhum
PA,Norte,Amazonia,3,279.1,67.3,25,26.8,98.3,36.2,216.0,14.2,9.9,19.8,0.577,nenhum
MG,Sudeste,Mata Atlantica,6,75.5,35.2,5,20.1,69.8,25.1,1078.0,9.1,31.0,15.8,0.348,nenhum
GO,Centro-Oeste,Cerrado,5,60.8,10.0,8,20.8,66.1,26.7,1461.0,8.4,1.8,10.6,0.322,nenhum
ES,Sudeste,Mata Atlantica,1,154.8,101.5,10,21.5,79.2,35.4,876.0,21.1,64.4,18.5,0.558,deslizamento
MG,Sudeste,Cerrado,6,48.2,27.1,3,17.0,72.9,17.7,942.0,15.7,116.6,20.3,0.269,incendio_florestal
SP,Sudeste,Mata Atlantica,4,264.0,115.5,16,18.9,69.0,74.1,92.0,9.4,358.1,21.2,0.716,tempestade
ES,Sudeste,Mata Atlantica,2,196.7,79.6,14,23.4,91.7,28.7,632.0,20.6,74.7,15.2,0.669,deslizamento
RJ,Sudeste,Cerrado,4,180.2,33.6,17,23.7,76.3,50.6,165.0,12.0,9.1,19.4,0.543,nenhum
SE,Nordeste,Mata Atlantica,1,83.7,20.5,5,31.3,67.8,37.1,344.0,3.4,17.5,16.9,0.397,deslizamento
AC,Norte,Amazonia,11,111.6,26.2,7,26.0,88.6,41.7,266.0,3.1,37.5,15.7,0.385,nenhum
GO,Centro-Oeste,Cerrado,12,256.8,75.3,22,30.4,82.8,43.6,91.0,3.3,17.2,17.2,0.601,tempestade
CE,Nordeste,Cerrado,5,126.4,33.9,6,27.1,66.4,20.3,524.0,6.0,8.5,16.0,0.369,nenhum
PI,Nordeste,Cerrado,11,74.2,34.0,5,30.2,77.1,58.0,313.0,1.0,19.8,20.8,0.358,incendio_florestal
PR,Sul,Pampa,6,190.8,75.5,16,15.8,82.1,17.8,462.0,14.1,210.8,26.1,0.505,nenhum
PB,Nordeste,Mata Atlantica,11,41.8,8.2,3,28.9,63.8,22.5,658.0,17.8,86.3,25.3,0.309,estiagem_seca
RO,Norte,Amazonia,3,245.3,83.3,20,25.2,100.0,39.8,118.0,14.7,177.3,19.8,0.641,inundacao
BA,Nordeste,Caatinga,4,274.1,123.9,23,27.0,79.5,36.2,971.0,21.5,15.1,20.8,0.632,deslizamento
CE,Nordeste,Caatinga,9,38.1,18.7,4,25.1,77.2,23.8,271.0,4.3,386.0,35.4,0.228,incendio_florestal
MG,Sudeste,Cerrado,3,266.5,100.4,22,23.9,91.3,59.7,642.0,5.9,83.0,16.3,0.532,tempestade
ES,Sudeste,Mata Atlantica,10,30.1,4.0,0,22.5,68.3,42.2,1141.0,22.3,90.3,21.1,0.335,estiagem_seca
ES,Sudeste,Mata Atlantica,6,108.1,40.7,13,18.9,77.4,40.1,647.0,10.3,45.3,25.3,0.373,nenhum
RJ,Sudeste,Mata Atlantica,5,64.4,33.3,8,20.3,81.4,32.2,452.0,32.9,1.2,10.0,0.338,deslizamento
CE,Nordeste,Mata Atlantica,6,77.9,39.1,4,24.2,71.0,44.2,166.0,10.2,389.8,19.5,0.473,nenhum
SP,Sudeste,Mata Atlantica,10,119.0,22.9,7,24.2,82.6,50.0,189.0,11.5,77.9,15.8,0.424,nenhum
BA,Nordeste,Caatinga,1,109.9,24.1,9,31.7,59.4,26.5,72.0,9.8,10.7,13.6,0.478,estiagem_seca
AC,Norte,Amazonia,10,372.3,283.6,27,20.9,90.3,34.5,135.0,0.6,1101.4,24.6,0.518,inundacao
RR,Norte,Amazonia,10,179.6,74.9,17,20.3,90.5,20.4,89.0,4.5,50.7,24.6,0.485,nenhum
MG,Sudeste,Mata Atlantica,10,279.9,97.2,22,17.5,81.3,63.9,906.0,3.8,28.2,13.5,0.77,tempestade
GO,Centro-Oeste,Amazonia,12,109.9,29.1,6,26.6,60.9,20.9,699.0,6.7,11.4,16.9,0.488,nenhum
SE,Nordeste,Caatinga,10,49.9,8.6,4,27.1,55.3,19.8,209.0,9.8,19.1,22.5,0.349,incendio_florestal
GO,Centro-Oeste,Cerrado,7,24.5,6.7,0,22.2,70.6,48.4,176.0,1.5,4.4,16.3,0.218,estiagem_seca
BA,Nordeste,Caatinga,6,139.1,54.8,10,24.3,65.5,37.5,587.0,5.9,25.2,20.1,0.486,nenhum
SP,Sudeste,Mata Atlantica,5,181.2,69.7,15,21.0,82.8,73.7,413.0,25.2,40.7,19.2,0.521,tempestade
MS,Centro-Oeste,Amazonia,10,100.2,31.0,12,27.2,76.2,29.4,1017.0,9.9,113.1,21.0,0.422,incendio_florestal
PE,Nordeste,Cerrado,5,65.8,22.8,4,27.1,69.6,35.6,219.0,14.7,3.2,13.0,0.421,nenhum
PE,Nordeste,Cerrado,7,77.2,23.5,7,24.8,68.2,31.4,501.0,11.7,14.7,20.5,0.371,nenhum
ES,Sudeste,Mata Atlantica,2,273.1,72.6,29,22.9,87.7,61.9,995.0,15.8,7.7,13.3,0.764,tempestade
PB,Nordeste,Cerrado,4,104.8,37.1,11,29.1,81.6,34.9,548.0,15.6,191.4,19.7,0.487,estiagem_seca
RO,Norte,Amazonia,4,204.2,26.0,17,25.5,89.5,31.5,33.0,14.5,135.4,19.0,0.508,nenhum
RR,Norte,Amazonia,6,153.8,41.6,10,27.2,88.6,33.8,231.0,7.6,2.8,12.5,0.384,nenhum
PR,Sul,Mata Atlantica,7,183.0,47.9,11,14.2,95.8,10.7,555.0,20.6,32.6,17.9,0.628,tempestade
PR,Sul,Mata Atlantica,9,80.5,23.8,8,15.8,76.8,14.7,384.0,16.0,402.4,37.1,0.319,nenhum
RJ,Sudeste,Mata Atlantica,6,84.9,44.7,3,19.8,74.4,23.9,119.0,15.5,149.0,23.0,0.463,nenhum
PE,Nordeste,Caatinga,2,151.4,57.7,13,33.8,71.1,39.1,51.0,3.7,29.3,21.4,0.512,estiagem_seca
RS,Sul,Mata Atlantica,7,136.9,73.1,9,16.2,85.3,46.8,532.0,7.8,93.6,28.7,0.552,nenhum
ES,Sudeste,Mata Atlantica,1,358.7,178.4,25,24.7,76.2,55.1,818.0,18.0,163.1,30.8,0.691,deslizamento
SP,Sudeste,Cerrado,11,353.0,59.7,23,23.4,79.6,45.6,840.0,7.6,694.9,22.6,0.69,inundacao
MS,Centro-Oeste,Cerrado,10,156.3,50.4,10,27.4,77.8,42.6,358.0,3.7,25.7,21.6,0.469,nenhum
SE,Nordeste,Caatinga,3,92.1,26.1,8,29.9,63.4,32.2,86.0,0.5,380.4,30.5,0.318,incendio_florestal
AC,Norte,Amazonia,4,314.7,192.3,25,28.3,87.8,54.1,127.0,19.9,21.6,18.0,0.551,deslizamento
PR,Sul,Mata Atlantica,1,197.2,53.4,15,21.7,88.8,33.7,528.0,7.4,20.1,21.7,0.614,nenhum
DF,Centro-Oeste,Cerrado,5,186.6,77.8,11,23.4,64.2,69.8,718.0,1.9,37.5,18.5,0.502,tempestade
SE,Nordeste,Caatinga,1,73.2,34.9,4,29.7,57.0,35.3,701.0,12.4,62.8,15.5,0.346,incendio_florestal
RN,Nordeste,Mata Atlantica,12,97.3,30.5,9,30.8,74.2,22.7,284.0,2.9,153.1,16.4,0.403,estiagem_seca
SP,Sudeste,Cerrado,2,441.0,249.7,27,25.9,81.3,113.9,998.0,3.2,42.7,22.4,0.624,tempestade
PB,Nordeste,Caatinga,8,50.2,17.4,0,25.0,64.0,11.1,148.0,14.7,23.0,18.2,0.328,incendio_florestal
SC,Sul,Pampa,7,116.4,27.1,8,14.9,83.1,28.4,188.0,3.0,13.7,19.5,0.26,nenhum
ES,Sudeste,Mata Atlantica,3,194.7,62.0,16,20.6,80.0,37.6,362.0,26.3,120.2,30.7,0.54,deslizamento
MG,Sudeste,Mata Atlantica,10,100.5,38.8,13,23.7,87.2,7.0,993.0,6.8,52.4,23.1,0.438,nenhum
MT,Centro-Oeste,Cerrado,2,469.0,138.7,24,24.8,75.6,42.6,77.0,7.5,76.9,23.4,0.535,inundacao
RJ,Sudeste,Mata Atlantica,11,165.4,63.8,15,23.1,85.0,27.8,1313.0,26.8,89.3,18.0,0.474,deslizamento
RJ,Sudeste,Mata Atlantica,9,100.1,41.8,11,19.3,70.3,27.7,350.0,17.7,400.2,29.4,0.47,nenhum
MG,Sudeste,Cerrado,8,59.7,17.2,5,22.8,87.2,40.9,673.0,16.4,264.7,26.8,0.3,nenhum
TO,Norte,Amazonia,11,461.7,106.5,26,24.5,98.0,19.0,165.0,4.8,151.8,26.7,0.599,inundacao
DF,Centro-Oeste,Cerrado,5,74.8,44.8,6,21.9,70.1,39.6,1307.0,18.3,39.3,20.2,0.407,nenhum
PA,Norte,Amazonia,4,63.2,17.0,8,26.9,87.5,60.5,136.0,7.9,7.2,15.6,0.266,incendio_florestal
GO,Centro-Oeste,Cerrado,2,233.1,78.7,26,26.0,77.4,34.8,734.0,8.5,24.0,21.6,0.56,nenhum
PI,Nordeste,Cerrado,12,48.4,12.3,4,31.3,53.4,50.0,60.0,4.9,43.1,25.9,0.222,incendio_florestal
BA,Nordeste,Caatinga,5,157.1,67.3,14,27.5,68.4,40.7,267.0,5.9,17.7,18.0,0.607,nenhum
TO,Norte,Amazonia,10,480.0,116.4,30,21.9,100.0,23.0,387.0,18.4,115.3,29.9,0.566,deslizamento
ES,Sudeste,Mata Atlantica,4,88.8,48.2,9,23.2,75.0,13.2,145.0,11.2,54.6,22.8,0.366,nenhum
RN,Nordeste,Cerrado,12,97.3,26.5,10,26.9,58.9,34.4,647.0,5.9,12.8,15.4,0.491,nenhum
RS,Sul,Pampa,11,130.8,30.8,10,21.8,80.5,17.5,88.0,20.1,379.9,25.1,0.367,nenhum
RJ,Sudeste,Mata Atlantica,4,170.4,93.6,16,20.7,83.5,54.2,272.0,28.2,95.8,27.5,0.378,deslizamento
BA,Nordeste,Caatinga,6,67.7,19.4,3,26.8,61.7,36.7,458.0,7.1,57.5,21.4,0.489,nenhum
ES,Sudeste,Mata Atlantica,10,69.1,40.5,9,23.8,68.2,67.4,307.0,10.3,252.7,31.9,0.318,nenhum
RO,Norte,Amazonia,3,388.2,171.6,29,24.0,93.9,31.8,67.0,3.3,15.2,18.0,0.629,inundacao
SC,Sul,Pampa,1,168.4,89.3,8,25.4,88.6,24.0,792.0,6.2,19.4,13.3,0.532,tempestade
GO,Centro-Oeste,Cerrado,4,198.7,86.8,16,27.7,73.8,47.2,765.0,2.1,28.8,19.2,0.634,tempestade
MG,Sudeste,Cerrado,8,63.6,36.7,6,19.0,71.4,57.3,621.0,11.2,108.5,23.6,0.212,nenhum
RO,Norte,Amazonia,2,1040.9,400.0,25,25.4,91.1,75.9,316.0,4.6,81.1,26.0,0.618,inundacao
GO,Centro-Oeste,Cerrado,5,123.8,90.0,10,22.3,80.0,67.6,1090.0,17.4,5388.5,45.6,0.423,tempestade
DF,Centro-Oeste,Cerrado,12,188.3,34.7,17,27.9,63.5,44.7,112.0,2.6,11.5,13.1,0.685,inundacao
SC,Sul,Mata Atlantica,1,274.6,162.8,21,21.8,82.6,38.2,436.0,16.4,56.3,23.2,0.765,deslizamento
ES,Sudeste,Cerrado,1,247.1,92.9,16,23.7,89.1,33.2,816.0,19.8,33.2,22.3,0.666,deslizamento
MS,Centro-Oeste,Cerrado,6,58.8,13.4,2,20.2,65.7,55.1,411.0,16.9,95.9,28.7,0.408,nenhum
BA,Nordeste,Cerrado,1,69.5,23.7,10,33.9,64.8,56.9,342.0,10.4,181.5,25.4,0.207,incendio_florestal
RN,Nordeste,Cerrado,1,101.0,23.6,11,31.4,59.7,52.5,665.0,12.0,70.1,15.4,0.426,incendio_florestal
DF,Centro-Oeste,Cerrado,3,163.9,80.9,16,24.1,59.7,34.4,780.0,7.4,85.9,16.3,0.337,nenhum
MS,Centro-Oeste,Cerrado,2,185.0,62.2,13,27.4,76.7,11.0,128.0,7.9,28.8,18.5,0.66,nenhum
AC,Norte,Amazonia,10,154.7,57.6,16,25.6,93.7,48.8,136.0,1.6,573.3,34.2,0.487,nenhum
RJ,Sudeste,Cerrado,2,230.5,52.9,21,23.0,75.1,8.4,1048.0,12.3,24.4,23.9,0.75,nenhum
RS,Sul,Pampa,7,144.3,35.1,7,11.8,89.6,44.7,705.0,4.2,0.5,9.2,0.469,nenhum
PI,Nordeste,Caatinga,9,51.8,13.5,3,26.5,60.7,43.0,621.0,13.4,20.1,19.7,0.218,incendio_florestal
MG,Sudeste,Mata Atlantica,8,89.8,16.4,11,19.5,76.0,42.2,766.0,9.5,1761.8,38.7,0.382,nenhum
RO,Norte,Amazonia,8,43.5,8.8,7,23.4,78.2,33.9,327.0,11.7,8.4,12.1,0.31,incendio_florestal
MG,Sudeste,Mata Atlantica,5,130.6,36.1,10,18.8,80.5,28.1,946.0,15.7,101.7,23.8,0.521,nenhum
BA,Nordeste,Caatinga,11,26.5,7.0,3,28.6,57.9,17.9,377.0,13.5,14.9,13.2,0.344,estiagem_seca
SP,Sudeste,Mata Atlantica,1,628.1,167.5,26,23.8,76.8,111.0,175.0,18.2,99.3,22.9,0.64,tempestade
MG,Sudeste,Cerrado,2,173.3,120.4,10,26.0,66.5,32.6,1115.0,27.7,259.6,33.9,0.488,deslizamento
SP,Sudeste,Mata Atlantica,11,210.3,135.8,15,23.1,86.8,51.1,800.0,28.2,24.9,22.3,0.575,deslizamento
PA,Norte,Amazonia,1,364.2,145.9,28,28.7,100.0,27.8,29.0,3.7,336.9,31.3,0.638,inundacao
SC,Sul,Pampa,3,69.3,21.9,6,18.0,76.8,37.2,81.0,26.5,250.8,34.4,0.266,deslizamento
SE,Nordeste,Caatinga,3,120.2,34.2,7,28.5,61.8,40.3,939.0,9.3,79.7,19.6,0.48,nenhum
RR,Norte,Cerrado,1,320.7,158.6,26,29.7,100.0,21.8,143.0,9.9,44.3,20.1,0.548,inundacao
SP,Sudeste,Mata Atlantica,2,241.1,36.2,17,27.6,100.0,14.4,1322.0,6.2,35.4,17.3,0.526,nenhum
BA,Nordeste,Caatinga,7,72.8,20.6,5,24.8,57.9,43.1,243.0,21.3,14.6,15.6,0.333,nenhum
ES,Sudeste,Mata Atlantica,8,66.0,40.5,7,19.1,77.9,31.4,1243.0,23.0,9.2,17.0,0.303,nenhum
RJ,Sudeste,Mata Atlantica,1,130.7,45.4,11,27.6,81.8,18.1,980.0,10.2,118.7,27.0,0.397,nenhum
AL,Nordeste,Cerrado,12,24.3,8.3,1,31.5,59.6,12.6,553.0,17.7,82.8,17.0,0.36,estiagem_seca
RS,Sul,Pampa,2,67.1,11.9,7,22.2,88.0,34.8,282.0,3.6,92.2,28.8,0.323,nenhum
SE,Nordeste,Caatinga,9,42.1,10.1,1,26.8,57.4,59.3,210.0,6.7,224.5,21.4,0.346,estiagem_seca
MS,Centro-Oeste,Pantanal,10,111.5,43.3,10,24.2,73.3,42.0,78.0,16.6,47.7,17.5,0.465,nenhum
CE,Nordeste,Cerrado,7,74.2,26.3,5,24.7,69.1,39.7,508.0,8.4,366.9,24.7,0.445,nenhum
SC,Sul,Mata Atlantica,6,53.8,19.8,3,18.0,85.5,39.1,1.0,11.3,4.3,12.9,0.293,nenhum
CE,Nordeste,Caatinga,2,126.3,71.4,10,31.4,68.5,21.3,243.0,6.6,731.5,33.7,0.447,estiagem_seca
RO,Norte,Amazonia,3,391.2,184.1,24,25.7,100.0,18.4,72.0,9.3,47.1,23.5,0.644,inundacao
MT,Centro-Oeste,Cerrado,11,163.2,80.3,11,25.8,95.0,28.2,314.0,1.9,17.2,19.5,0.437,nenhum
PR,Sul,Mata Atlantica,5,73.3,17.8,13,17.5,82.8,18.9,587.0,19.7,41.7,21.0,0.263,nenhum
SC,Sul,Mata Atlantica,1,128.1,47.5,10,23.1,80.5,21.3,222.0,7.3,529.9,23.2,0.426,nenhum
ES,Sudeste,Mata Atlantica,9,55.5,26.6,3,22.2,68.0,48.5,1631.0,12.2,18.3,15.3,0.408,tempestade
RS,Sul,Mata Atlantica,9,110.1,46.8,10,17.0,88.1,57.3,239.0,15.0,57.3,28.0,0.353,nenhum
RS,Sul,Mata Atlantica,1,174.8,94.2,15,23.6,87.0,16.4,967.0,11.7,10.5,13.4,0.519,nenhum
MT,Centro-Oeste,Pantanal,1,178.7,83.0,14,25.2,79.3,14.8,164.0,1.1,90.3,22.4,0.486,nenhum
RN,Nordeste,Cerrado,2,139.6,45.7,8,31.1,75.9,50.6,406.0,11.2,323.5,33.7,0.346,incendio_florestal
RJ,Sudeste,Mata Atlantica,1,231.7,94.9,15,27.3,91.6,47.9,144.0,10.8,76.0,22.9,0.594,tempestade
ES,Sudeste,Cerrado,8,30.1,12.9,4,22.8,70.6,31.5,993.0,12.5,28.7,24.8,0.339,estiagem_seca
PE,Nordeste,Caatinga,2,83.9,28.8,8,28.2,78.6,82.5,850.0,4.3,26.7,24.6,0.376,tempestade
AC,Norte,Amazonia,8,156.0,42.0,14,23.1,90.9,56.7,137.0,18.4,58.5,26.5,0.441,nenhum
MG,Sudeste,Mata Atlantica,3,159.6,29.4,12,20.1,86.5,46.0,709.0,9.0,112.4,22.3,0.474,nenhum
PB,Nordeste,Caatinga,12,43.8,16.9,3,31.8,68.5,32.2,519.0,4.6,182.0,31.9,0.286,estiagem_seca
PR,Sul,Pampa,9,133.0,23.6,11,18.0,58.8,17.3,593.0,14.8,10.4,17.8,0.424,nenhum
SE,Nordeste,Caatinga,5,38.2,30.1,1,28.9,66.7,58.9,410.0,6.0,23.9,23.1,0.341,estiagem_seca
TO,Norte,Amazonia,6,92.5,24.8,8,21.4,82.3,19.9,269.0,12.9,433.6,23.1,0.464,nenhum
SP,Sudeste,Cerrado,1,172.6,102.3,10,25.4,83.2,46.0,757.0,2.2,104.3,17.0,0.459,tempestade
AL,Nordeste,Cerrado,1,140.2,55.1,14,30.1,72.8,67.6,122.0,5.9,61.6,22.6,0.443,tempestade
SE,Nordeste,Caatinga,7,74.4,16.2,3,26.2,68.2,19.8,343.0,15.2,160.0,24.3,0.369,nenhum
ES,Sudeste,Mata Atlantica,1,202.0,92.9,14,24.5,84.5,33.7,138.0,22.7,1.5,11.3,0.701,deslizamento
RS,Sul,Mata Atlantica,8,121.3,35.6,7,13.9,75.1,27.0,590.0,19.0,135.6,30.9,0.223,nenhum
CE,Nordeste,Cerrado,5,145.1,30.1,15,23.2,68.2,33.2,68.0,7.3,2181.0,42.8,0.368,nenhum
PE,Nordeste,Caatinga,2,70.2,18.1,6,30.0,64.6,52.7,504.0,8.7,55.3,15.5,0.181,incendio_florestal
RJ,Sudeste,Mata Atlantica,7,81.6,24.1,6,18.7,79.4,18.9,824.0,21.1,75.1,17.2,0.428,nenhum
RS,Sul,Mata Atlantica,7,200.8,46.4,20,15.6,85.2,29.0,51.0,8.6,30.3,21.8,0.576,nenhum
MT,Centro-Oeste,Cerrado,9,52.6,19.5,4,23.3,69.4,14.1,538.0,6.4,11.8,16.9,0.396,estiagem_seca
CE,Nordeste,Mata Atlantica,3,145.7,47.9,10,27.2,60.7,40.5,498.0,10.9,23.4,15.0,0.48,nenhum
AC,Norte,Amazonia,7,69.1,8.0,7,20.6,85.5,25.8,166.0,8.6,189.6,16.8,0.338,nenhum
CE,Nordeste,Cerrado,11,27.6,3.8,3,31.6,69.0,11.2,259.0,2.6,115.5,20.5,0.293,estiagem_seca
CE,Nordeste,Cerrado,4,65.8,22.0,6,30.0,64.4,38.4,683.0,9.9,13.4,14.6,0.36,incendio_florestal
SP,Sudeste,Mata Atlantica,11,114.2,14.5,7,22.8,80.5,43.9,803.0,15.6,19.1,14.0,0.407,nenhum
AP,Norte,Amazonia,9,187.9,122.5,12,21.4,92.2,33.8,269.0,14.8,19.7,23.3,0.609,tempestade
DF,Centro-Oeste,Cerrado,6,83.8,28.0,6,24.7,70.1,49.9,946.0,8.5,63.4,28.2,0.424,nenhum
SP,Sudeste,Cerrado,11,274.4,57.0,22,21.6,85.0,30.0,347.0,8.8,36.7,16.0,0.704,inundacao
ES,Sudeste,Mata Atlantica,12,169.2,60.6,14,22.5,85.6,26.5,620.0,22.7,44.5,23.1,0.612,nenhum
PE,Nordeste,Cerrado,3,107.4,14.1,8,28.4,76.4,17.5,650.0,15.0,9.9,18.3,0.522,estiagem_seca
MG,Sudeste,Mata Atlantica,12,179.0,35.3,14,24.6,74.1,108.9,72.0,13.5,564.1,29.3,0.472,tempestade
RJ,Sudeste,Mata Atlantica,1,284.8,136.4,22,25.9,81.7,48.4,476.0,11.4,77.4,22.7,0.663,tempestade
RJ,Sudeste,Cerrado,2,193.4,29.0,15,23.4,90.0,38.4,1073.0,6.5,22.6,16.2,0.606,deslizamento
RN,Nordeste,Caatinga,1,115.6,25.3,12,32.4,73.0,34.9,334.0,10.7,15.0,19.3,0.318,incendio_florestal
AM,Norte,Cerrado,5,132.3,69.7,8,25.6,83.4,52.3,38.0,9.3,27.7,13.4,0.485,nenhum
RS,Sul,Mata Atlantica,12,82.8,50.7,2,19.2,81.3,61.9,139.0,20.3,286.2,27.7,0.336,nenhum
BA,Nordeste,Cerrado,8,90.9,28.3,5,26.9,61.3,38.1,430.0,14.9,475.0,26.6,0.312,nenhum
PE,Nordeste,Caatinga,8,38.3,11.4,2,24.2,72.3,50.0,165.0,16.0,19.1,21.6,0.301,inundacao
MT,Centro-Oeste,Pantanal,2,256.3,96.2,19,25.4,73.0,60.3,1052.0,25.5,25.6,22.9,0.595,deslizamento
ES,Sudeste,Mata Atlantica,7,32.8,11.5,4,18.2,74.5,57.7,1082.0,19.6,4.0,13.8,0.188,incendio_florestal
SC,Sul,Pampa,5,156.9,66.8,14,17.6,87.2,34.5,681.0,14.8,4.4,12.4,0.357,nenhum
RN,Nordeste,Cerrado,6,47.4,19.5,10,24.4,46.0,28.3,237.0,12.6,60.4,23.2,0.175,incendio_florestal
RS,Sul,Mata Atlantica,4,173.9,92.0,5,17.9,93.8,36.2,250.0,23.3,30.8,20.6,0.446,deslizamento
TO,Norte,Amazonia,3,250.1,111.2,22,26.6,100.0,41.5,20.0,3.3,28.8,20.1,0.671,inundacao
RJ,Sudeste,Mata Atlantica,12,185.2,50.7,11,23.1,77.1,42.4,988.0,14.2,23.5,18.4,0.58,nenhum
ES,Sudeste,Mata Atlantica,7,22.0,4.9,2,17.1,80.1,11.8,1073.0,17.9,80.0,17.3,0.224,estiagem_seca
AM,Norte,Amazonia,5,236.8,73.5,19,20.4,95.5,53.0,122.0,1.2,60.0,22.8,0.679,tempestade
PI,Nordeste,Caatinga,1,56.8,27.6,3,32.0,77.8,22.4,52.0,3.8,235.5,23.7,0.332,estiagem_seca
MS,Centro-Oeste,Amazonia,10,302.5,71.1,25,25.2,77.9,58.7,1550.0,5.5,2445.6,34.1,0.564,deslizamento
SC,Sul,Mata Atlantica,6,70.3,22.5,8,16.3,82.9,21.2,255.0,6.6,9.9,18.2,0.283,nenhum
RJ,Sudeste,Mata Atlantica,5,112.2,24.4,5,19.6,82.3,35.2,1078.0,17.4,7.7,16.2,0.518,tempestade
SC,Sul,Mata Atlantica,9,171.7,53.6,12,17.3,68.3,31.3,165.0,7.6,557.6,37.1,0.44,nenhum
RJ,Sudeste,Mata Atlantica,2,54.2,11.8,4,25.8,65.1,11.6,367.0,18.4,45.3,18.3,0.443,nenhum
DF,Centro-Oeste,Amazonia,7,53.7,11.9,4,15.4,69.1,22.1,689.0,2.5,165.8,22.8,0.218,incendio_florestal
MG,Sudeste,Mata Atlantica,11,276.6,105.8,20,24.8,88.2,68.4,799.0,17.0,9.2,14.8,0.666,tempestade
RR,Norte,Amazonia,6,169.5,32.2,14,22.8,82.5,24.5,115.0,2.9,10.1,12.8,0.438,nenhum
AM,Norte,Amazonia,1,591.2,334.4,25,25.8,100.0,41.9,97.0,6.0,181.5,18.8,0.533,inundacao
ES,Sudeste,Mata Atlantica,3,244.7,46.8,16,20.6,82.7,64.9,1128.0,14.7,7.6,17.9,0.617,nenhum
ES,Sudeste,Cerrado,1,474.9,267.2,27,23.4,89.0,56.0,43.0,17.1,425.9,37.4,0.666,inundacao
SE,Nordeste,Caatinga,7,39.8,15.0,5,22.2,54.2,21.9,190.0,6.4,175.3,18.7,0.248,incendio_florestal
RJ,Sudeste,Mata Atlantica,5,252.3,97.2,19,21.3,82.2,35.7,40.0,19.5,17.6,13.4,0.728,inundacao
MG,Sudeste,Mata Atlantica,2,333.4,129.4,24,21.3,87.3,83.8,16.0,23.0,511.4,24.0,0.594,tempestade
RS,Sul,Mata Atlantica,9,159.6,39.2,12,17.3,83.8,59.2,132.0,9.9,111.8,28.8,0.573,nenhum
SP,Sudeste,Mata Atlantica,3,139.9,21.7,6,25.7,64.8,23.9,136.0,7.3,36.6,22.8,0.403,deslizamento
MT,Centro-Oeste,Cerrado,5,72.7,31.3,6,21.9,54.2,35.9,773.0,3.3,57.0,28.5,0.426,nenhum
AL,Nordeste,Cerrado,12,190.2,54.4,20,29.5,73.1,32.6,276.0,20.3,2.7,14.7,0.579,estiagem_seca
MT,Centro-Oeste,Cerrado,1,161.8,57.1,17,24.5,72.9,33.1,688.0,10.1,6.7,13.5,0.456,nenhum
SP,Sudeste,Mata Atlantica,3,493.1,247.3,28,21.0,77.7,47.3,188.0,20.8,158.1,20.5,0.606,deslizamento
RS,Sul,Mata Atlantica,4,147.1,64.3,11,21.1,90.4,17.3,272.0,4.4,68.9,16.5,0.52,nenhum
GO,Centro-Oeste,Pantanal,7,46.5,23.4,6,23.9,67.6,20.2,851.0,12.1,445.2,28.7,0.195,inundacao
MA,Nordeste,Caatinga,3,142.7,84.1,10,32.2,70.7,56.0,82.0,10.1,89.8,28.2,0.469,tempestade
MA,Nordeste,Caatinga,12,115.5,38.1,9,28.9,74.5,55.2,433.0,10.2,8.2,17.2,0.383,incendio_florestal
MG,Sudeste,Cerrado,1,135.0,32.4,18,26.4,82.6,34.9,419.0,5.2,10.5,13.7,0.403,nenhum
MG,Sudeste,Cerrado,12,92.9,17.5,7,24.6,94.1,28.7,1315.0,23.1,14.5,16.2,0.336,nenhum
RO,Norte,Amazonia,7,71.4,22.6,4,26.0,85.5,29.9,3.0,7.1,20.6,21.5,0.231,incendio_florestal
AC,Norte,Amazonia,1,138.6,59.3,6,28.6,79.9,65.0,266.0,7.5,62.4,19.6,0.476,tempestade
SP,Sudeste,Mata Atlantica,2,503.6,154.4,27,23.9,86.6,74.6,458.0,11.3,294.3,23.3,0.671,inundacao
PB,Nordeste,Caatinga,2,87.4,43.5,7,31.5,63.2,59.6,535.0,4.2,126.8,28.9,0.293,incendio_florestal
RJ,Sudeste,Cerrado,4,183.5,45.2,18,24.2,74.5,37.7,17.0,18.8,328.3,26.0,0.473,nenhum
CE,Nordeste,Cerrado,4,97.2,19.0,9,27.8,50.9,28.7,298.0,8.2,90.8,15.4,0.3,incendio_florestal
CE,Nordeste,Caatinga,8,58.5,10.6,2,23.8,62.0,43.9,320.0,13.1,26.3,23.2,0.266,nenhum
SC,Sul,Pampa,4,50.5,10.4,6,19.2,78.8,26.2,94.0,16.8,6.2,17.4,0.346,nenhum
RN,Nordeste,Caatinga,9,30.7,10.2,0,26.0,61.7,34.1,242.0,8.7,127.3,29.5,0.193,estiagem_seca
CE,Nordeste,Mata Atlantica,4,85.3,20.4,2,30.1,51.1,34.3,20.0,4.9,42.9,20.7,0.384,estiagem_seca
SE,Nordeste,Mata Atlantica,4,71.8,25.5,6,28.0,65.2,32.8,160.0,6.7,162.2,30.1,0.355,nenhum
AP,Norte,Amazonia,4,205.8,101.5,16,26.9,84.4,29.0,76.0,4.9,20.0,20.7,0.5,tempestade
RO,Norte,Amazonia,4,156.4,71.2,11,28.0,98.7,41.1,294.0,6.9,572.9,28.1,0.626,nenhum
RO,Norte,Amazonia,11,275.0,57.1,22,25.3,100.0,29.4,122.0,9.6,576.7,25.9,0.711,nenhum
AL,Nordeste,Caatinga,3,83.0,17.7,10,30.0,57.8,12.1,634.0,16.7,13.4,21.1,0.336,incendio_florestal
TO,Norte,Amazonia,4,162.7,62.0,14,26.1,95.6,17.5,199.0,16.3,80.9,21.8,0.379,nenhum
ES,Sudeste,Mata Atlantica,12,94.1,35.3,6,24.7,76.7,31.0,723.0,24.5,4.7,11.6,0.338,nenhum
SP,Sudeste,Cerrado,8,33.3,10.9,5,21.1,67.1,19.5,567.0,16.5,14.4,13.6,0.431,estiagem_seca
MA,Nordeste,Caatinga,3,103.8,53.2,6,31.5,70.7,32.2,260.0,12.7,13.3,15.8,0.446,estiagem_seca
PE,Nordeste,Caatinga,11,37.5,13.2,1,28.5,61.8,15.3,112.0,11.5,20.0,17.3,0.253,estiagem_seca
MT,Centro-Oeste,Pantanal,3,220.9,118.7,19,27.5,86.1,59.2,887.0,5.0,32.8,15.2,0.596,tempestade
PR,Sul,Mata Atlantica,2,271.5,146.3,23,21.2,88.3,35.3,47.0,10.7,15.4,16.8,0.773,inundacao
SC,Sul,Mata Atlantica,6,137.3,49.8,7,18.0,78.0,42.1,474.0,5.3,62.2,17.8,0.5,nenhum
RR,Norte,Amazonia,9,147.1,66.8,10,25.3,97.1,58.4,188.0,7.6,5.0,16.6,0.463,nenhum
SE,Nordeste,Mata Atlantica,3,115.4,34.1,9,26.6,80.3,53.6,491.0,11.9,219.0,28.4,0.283,incendio_florestal
PI,Nordeste,Caatinga,10,48.6,20.2,2,30.4,62.1,37.8,139.0,1.2,10.0,15.4,0.304,estiagem_seca
AL,Nordeste,Caatinga,2,89.7,46.3,4,30.2,68.6,56.5,121.0,9.9,39.0,23.0,0.41,estiagem_seca
ES,Sudeste,Mata Atlantica,10,179.4,72.4,15,21.9,87.9,22.2,306.0,14.5,26.1,23.8,0.562,nenhum
MS,Centro-Oeste,Cerrado,2,182.0,62.6,14,25.5,71.4,27.0,1133.0,10.0,231.2,17.4,0.48,nenhum
PA,Norte,Amazonia,6,60.2,12.2,5,23.8,92.9,75.5,19.0,0.6,30.2,21.8,0.318,tempestade
PI,Nordeste,Caatinga,8,29.4,7.2,1,25.9,61.7,37.0,767.0,16.3,440.3,25.3,0.293,estiagem_seca
GO,Centro-Oeste,Cerrado,4,67.1,32.4,7,25.6,62.3,41.9,1132.0,21.5,84.5,24.7,0.423,nenhum
AP,Norte,Amazonia,8,54.0,14.5,8,24.3,88.1,29.9,165.0,5.3,12.1,17.5,0.296,nenhum
RJ,Sudeste,Cerrado,9,63.9,16.2,4,18.9,74.9,28.1,391.0,14.4,35.9,14.8,0.473,nenhum
AM,Norte,Amazonia,8,166.7,56.5,14,20.5,91.0,26.9,355.0,11.0,46.2,23.1,0.543,nenhum
PR,Sul,Pampa,5,161.9,83.0,15,20.2,89.1,46.7,709.0,7.8,148.7,19.1,0.47,nenhum
TO,Norte,Amazonia,10,142.2,51.1,11,27.1,91.5,43.8,151.0,1.2,63.6,26.5,0.382,incendio_florestal
ES,Sudeste,Cerrado,9,68.2,29.8,4,20.1,82.1,44.8,1120.0,14.0,35.4,16.3,0.198,nenhum
RS,Sul,Mata Atlantica,4,32.6,14.7,1,19.3,74.8,36.3,104.0,6.0,15.7,16.0,0.217,incendio_florestal
PR,Sul,Mata Atlantica,9,106.3,63.6,9,16.2,84.4,23.4,457.0,17.7,101.1,28.6,0.488,nenhum
MG,Sudeste,Mata Atlantica,12,530.1,198.4,27,22.7,82.9,33.0,30.0,20.8,29.1,16.4,0.647,deslizamento
RJ,Sudeste,Mata Atlantica,10,368.1,123.3,24,17.7,92.0,32.8,83.0,13.6,16.7,18.7,0.557,inundacao
ES,Sudeste,Cerrado,9,101.0,18.3,5,20.9,64.7,54.1,855.0,3.1,10.6,12.1,0.364,nenhum
MG,Sudeste,Mata Atlantica,10,130.8,46.8,6,22.9,77.4,40.7,380.0,20.3,230.1,18.2,0.461,nenhum
CE,Nordeste,Caatinga,10,44.8,15.6,3,25.8,52.4,48.3,387.0,7.4,5.3,16.8,0.283,incendio_florestal
SP,Sudeste,Mata Atlantica,4,210.1,85.4,16,22.6,84.2,35.9,1333.0,22.3,101.5,16.2,0.633,deslizamento
DF,Centro-Oeste,Cerrado,9,62.9,22.0,5,25.5,69.4,42.7,944.0,9.6,51.0,17.7,0.314,nenhum
SC,Sul,Mata Atlantica,3,86.6,39.4,4,19.9,82.5,17.7,557.0,15.1,21.8,22.2,0.325,nenhum
MS,Centro-Oeste,Cerrado,5,88.5,18.4,7,25.6,69.1,27.3,1410.0,12.5,16.9,18.4,0.376,nenhum
RN,Nordeste,Caatinga,12,55.8,24.1,6,30.9,62.8,24.4,515.0,15.2,50.8,18.0,0.244,incendio_florestal
SP,Sudeste,Mata Atlantica,4,108.7,55.2,12,24.4,74.5,80.9,582.0,15.7,22.1,15.7,0.438,tempestade
PI,Nordeste,Cerrado,11,55.4,16.0,7,26.9,69.5,24.6,414.0,12.3,20.8,15.8,0.259,incendio_florestal
BA,Nordeste,Caatinga,6,114.7,17.4,9,23.9,70.8,19.2,337.0,13.8,219.4,22.7,0.402,nenhum
MT,Centro-Oeste,Cerrado,3,240.3,40.3,15,25.0,73.7,45.4,713.0,20.1,39.2,18.0,0.677,deslizamento
DF,Centro-Oeste,Cerrado,2,104.1,22.1,8,23.9,60.2,44.5,413.0,3.8,50.0,20.7,0.376,nenhum
MA,Nordeste,Caatinga,7,30.9,8.9,0,22.6,61.2,44.9,591.0,9.8,14.8,16.2,0.282,estiagem_seca
RN,Nordeste,Cerrado,6,186.2,86.6,20,21.7,59.2,33.1,738.0,15.2,219.7,31.4,0.566,nenhum
SE,Nordeste,Caatinga,7,52.5,10.1,0,23.1,68.6,41.1,87.0,1.0,308.7,33.9,0.219,incendio_florestal
PE,Nordeste,Caatinga,1,103.2,40.8,7,26.2,69.1,41.4,292.0,8.9,68.6,22.6,0.512,nenhum
BA,Nordeste,Caatinga,4,69.3,23.8,2,25.0,70.7,18.6,290.0,13.0,420.3,18.2,0.258,nenhum
SP,Sudeste,Mata Atlantica,1,84.7,17.5,7,27.2,77.9,9.0,606.0,10.8,21.9,19.3,0.457,nenhum
MA,Nordeste,Cerrado,4,162.6,55.0,13,27.9,66.6,27.9,201.0,10.3,196.2,23.0,0.53,nenhum
RS,Sul,Mata Atlantica,12,315.0,117.8,24,21.4,88.4,42.7,529.0,11.5,28.0,15.8,0.712,nenhum
RS,Sul,Mata Atlantica,2,107.0,19.6,6,21.5,83.7,14.8,336.0,9.6,24.0,18.8,0.483,nenhum
DF,Centro-Oeste,Cerrado,9,98.9,23.3,3,21.5,67.9,29.0,489.0,3.6,402.5,38.5,0.34,nenhum
RN,Nordeste,Caatinga,1,81.0,20.5,5,31.1,53.5,37.4,526.0,15.9,28.7,17.0,0.386,estiagem_seca
SP,Sudeste,Mata Atlantica,7,14.1,3.5,0,17.8,75.0,37.0,996.0,9.5,11.8,13.0,0.269,estiagem_seca
SP,Sudeste,Cerrado,12,211.7,62.2,21,23.5,87.8,72.9,86.0,9.5,3.2,10.9,0.686,tempestade
ES,Sudeste,Cerrado,5,140.5,35.2,9,21.4,82.0,45.3,799.0,17.2,50.0,18.7,0.547,nenhum
ES,Sudeste,Mata Atlantica,3,186.8,73.9,23,23.8,82.2,15.4,489.0,4.2,10.6,16.8,0.564,nenhum
MG,Sudeste,Cerrado,7,70.5,16.2,7,18.5,81.0,61.3,1102.0,19.3,955.3,22.1,0.314,nenhum
SP,Sudeste,Mata Atlantica,4,210.8,83.5,17,19.6,71.0,31.0,365.0,15.3,672.0,35.6,0.478,nenhum
PE,Nordeste,Cerrado,11,45.4,16.1,3,27.0,67.6,19.2,359.0,8.0,0.5,10.1,0.343,estiagem_seca
SP,Sudeste,Mata Atlantica,11,346.1,149.6,23,21.1,78.7,35.0,728.0,23.5,574.1,40.2,0.574,incendio_florestal
BA,Nordeste,Caatinga,8,33.0,6.4,3,25.2,63.3,19.7,743.0,6.6,15.3,17.8,0.16,incendio_florestal
MG,Sudeste,Mata Atlantica,8,66.5,24.2,7,20.1,65.0,8.9,492.0,19.4,323.2,19.2,0.331,nenhum
RS,Sul,Mata Atlantica,8,241.3,34.1,16,11.8,87.1,24.4,227.0,10.1,242.0,32.8,0.618,nenhum
CE,Nordeste,Caatinga,9,34.1,18.7,1,24.0,73.1,37.8,553.0,3.2,369.4,35.4,0.289,estiagem_seca
ES,Sudeste,Mata Atlantica,6,69.3,28.7,1,15.5,78.6,4.5,832.0,11.7,734.2,25.2,0.325,nenhum
RO,Norte,Amazonia,12,343.9,105.0,28,27.0,99.2,44.0,230.0,11.8,8.7,16.3,0.607,inundacao
RJ,Sudeste,Mata Atlantica,5,92.9,42.2,8,16.0,78.6,43.9,539.0,5.2,10.3,14.5,0.473,nenhum
TO,Norte,Amazonia,1,557.8,207.6,24,28.6,88.8,50.7,205.0,14.9,166.4,28.5,0.497,deslizamento
SC,Sul,Mata Atlantica,9,207.3,69.8,17,18.5,93.2,42.0,620.0,23.2,58.5,25.4,0.467,deslizamento
BA,Nordeste,Caatinga,8,51.6,23.1,6,25.4,64.3,24.8,614.0,7.9,136.2,21.7,0.287,incendio_florestal
PR,Sul,Pampa,12,194.4,100.1,16,22.8,88.5,27.4,497.0,10.8,29.2,13.7,0.564,tempestade
MG,Sudeste,Mata Atlantica,5,84.1,24.2,7,21.5,85.1,22.7,765.0,11.0,186.4,23.6,0.34,nenhum
ES,Sudeste,Mata Atlantica,6,30.2,16.5,3,18.3,75.7,27.6,1421.0,25.8,7.1,12.9,0.233,incendio_florestal
ES,Sudeste,Mata Atlantica,7,83.0,19.0,6,19.3,70.9,45.5,524.0,17.1,935.2,28.9,0.405,nenhum
ES,Sudeste,Mata Atlantica,5,79.5,26.7,7,23.1,76.1,13.3,827.0,19.7,2005.1,46.3,0.266,nenhum
PR,Sul,Mata Atlantica,10,250.0,112.5,17,20.0,93.3,39.1,149.0,16.5,3.3,10.5,0.597,deslizamento
PB,Nordeste,Caatinga,6,75.7,11.6,6,23.8,64.7,28.6,24.0,11.2,515.6,25.2,0.361,nenhum
MG,Sudeste,Mata Atlantica,10,114.8,75.7,5,20.0,63.5,56.0,1656.0,14.4,3.6,13.1,0.387,nenhum
PA,Norte,Amazonia,6,145.1,60.0,11,24.7,92.9,60.8,157.0,3.7,118.3,23.6,0.398,nenhum
RJ,Sudeste,Mata Atlantica,3,145.4,22.1,12,20.3,75.0,34.3,822.0,19.0,11.8,13.9,0.488,nenhum
PB,Nordeste,Caatinga,12,68.8,29.0,8,29.5,67.7,34.6,115.0,12.9,98.4,27.8,0.427,estiagem_seca
ES,Sudeste,Cerrado,7,26.8,13.5,0,18.3,56.6,31.9,421.0,5.9,7.6,13.6,0.129,incendio_florestal
MG,Sudeste,Cerrado,9,90.9,16.3,3,18.9,77.9,68.3,357.0,20.5,91.0,17.9,0.268,nenhum
DF,Centro-Oeste,Cerrado,8,62.8,48.8,4,23.5,63.5,23.2,650.0,5.8,37.3,24.7,0.248,nenhum
GO,Centro-Oeste,Cerrado,5,71.6,17.6,7,27.1,66.3,13.5,191.0,4.3,33.2,23.5,0.447,nenhum
SP,Sudeste,Cerrado,12,276.1,97.4,22,23.8,81.1,27.7,120.0,7.4,84.6,23.9,0.572,inundacao
SP,Sudeste,Cerrado,5,68.8,20.9,4,21.3,73.8,50.4,1056.0,4.8,3.8,11.7,0.433,nenhum
GO,Centro-Oeste,Cerrado,12,156.0,40.7,13,27.5,76.4,40.6,412.0,5.0,125.1,31.7,0.518,nenhum
SP,Sudeste,Cerrado,6,97.6,17.5,8,19.4,69.4,19.7,609.0,29.1,30.9,16.9,0.475,deslizamento
SC,Sul,Pampa,1,117.7,13.7,10,24.7,75.4,33.0,336.0,9.9,4.8,13.8,0.378,nenhum
PA,Norte,Amazonia,1,519.1,126.1,27,29.2,100.0,58.2,143.0,9.7,136.9,31.4,0.634,inundacao
RR,Norte,Amazonia,12,394.0,189.6,25,28.2,92.6,56.2,187.0,14.2,19.4,20.8,0.708,deslizamento
RR,Norte,Amazonia,7,106.7,59.2,3,24.0,84.1,16.6,213.0,12.6,45.6,20.6,0.429,nenhum
MG,Sudeste,Mata Atlantica,5,80.1,12.6,1,20.3,70.5,44.1,1118.0,17.6,80.7,22.0,0.548,nenhum
MT,Centro-Oeste,Cerrado,10,93.3,12.4,8,23.8,64.0,49.6,164.0,8.2,44.6,18.0,0.52,nenhum
ES,Sudeste,Mata Atlantica,8,30.7,4.0,0,21.2,78.1,27.0,919.0,16.9,47.0,24.9,0.335,inundacao
SP,Sudeste,Mata Atlantica,8,113.5,31.0,8,20.0,66.5,31.9,917.0,5.1,119.5,31.5,0.433,nenhum
PB,Nordeste,Cerrado,9,28.0,11.3,2,25.4,58.9,31.8,134.0,0.7,32.7,24.2,0.306,estiagem_seca
RS,Sul,Mata Atlantica,3,116.9,24.8,10,20.9,74.9,78.3,416.0,22.1,229.1,25.3,0.485,tempestade
MG,Sudeste,Mata Atlantica,2,239.2,110.8,17,23.7,85.1,47.1,112.0,18.0,276.0,36.0,0.721,inundacao
SE,Nordeste,Caatinga,9,27.2,10.5,3,30.2,58.6,33.9,604.0,16.6,20.5,13.0,0.23,estiagem_seca
PE,Nordeste,Caatinga,1,69.7,17.2,4,29.2,64.1,36.3,78.0,2.3,21.3,16.4,0.435,nenhum
PE,Nordeste,Mata Atlantica,9,47.4,26.4,2,25.9,57.5,13.9,84.0,7.5,126.3,29.2,0.292,incendio_florestal
MA,Nordeste,Caatinga,2,131.1,67.1,16,31.1,65.6,48.5,42.0,4.7,609.0,39.8,0.466,estiagem_seca
PE,Nordeste,Caatinga,4,139.2,35.3,6,24.9,81.1,63.9,933.0,12.8,256.2,35.6,0.426,nenhum
SC,Sul,Mata Atlantica,9,204.5,104.2,13,16.9,84.6,66.5,83.0,3.9,12.8,16.9,0.563,tempestade
MT,Centro-Oeste,Amazonia,8,60.5,19.4,1,26.4,65.9,9.5,862.0,10.5,31.9,25.2,0.28,incendio_florestal
SE,Nordeste,Caatinga,10,42.7,13.8,3,24.4,71.0,23.5,267.0,9.2,14.5,18.2,0.308,incendio_florestal
MG,Sudeste,Mata Atlantica,8,90.2,39.4,8,20.0,69.9,42.7,872.0,21.5,447.5,33.5,0.376,nenhum
MG,Sudeste,Mata Atlantica,1,344.3,126.8,27,21.1,72.2,21.7,1251.0,15.9,93.3,24.0,0.626,inundacao
RS,Sul,Mata Atlantica,11,108.1,26.4,9,22.4,85.6,48.6,329.0,16.7,11.0,14.5,0.326,nenhum
ES,Sudeste,Mata Atlantica,3,121.2,50.9,5,25.4,85.4,22.6,13.0,19.4,25.6,15.3,0.497,nenhum
MS,Centro-Oeste,Cerrado,2,337.4,100.4,28,27.2,80.8,58.4,866.0,8.1,12.0,17.9,0.666,tempestade
AL,Nordeste,Caatinga,11,64.5,24.9,5,27.8,66.7,42.4,422.0,13.1,27.1,23.4,0.178,incendio_florestal
SC,Sul,Mata Atlantica,3,90.9,38.6,9,18.5,83.4,14.4,543.0,7.8,115.6,25.8,0.252,nenhum
RJ,Sudeste,Cerrado,7,38.7,6.1,3,18.8,82.9,50.7,510.0,22.3,19.5,18.9,0.311,incendio_florestal
PR,Sul,Mata Atlantica,6,107.3,52.0,8,15.2,75.0,12.9,160.0,24.7,56.8,20.6,0.456,nenhum
AM,Norte,Cerrado,10,408.1,145.9,21,25.7,97.3,30.0,45.0,6.7,78.6,20.7,0.744,nenhum
RS,Sul,Mata Atlantica,1,121.0,33.2,9,22.1,86.3,17.2,468.0,16.4,2.8,14.5,0.416,nenhum
ES,Sudeste,Mata Atlantica,2,348.5,40.7,27,21.2,80.2,83.8,806.0,19.2,3.8,10.9,0.651,tempestade
PA,Norte,Amazonia,5,179.8,23.2,10,26.8,84.6,41.7,150.0,1.3,24.1,19.6,0.582,nenhum
ES,Sudeste,Cerrado,6,139.8,87.7,13,17.8,73.7,39.3,693.0,2.7,13.0,13.5,0.429,estiagem_seca
SP,Sudeste,Cerrado,10,144.0,29.2,7,23.5,76.0,29.1,1282.0,10.3,91.6,24.4,0.407,incendio_florestal
AM,Norte,Amazonia,8,42.1,16.3,1,23.6,74.5,92.7,98.0,1.9,29.4,17.7,0.314,tempestade
DF,Centro-Oeste,Pantanal,2,348.3,162.8,29,24.1,75.1,41.2,131.0,8.8,144.8,17.6,0.694,inundacao
RJ,Sudeste,Cerrado,12,165.0,106.3,10,23.1,72.9,95.9,971.0,26.5,104.7,16.4,0.564,tempestade
MA,Nordeste,Mata Atlantica,6,64.9,40.8,5,25.4,75.5,35.7,38.0,19.2,179.8,30.8,0.311,nenhum
DF,Centro-Oeste,Cerrado,12,122.5,68.9,5,27.6,88.2,62.1,393.0,9.5,22.4,13.5,0.388,tempestade
DF,Centro-Oeste,Cerrado,12,186.8,45.2,14,29.2,74.2,64.9,1558.0,4.8,35.5,26.0,0.511,tempestade
AL,Nordeste,Mata Atlantica,1,39.2,7.0,3,30.1,57.8,23.5,521.0,11.7,1003.9,26.8,0.274,estiagem_seca
RS,Sul,Pampa,7,277.8,66.9,25,15.9,82.7,44.4,113.0,1.1,10.3,20.2,0.756,inundacao
SP,Sudeste,Mata Atlantica,6,130.5,20.2,6,19.4,72.8,56.9,829.0,16.6,134.6,22.8,0.493,nenhum
RR,Norte,Amazonia,6,75.8,10.2,5,23.8,93.1,11.3,72.0,9.3,225.1,31.7,0.331,nenhum
RS,Sul,Mata Atlantica,4,212.6,117.6,15,17.2,89.2,56.2,41.0,5.5,100.6,18.2,0.652,inundacao
SC,Sul,Mata Atlantica,7,92.6,18.3,8,14.1,81.7,46.3,579.0,16.6,189.0,20.1,0.475,nenhum
BA,Nordeste,Caatinga,6,63.5,12.0,3,23.7,82.0,44.4,108.0,4.8,49.4,22.7,0.234,nenhum
RJ,Sudeste,Cerrado,3,139.9,76.9,7,25.0,80.7,26.4,1010.0,17.0,102.0,30.7,0.441,nenhum
AC,Norte,Amazonia,4,301.0,92.2,25,26.8,90.8,15.3,278.0,9.2,69.0,28.2,0.53,inundacao
PR,Sul,Pampa,2,112.1,56.7,12,21.1,78.9,29.9,740.0,16.8,6.0,16.3,0.433,nenhum
ES,Sudeste,Mata Atlantica,11,215.1,100.3,13,22.9,95.1,32.8,986.0,11.5,35.6,23.9,0.561,tempestade
MG,Sudeste,Cerrado,9,78.0,31.6,6,18.7,72.6,47.0,668.0,11.8,5.1,17.2,0.462,nenhum
RR,Norte,Amazonia,5,112.0,29.1,12,23.7,86.6,25.4,31.0,10.3,127.6,28.7,0.476,nenhum
SC,Sul,Mata Atlantica,5,157.2,51.4,9,17.6,78.5,50.2,57.0,14.6,69.0,20.5,0.644,nenhum
TO,Norte,Amazonia,1,752.5,341.3,26,25.6,89.7,30.9,50.0,4.3,206.4,22.6,0.642,inundacao
AL,Nordeste,Mata Atlantica,4,82.2,32.0,7,28.6,62.1,51.5,75.0,11.0,9.0,15.7,0.398,nenhum
PE,Nordeste,Caatinga,12,43.9,8.2,3,28.8,77.8,26.1,132.0,20.0,57.3,27.8,0.272,estiagem_seca
MG,Sudeste,Mata Atlantica,1,260.7,112.5,19,24.3,89.6,45.2,494.0,22.4,60.3,14.8,0.778,deslizamento
RN,Nordeste,Mata Atlantica,2,75.4,27.2,6,29.9,79.0,19.9,350.0,12.8,1009.8,41.4,0.29,incendio_florestal
SC,Sul,Pampa,11,281.6,234.9,19,19.4,88.2,57.3,676.0,13.6,36.9,25.6,0.586,deslizamento
MG,Sudeste,Mata Atlantica,7,32.0,8.7,1,16.3,75.8,35.6,1086.0,25.7,21.6,14.3,0.176,nenhum
AC,Norte,Amazonia,1,352.8,81.6,30,29.2,100.0,46.4,217.0,11.3,51.8,14.7,0.774,tempestade
RO,Norte,Amazonia,6,99.9,21.0,7,23.0,92.0,75.3,53.0,7.0,588.4,31.9,0.387,tempestade
AC,Norte,Cerrado,9,246.3,120.3,22,21.5,90.2,33.0,115.0,7.2,178.9,17.5,0.685,inundacao
MG,Sudeste,Mata Atlantica,5,79.8,41.1,4,19.4,63.5,20.5,323.0,19.6,131.5,28.3,0.447,nenhum
MG,Sudeste,Cerrado,5,71.3,42.3,2,18.3,74.7,40.2,618.0,18.9,34.8,18.2,0.364,nenhum
SE,Nordeste,Cerrado,8,45.4,11.9,3,21.5,51.5,24.5,118.0,14.0,35.5,17.4,0.206,incendio_florestal
RJ,Sudeste,Cerrado,8,82.4,46.6,8,18.9,74.2,33.8,141.0,18.1,463.0,23.3,0.271,nenhum
AP,Norte,Amazonia,11,268.5,68.5,20,28.0,84.5,36.1,231.0,4.4,26.4,22.9,0.704,nenhum
SP,Sudeste,Mata Atlantica,3,199.6,76.2,14,20.7,90.2,88.8,972.0,16.0,23.4,23.6,0.619,tempestade
PR,Sul,Pampa,4,171.0,34.5,7,15.8,83.4,30.2,396.0,10.1,4.0,11.1,0.711,nenhum
RJ,Sudeste,Cerrado,2,325.1,133.9,25,23.6,94.5,61.4,1192.0,9.8,4.8,11.6,0.701,tempestade
SP,Sudeste,Mata Atlantica,8,42.2,15.3,2,21.2,76.3,11.6,238.0,6.1,272.0,31.2,0.396,estiagem_seca
SP,Sudeste,Cerrado,7,44.6,37.8,2,20.9,82.3,29.3,582.0,23.3,2.4,13.8,0.243,estiagem_seca
AP,Norte,Amazonia,5,160.8,55.9,12,26.8,86.0,36.3,139.0,0.7,553.1,38.6,0.405,nenhum
CE,Nordeste,Caatinga,9,23.1,4.7,1,26.2,73.2,28.9,651.0,3.2,33.7,24.5,0.175,estiagem_seca
PA,Norte,Amazonia,5,222.6,90.5,19,20.9,94.9,37.4,178.0,6.3,85.9,21.3,0.636,nenhum
MT,Centro-Oeste,Amazonia,3,64.2,23.7,8,26.7,58.9,22.8,996.0,11.2,243.0,17.0,0.433,incendio_florestal
RJ,Sudeste,Mata Atlantica,7,64.9,30.0,6,16.4,73.6,53.5,439.0,14.9,20.0,12.9,0.35,nenhum
MG,Sudeste,Cerrado,6,90.1,46.7,13,17.7,83.4,25.7,1123.0,19.7,121.3,15.7,0.333,nenhum
RS,Sul,Mata Atlantica,5,88.0,20.8,7,14.9,72.2,20.5,242.0,18.1,10.6,16.3,0.438,nenhum
PI,Nordeste,Caatinga,6,50.8,6.8,2,24.6,62.0,37.4,416.0,11.4,18.9,15.8,0.32,incendio_florestal
RJ,Sudeste,Cerrado,11,96.8,32.6,8,25.2,76.6,43.7,1273.0,18.4,95.2,30.9,0.411,nenhum
CE,Nordeste,Cerrado,3,203.7,118.2,13,29.4,66.2,39.7,141.0,6.7,92.3,25.5,0.569,tempestade
CE,Nordeste,Caatinga,4,47.3,14.1,6,25.1,67.6,19.0,529.0,5.2,84.9,27.9,0.279,incendio_florestal
ES,Sudeste,Mata Atlantica,7,56.5,13.5,5,19.9,81.9,55.8,439.0,16.7,453.1,37.1,0.417,nenhum
PR,Sul,Mata Atlantica,1,94.3,22.3,5,22.7,84.0,35.8,16.0,5.9,44.0,19.1,0.323,nenhum
SP,Sudeste,Mata Atlantica,2,151.7,85.2,13,23.5,86.5,36.7,710.0,17.8,551.2,20.6,0.525,nenhum
TO,Norte,Amazonia,7,39.7,14.3,1,25.1,84.9,34.1,66.0,6.5,54.1,14.7,0.362,estiagem_seca
ES,Sudeste,Mata Atlantica,7,73.8,30.5,2,17.7,80.0,69.2,1157.0,21.1,122.1,29.3,0.403,nenhum
PA,Norte,Amazonia,8,84.6,32.9,5,18.9,86.1,21.8,49.0,9.8,148.3,16.5,0.311,nenhum
RS,Sul,Pampa,2,148.4,39.5,8,21.9,90.0,54.3,576.0,12.8,23.2,19.4,0.521,nenhum
ES,Sudeste,Cerrado,11,428.5,89.6,27,21.9,78.8,22.7,670.0,11.1,67.7,22.5,0.633,inundacao
PE,Nordeste,Caatinga,6,64.5,18.6,8,23.7,57.5,43.2,210.0,8.4,5.6,14.3,0.352,nenhum
AP,Norte,Amazonia,2,499.3,118.0,26,26.8,95.5,24.9,25.0,10.2,58.1,28.4,0.618,inundacao
PI,Nordeste,Cerrado,4,57.6,17.8,5,24.8,67.8,60.1,164.0,9.1,54.9,15.8,0.303,nenhum
RS,Sul,Pampa,3,190.2,84.8,17,20.1,89.6,47.0,71.0,7.5,110.7,25.6,0.658,inundacao
DF,Centro-Oeste,Cerrado,6,59.7,24.0,3,23.5,61.5,12.8,914.0,12.6,41.0,16.3,0.413,deslizamento
SP,Sudeste,Mata Atlantica,6,18.9,6.5,2,16.1,69.8,44.4,672.0,22.8,718.8,21.1,0.157,estiagem_seca
ES,Sudeste,Cerrado,6,45.6,11.8,4,20.1,79.1,35.1,1074.0,12.3,3.9,14.0,0.304,incendio_florestal
RJ,Sudeste,Cerrado,6,68.9,16.7,4,21.0,81.0,14.7,490.0,16.7,8.5,15.0,0.353,nenhum
PE,Nordeste,Caatinga,11,38.7,11.6,2,28.6,57.0,74.8,506.0,5.5,11.8,12.6,0.41,estiagem_seca
SC,Sul,Pampa,12,142.4,70.4,12,20.8,83.9,38.5,221.0,7.4,46.5,22.1,0.392,nenhum
AL,Nordeste,Caatinga,6,64.0,28.1,7,26.7,65.8,38.6,264.0,9.8,15.3,22.0,0.284,incendio_florestal
RJ,Sudeste,Mata Atlantica,12,218.4,115.0,18,23.5,81.8,37.7,373.0,7.8,8.5,11.7,0.588,incendio_florestal
ES,Sudeste,Mata Atlantica,10,213.7,53.3,16,18.6,78.4,41.3,493.0,14.2,23.2,16.4,0.48,nenhum
MG,Sudeste,Mata Atlantica,10,145.1,90.5,12,24.1,79.1,25.6,865.0,12.2,5.4,15.4,0.36,nenhum
PR,Sul,Mata Atlantica,3,259.7,95.1,16,21.0,83.2,23.9,376.0,9.2,85.2,28.0,0.665,inundacao
MA,Nordeste,Caatinga,6,44.9,25.4,5,23.6,73.1,36.6,469.0,8.1,78.3,23.6,0.239,incendio_florestal
MT,Centro-Oeste,Cerrado,5,114.8,34.6,7,20.1,63.0,16.3,388.0,3.6,7.4,14.1,0.461,nenhum
CE,Nordeste,Cerrado,2,125.9,52.2,11,27.3,69.7,30.9,136.0,12.6,182.4,19.2,0.337,nenhum
MS,Centro-Oeste,Amazonia,1,435.0,267.9,23,23.9,71.2,35.3,835.0,17.9,6.7,12.4,0.613,deslizamento
AC,Norte,Amazonia,8,99.0,36.6,7,26.7,91.3,8.9,87.0,6.7,22.0,23.4,0.358,inundacao
AL,Nordeste,Caatinga,6,128.6,76.6,12,22.4,64.6,27.4,136.0,9.7,69.3,14.9,0.363,nenhum
AL,Nordeste,Caatinga,10,62.4,30.9,5,24.2,68.3,59.0,750.0,12.1,54.5,23.7,0.3,nenhum
PB,Nordeste,Caatinga,9,61.1,13.6,4,23.0,54.6,39.9,178.0,14.3,4.7,14.3,0.325,estiagem_seca
GO,Centro-Oeste,Cerrado,2,90.9,11.8,7,26.6,72.4,61.8,693.0,2.1,96.4,27.6,0.333,nenhum
SP,Sudeste,Mata Atlantica,11,146.2,68.9,11,23.7,75.9,28.5,1037.0,16.7,46.0,15.9,0.399,nenhum
RJ,Sudeste,Cerrado,6,38.7,12.2,2,20.5,71.6,48.2,1369.0,21.8,847.0,33.3,0.332,estiagem_seca
MT,Centro-Oeste,Cerrado,7,27.9,9.7,3,21.3,58.4,53.8,326.0,1.0,120.6,26.0,0.167,incendio_florestal
AL,Nordeste,Caatinga,12,37.6,11.1,3,31.5,57.6,15.1,520.0,12.6,448.5,35.5,0.228,estiagem_seca
PI,Nordeste,Cerrado,8,38.3,7.7,6,21.6,60.5,24.8,364.0,8.9,12.0,21.1,0.273,incendio_florestal
RJ,Sudeste,Mata Atlantica,1,135.3,73.2,5,22.8,91.1,49.3,827.0,16.5,4.6,14.9,0.481,nenhum
AL,Nordeste,Caatinga,3,125.3,25.9,12,29.0,72.5,28.4,388.0,5.5,360.8,30.7,0.316,incendio_florestal
TO,Norte,Amazonia,6,186.1,48.7,12,22.2,89.2,22.5,35.0,12.7,83.3,17.9,0.58,nenhum
DF,Centro-Oeste,Amazonia,1,228.9,72.5,16,28.2,71.8,90.2,468.0,9.4,766.8,29.6,0.554,tempestade
GO,Centro-Oeste,Cerrado,3,83.2,39.8,9,27.9,76.3,14.3,479.0,11.4,266.9,31.7,0.371,nenhum
CE,Nordeste,Cerrado,10,63.2,26.7,6,27.2,67.4,23.1,242.0,11.7,245.3,35.2,0.351,nenhum
RJ,Sudeste,Cerrado,2,156.6,46.7,13,22.2,74.9,29.8,586.0,27.2,97.9,18.6,0.509,deslizamento
MG,Sudeste,Mata Atlantica,3,143.8,71.2,8,24.1,81.3,36.0,1040.0,21.4,13.7,12.8,0.46,nenhum
RJ,Sudeste,Cerrado,7,58.2,10.7,8,20.5,75.4,31.3,223.0,13.2,10.8,18.6,0.441,nenhum
ES,Sudeste,Mata Atlantica,2,203.9,109.3,17,22.2,71.6,34.4,1275.0,16.7,2.4,10.6,0.644,deslizamento
ES,Sudeste,Mata Atlantica,4,104.5,27.5,4,21.7,67.4,27.5,743.0,18.1,22.5,20.3,0.352,nenhum
SE,Nordeste,Caatinga,12,154.1,54.1,5,28.6,71.9,28.3,230.0,3.1,48.6,17.5,0.424,nenhum
SP,Sudeste,Mata Atlantica,8,38.9,8.2,4,16.4,73.0,40.7,549.0,19.6,42.5,26.5,0.296,incendio_florestal
ES,Sudeste,Cerrado,12,159.5,26.8,15,23.3,64.7,32.2,224.0,7.2,50.6,25.6,0.467,nenhum
GO,Centro-Oeste,Cerrado,5,94.8,14.3,9,27.6,65.2,16.7,0.0,11.7,2.0,12.1,0.337,nenhum
RJ,Sudeste,Mata Atlantica,8,47.5,17.1,4,18.7,86.7,31.1,926.0,20.1,66.5,16.3,0.322,incendio_florestal
PI,Nordeste,Cerrado,3,164.2,37.4,14,28.6,68.4,38.7,651.0,9.1,489.4,30.7,0.395,nenhum
DF,Centro-Oeste,Pantanal,5,116.1,41.8,12,21.7,74.3,100.6,78.0,10.6,15.0,12.8,0.456,tempestade
ES,Sudeste,Mata Atlantica,3,132.5,31.8,11,24.3,74.8,28.5,527.0,8.1,5.7,11.6,0.502,nenhum
RS,Sul,Mata Atlantica,10,190.2,73.2,14,19.0,84.5,50.9,530.0,7.9,4.7,15.0,0.517,nenhum
PR,Sul,Mata Atlantica,3,183.6,73.3,19,20.7,82.4,55.8,454.0,15.4,19.1,14.4,0.591,nenhum
MT,Centro-Oeste,Pantanal,3,96.8,52.5,12,26.1,57.1,30.6,606.0,5.4,28.1,14.4,0.357,nenhum
MS,Centro-Oeste,Cerrado,6,60.3,36.0,5,20.8,64.8,55.5,301.0,8.4,65.4,21.3,0.322,nenhum
MG,Sudeste,Cerrado,6,82.8,36.0,7,15.2,72.2,49.3,609.0,18.8,156.3,33.5,0.219,nenhum
PE,Nordeste,Caatinga,4,145.6,62.0,15,24.9,62.3,53.2,514.0,11.5,11.6,18.7,0.491,nenhum
SP,Sudeste,Mata Atlantica,5,174.9,35.3,16,22.0,87.6,24.6,85.0,20.8,22.6,18.7,0.612,nenhum
DF,Centro-Oeste,Cerrado,4,75.3,21.3,3,27.0,61.8,85.5,559.0,6.5,4.2,11.6,0.275,tempestade
AP,Norte,Cerrado,11,143.4,51.3,16,28.0,90.9,49.7,157.0,4.1,115.3,19.6,0.53,nenhum
PA,Norte,Amazonia,7,36.0,15.0,4,24.6,76.5,20.2,64.0,2.8,27.3,22.8,0.236,incendio_florestal
MG,Sudeste,Mata Atlantica,12,128.9,23.5,12,24.4,76.2,28.9,459.0,16.9,34.1,14.4,0.53,nenhum
AC,Norte,Amazonia,12,486.2,183.1,27,24.4,100.0,49.1,143.0,9.2,345.1,28.9,0.764,inundacao
AL,Nordeste,Cerrado,8,139.7,27.0,5,25.1,78.0,40.2,185.0,16.5,56.9,27.3,0.455,nenhum
AL,Nordeste,Caatinga,10,44.6,19.6,2,26.0,58.9,47.5,59.0,19.2,615.4,28.4,0.312,incendio_florestal
SE,Nordeste,Mata Atlantica,2,85.4,26.9,6,29.3,68.3,44.3,166.0,2.9,148.8,32.3,0.362,incendio_florestal
RN,Nordeste,Caatinga,12,75.8,23.6,6,29.1,64.2,25.0,526.0,1.4,25.5,21.7,0.418,deslizamento
SP,Sudeste,Mata Atlantica,6,101.3,52.8,9,21.2,80.6,60.2,400.0,1.0,9.1,17.4,0.394,nenhum
AP,Norte,Amazonia,9,219.2,85.8,17,24.0,88.8,64.1,139.0,7.1,38.2,19.2,0.663,tempestade
MG,Sudeste,Mata Atlantica,3,253.4,57.1,21,23.9,78.1,47.6,834.0,5.4,224.1,19.9,0.621,nenhum
SC,Sul,Mata Atlantica,2,221.1,57.8,19,21.8,85.7,53.7,855.0,4.3,6.0,12.7,0.718,nenhum
SE,Nordeste,Caatinga,11,35.9,16.0,4,30.3,67.4,29.1,571.0,11.4,19.6,14.5,0.227,estiagem_seca
RN,Nordeste,Caatinga,6,72.2,16.3,7,25.0,60.6,25.4,428.0,10.5,14.0,19.2,0.319,nenhum
RJ,Sudeste,Mata Atlantica,2,237.3,94.0,19,25.6,81.8,33.1,532.0,18.7,25.8,20.0,0.602,deslizamento
PA,Norte,Amazonia,8,88.1,26.9,5,23.5,87.0,65.8,167.0,9.4,88.4,24.5,0.391,nenhum
AL,Nordeste,Caatinga,1,39.4,17.7,2,26.0,70.9,29.9,72.0,1.0,65.6,19.5,0.346,estiagem_seca
PR,Sul,Mata Atlantica,6,66.4,42.4,6,18.9,85.2,7.0,163.0,14.0,63.6,18.2,0.382,nenhum
SC,Sul,Pampa,9,107.9,63.8,10,15.2,79.6,39.4,429.0,8.3,6.0,16.3,0.388,nenhum
RJ,Sudeste,Mata Atlantica,9,187.8,64.1,17,23.2,86.3,29.3,516.0,2.0,141.7,20.0,0.66,nenhum
RN,Nordeste,Caatinga,6,55.2,25.0,6,24.6,73.9,16.9,473.0,9.1,218.4,18.7,0.405,nenhum
RJ,Sudeste,Mata Atlantica,5,87.5,29.2,8,18.8,69.5,24.6,467.0,18.8,34.2,19.6,0.397,nenhum
MG,Sudeste,Mata Atlantica,11,222.3,78.3,17,23.1,84.6,35.0,10.0,19.9,12.8,18.8,0.581,inundacao
PB,Nordeste,Cerrado,3,96.4,31.6,6,25.5,72.8,42.4,600.0,13.1,166.7,16.5,0.309,nenhum
SP,Sudeste,Mata Atlantica,1,244.2,150.0,20,22.7,64.9,57.7,191.0,21.3,365.2,22.8,0.7,deslizamento
TO,Norte,Cerrado,2,411.7,120.2,28,30.9,98.0,22.4,181.0,2.0,86.7,25.6,0.631,nenhum
PI,Nordeste,Cerrado,10,65.5,21.8,3,26.5,65.7,40.4,340.0,1.5,16.6,16.7,0.415,nenhum
DF,Centro-Oeste,Pantanal,6,105.5,33.8,6,23.9,71.3,19.2,55.0,8.2,10.0,11.8,0.506,nenhum
MA,Nordeste,Cerrado,1,141.4,28.2,5,29.9,64.6,21.9,755.0,3.9,115.2,27.3,0.421,estiagem_seca
PI,Nordeste,Mata Atlantica,3,65.8,19.2,3,28.2,84.4,46.6,4.0,4.1,4.7,12.0,0.363,nenhum
MG,Sudeste,Mata Atlantica,1,236.2,129.2,16,24.3,90.3,27.3,1092.0,15.3,6.1,13.0,0.664,tempestade
RS,Sul,Mata Atlantica,10,93.9,30.0,7,18.2,66.9,33.4,531.0,12.5,67.7,22.1,0.484,nenhum
SP,Sudeste,Mata Atlantica,6,75.2,25.1,5,20.3,71.1,25.8,93.0,16.9,519.7,37.9,0.276,incendio_florestal
MG,Sudeste,Mata Atlantica,1,235.9,61.0,20,26.6,80.8,49.4,780.0,17.2,277.0,25.5,0.673,nenhum
SC,Sul,Pampa,3,196.2,101.3,16,19.4,89.4,47.0,607.0,11.5,87.3,16.2,0.589,nenhum
RN,Nordeste,Caatinga,8,108.7,34.3,13,24.7,59.4,41.1,458.0,7.9,2.2,11.6,0.549,nenhum
GO,Centro-Oeste,Pantanal,8,62.4,7.9,4,21.3,60.3,21.4,1077.0,10.1,1.2,10.3,0.315,nenhum
SE,Nordeste,Caatinga,10,45.7,14.4,5,28.5,70.0,36.2,65.0,12.3,38.1,15.3,0.243,incendio_florestal
AP,Norte,Amazonia,1,507.6,196.4,23,25.8,91.1,54.0,78.0,16.9,697.1,21.9,0.532,inundacao
SP,Sudeste,Mata Atlantica,1,284.9,98.0,20,23.5,82.7,34.7,427.0,6.2,13.0,17.7,0.688,inundacao
MT,Centro-Oeste,Cerrado,1,160.8,88.9,13,31.7,85.9,25.9,1678.0,8.2,180.1,34.1,0.484,tempestade
DF,Centro-Oeste,Cerrado,5,50.3,6.0,3,22.2,55.5,32.4,1183.0,7.9,78.5,28.5,0.27,nenhum
PB,Nordeste,Cerrado,9,42.9,16.1,1,24.1,66.0,32.9,543.0,7.4,20.9,21.9,0.355,incendio_florestal
CE,Nordeste,Caatinga,8,20.6,11.5,2,22.9,62.4,61.7,441.0,9.4,26.7,16.1,0.375,estiagem_seca
PR,Sul,Mata Atlantica,3,104.0,26.9,12,22.9,82.9,36.1,705.0,9.8,4.0,13.8,0.371,nenhum
PA,Norte,Amazonia,8,66.7,19.4,6,22.9,84.7,29.5,142.0,10.6,95.5,17.6,0.331,nenhum
PE,Nordeste,Caatinga,8,32.3,10.4,0,24.2,64.6,32.3,714.0,23.3,18.5,17.2,0.168,incendio_florestal
PB,Nordeste,Caatinga,3,162.8,34.3,10,25.5,64.9,27.0,415.0,3.3,176.4,29.6,0.488,nenhum
MS,Centro-Oeste,Cerrado,9,104.5,20.9,7,25.0,77.1,24.3,1231.0,7.2,35.2,16.4,0.374,nenhum
SP,Sudeste,Cerrado,6,45.3,17.1,8,17.0,67.0,29.3,342.0,19.3,31.7,24.0,0.259,incendio_florestal
DF,Centro-Oeste,Cerrado,1,395.2,137.5,29,29.1,83.1,38.0,994.0,14.5,2.1,12.7,0.681,deslizamento
TO,Norte,Amazonia,5,108.0,40.2,7,22.9,86.3,29.7,149.0,4.6,76.1,25.1,0.433,nenhum
BA,Nordeste,Caatinga,10,46.1,23.3,4,26.4,66.8,24.7,207.0,4.6,106.3,29.9,0.254,incendio_florestal
SP,Sudeste,Mata Atlantica,9,70.9,15.8,3,20.4,67.5,65.3,219.0,22.9,326.4,22.8,0.477,nenhum
MG,Sudeste,Cerrado,4,103.4,21.3,5,20.3,79.8,25.5,791.0,20.1,13.9,21.2,0.394,nenhum
MG,Sudeste,Mata Atlantica,10,118.8,37.2,6,20.7,80.7,58.0,840.0,13.1,73.5,20.8,0.331,nenhum
MG,Sudeste,Mata Atlantica,5,149.1,44.1,12,21.0,71.8,31.4,109.0,18.7,90.0,21.5,0.43,nenhum
MG,Sudeste,Cerrado,6,49.7,14.8,3,20.0,77.8,23.2,1156.0,24.7,7.3,17.5,0.358,nenhum
AP,Norte,Amazonia,2,374.5,66.3,30,25.8,87.6,29.9,176.0,0.8,19.3,21.9,0.708,inundacao
PI,Nordeste,Caatinga,12,73.5,31.9,6,32.5,67.2,16.5,187.0,12.5,8.3,17.2,0.357,estiagem_seca
MG,Sudeste,Mata Atlantica,11,248.8,85.1,18,24.2,85.9,41.5,128.0,21.3,9.4,15.0,0.679,deslizamento
AL,Nordeste,Caatinga,3,112.4,34.1,10,25.8,85.2,51.6,242.0,14.5,27.3,23.8,0.421,nenhum
MG,Sudeste,Cerrado,7,55.2,32.9,5,18.0,71.6,40.7,821.0,22.2,17.5,20.7,0.36,nenhum
GO,Centro-Oeste,Pantanal,10,91.9,29.8,7,22.5,70.8,35.7,825.0,10.8,48.1,20.2,0.379,nenhum
RJ,Sudeste,Mata Atlantica,7,40.2,15.2,4,20.6,64.6,90.3,130.0,4.8,126.4,22.3,0.194,tempestade
RS,Sul,Pampa,3,171.2,77.4,9,19.5,83.9,26.0,274.0,19.0,120.1,24.3,0.462,nenhum
MS,Centro-Oeste,Amazonia,12,166.7,60.5,11,28.5,72.0,56.6,741.0,8.7,160.8,31.8,0.44,nenhum
PR,Sul,Mata Atlantica,4,139.3,51.7,12,17.2,73.4,43.2,589.0,10.2,33.2,23.9,0.373,deslizamento
SP,Sudeste,Mata Atlantica,5,170.3,26.8,12,19.7,78.6,17.4,448.0,17.5,22.8,13.5,0.456,nenhum
PR,Sul,Pampa,5,176.8,62.7,12,16.5,77.2,27.4,132.0,15.5,7.8,16.7,0.567,nenhum
MA,Nordeste,Caatinga,11,28.3,16.1,0,28.5,70.6,22.2,183.0,10.9,141.1,24.5,0.249,estiagem_seca
DF,Centro-Oeste,Cerrado,7,32.4,13.6,4,16.9,79.3,45.3,270.0,12.4,213.7,19.2,0.324,estiagem_seca
SP,Sudeste,Mata Atlantica,9,131.6,23.3,13,19.4,79.8,35.9,87.0,18.1,323.6,17.4,0.582,nenhum
AP,Norte,Amazonia,11,437.9,216.8,29,28.3,97.1,42.9,199.0,13.0,79.2,21.5,0.714,deslizamento
PI,Nordeste,Cerrado,12,67.0,21.8,4,29.0,68.3,27.4,610.0,20.4,24.5,15.8,0.395,incendio_florestal
SC,Sul,Pampa,11,96.3,36.9,6,20.8,74.8,13.0,377.0,16.2,9.7,13.8,0.303,nenhum
RJ,Sudeste,Cerrado,11,185.6,46.0,12,21.1,79.0,46.1,417.0,21.3,6.6,15.6,0.603,nenhum
SE,Nordeste,Mata Atlantica,12,131.9,88.5,8,33.3,71.3,79.4,593.0,11.4,2.6,12.3,0.473,tempestade
PE,Nordeste,Caatinga,12,114.2,26.1,7,28.8,79.4,57.6,44.0,4.0,230.9,20.7,0.5,nenhum
SE,Nordeste,Caatinga,8,40.4,16.9,4,23.4,56.8,34.3,309.0,9.4,87.7,29.2,0.172,incendio_florestal
AC,Norte,Amazonia,2,203.5,87.0,11,28.8,78.6,59.6,138.0,1.0,1642.9,32.8,0.604,tempestade
SC,Sul,Mata Atlantica,2,215.7,58.3,21,23.3,80.5,45.4,545.0,10.7,41.2,15.4,0.576,nenhum
GO,Centro-Oeste,Amazonia,10,261.8,43.3,22,25.3,92.8,9.4,1024.0,9.2,53.8,17.1,0.604,incendio_florestal
RN,Nordeste,Caatinga,4,196.6,56.4,16,24.4,68.6,131.0,314.0,5.4,85.0,30.2,0.68,tempestade
SP,Sudeste,Mata Atlantica,10,135.0,99.7,9,17.9,73.3,71.5,562.0,18.5,121.2,23.7,0.453,tempestade
TO,Norte,Amazonia,12,314.5,140.8,26,27.1,100.0,22.1,189.0,20.0,17.9,20.3,0.657,deslizamento
CE,Nordeste,Caatinga,8,24.2,4.0,1,24.3,49.6,31.4,120.0,16.6,46.4,27.6,0.199,estiagem_seca
SP,Sudeste,Mata Atlantica,10,146.0,67.8,12,18.8,81.1,72.6,144.0,23.7,157.1,21.9,0.45,tempestade
MG,Sudeste,Cerrado,4,70.3,31.3,3,22.4,83.7,19.4,788.0,5.0,536.7,18.7,0.318,nenhum
SC,Sul,Pampa,6,76.6,15.7,3,15.3,75.6,34.2,683.0,5.2,12.5,17.6,0.343,nenhum
MG,Sudeste,Mata Atlantica,12,151.0,33.7,13,23.0,72.6,30.9,846.0,19.5,66.2,15.0,0.492,nenhum
GO,Centro-Oeste,Pantanal,10,55.1,28.3,3,23.2,65.8,23.9,996.0,3.9,56.7,20.0,0.296,nenhum
MG,Sudeste,Mata Atlantica,3,228.4,89.1,14,19.9,79.1,71.5,1841.0,21.5,32.6,16.0,0.563,tempestade
PR,Sul,Mata Atlantica,12,114.0,27.3,9,20.6,72.3,23.8,565.0,7.1,225.2,33.1,0.382,nenhum
ES,Sudeste,Mata Atlantica,6,30.0,4.4,1,18.5,92.4,29.2,1059.0,22.1,1510.5,21.7,0.283,estiagem_seca
SC,Sul,Mata Atlantica,11,154.7,64.6,10,18.6,97.3,33.1,426.0,19.7,85.6,28.8,0.522,nenhum
MG,Sudeste,Mata Atlantica,7,35.0,15.5,5,19.3,75.4,27.8,1168.0,26.2,15.3,16.6,0.364,estiagem_seca
RS,Sul,Mata Atlantica,8,212.3,70.6,20,14.5,95.0,30.9,377.0,14.9,5.8,14.2,0.592,inundacao
AC,Norte,Amazonia,2,308.1,132.8,25,27.2,99.6,27.4,37.0,2.4,44.2,14.4,0.706,inundacao
MG,Sudeste,Mata Atlantica,5,79.2,39.0,5,21.0,66.3,27.7,128.0,9.0,203.5,29.9,0.38,nenhum
DF,Centro-Oeste,Cerrado,9,156.5,67.7,18,23.8,72.4,68.8,482.0,2.1,36.2,22.7,0.45,tempestade
SP,Sudeste,Mata Atlantica,11,685.2,226.3,22,21.7,80.7,47.9,212.0,23.6,72.9,24.8,0.666,deslizamento
MG,Sudeste,Cerrado,2,296.3,122.1,22,23.6,78.6,38.8,519.0,20.2,926.5,23.1,0.679,deslizamento
PR,Sul,Pampa,1,123.3,23.0,8,26.8,82.9,51.4,559.0,13.2,130.6,23.3,0.301,nenhum
RS,Sul,Pampa,9,60.7,29.5,3,18.1,78.2,28.8,1035.0,10.2,53.8,26.0,0.306,nenhum
RN,Nordeste,Caatinga,6,45.2,13.2,1,24.7,67.7,13.8,401.0,14.8,6.6,11.3,0.333,incendio_florestal
RJ,Sudeste,Mata Atlantica,11,303.9,130.9,27,21.4,86.7,54.8,1436.0,16.5,165.2,29.7,0.588,deslizamento
MG,Sudeste,Mata Atlantica,1,160.8,39.9,17,26.1,80.6,21.2,1739.0,12.9,114.1,28.1,0.546,nenhum
MA,Nordeste,Cerrado,5,198.4,102.6,16,22.9,75.9,32.1,636.0,3.1,170.4,33.1,0.655,tempestade
AM,Norte,Amazonia,1,438.1,269.9,28,27.0,98.5,30.9,81.0,16.5,7.5,15.7,0.703,inundacao
AC,Norte,Amazonia,9,147.9,27.1,14,23.5,75.8,22.5,13.0,4.9,47.1,18.5,0.405,nenhum
MG,Sudeste,Mata Atlantica,11,218.3,51.8,21,22.6,76.3,23.9,347.0,16.0,117.9,16.7,0.604,nenhum
DF,Centro-Oeste,Amazonia,2,171.5,104.6,13,28.8,68.0,42.7,947.0,5.2,5.5,16.6,0.472,tempestade
PR,Sul,Mata Atlantica,4,98.0,32.5,6,20.0,92.7,15.2,648.0,23.0,60.2,22.4,0.527,nenhum
DF,Centro-Oeste,Cerrado,11,166.8,53.1,13,28.2,63.5,53.5,374.0,2.3,252.0,22.8,0.471,nenhum
RS,Sul,Mata Atlantica,1,151.4,26.3,10,22.1,93.4,28.6,511.0,7.1,18.9,21.7,0.496,nenhum
MS,Centro-Oeste,Amazonia,12,174.3,40.7,10,29.0,75.2,30.8,404.0,3.2,242.0,30.3,0.576,deslizamento
ES,Sudeste,Mata Atlantica,11,84.0,17.5,10,23.6,88.4,32.1,392.0,16.7,51.5,15.5,0.323,nenhum
RO,Norte,Cerrado,2,269.0,91.6,17,26.1,87.2,20.8,211.0,16.0,57.1,23.7,0.605,deslizamento
RJ,Sudeste,Mata Atlantica,2,188.6,94.2,15,26.2,80.1,48.2,889.0,18.3,216.2,32.4,0.605,tempestade
ES,Sudeste,Mata Atlantica,9,118.6,58.2,11,21.4,73.6,45.1,563.0,11.6,17.7,15.3,0.528,nenhum
RS,Sul,Mata Atlantica,1,417.4,123.5,28,20.7,82.8,48.9,3.0,11.8,7.1,12.9,0.621,inundacao
ES,Sudeste,Cerrado,7,25.9,6.6,2,18.5,64.5,17.8,574.0,19.1,33.2,25.4,0.177,incendio_florestal
AP,Norte,Amazonia,1,636.7,364.4,28,27.5,100.0,40.0,51.0,1.7,80.8,26.0,0.69,inundacao
PE,Nordeste,Cerrado,7,70.4,30.4,3,25.3,57.8,35.0,505.0,17.4,83.5,28.8,0.357,nenhum
RO,Norte,Amazonia,5,116.5,53.6,8,23.9,100.0,27.7,7.0,6.1,79.3,20.5,0.386,nenhum
RO,Norte,Amazonia,9,130.2,45.1,12,23.1,95.6,31.5,185.0,11.3,16.2,21.7,0.466,incendio_florestal
RJ,Sudeste,Mata Atlantica,11,221.4,110.4,15,22.3,74.6,32.5,929.0,13.9,100.8,24.9,0.524,tempestade
RJ,Sudeste,Cerrado,6,75.8,31.0,5,18.4,66.3,64.6,1845.0,25.9,42.2,21.4,0.386,deslizamento
MG,Sudeste,Cerrado,8,46.7,7.7,3,15.5,72.5,42.3,1224.0,27.3,487.9,23.5,0.308,incendio_florestal
PR,Sul,Mata Atlantica,8,147.7,48.8,12,17.0,83.6,23.3,155.0,14.4,187.5,16.8,0.378,nenhum
MG,Sudeste,Mata Atlantica,12,150.3,72.4,16,26.6,71.8,33.6,1472.0,12.8,107.6,24.1,0.45,nenhum
SP,Sudeste,Cerrado,3,134.5,20.4,8,22.2,82.9,20.2,161.0,14.8,37.6,26.4,0.418,nenhum
AC,Norte,Amazonia,3,142.4,79.6,10,28.1,95.0,29.9,43.0,10.1,29.0,18.1,0.524,tempestade
BA,Nordeste,Caatinga,5,75.3,25.2,9,25.8,75.1,28.7,610.0,15.2,35.2,25.5,0.265,nenhum
MG,Sudeste,Cerrado,9,80.8,25.6,6,21.8,71.1,24.4,1123.0,22.6,74.6,15.9,0.453,nenhum
SC,Sul,Mata Atlantica,11,117.6,54.7,11,21.5,79.4,35.4,306.0,3.9,214.4,20.8,0.431,nenhum
AP,Norte,Cerrado,4,159.6,85.9,12,26.4,92.1,43.9,7.0,12.6,5.5,12.8,0.6,tempestade
DF,Centro-Oeste,Cerrado,2,226.3,40.0,14,27.2,75.8,29.5,1064.0,19.9,23.3,17.2,0.538,deslizamento
MG,Sudeste,Mata Atlantica,8,53.1,22.3,6,19.2,80.0,19.8,232.0,16.2,320.5,28.4,0.307,deslizamento
AC,Norte,Amazonia,8,121.3,60.5,9,22.2,80.9,32.7,231.0,3.7,21.0,22.0,0.442,nenhum
PB,Nordeste,Cerrado,5,83.6,17.6,1,26.8,60.3,31.5,135.0,6.4,13.9,17.7,0.39,nenhum
RS,Sul,Mata Atlantica,3,154.8,48.1,12,20.9,80.3,75.6,664.0,8.1,245.2,19.2,0.523,deslizamento
ES,Sudeste,Mata Atlantica,11,233.3,87.5,20,25.3,84.8,44.5,1388.0,9.4,104.8,16.0,0.669,nenhum
PI,Nordeste,Cerrado,11,37.7,18.6,2,28.4,61.1,13.7,308.0,8.3,68.8,25.1,0.115,incendio_florestal
RS,Sul,Mata Atlantica,9,273.7,46.5,22,16.1,85.8,34.3,128.0,8.6,123.3,27.8,0.761,nenhum
SE,Nordeste,Mata Atlantica,7,61.4,9.7,4,24.1,65.3,49.8,124.0,16.7,32.3,13.6,0.304,nenhum
PR,Sul,Pampa,4,134.6,81.1,13,18.0,80.8,42.7,586.0,17.6,52.0,15.5,0.434,nenhum
SE,Nordeste,Caatinga,5,93.7,25.2,3,24.8,76.9,34.0,355.0,4.7,56.8,27.0,0.372,nenhum
MG,Sudeste,Mata Atlantica,1,181.6,74.3,13,25.8,83.8,25.8,1247.0,22.3,30.3,20.6,0.578,deslizamento
RN,Nordeste,Cerrado,3,102.4,32.0,9,31.2,60.1,40.0,376.0,11.6,30.0,19.1,0.315,incendio_florestal
PE,Nordeste,Cerrado,6,41.5,15.2,4,24.4,65.7,26.4,521.0,15.9,13.2,13.1,0.211,incendio_florestal
SC,Sul,Pampa,6,111.9,28.0,7,16.5,82.0,41.2,435.0,9.5,23.3,16.2,0.536,nenhum
RN,Nordeste,Caatinga,1,96.6,28.7,5,30.4,71.3,48.0,602.0,9.0,25.6,21.5,0.365,incendio_florestal
AC,Norte,Cerrado,12,397.2,60.2,28,27.3,100.0,56.5,236.0,7.1,3.0,13.0,0.712,inundacao
AL,Nordeste,Cerrado,4,76.7,14.4,9,26.2,69.0,47.4,458.0,13.0,121.8,24.8,0.272,incendio_florestal
ES,Sudeste,Mata Atlantica,7,100.8,32.7,6,20.0,82.3,36.8,916.0,12.7,73.7,26.9,0.493,nenhum
MG,Sudeste,Cerrado,6,125.4,32.5,10,17.6,91.0,18.7,323.0,16.0,457.0,33.4,0.464,nenhum
RS,Sul,Mata Atlantica,6,103.3,35.2,12,16.0,81.6,21.7,503.0,3.6,6.8,13.3,0.387,nenhum
SE,Nordeste,Cerrado,11,34.8,7.6,1,28.1,67.6,30.2,102.0,8.9,10.8,19.9,0.39,estiagem_seca
BA,Nordeste,Caatinga,9,68.1,25.7,8,25.8,70.1,45.0,11.0,3.3,200.8,27.6,0.366,nenhum
MA,Nordeste,Caatinga,11,144.0,59.0,13,29.8,63.9,35.9,420.0,4.2,8.0,12.5,0.559,estiagem_seca
ES,Sudeste,Mata Atlantica,5,105.1,19.6,8,17.8,70.3,38.8,437.0,9.1,46.0,21.0,0.468,nenhum
RS,Sul,Mata Atlantica,4,205.2,88.3,11,22.1,94.3,55.8,337.0,2.6,34.2,19.0,0.566,nenhum
ES,Sudeste,Mata Atlantica,6,52.4,16.3,2,19.4,80.0,40.0,473.0,19.9,490.8,35.4,0.394,nenhum
RJ,Sudeste,Mata Atlantica,7,38.5,9.4,5,15.3,76.3,26.6,985.0,13.9,45.6,26.6,0.392,estiagem_seca
SE,Nordeste,Caatinga,5,205.5,64.5,18,23.2,82.0,71.2,645.0,13.9,45.3,17.0,0.724,tempestade
PR,Sul,Mata Atlantica,6,97.9,52.8,7,17.7,74.3,46.2,227.0,7.0,68.6,25.5,0.218,nenhum
MS,Centro-Oeste,Cerrado,2,146.3,51.0,8,26.9,59.6,48.1,902.0,11.5,13.5,17.3,0.494,nenhum
PI,Nordeste,Cerrado,8,57.2,13.3,4,24.3,63.5,37.6,294.0,4.9,23.0,23.1,0.339,nenhum
RN,Nordeste,Caatinga,9,34.2,6.5,1,25.9,61.7,60.3,51.0,1.3,9.5,12.4,0.282,estiagem_seca
PA,Norte,Amazonia,7,100.8,34.6,6,26.8,78.3,69.1,208.0,14.0,130.4,27.9,0.379,tempestade
PI,Nordeste,Caatinga,11,52.6,15.0,1,29.6,73.5,43.7,779.0,10.7,139.0,32.6,0.275,incendio_florestal
AM,Norte,Amazonia,12,440.6,190.7,27,31.3,85.5,65.5,224.0,2.3,13.9,17.7,0.771,inundacao
DF,Centro-Oeste,Cerrado,11,277.3,86.9,24,25.4,79.3,34.4,591.0,20.7,33.5,17.4,0.762,deslizamento
MG,Sudeste,Cerrado,2,252.3,64.1,18,23.1,89.5,56.2,828.0,21.5,62.6,24.2,0.682,deslizamento
PE,Nordeste,Caatinga,11,65.1,22.8,6,25.8,60.2,49.3,413.0,6.0,6.2,11.3,0.394,nenhum
DF,Centro-Oeste,Cerrado,5,143.9,41.2,12,20.8,72.7,20.1,537.0,9.7,109.9,24.6,0.467,nenhum
SC,Sul,Mata Atlantica,6,183.6,56.8,15,14.1,90.1,49.4,118.0,2.4,9.9,15.1,0.706,nenhum
RJ,Sudeste,Mata Atlantica,5,117.9,16.5,6,17.9,77.5,11.9,1275.0,15.9,3.9,11.2,0.486,nenhum
RJ,Sudeste,Mata Atlantica,4,127.9,21.4,8,20.2,85.3,19.7,1359.0,14.5,53.9,27.2,0.551,nenhum
BA,Nordeste,Cerrado,11,44.9,14.8,5,27.3,66.0,50.6,339.0,1.7,122.3,23.7,0.358,inundacao
RS,Sul,Mata Atlantica,8,200.1,52.7,16,13.1,76.5,17.7,577.0,17.1,189.9,32.5,0.584,incendio_florestal
SE,Nordeste,Cerrado,12,126.7,38.4,11,27.3,62.0,21.4,31.0,8.5,98.6,19.5,0.344,estiagem_seca
PE,Nordeste,Caatinga,12,28.0,6.9,0,30.4,80.8,48.1,304.0,13.4,17.7,15.9,0.37,estiagem_seca
SC,Sul,Mata Atlantica,6,163.5,24.6,12,14.7,84.2,35.6,378.0,16.8,789.6,41.7,0.329,nenhum
DF,Centro-Oeste,Cerrado,9,56.4,18.9,4,23.0,63.0,22.1,782.0,12.4,54.3,22.2,0.302,nenhum
RJ,Sudeste,Mata Atlantica,7,41.1,14.8,4,19.8,64.6,29.9,278.0,17.2,12.3,15.5,0.212,incendio_florestal
MG,Sudeste,Cerrado,6,71.7,26.2,9,20.0,67.8,40.0,859.0,9.7,210.7,30.6,0.386,nenhum
MG,Sudeste,Mata Atlantica,9,97.5,23.2,8,19.8,71.9,29.2,854.0,26.9,76.3,15.8,0.38,deslizamento
PI,Nordeste,Caatinga,9,33.7,11.6,4,23.9,79.5,82.9,458.0,9.3,1040.6,37.8,0.274,estiagem_seca
MA,Nordeste,Caatinga,11,77.8,22.3,7,27.9,64.3,59.9,416.0,2.6,503.1,21.2,0.21,incendio_florestal
SE,Nordeste,Caatinga,10,29.2,9.3,4,25.2,66.8,18.4,144.0,11.2,27.2,13.5,0.355,estiagem_seca
PB,Nordeste,Cerrado,8,38.3,8.2,4,23.5,63.6,52.9,287.0,14.9,7.9,19.1,0.351,estiagem_seca
RS,Sul,Mata Atlantica,12,159.1,40.3,10,19.6,89.7,36.1,88.0,11.3,23.4,15.3,0.449,nenhum
BA,Nordeste,Caatinga,2,127.1,42.4,8,27.7,64.6,7.3,158.0,21.7,1.5,12.4,0.434,nenhum
MG,Sudeste,Mata Atlantica,10,108.2,39.5,12,22.4,75.8,58.2,608.0,16.6,52.1,21.3,0.505,nenhum
SP,Sudeste,Mata Atlantica,5,99.4,49.9,8,19.2,76.3,51.5,1064.0,13.3,215.6,19.7,0.42,nenhum
MG,Sudeste,Mata Atlantica,6,46.6,28.6,3,23.5,68.7,19.7,866.0,13.8,51.2,21.5,0.359,incendio_florestal
GO,Centro-Oeste,Cerrado,10,175.5,113.6,15,23.9,67.4,39.9,163.0,2.1,101.3,18.5,0.417,tempestade
MS,Centro-Oeste,Cerrado,4,110.7,37.1,7,23.4,72.4,27.2,344.0,6.9,157.3,17.4,0.416,nenhum
PR,Sul,Pampa,11,87.9,23.4,9,19.9,83.5,34.1,465.0,10.6,464.5,24.4,0.438,nenhum
SP,Sudeste,Mata Atlantica,6,43.6,10.3,3,19.7,66.8,28.5,397.0,15.1,63.3,21.7,0.243,incendio_florestal
SP,Sudeste,Cerrado,5,94.3,23.0,10,19.1,71.2,52.6,587.0,21.4,35.6,22.1,0.339,tempestade
SC,Sul,Mata Atlantica,4,135.6,36.8,11,16.9,79.2,30.4,1393.0,18.9,21.0,16.6,0.474,nenhum
RJ,Sudeste,Cerrado,6,47.2,20.1,2,20.7,61.9,65.5,496.0,9.9,546.7,24.5,0.238,incendio_florestal
BA,Nordeste,Cerrado,12,138.6,22.6,16,31.0,68.4,38.3,683.0,18.4,20.3,17.6,0.577,estiagem_seca
SP,Sudeste,Mata Atlantica,2,157.3,108.0,11,26.8,76.3,33.3,330.0,12.6,794.8,29.1,0.527,tempestade
AC,Norte,Amazonia,7,197.0,115.3,17,20.4,81.0,40.3,92.0,9.7,30.1,23.4,0.565,inundacao
RJ,Sudeste,Cerrado,11,297.0,115.5,25,21.0,83.5,34.2,612.0,15.2,14.1,13.3,0.838,deslizamento
RS,Sul,Pampa,6,91.8,15.9,7,15.3,81.7,21.4,342.0,16.1,93.8,16.7,0.388,nenhum
GO,Centro-Oeste,Cerrado,7,46.6,14.0,5,18.6,78.1,25.0,105.0,6.8,71.4,22.6,0.332,incendio_florestal
DF,Centro-Oeste,Cerrado,5,174.3,110.4,15,20.4,74.8,43.4,706.0,12.5,4.1,13.9,0.489,tempestade
AP,Norte,Amazonia,2,245.6,124.9,15,26.9,98.7,41.2,95.0,4.9,140.7,21.0,0.658,tempestade
RS,Sul,Mata Atlantica,8,87.3,57.0,9,15.4,91.1,42.3,880.0,7.3,3.1,11.3,0.453,nenhum
PA,Norte,Amazonia,12,165.9,37.7,12,27.1,88.2,34.3,41.0,7.3,750.6,38.5,0.511,nenhum
TO,Norte,Cerrado,7,48.0,13.3,6,25.1,84.6,27.8,140.0,6.9,5.9,12.5,0.267,incendio_florestal
PI,Nordeste,Cerrado,6,39.1,6.5,5,25.1,63.3,20.9,506.0,3.2,76.9,24.8,0.186,incendio_florestal
RO,Norte,Cerrado,2,250.5,67.0,15,27.7,91.9,31.6,56.0,1.4,111.4,27.2,0.655,inundacao
DF,Centro-Oeste,Cerrado,12,150.0,74.1,15,21.9,76.5,43.5,1212.0,9.7,209.5,27.4,0.497,nenhum
GO,Centro-Oeste,Cerrado,11,261.4,158.2,19,25.1,69.6,30.2,924.0,11.4,5.7,13.7,0.552,inundacao
PI,Nordeste,Mata Atlantica,11,29.3,7.2,3,29.3,52.5,24.5,179.0,13.6,108.1,29.0,0.398,estiagem_seca
AP,Norte,Amazonia,5,95.8,26.6,8,25.1,78.0,38.2,67.0,4.6,9.9,15.5,0.429,nenhum
PA,Norte,Cerrado,8,100.3,24.9,7,26.9,81.3,37.9,193.0,7.4,71.9,16.2,0.271,incendio_florestal
BA,Nordeste,Caatinga,6,45.7,16.9,5,23.6,65.7,21.5,31.0,9.6,2.7,10.1,0.363,incendio_florestal
AC,Norte,Amazonia,3,512.2,157.5,28,26.2,89.7,49.5,265.0,6.0,108.4,30.6,0.526,inundacao
SP,Sudeste,Mata Atlantica,3,155.5,21.6,12,20.7,81.3,38.3,79.0,23.5,351.1,34.3,0.386,nenhum
PI,Nordeste,Caatinga,5,42.9,20.9,3,21.8,63.4,75.5,364.0,2.0,32.3,24.4,0.318,incendio_florestal
SE,Nordeste,Caatinga,7,28.0,6.7,1,23.0,65.3,20.3,187.0,10.2,56.8,18.1,0.189,incendio_florestal
PB,Nordeste,Mata Atlantica,2,62.8,33.4,7,28.8,64.0,69.7,204.0,20.0,124.8,20.2,0.267,tempestade
GO,Centro-Oeste,Amazonia,9,107.8,52.5,8,23.7,66.4,39.8,460.0,10.0,82.3,24.2,0.462,nenhum
AP,Norte,Amazonia,6,192.3,37.9,15,24.0,79.9,16.2,169.0,15.9,4.5,16.1,0.571,nenhum
RO,Norte,Amazonia,11,365.8,208.5,26,27.4,90.5,41.0,339.0,12.9,7.9,18.3,0.644,deslizamento
RS,Sul,Pampa,4,134.7,69.3,12,18.9,77.2,32.1,350.0,6.8,26.9,17.1,0.46,nenhum
AC,Norte,Amazonia,1,951.4,400.0,28,26.9,86.4,75.9,34.0,7.8,58.6,26.9,0.769,tempestade
MS,Centro-Oeste,Pantanal,4,119.1,32.0,9,19.9,74.0,26.1,368.0,6.1,24.3,17.5,0.502,nenhum
GO,Centro-Oeste,Cerrado,12,239.7,35.6,20,27.5,65.1,18.9,346.0,5.4,57.1,17.0,0.564,nenhum
SE,Nordeste,Cerrado,4,169.5,83.8,18,26.9,66.3,44.5,39.0,15.3,224.4,19.5,0.632,tempestade
MS,Centro-Oeste,Cerrado,9,98.1,47.2,4,22.9,70.4,38.6,1640.0,7.1,28.7,20.3,0.367,nenhum
SP,Sudeste,Mata Atlantica,11,425.2,210.3,23,19.6,85.2,57.9,859.0,22.1,9.4,12.4,0.688,deslizamento
RJ,Sudeste,Mata Atlantica,4,185.6,114.6,10,20.1,92.0,65.5,1268.0,26.7,104.3,24.6,0.473,deslizamento
BA,Nordeste,Cerrado,8,37.1,7.0,1,25.4,69.6,56.3,67.0,2.1,310.8,17.6,0.262,incendio_florestal
MA,Nordeste,Cerrado,3,102.9,23.2,11,29.2,69.8,84.6,337.0,8.9,76.0,18.4,0.424,tempestade
PE,Nordeste,Caatinga,5,55.8,8.9,5,27.7,74.0,67.9,239.0,11.5,24.5,23.2,0.316,incendio_florestal
GO,Centro-Oeste,Cerrado,4,77.2,13.1,5,22.9,71.5,43.8,732.0,15.3,38.0,25.4,0.464,nenhum
RJ,Sudeste,Mata Atlantica,9,65.3,14.1,5,20.2,80.3,34.5,672.0,15.9,24.0,20.9,0.256,nenhum
MA,Nordeste,Cerrado,11,72.1,23.1,4,27.8,68.3,37.0,874.0,4.6,76.3,16.4,0.351,nenhum
AL,Nordeste,Cerrado,4,226.3,57.9,22,25.0,69.7,53.8,437.0,3.3,2.1,13.4,0.501,nenhum
SC,Sul,Pampa,4,186.1,60.5,10,18.0,87.4,28.8,322.0,16.0,57.0,18.2,0.521,nenhum
TO,Norte,Amazonia,10,187.4,40.6,13,27.7,93.5,30.9,104.0,1.7,38.0,14.8,0.646,nenhum
MS,Centro-Oeste,Cerrado,6,43.2,22.3,2,21.4,66.5,44.9,794.0,7.2,190.6,22.8,0.395,estiagem_seca
SP,Sudeste,Mata Atlantica,7,82.6,45.5,6,15.6,80.5,19.2,1066.0,25.3,5.9,12.2,0.504,deslizamento
PB,Nordeste,Caatinga,9,25.8,6.9,4,27.5,67.4,25.1,35.0,9.0,8.8,17.3,0.248,estiagem_seca
PA,Norte,Amazonia,2,164.9,41.5,12,27.5,93.2,23.6,207.0,1.6,83.9,20.1,0.495,nenhum
MA,Nordeste,Mata Atlantica,11,117.9,54.0,8,28.8,52.9,62.6,53.0,9.1,348.4,29.6,0.336,incendio_florestal
PR,Sul,Pampa,5,102.0,19.0,5,15.5,86.8,19.5,677.0,14.3,39.8,26.5,0.371,nenhum
RR,Norte,Cerrado,8,154.5,51.7,18,25.4,79.1,30.1,26.0,17.9,34.9,19.2,0.583,nenhum
BA,Nordeste,Mata Atlantica,6,82.5,16.4,4,23.5,80.0,25.0,392.0,4.0,15.3,15.5,0.44,nenhum
AM,Norte,Amazonia,10,96.2,20.4,6,25.3,83.8,30.0,87.0,0.3,52.4,22.6,0.35,estiagem_seca
RR,Norte,Amazonia,8,68.5,17.6,9,22.7,97.7,42.5,96.0,6.9,11.6,17.5,0.328,nenhum
ES,Sudeste,Mata Atlantica,3,134.4,33.6,10,22.7,79.9,41.2,718.0,23.4,6.7,15.3,0.456,nenhum
MA,Nordeste,Mata Atlantica,3,102.3,54.5,7,31.9,68.0,39.7,209.0,10.8,111.2,17.2,0.374,estiagem_seca
SP,Sudeste,Mata Atlantica,11,450.8,117.9,25,21.4,87.8,50.2,200.0,18.7,13.4,12.4,0.709,deslizamento
RJ,Sudeste,Cerrado,7,54.3,20.3,1,19.2,72.6,39.9,1533.0,22.5,134.4,30.7,0.337,nenhum
ES,Sudeste,Mata Atlantica,4,178.7,71.9,13,22.5,79.8,12.3,416.0,11.5,44.9,16.7,0.713,estiagem_seca
AP,Norte,Amazonia,2,434.5,177.2,26,25.6,87.1,54.8,10.0,8.2,214.1,17.3,0.679,inundacao
SC,Sul,Mata Atlantica,2,94.8,18.5,13,24.1,77.1,37.3,405.0,15.7,9.7,16.6,0.45,nenhum
ES,Sudeste,Mata Atlantica,12,221.9,63.5,12,24.9,94.3,64.9,655.0,26.6,163.1,18.9,0.552,deslizamento
MA,Nordeste,Cerrado,12,83.8,29.2,7,31.0,80.6,21.9,606.0,16.0,50.0,27.5,0.356,incendio_florestal
SP,Sudeste,Mata Atlantica,5,106.5,41.2,7,23.3,75.8,35.8,312.0,13.3,5.4,15.4,0.415,nenhum
RS,Sul,Mata Atlantica,3,107.2,26.8,9,21.3,92.4,40.3,214.0,6.2,16.8,22.6,0.452,nenhum
RN,Nordeste,Caatinga,6,83.4,46.3,10,23.6,59.3,71.4,365.0,7.6,17.5,21.0,0.401,tempestade
SC,Sul,Pampa,2,376.5,186.2,26,19.2,100.0,28.0,392.0,7.5,89.1,20.2,0.718,inundacao
DF,Centro-Oeste,Cerrado,7,28.4,5.0,1,23.7,68.4,35.9,292.0,9.7,11.8,18.2,0.267,estiagem_seca
SP,Sudeste,Cerrado,8,55.2,17.9,8,21.1,64.9,37.6,1346.0,20.7,7.8,14.7,0.311,nenhum
RS,Sul,Mata Atlantica,12,225.3,106.4,14,19.5,92.7,27.2,686.0,15.5,26.9,16.1,0.553,deslizamento
PB,Nordeste,Caatinga,4,224.4,86.6,20,24.9,63.2,34.0,156.0,8.7,197.2,26.5,0.619,nenhum
RJ,Sudeste,Mata Atlantica,3,122.3,36.7,10,23.9,81.8,31.3,745.0,19.9,59.5,28.0,0.409,nenhum
MA,Nordeste,Caatinga,2,122.9,39.0,13,32.2,69.5,24.8,66.0,11.6,32.0,13.7,0.556,estiagem_seca
RJ,Sudeste,Mata Atlantica,5,110.1,25.8,7,18.3,82.5,38.4,1774.0,10.2,118.9,31.1,0.374,nenhum
SP,Sudeste,Cerrado,8,97.0,32.6,11,17.6,77.0,40.8,666.0,15.4,11.5,14.3,0.374,nenhum
MA,Nordeste,Cerrado,1,109.4,47.3,6,30.7,68.9,39.7,145.0,11.0,722.9,20.4,0.455,deslizamento
MT,Centro-Oeste,Cerrado,10,114.8,38.0,8,23.0,70.0,17.9,145.0,6.4,597.3,40.5,0.269,deslizamento
PE,Nordeste,Caatinga,6,57.9,13.9,8,24.2,66.7,25.6,402.0,3.0,24.3,14.4,0.361,nenhum
TO,Norte,Amazonia,10,210.1,120.3,12,24.0,93.4,79.5,63.0,4.3,56.1,28.2,0.53,tempestade
PA,Norte,Amazonia,6,88.2,15.9,3,22.6,86.3,24.8,67.0,0.2,41.2,21.9,0.288,nenhum
CE,Nordeste,Mata Atlantica,2,141.9,78.7,14,30.9,69.0,21.3,58.0,2.7,22.1,22.4,0.477,tempestade
RO,Norte,Amazonia,1,213.4,51.1,15,24.8,98.2,31.9,72.0,1.5,191.5,28.1,0.413,nenhum
RN,Nordeste,Caatinga,7,35.3,12.2,5,25.4,59.0,10.8,335.0,6.5,5.4,11.2,0.35,estiagem_seca
SP,Sudeste,Mata Atlantica,7,28.7,8.2,2,16.2,60.0,92.2,315.0,16.0,27.7,22.3,0.271,tempestade
SP,Sudeste,Cerrado,10,280.0,56.9,16,21.0,92.2,18.3,103.0,13.6,103.6,27.4,0.606,inundacao
ES,Sudeste,Mata Atlantica,11,243.1,42.0,17,23.3,83.3,23.6,1137.0,16.6,497.3,21.6,0.719,estiagem_seca
MA,Nordeste,Caatinga,2,102.2,22.6,10,30.9,55.7,24.4,7.0,2.9,370.4,19.3,0.442,estiagem_seca
RS,Sul,Mata Atlantica,4,97.5,18.8,7,16.2,87.6,39.8,1022.0,9.5,17.1,16.5,0.317,nenhum
SP,Sudeste,Cerrado,3,152.4,57.2,11,24.9,75.9,16.9,283.0,23.7,14.8,12.6,0.558,nenhum
AM,Norte,Amazonia,2,342.2,50.9,28,27.5,96.1,108.7,131.0,3.0,25.6,13.3,0.726,tempestade
MA,Nordeste,Caatinga,1,313.8,60.4,28,30.6,76.0,36.3,301.0,17.6,409.3,35.1,0.594,deslizamento
RJ,Sudeste,Mata Atlantica,1,188.2,52.9,18,25.3,87.8,15.3,465.0,10.2,87.7,28.0,0.519,nenhum
AL,Nordeste,Cerrado,7,17.6,9.1,1,24.7,53.7,73.7,385.0,12.8,3420.5,34.2,0.324,estiagem_seca
MT,Centro-Oeste,Cerrado,2,372.2,241.1,26,26.3,72.6,53.0,679.0,15.1,123.2,23.3,0.689,deslizamento
RS,Sul,Mata Atlantica,3,294.7,114.8,24,16.6,75.7,35.0,709.0,3.7,597.8,26.6,0.564,inundacao
TO,Norte,Amazonia,2,540.1,191.5,25,26.6,91.0,23.5,271.0,2.4,41.5,15.9,0.691,inundacao
AM,Norte,Amazonia,9,149.8,29.3,11,25.7,88.5,35.7,203.0,14.5,13.9,18.4,0.388,nenhum
RS,Sul,Pampa,8,111.3,49.8,11,17.7,71.2,30.7,254.0,7.6,1755.4,28.6,0.431,nenhum
SP,Sudeste,Cerrado,12,506.3,174.0,29,24.9,69.8,25.1,1190.0,9.4,6.6,13.3,0.651,inundacao
AC,Norte,Amazonia,2,236.6,28.0,20,29.3,92.0,36.7,78.0,6.1,72.3,16.0,0.625,nenhum
SC,Sul,Mata Atlantica,3,459.9,85.6,28,20.4,87.4,31.8,332.0,10.6,57.2,22.2,0.599,inundacao
PR,Sul,Mata Atlantica,6,139.5,96.4,6,14.5,77.0,31.9,335.0,22.0,19.7,23.2,0.439,nenhum
RJ,Sudeste,Mata Atlantica,8,93.4,46.5,8,20.8,76.5,56.3,1113.0,13.3,82.1,29.3,0.377,nenhum
RJ,Sudeste,Mata Atlantica,2,365.5,40.6,25,21.4,80.2,62.8,382.0,19.4,38.1,16.3,0.636,deslizamento
RN,Nordeste,Caatinga,3,112.7,54.2,8,29.5,56.9,50.4,636.0,2.9,13.0,16.5,0.381,incendio_florestal
PA,Norte,Amazonia,6,54.9,19.7,6,22.4,83.6,44.6,194.0,3.3,6.9,14.7,0.34,nenhum
SP,Sudeste,Cerrado,1,206.3,83.1,11,23.8,90.7,51.4,450.0,20.2,92.5,21.1,0.567,deslizamento
PB,Nordeste,Caatinga,5,96.9,33.3,9,23.8,63.2,22.9,356.0,7.6,14.7,14.8,0.393,inundacao
ES,Sudeste,Mata Atlantica,10,179.8,54.9,15,21.4,80.9,32.0,123.0,17.9,21.8,21.1,0.492,nenhum
SP,Sudeste,Mata Atlantica,7,57.3,17.9,4,17.4,68.2,46.9,254.0,20.1,13.9,15.9,0.269,nenhum
RR,Norte,Amazonia,6,66.8,15.8,5,22.7,75.4,43.2,134.0,7.0,14.4,19.9,0.332,nenhum
MG,Sudeste,Mata Atlantica,6,56.6,29.0,3,18.7,82.2,22.0,986.0,18.0,38.1,14.8,0.388,nenhum
BA,Nordeste,Caatinga,12,63.2,13.7,3,33.4,67.5,36.9,112.0,15.1,7.4,18.1,0.335,estiagem_seca
PR,Sul,Pampa,7,154.8,71.2,7,17.5,86.6,23.3,148.0,6.3,29.7,22.5,0.47,nenhum
BA,Nordeste,Caatinga,7,49.5,8.5,4,21.5,77.9,22.0,643.0,5.7,112.6,21.0,0.206,incendio_florestal
ES,Sudeste,Mata Atlantica,12,229.8,72.1,20,24.6,64.0,51.0,1035.0,13.5,118.5,27.7,0.577,nenhum
RJ,Sudeste,Mata Atlantica,2,360.6,64.1,27,23.1,87.6,42.8,807.0,10.3,22.4,19.4,0.634,inundacao
MA,Nordeste,Mata Atlantica,2,101.4,42.0,10,30.5,72.9,40.5,258.0,13.8,15.8,15.2,0.423,estiagem_seca
SP,Sudeste,Mata Atlantica,6,125.7,56.6,9,18.7,68.2,33.2,732.0,8.3,282.4,24.0,0.438,nenhum
ES,Sudeste,Mata Atlantica,4,125.0,17.7,8,20.0,73.8,39.4,339.0,13.5,87.4,24.1,0.596,nenhum
SP,Sudeste,Mata Atlantica,3,102.7,63.0,8,24.5,74.4,35.5,1296.0,22.0,102.9,23.6,0.369,nenhum
MG,Sudeste,Cerrado,2,458.4,207.8,26,23.8,90.4,36.1,135.0,15.8,312.8,21.6,0.721,deslizamento
SC,Sul,Mata Atlantica,11,240.5,98.6,20,20.9,65.7,52.2,355.0,11.5,228.8,32.9,0.673,inundacao
GO,Centro-Oeste,Pantanal,8,73.8,19.6,6,22.6,59.7,12.2,466.0,6.1,179.0,33.4,0.357,nenhum
DF,Centro-Oeste,Cerrado,9,46.1,13.9,1,22.0,66.2,28.7,763.0,10.7,3.4,13.8,0.322,incendio_florestal
TO,Norte,Amazonia,2,410.2,117.1,27,27.1,100.0,67.0,108.0,10.3,20.2,19.4,0.849,inundacao
SP,Sudeste,Mata Atlantica,5,199.1,68.2,16,18.1,95.4,30.8,444.0,15.2,6.2,16.1,0.531,nenhum
DF,Centro-Oeste,Cerrado,8,50.2,24.8,4,24.0,76.1,26.1,756.0,2.4,360.8,22.0,0.338,nenhum
RN,Nordeste,Caatinga,7,48.4,13.5,8,21.3,74.0,13.3,478.0,17.5,28.1,16.6,0.368,inundacao
RR,Norte,Amazonia,9,173.3,65.2,11,26.8,96.4,29.9,117.0,4.2,15.2,12.6,0.439,nenhum
SC,Sul,Mata Atlantica,9,263.5,130.1,21,16.5,90.9,57.4,321.0,24.1,76.1,15.8,0.584,deslizamento
AL,Nordeste,Caatinga,5,94.8,31.3,6,25.0,70.4,67.7,159.0,15.7,122.5,20.4,0.476,nenhum
ES,Sudeste,Mata Atlantica,10,167.6,83.5,17,19.1,66.2,44.0,721.0,9.5,97.5,17.3,0.551,nenhum
BA,Nordeste,Caatinga,4,78.1,9.0,4,26.0,67.7,24.8,321.0,9.9,49.1,19.6,0.282,nenhum
RS,Sul,Mata Atlantica,1,147.7,51.9,12,23.6,80.7,62.5,52.0,4.6,288.2,22.9,0.562,nenhum
PE,Nordeste,Caatinga,11,134.8,23.5,10,28.7,84.9,59.9,116.0,15.8,29.0,23.5,0.44,nenhum
PB,Nordeste,Caatinga,1,76.6,9.8,9,31.1,55.8,41.3,374.0,5.8,5.0,17.1,0.433,estiagem_seca
PR,Sul,Mata Atlantica,4,281.6,92.0,22,18.9,83.5,23.6,643.0,16.6,26.5,16.3,0.8,deslizamento
SC,Sul,Mata Atlantica,2,132.9,62.0,10,22.0,94.7,29.3,522.0,8.0,25.0,15.3,0.46,nenhum
SE,Nordeste,Caatinga,3,131.2,35.9,11,26.7,64.4,30.3,485.0,24.1,125.3,19.9,0.321,nenhum
MT,Centro-Oeste,Cerrado,5,97.5,59.1,9,23.9,76.1,24.7,982.0,11.8,194.3,17.8,0.348,nenhum
RJ,Sudeste,Mata Atlantica,2,490.2,103.2,30,25.2,87.1,49.0,650.0,31.1,15.4,17.7,0.536,estiagem_seca
SC,Sul,Mata Atlantica,6,105.4,43.7,6,15.4,78.1,34.1,214.0,13.9,1.9,12.9,0.368,nenhum
PI,Nordeste,Caatinga,12,51.8,9.5,3,30.2,61.7,27.0,186.0,9.9,926.7,26.5,0.39,estiagem_seca
DF,Centro-Oeste,Cerrado,2,284.0,71.9,23,26.3,73.9,35.5,179.0,6.6,65.2,25.8,0.601,inundacao
RJ,Sudeste,Mata Atlantica,12,253.6,67.5,19,27.1,97.6,20.6,649.0,10.7,2.2,13.6,0.611,nenhum
SP,Sudeste,Mata Atlantica,5,62.8,22.7,8,20.8,70.5,30.7,422.0,15.8,4.2,10.7,0.469,nenhum
MG,Sudeste,Mata Atlantica,8,33.9,6.3,3,18.6,68.9,60.6,888.0,22.2,68.4,23.4,0.257,incendio_florestal
ES,Sudeste,Mata Atlantica,6,33.8,8.4,1,21.1,75.0,33.5,115.0,14.5,22.5,16.0,0.308,estiagem_seca
PA,Norte,Amazonia,4,153.5,77.5,12,24.6,80.8,27.8,145.0,11.8,313.5,29.4,0.391,nenhum
SC,Sul,Mata Atlantica,2,176.7,79.1,13,21.2,71.8,28.8,443.0,26.1,22.6,13.5,0.643,deslizamento
PR,Sul,Mata Atlantica,8,187.7,42.6,16,12.4,86.7,20.8,120.0,16.0,43.7,14.2,0.577,nenhum
ES,Sudeste,Cerrado,11,185.9,85.6,15,23.9,85.2,44.1,587.0,10.6,19.9,13.7,0.628,nenhum
TO,Norte,Amazonia,7,28.5,10.3,3,22.0,81.0,26.6,36.0,1.7,39.8,24.0,0.157,incendio_florestal
PE,Nordeste,Caatinga,8,65.0,31.6,11,26.6,70.9,65.1,173.0,15.3,53.7,19.6,0.428,nenhum
MG,Sudeste,Mata Atlantica,8,49.6,14.8,1,18.8,78.6,76.4,840.0,21.0,365.6,35.2,0.286,tempestade
PA,Norte,Cerrado,5,179.4,86.6,16,22.1,87.6,11.8,98.0,13.3,77.1,18.6,0.495,nenhum
PR,Sul,Mata Atlantica,2,151.7,35.1,15,20.1,84.7,43.3,240.0,12.5,55.8,18.0,0.469,nenhum
MA,Nordeste,Caatinga,7,75.5,33.3,4,21.2,58.2,31.1,382.0,6.8,150.4,18.6,0.322,nenhum
SP,Sudeste,Mata Atlantica,11,143.0,33.7,13,25.1,75.2,28.9,504.0,7.2,351.7,35.6,0.448,incendio_florestal
RS,Sul,Mata Atlantica,4,315.3,62.2,27,20.8,86.8,54.4,599.0,6.8,6.7,16.7,0.688,nenhum
PE,Nordeste,Cerrado,11,65.5,12.6,5,27.3,70.0,46.9,110.0,11.3,18.2,13.2,0.469,nenhum
PE,Nordeste,Caatinga,11,34.2,11.5,2,30.6,67.4,73.6,49.0,11.4,67.0,26.2,0.12,estiagem_seca
ES,Sudeste,Mata Atlantica,3,176.8,21.6,12,21.7,73.5,31.0,652.0,26.1,49.2,25.1,0.565,inundacao
SP,Sudeste,Mata Atlantica,7,72.1,15.8,6,17.3,84.1,82.8,745.0,17.6,19.6,13.7,0.255,tempestade
CE,Nordeste,Cerrado,9,27.4,9.6,2,25.7,68.8,30.5,381.0,3.4,2.6,10.6,0.474,estiagem_seca
RJ,Sudeste,Mata Atlantica,6,47.8,23.3,2,19.8,68.5,43.1,125.0,12.8,32.2,21.8,0.405,nenhum
PR,Sul,Pampa,9,245.2,195.1,18,14.7,100.0,30.9,537.0,11.3,86.6,18.3,0.663,inundacao
DF,Centro-Oeste,Amazonia,11,128.5,33.8,10,30.7,67.6,22.9,181.0,2.3,428.3,18.1,0.486,estiagem_seca
MA,Nordeste,Cerrado,8,91.2,41.3,3,24.2,71.2,26.8,275.0,2.9,51.5,24.3,0.376,nenhum
SE,Nordeste,Mata Atlantica,11,38.5,18.5,4,30.8,74.3,32.0,270.0,7.4,49.9,23.9,0.234,estiagem_seca
PB,Nordeste,Caatinga,10,57.0,15.0,9,25.7,63.9,20.9,420.0,15.7,15.2,13.3,0.291,tempestade
PB,Nordeste,Cerrado,10,27.9,7.0,1,26.4,66.8,58.5,452.0,4.1,49.5,16.5,0.277,estiagem_seca
RN,Nordeste,Mata Atlantica,11,85.4,12.7,12,27.6,60.3,47.6,263.0,6.5,23.4,15.3,0.201,incendio_florestal
RJ,Sudeste,Mata Atlantica,3,134.4,37.4,18,23.6,64.0,26.9,84.0,5.7,115.2,26.8,0.533,nenhum
CE,Nordeste,Mata Atlantica,1,63.0,15.9,5,30.0,57.8,16.0,42.0,16.0,97.9,20.0,0.452,estiagem_seca
SC,Sul,Mata Atlantica,2,179.1,64.8,18,18.1,84.6,89.8,251.0,8.2,411.7,23.7,0.513,tempestade
BA,Nordeste,Cerrado,3,65.8,36.3,7,31.2,77.0,67.3,153.0,1.0,75.5,22.1,0.433,tempestade
PA,Norte,Amazonia,9,99.1,15.6,10,22.0,77.9,21.1,264.0,6.6,111.0,20.2,0.361,tempestade
SP,Sudeste,Cerrado,7,39.5,12.5,1,19.9,63.4,28.0,709.0,8.9,6.3,15.6,0.264,incendio_florestal
RS,Sul,Pampa,6,80.3,27.5,8,17.6,86.3,43.3,490.0,3.5,82.1,15.6,0.391,nenhum
SE,Nordeste,Caatinga,1,62.2,27.7,3,27.5,58.8,38.5,435.0,16.6,149.8,26.4,0.349,nenhum
RN,Nordeste,Mata Atlantica,9,30.0,10.6,3,23.4,67.7,24.5,331.0,2.1,58.7,16.6,0.224,incendio_florestal
MA,Nordeste,Cerrado,5,102.9,58.3,6,22.6,69.8,49.0,174.0,2.9,46.2,14.5,0.445,nenhum
DF,Centro-Oeste,Cerrado,10,74.5,43.4,7,26.9,64.9,45.8,653.0,10.7,37.8,18.3,0.378,nenhum
GO,Centro-Oeste,Cerrado,2,198.1,69.6,19,24.3,69.8,43.3,396.0,9.3,583.5,36.9,0.367,nenhum
SE,Nordeste,Caatinga,4,100.4,45.1,8,29.4,74.2,55.7,120.0,7.4,4.3,11.9,0.405,incendio_florestal
AM,Norte,Amazonia,1,495.0,115.7,27,28.6,80.9,31.4,34.0,5.8,325.2,21.0,0.651,inundacao
MT,Centro-Oeste,Cerrado,4,167.9,35.9,10,23.7,73.7,42.2,554.0,7.0,90.5,23.6,0.468,nenhum
PR,Sul,Pampa,12,276.1,40.2,23,21.3,89.3,22.1,378.0,2.7,23.7,19.5,0.628,nenhum
SP,Sudeste,Mata Atlantica,6,92.6,31.8,13,21.0,71.7,40.8,382.0,14.6,110.9,25.3,0.404,nenhum
DF,Centro-Oeste,Cerrado,6,63.2,21.1,6,26.5,74.9,48.2,751.0,8.3,91.7,25.1,0.206,incendio_florestal
RR,Norte,Amazonia,4,156.6,81.3,14,26.4,83.6,13.6,6.0,1.9,11.2,17.1,0.586,nenhum
MA,Nordeste,Caatinga,4,59.4,24.4,6,26.0,52.8,53.2,442.0,20.3,242.1,19.6,0.319,incendio_florestal
PI,Nordeste,Mata Atlantica,9,38.0,17.1,3,24.9,69.8,91.5,249.0,4.8,67.5,22.3,0.368,nenhum
RJ,Sudeste,Mata Atlantica,12,212.0,84.2,17,21.4,90.9,89.9,409.0,26.4,15.3,14.5,0.574,tempestade
SC,Sul,Mata Atlantica,9,52.6,7.9,3,18.0,87.0,17.7,111.0,6.3,500.0,28.8,0.356,nenhum
SC,Sul,Mata Atlantica,9,188.5,41.3,9,16.3,81.2,19.1,352.0,11.7,123.3,17.9,0.604,nenhum
SC,Sul,Pampa,6,85.6,20.4,9,17.6,72.0,67.8,525.0,19.0,89.1,24.1,0.236,nenhum
RS,Sul,Pampa,2,309.7,163.2,21,23.3,93.4,23.3,489.0,7.8,236.3,31.7,0.622,inundacao
SC,Sul,Pampa,9,72.4,33.1,5,16.4,81.0,61.9,91.0,12.4,51.9,26.9,0.507,nenhum
AP,Norte,Amazonia,10,141.0,38.4,11,28.4,85.1,18.1,112.0,1.6,181.8,32.0,0.497,nenhum
AL,Nordeste,Caatinga,7,32.4,14.0,3,20.9,62.9,18.2,473.0,3.6,165.7,19.4,0.203,incendio_florestal
PI,Nordeste,Cerrado,2,130.0,68.9,11,29.2,63.0,67.0,502.0,1.7,22.0,17.9,0.427,inundacao
SP,Sudeste,Cerrado,9,107.2,25.4,9,20.2,68.0,42.9,900.0,17.6,39.1,14.0,0.489,nenhum
AM,Norte,Cerrado,12,368.4,182.6,28,29.6,83.9,32.9,18.0,4.0,24.9,17.5,0.701,inundacao
MG,Sudeste,Cerrado,3,373.1,192.6,25,25.3,94.7,63.9,215.0,16.6,403.3,28.8,0.538,estiagem_seca
SP,Sudeste,Mata Atlantica,2,786.6,372.1,25,22.0,93.1,59.2,412.0,17.3,5.4,15.7,0.56,deslizamento
SP,Sudeste,Mata Atlantica,9,126.1,58.8,5,18.7,78.6,34.8,1379.0,31.6,84.3,19.4,0.499,deslizamento
BA,Nordeste,Caatinga,4,141.1,28.4,12,28.2,65.9,19.9,228.0,14.2,386.8,26.0,0.436,nenhum
CE,Nordeste,Cerrado,9,38.1,13.1,2,26.0,70.8,20.3,518.0,1.4,8.0,18.2,0.369,estiagem_seca
RN,Nordeste,Caatinga,9,43.5,25.4,5,25.3,68.9,45.9,332.0,16.0,54.6,23.6,0.311,incendio_florestal
RS,Sul,Mata Atlantica,4,111.3,26.9,13,19.9,86.0,20.4,448.0,1.9,305.2,28.4,0.338,nenhum
SP,Sudeste,Mata Atlantica,1,294.7,75.1,22,20.1,65.9,30.7,1182.0,14.3,29.0,19.3,0.669,deslizamento
RJ,Sudeste,Mata Atlantica,7,28.8,17.0,2,19.0,64.9,24.6,1177.0,26.3,61.8,22.0,0.236,estiagem_seca
BA,Nordeste,Cerrado,5,188.6,80.5,19,21.8,68.7,70.2,362.0,9.3,35.7,17.5,0.587,tempestade
PB,Nordeste,Caatinga,11,50.5,28.2,3,28.3,56.0,29.0,203.0,8.3,12.0,12.7,0.27,incendio_florestal
SE,Nordeste,Mata Atlantica,5,56.1,26.4,4,25.7,56.8,34.6,77.0,10.0,28.2,20.2,0.214,incendio_florestal
RJ,Sudeste,Mata Atlantica,3,219.0,110.6,18,23.9,76.3,19.8,157.0,12.0,18.9,21.9,0.597,tempestade
MG,Sudeste,Mata Atlantica,11,190.7,89.6,12,24.1,91.7,34.2,616.0,11.3,4.9,17.0,0.512,nenhum
SE,Nordeste,Caatinga,9,50.0,15.8,6,23.7,69.3,21.8,89.0,3.4,433.1,19.7,0.377,nenhum
PR,Sul,Pampa,8,151.0,84.2,10,17.5,77.7,35.6,407.0,7.2,96.7,18.6,0.479,nenhum
AP,Norte,Amazonia,12,993.4,400.0,25,31.8,95.2,49.7,90.0,1.6,27.8,21.7,0.683,inundacao
RS,Sul,Mata Atlantica,10,196.6,112.7,17,17.2,87.2,23.6,151.0,4.1,24.2,19.4,0.549,tempestade
RO,Norte,Amazonia,11,408.3,115.3,26,26.1,100.0,33.4,78.0,9.7,26.2,23.3,0.671,inundacao
MA,Nordeste,Caatinga,10,25.7,8.5,0,28.5,54.1,9.4,227.0,9.4,16.0,16.1,0.32,estiagem_seca
SP,Sudeste,Cerrado,5,141.2,55.1,10,18.0,73.7,27.6,92.0,13.8,27.6,20.1,0.491,nenhum
AL,Nordeste,Caatinga,1,78.0,9.7,9,32.1,64.3,113.5,326.0,1.7,12.6,20.5,0.244,tempestade
MS,Centro-Oeste,Cerrado,8,38.2,14.6,2,20.5,82.4,42.4,350.0,8.8,141.6,27.5,0.235,incendio_florestal
MS,Centro-Oeste,Cerrado,10,286.3,120.2,27,23.8,70.6,43.5,790.0,16.0,3.0,11.3,0.839,deslizamento
CE,Nordeste,Caatinga,12,53.5,19.0,5,29.2,82.9,22.7,336.0,16.9,66.9,26.2,0.324,incendio_florestal
RJ,Sudeste,Mata Atlantica,9,79.2,26.3,7,20.2,69.8,43.3,624.0,15.1,13.1,13.6,0.351,nenhum
PR,Sul,Mata Atlantica,7,90.5,28.9,7,18.2,68.5,21.9,166.0,24.8,193.6,18.4,0.352,deslizamento
PR,Sul,Pampa,7,103.3,32.9,7,17.4,76.8,67.0,543.0,13.5,38.2,18.2,0.51,nenhum
PE,Nordeste,Mata Atlantica,2,70.9,29.0,4,31.4,68.1,55.5,366.0,2.8,84.1,22.7,0.376,estiagem_seca
ES,Sudeste,Cerrado,1,252.8,40.5,22,24.8,83.4,22.5,497.0,18.6,19.4,20.1,0.581,deslizamento
MA,Nordeste,Caatinga,1,76.6,10.5,6,30.3,70.3,26.4,142.0,11.0,347.1,33.5,0.457,estiagem_seca
PI,Nordeste,Caatinga,11,81.3,22.0,13,30.8,57.8,43.4,459.0,2.9,7.7,16.3,0.397,estiagem_seca
SE,Nordeste,Cerrado,10,70.3,48.5,7,30.7,56.2,29.6,716.0,6.6,18.2,20.5,0.363,incendio_florestal
PR,Sul,Mata Atlantica,4,230.3,74.8,17,15.8,80.3,41.8,802.0,14.0,11.3,20.8,0.736,nenhum
RS,Sul,Mata Atlantica,6,195.1,113.4,16,18.1,87.3,68.3,76.0,14.4,44.6,14.4,0.599,tempestade
RJ,Sudeste,Mata Atlantica,6,80.3,28.2,7,19.1,65.3,57.1,176.0,0.5,56.6,26.7,0.374,nenhum
MT,Centro-Oeste,Cerrado,3,164.8,74.2,13,28.4,76.1,29.7,956.0,7.5,7.4,15.5,0.424,tempestade
MS,Centro-Oeste,Cerrado,6,62.0,20.1,7,23.3,71.3,40.1,731.0,14.9,10.2,15.1,0.34,nenhum
MT,Centro-Oeste,Cerrado,5,65.1,25.8,5,24.8,65.3,11.3,1039.0,9.4,9.4,13.1,0.27,nenhum
ES,Sudeste,Mata Atlantica,9,222.1,90.7,19,17.4,80.7,26.1,871.0,17.1,5.5,17.5,0.591,deslizamento
MS,Centro-Oeste,Cerrado,10,213.9,40.5,16,25.5,66.4,43.3,321.0,15.6,17.6,18.9,0.626,nenhum
PE,Nordeste,Caatinga,2,147.6,47.6,10,27.6,73.5,36.6,219.0,6.3,669.2,32.5,0.291,incendio_florestal
AM,Norte,Amazonia,6,102.2,25.3,8,22.9,92.0,27.3,297.0,1.0,61.0,16.8,0.436,nenhum
SC,Sul,Pampa,12,150.2,47.2,14,19.5,78.6,23.6,684.0,27.9,18.3,21.2,0.545,deslizamento
MT,Centro-Oeste,Amazonia,11,222.8,37.6,16,25.9,75.8,29.8,425.0,6.7,33.0,19.7,0.494,nenhum
PR,Sul,Pampa,10,114.1,37.7,7,17.5,71.0,78.9,145.0,8.8,4.8,11.5,0.403,tempestade
PE,Nordeste,Caatinga,9,44.8,9.8,4,26.9,61.8,36.6,147.0,26.3,5.2,11.4,0.221,incendio_florestal
RJ,Sudeste,Cerrado,1,466.9,95.7,29,23.6,78.4,29.2,536.0,11.7,13.7,21.5,0.702,inundacao
PB,Nordeste,Cerrado,12,62.3,13.7,5,32.5,72.7,18.4,142.0,8.3,7.3,11.5,0.323,incendio_florestal
BA,Nordeste,Caatinga,9,13.3,4.7,0,23.9,63.5,14.5,320.0,3.9,178.6,32.1,0.286,estiagem_seca
AP,Norte,Amazonia,11,342.6,121.6,26,24.3,93.1,30.8,115.0,3.6,842.5,21.7,0.573,inundacao
AP,Norte,Amazonia,11,132.6,38.5,13,29.2,74.4,23.8,142.0,0.9,180.2,28.9,0.446,nenhum
SC,Sul,Mata Atlantica,4,81.0,18.6,4,20.2,75.3,16.4,805.0,7.1,15.1,14.5,0.324,nenhum
PE,Nordeste,Cerrado,1,101.2,43.9,9,29.3,90.9,28.1,179.0,5.8,50.1,21.7,0.398,incendio_florestal
RJ,Sudeste,Mata Atlantica,8,108.2,27.8,10,17.3,95.1,34.6,1408.0,13.2,106.6,16.0,0.404,nenhum
GO,Centro-Oeste,Cerrado,6,65.5,6.8,6,20.6,82.5,15.2,1119.0,5.8,89.8,28.5,0.361,tempestade
SE,Nordeste,Cerrado,1,30.7,12.2,5,29.8,59.9,55.3,98.0,1.3,462.8,23.3,0.286,estiagem_seca
SP,Sudeste,Mata Atlantica,4,194.2,39.7,15,17.9,73.3,26.8,688.0,7.9,8.2,17.6,0.657,nenhum
PI,Nordeste,Caatinga,12,29.5,6.8,1,30.1,65.9,28.7,35.0,7.1,61.9,27.3,0.244,tempestade
SC,Sul,Mata Atlantica,5,151.3,36.7,13,18.7,86.2,42.4,331.0,23.8,45.6,20.5,0.427,nenhum
ES,Sudeste,Mata Atlantica,4,115.3,76.0,9,23.0,90.1,36.7,471.0,13.0,29.7,25.0,0.455,nenhum
MG,Sudeste,Mata Atlantica,8,84.9,41.6,9,19.2,67.4,20.7,147.0,11.3,4.8,14.7,0.383,nenhum
GO,Centro-Oeste,Cerrado,8,33.8,4.1,4,23.0,68.2,26.9,294.0,1.1,5.5,12.3,0.285,estiagem_seca
PI,Nordeste,Caatinga,4,90.5,51.5,8,26.3,60.1,15.9,535.0,20.4,342.0,26.2,0.388,nenhum
RS,Sul,Mata Atlantica,11,237.8,97.2,19,19.9,86.4,60.0,193.0,4.1,177.6,21.5,0.591,tempestade
RN,Nordeste,Mata Atlantica,7,61.1,25.9,4,23.3,72.4,23.1,595.0,11.5,8.9,17.6,0.462,nenhum
RO,Norte,Amazonia,2,207.5,61.5,12,28.9,95.3,27.3,140.0,4.0,3.3,14.5,0.684,nenhum
MA,Nordeste,Caatinga,4,79.4,48.4,6,28.5,69.0,26.5,668.0,15.1,51.5,15.9,0.401,nenhum
MG,Sudeste,Cerrado,11,131.0,63.9,11,24.5,79.1,48.9,1572.0,15.4,43.8,16.9,0.483,nenhum
MG,Sudeste,Mata Atlantica,2,199.4,145.5,17,23.3,83.5,25.5,492.0,5.4,4.4,10.9,0.609,tempestade
SP,Sudeste,Cerrado,1,514.2,86.1,29,24.6,85.0,24.7,756.0,16.5,1079.3,36.1,0.585,deslizamento
RJ,Sudeste,Mata Atlantica,8,78.0,31.9,8,20.8,75.7,35.3,654.0,10.9,317.4,30.0,0.366,nenhum
MA,Nordeste,Cerrado,6,139.7,55.7,5,20.2,61.6,53.7,352.0,3.4,9.8,13.7,0.461,nenhum
RS,Sul,Mata Atlantica,4,160.6,131.2,18,17.4,77.2,40.9,503.0,20.0,353.4,30.5,0.592,tempestade
MS,Centro-Oeste,Cerrado,6,93.0,28.8,8,21.2,63.2,40.6,230.0,7.4,69.7,21.3,0.484,nenhum
MG,Sudeste,Cerrado,3,205.5,104.7,19,26.1,86.2,38.7,1273.0,7.4,146.4,28.1,0.581,tempestade
RO,Norte,Amazonia,5,48.0,22.4,5,26.1,84.9,31.8,173.0,4.4,14.0,20.1,0.371,estiagem_seca
RS,Sul,Mata Atlantica,3,108.8,37.8,11,20.1,86.2,47.3,121.0,10.9,125.1,18.8,0.314,nenhum
SE,Nordeste,Caatinga,8,52.6,10.1,2,22.4,62.6,34.6,72.0,7.0,1383.3,36.0,0.278,incendio_florestal
RO,Norte,Amazonia,9,323.4,142.5,29,21.2,97.0,74.3,131.0,5.6,290.1,28.9,0.521,tempestade
MT,Centro-Oeste,Pantanal,11,242.1,62.3,19,24.9,73.6,27.7,641.0,3.8,149.7,23.0,0.654,nenhum
AC,Norte,Amazonia,1,721.8,383.7,26,28.6,100.0,84.1,39.0,12.3,3.1,12.0,0.638,inundacao
PB,Nordeste,Caatinga,4,87.0,37.7,5,28.2,75.8,23.5,199.0,9.7,177.8,33.8,0.398,nenhum
SP,Sudeste,Mata Atlantica,4,164.3,70.8,13,22.9,81.5,34.5,189.0,11.2,98.4,16.1,0.533,nenhum
PI,Nordeste,Cerrado,7,101.2,32.9,8,24.4,75.5,21.1,43.0,3.8,14.6,18.7,0.38,nenhum
PR,Sul,Mata Atlantica,7,268.1,48.5,18,13.6,97.7,30.0,550.0,15.0,30.4,24.0,0.633,nenhum
PE,Nordeste,Caatinga,11,109.7,15.3,11,26.7,57.2,22.3,52.0,10.5,43.3,26.2,0.245,incendio_florestal
RJ,Sudeste,Mata Atlantica,12,209.8,33.6,19,24.9,79.2,23.0,1235.0,12.4,110.4,27.3,0.638,nenhum
DF,Centro-Oeste,Cerrado,10,205.3,145.3,14,26.9,65.2,25.4,692.0,17.2,5.7,13.7,0.705,tempestade
MG,Sudeste,Cerrado,3,70.3,41.0,5,21.3,70.1,32.2,1205.0,17.3,53.4,15.1,0.416,nenhum
RJ,Sudeste,Mata Atlantica,1,130.8,48.0,10,25.0,76.1,40.4,653.0,12.3,504.5,32.3,0.384,nenhum
GO,Centro-Oeste,Cerrado,11,175.1,59.4,11,25.5,72.1,100.2,449.0,2.9,110.0,28.1,0.45,estiagem_seca
PR,Sul,Mata Atlantica,12,68.3,27.7,7,23.6,85.1,39.7,364.0,3.3,9.8,14.4,0.242,nenhum
BA,Nordeste,Caatinga,4,122.5,24.3,12,27.7,64.3,35.4,359.0,12.6,74.1,21.8,0.408,nenhum
CE,Nordeste,Caatinga,1,60.5,23.8,3,33.0,77.9,24.8,424.0,12.3,102.0,18.0,0.173,incendio_florestal
SP,Sudeste,Mata Atlantica,9,124.8,52.0,5,17.4,75.7,33.4,832.0,7.4,2.2,10.6,0.323,nenhum
MG,Sudeste,Cerrado,8,40.4,21.9,3,17.7,72.2,17.1,487.0,9.9,78.1,26.9,0.34,incendio_florestal
AP,Norte,Amazonia,11,347.9,222.9,22,26.9,88.2,42.8,142.0,13.9,50.6,17.8,0.789,inundacao
MT,Centro-Oeste,Cerrado,7,44.0,31.3,4,24.8,71.5,14.4,1566.0,6.8,4.7,14.5,0.272,incendio_florestal
PR,Sul,Mata Atlantica,10,222.7,90.4,19,17.4,68.8,33.8,705.0,28.3,871.2,26.8,0.633,deslizamento
RJ,Sudeste,Mata Atlantica,10,133.4,47.2,13,25.2,77.9,96.7,92.0,3.9,78.7,22.4,0.418,tempestade
RS,Sul,Mata Atlantica,1,198.4,55.5,16,20.6,85.6,35.9,165.0,9.1,36.3,21.4,0.656,nenhum
ES,Sudeste,Mata Atlantica,2,125.9,69.5,10,22.9,67.2,71.5,905.0,23.1,13.6,19.7,0.464,tempestade
ES,Sudeste,Mata Atlantica,10,101.3,30.0,4,17.7,68.9,92.9,758.0,23.7,58.3,18.9,0.449,tempestade
CE,Nordeste,Cerrado,3,79.2,19.7,3,28.7,64.7,17.5,750.0,9.0,92.6,17.7,0.242,estiagem_seca
RS,Sul,Mata Atlantica,3,203.7,107.4,15,17.3,83.2,43.9,455.0,7.9,362.5,25.6,0.563,tempestade
BA,Nordeste,Cerrado,10,22.3,14.1,3,25.5,64.9,17.9,281.0,15.2,41.5,23.8,0.212,estiagem_seca
ES,Sudeste,Cerrado,3,185.1,62.0,16,24.6,85.2,22.9,768.0,24.4,6.5,12.3,0.672,deslizamento
RN,Nordeste,Caatinga,2,95.4,33.3,11,31.5,73.7,27.5,12.0,6.5,43.9,14.6,0.37,estiagem_seca
MG,Sudeste,Mata Atlantica,1,350.1,234.5,26,22.6,68.2,48.6,862.0,12.6,43.3,16.6,0.663,inundacao
RJ,Sudeste,Mata Atlantica,6,101.5,30.5,9,20.2,84.4,22.6,384.0,22.7,578.9,40.2,0.212,nenhum
DF,Centro-Oeste,Cerrado,8,52.4,16.8,5,22.6,62.2,37.0,835.0,12.6,76.3,18.9,0.328,nenhum
PR,Sul,Pampa,9,94.7,42.4,7,16.1,65.5,76.1,709.0,16.1,87.7,26.5,0.378,tempestade
GO,Centro-Oeste,Cerrado,11,480.3,136.3,31,24.5,54.2,49.1,276.0,14.8,21.7,23.9,0.638,deslizamento
ES,Sudeste,Mata Atlantica,8,44.0,14.8,5,17.1,69.8,76.6,1307.0,19.7,83.9,21.7,0.383,tempestade
SE,Nordeste,Caatinga,10,26.6,7.3,0,30.4,54.4,25.3,272.0,6.6,14.0,15.2,0.284,estiagem_seca
SE,Nordeste,Mata Atlantica,3,87.5,29.7,11,27.1,59.6,25.9,235.0,17.2,63.2,22.5,0.326,nenhum
MS,Centro-Oeste,Cerrado,5,68.7,36.7,7,20.0,69.7,23.2,23.0,11.4,162.4,32.3,0.251,nenhum
RO,Norte,Amazonia,4,233.8,64.7,22,25.8,71.2,46.1,141.0,18.4,48.4,18.0,0.699,nenhum
AM,Norte,Cerrado,1,180.6,42.0,11,28.1,81.8,22.1,9.0,3.8,258.4,31.4,0.397,nenhum
SP,Sudeste,Mata Atlantica,12,251.2,56.5,18,23.2,93.7,74.9,654.0,10.7,398.2,25.9,0.606,tempestade
ES,Sudeste,Mata Atlantica,3,97.7,12.6,8,25.8,84.5,16.7,888.0,12.4,271.6,24.6,0.373,nenhum
RJ,Sudeste,Cerrado,6,62.8,38.9,6,16.7,72.2,23.4,530.0,14.3,54.2,16.4,0.315,nenhum
AC,Norte,Amazonia,5,134.5,64.7,9,26.5,90.8,29.6,160.0,1.3,12.2,17.2,0.466,nenhum
BA,Nordeste,Caatinga,1,96.4,16.2,10,30.5,64.3,18.9,187.0,1.8,11.1,12.5,0.495,estiagem_seca
PB,Nordeste,Caatinga,11,22.2,4.1,2,31.1,72.0,24.5,379.0,3.2,111.6,26.3,0.222,estiagem_seca
ES,Sudeste,Cerrado,3,284.9,188.2,22,22.2,81.8,61.0,1112.0,17.4,73.9,28.2,0.576,deslizamento
PR,Sul,Mata Atlantica,2,164.3,75.6,19,21.3,73.5,36.6,496.0,8.4,45.3,17.9,0.63,nenhum
CE,Nordeste,Caatinga,5,48.6,16.4,5,25.7,71.8,49.6,21.0,2.8,22.3,18.1,0.294,incendio_florestal
ES,Sudeste,Cerrado,2,212.3,97.4,15,24.7,91.6,63.0,696.0,17.9,50.4,19.9,0.632,tempestade
AP,Norte,Cerrado,12,770.3,236.4,24,31.2,94.2,38.8,266.0,10.9,6.2,16.2,0.785,inundacao
AL,Nordeste,Caatinga,3,80.8,22.2,12,25.6,71.0,41.5,330.0,11.1,18.8,21.3,0.311,nenhum
PE,Nordeste,Caatinga,4,95.0,38.2,9,27.7,65.5,30.1,450.0,16.8,36.5,18.4,0.521,nenhum
RN,Nordeste,Cerrado,4,77.9,33.8,8,25.3,73.7,24.8,627.0,5.6,141.4,27.8,0.462,nenhum
RJ,Sudeste,Cerrado,1,417.6,126.0,28,22.2,92.9,34.5,613.0,15.5,213.0,17.7,0.626,deslizamento
SC,Sul,Mata Atlantica,1,205.4,52.6,13,19.7,89.8,68.4,705.0,15.3,2.7,12.7,0.571,tempestade
AL,Nordeste,Cerrado,7,48.0,24.4,6,21.4,63.6,49.3,371.0,19.8,4.6,13.7,0.377,nenhum
RJ,Sudeste,Mata Atlantica,3,270.3,122.1,20,23.0,89.6,63.1,1181.0,14.9,144.5,16.7,0.781,tempestade
RJ,Sudeste,Mata Atlantica,2,243.9,88.1,18,24.0,89.8,30.9,108.0,22.4,57.6,26.8,0.697,deslizamento
RS,Sul,Pampa,4,144.3,24.6,12,15.5,83.1,18.3,141.0,3.8,126.8,23.1,0.467,nenhum
SP,Sudeste,Mata Atlantica,4,125.1,67.8,10,22.7,69.4,42.9,527.0,14.6,19.4,21.5,0.478,nenhum
PE,Nordeste,Caatinga,6,50.9,10.1,2,21.0,68.8,67.6,540.0,9.5,21.1,17.6,0.369,nenhum
RJ,Sudeste,Mata Atlantica,12,172.0,22.4,14,27.8,80.3,29.2,380.0,13.9,16.4,15.8,0.564,nenhum
AL,Nordeste,Caatinga,4,50.7,17.4,3,29.3,71.1,59.6,198.0,7.8,0.9,10.0,0.31,incendio_florestal
SC,Sul,Pampa,9,60.2,20.1,5,19.1,79.0,60.1,611.0,13.4,9.2,14.3,0.403,tempestade
RN,Nordeste,Caatinga,10,33.6,8.4,5,25.8,75.9,61.5,230.0,3.5,10.0,13.0,0.283,estiagem_seca
SP,Sudeste,Mata Atlantica,1,119.9,59.2,6,30.1,71.4,43.0,815.0,14.7,12.3,17.2,0.312,incendio_florestal
RO,Norte,Amazonia,7,81.7,17.6,10,21.0,76.8,35.9,92.0,3.5,11.5,12.4,0.294,nenhum
AL,Nordeste,Caatinga,6,63.6,19.3,5,24.7,64.8,46.5,610.0,21.2,12.4,12.3,0.448,nenhum
SC,Sul,Pampa,7,259.3,123.0,16,12.6,81.8,65.9,616.0,8.9,34.7,19.8,0.596,tempestade
MG,Sudeste,Mata Atlantica,3,103.6,28.3,6,24.4,68.4,45.5,789.0,15.3,112.8,26.9,0.393,nenhum
DF,Centro-Oeste,Cerrado,6,33.3,11.3,0,26.1,62.8,42.7,891.0,15.6,0.7,10.4,0.398,estiagem_seca
SC,Sul,Mata Atlantica,2,235.8,137.7,17,18.7,93.0,32.3,73.0,6.5,12.1,14.6,0.673,inundacao
PR,Sul,Mata Atlantica,12,178.7,74.9,14,24.2,74.5,45.6,719.0,7.1,12.7,17.2,0.712,nenhum
MA,Nordeste,Cerrado,8,37.2,5.4,4,25.3,61.6,38.3,15.0,7.1,5.0,16.6,0.291,estiagem_seca
MG,Sudeste,Cerrado,1,361.5,74.0,26,23.5,85.1,84.6,645.0,7.4,260.0,18.7,0.617,tempestade
MT,Centro-Oeste,Cerrado,7,38.5,6.1,3,21.7,61.3,47.4,265.0,7.2,9.3,14.3,0.206,incendio_florestal
MG,Sudeste,Mata Atlantica,12,432.4,147.3,24,23.8,81.1,48.1,336.0,8.8,91.7,18.0,0.547,inundacao
BA,Nordeste,Caatinga,9,40.5,13.6,2,25.8,73.4,25.7,207.0,0.5,15.1,18.5,0.406,estiagem_seca
MA,Nordeste,Mata Atlantica,4,117.5,29.6,8,27.3,77.0,17.3,560.0,24.1,329.5,37.3,0.302,inundacao
RS,Sul,Mata Atlantica,11,172.5,107.0,16,21.7,76.7,27.4,495.0,17.6,13.8,18.5,0.423,tempestade
RS,Sul,Pampa,3,352.0,101.8,27,20.9,85.8,86.3,318.0,9.7,12.4,20.2,0.645,tempestade
MG,Sudeste,Mata Atlantica,3,114.0,58.6,9,23.1,75.4,32.8,639.0,30.3,37.4,22.8,0.376,deslizamento
SC,Sul,Mata Atlantica,2,126.0,33.4,10,22.7,70.4,42.9,313.0,10.7,466.3,31.3,0.366,nenhum
SP,Sudeste,Cerrado,12,225.6,119.8,19,21.3,77.5,30.3,792.0,6.1,102.8,20.8,0.714,tempestade
RJ,Sudeste,Mata Atlantica,9,46.5,18.9,3,20.4,65.1,15.3,571.0,17.1,18.1,20.1,0.319,incendio_florestal
SP,Sudeste,Mata Atlantica,7,31.6,7.9,0,20.8,85.1,30.1,1137.0,18.9,64.0,16.2,0.35,estiagem_seca
GO,Centro-Oeste,Cerrado,9,69.0,45.6,4,19.2,62.4,58.2,1712.0,10.9,20.7,13.2,0.525,nenhum
MT,Centro-Oeste,Cerrado,4,229.2,67.1,19,25.8,77.0,22.3,901.0,21.3,454.4,32.4,0.54,incendio_florestal
MA,Nordeste,Caatinga,1,116.5,53.4,4,31.0,63.6,17.3,251.0,11.0,157.8,32.2,0.41,estiagem_seca
MG,Sudeste,Mata Atlantica,11,208.5,87.6,14,20.3,81.4,20.2,919.0,22.4,46.4,23.8,0.487,deslizamento
PB,Nordeste,Caatinga,12,52.6,19.1,6,30.5,57.1,22.2,234.0,13.4,65.3,18.0,0.429,estiagem_seca
RN,Nordeste,Mata Atlantica,1,42.2,8.7,2,29.4,72.9,34.0,239.0,18.7,18.9,21.6,0.277,estiagem_seca
SP,Sudeste,Mata Atlantica,1,182.9,93.2,15,23.1,69.2,27.7,658.0,17.8,49.3,21.5,0.329,nenhum
SE,Nordeste,Caatinga,7,96.1,29.9,7,21.9,55.1,41.4,327.0,12.5,116.9,18.4,0.305,nenhum
MA,Nordeste,Caatinga,1,102.0,32.9,5,30.2,54.9,33.0,550.0,15.2,186.2,27.8,0.485,estiagem_seca
ES,Sudeste,Mata Atlantica,9,39.9,13.1,0,19.5,74.9,21.6,382.0,26.3,25.9,14.6,0.18,incendio_florestal
SC,Sul,Mata Atlantica,12,113.8,47.0,10,24.2,74.4,89.3,99.0,13.8,2.0,10.6,0.446,tempestade
SE,Nordeste,Caatinga,4,63.3,8.3,2,26.9,63.4,27.1,513.0,9.6,139.6,28.6,0.343,nenhum
RO,Norte,Amazonia,4,170.6,49.2,17,27.2,78.9,28.9,14.0,11.2,19.2,22.9,0.558,nenhum
MA,Nordeste,Mata Atlantica,11,61.5,23.2,6,29.6,65.2,32.9,303.0,13.2,174.1,22.6,0.502,estiagem_seca
MG,Sudeste,Cerrado,5,204.8,91.1,14,20.1,90.8,37.1,554.0,16.8,5.0,12.1,0.607,nenhum
ES,Sudeste,Cerrado,3,181.4,69.9,17,27.4,86.0,36.6,927.0,24.4,80.1,17.3,0.487,deslizamento
BA,Nordeste,Caatinga,2,157.3,23.0,9,31.5,60.9,36.4,551.0,9.2,36.2,20.9,0.439,estiagem_seca
SP,Sudeste,Cerrado,11,112.9,32.4,9,22.1,72.9,63.7,527.0,21.6,25.2,13.3,0.525,nenhum
AC,Norte,Amazonia,12,155.9,76.6,10,23.9,85.8,51.4,98.0,7.5,435.6,33.1,0.289,nenhum
PE,Nordeste,Caatinga,1,186.7,52.9,15,30.5,71.0,32.6,379.0,8.8,16.5,18.6,0.577,estiagem_seca
SC,Sul,Mata Atlantica,10,219.9,36.3,18,19.7,92.2,62.4,583.0,19.3,379.0,31.8,0.695,nenhum
PI,Nordeste,Caatinga,2,108.9,17.6,6,28.4,68.2,22.8,498.0,10.0,1284.2,28.4,0.397,nenhum
CE,Nordeste,Caatinga,2,156.7,48.8,14,25.6,64.9,26.4,63.0,5.8,7.4,12.2,0.618,nenhum
GO,Centro-Oeste,Cerrado,5,47.7,11.4,3,23.4,64.1,64.6,963.0,19.5,12.6,21.0,0.153,incendio_florestal
MG,Sudeste,Cerrado,6,64.8,28.3,3,19.2,71.1,82.5,783.0,25.2,38.7,24.6,0.412,tempestade
SC,Sul,Mata Atlantica,11,203.2,34.9,12,19.4,78.2,27.9,488.0,6.7,35.2,20.5,0.598,nenhum
PR,Sul,Mata Atlantica,9,85.7,59.9,4,15.3,84.9,40.2,569.0,13.7,259.0,20.4,0.335,nenhum
RO,Norte,Amazonia,2,639.9,167.4,28,28.7,85.3,27.7,224.0,16.0,258.0,35.6,0.587,deslizamento
PE,Nordeste,Caatinga,8,24.8,16.5,0,22.9,77.2,14.9,700.0,12.8,23.6,16.6,0.397,estiagem_seca
SP,Sudeste,Mata Atlantica,11,178.9,79.0,14,23.1,72.5,40.4,551.0,15.5,15.2,21.1,0.48,nenhum
MA,Nordeste,Caatinga,8,42.0,12.0,5,21.8,66.7,24.3,351.0,11.9,30.1,16.1,0.253,incendio_florestal
PR,Sul,Mata Atlantica,3,269.3,99.8,18,17.3,91.2,20.7,423.0,6.6,68.4,19.0,0.786,inundacao
MG,Sudeste,Cerrado,2,264.5,69.4,19,23.3,77.4,51.8,752.0,18.3,8.8,14.3,0.708,deslizamento
AM,Norte,Amazonia,6,93.2,29.6,7,20.0,89.4,49.8,30.0,12.3,7.5,14.5,0.439,nenhum
ES,Sudeste,Mata Atlantica,6,52.5,23.8,6,19.1,69.5,57.7,1266.0,15.0,16.0,21.5,0.238,incendio_florestal
BA,Nordeste,Mata Atlantica,5,73.7,25.2,7,24.0,72.8,17.4,332.0,13.7,24.9,23.8,0.268,tempestade
GO,Centro-Oeste,Cerrado,2,157.8,58.7,16,25.9,77.8,37.0,817.0,13.3,28.2,14.3,0.644,nenhum
MG,Sudeste,Mata Atlantica,2,252.0,122.5,21,23.1,71.8,30.3,996.0,17.4,2.4,13.6,0.713,deslizamento
MT,Centro-Oeste,Pantanal,7,49.6,19.3,4,23.4,73.7,20.6,1227.0,16.7,26.0,17.8,0.314,incendio_florestal
MG,Sudeste,Cerrado,12,334.6,64.5,30,28.4,80.9,53.1,80.0,15.5,7.0,15.7,0.66,inundacao
RJ,Sudeste,Mata Atlantica,8,33.8,21.9,3,20.6,75.8,36.3,80.0,1.7,54.6,16.6,0.28,estiagem_seca
RS,Sul,Mata Atlantica,6,141.6,55.8,14,15.3,80.5,34.7,460.0,10.9,7.4,12.3,0.443,nenhum
SC,Sul,Mata Atlantica,12,117.5,21.3,11,19.8,70.8,53.0,314.0,18.2,80.3,22.3,0.452,nenhum
MT,Centro-Oeste,Pantanal,9,155.3,28.9,14,18.2,69.3,33.7,426.0,13.2,38.0,22.8,0.444,nenhum
RR,Norte,Cerrado,9,67.4,11.6,4,23.9,81.8,20.1,191.0,12.8,416.0,37.0,0.26,nenhum
MG,Sudeste,Mata Atlantica,7,35.9,19.3,2,18.0,70.5,13.6,845.0,15.3,75.6,29.9,0.287,incendio_florestal
PR,Sul,Mata Atlantica,10,187.0,22.4,21,16.9,83.9,36.6,712.0,4.9,36.7,24.3,0.642,estiagem_seca
MA,Nordeste,Cerrado,7,63.3,27.0,4,24.0,54.3,19.0,682.0,13.5,45.4,25.2,0.404,incendio_florestal
MS,Centro-Oeste,Cerrado,8,78.3,38.4,3,20.7,64.5,31.1,134.0,0.6,53.2,16.1,0.326,nenhum
GO,Centro-Oeste,Cerrado,8,117.7,28.0,8,21.2,70.6,31.8,1186.0,9.7,20.2,17.4,0.424,nenhum
PA,Norte,Cerrado,10,145.1,86.9,13,23.7,83.4,59.6,37.0,3.6,33.6,22.5,0.354,tempestade
RJ,Sudeste,Cerrado,11,270.6,81.9,21,24.7,84.3,22.5,1164.0,22.2,22.9,18.9,0.716,deslizamento
MA,Nordeste,Caatinga,4,200.9,64.5,20,26.4,59.8,44.5,301.0,20.8,28.7,16.1,0.644,nenhum
RJ,Sudeste,Mata Atlantica,9,73.7,37.3,7,20.8,86.3,39.7,81.0,6.1,24.7,15.5,0.365,nenhum
ES,Sudeste,Mata Atlantica,1,222.7,46.9,16,24.7,93.8,40.1,558.0,9.5,28.2,19.8,0.709,nenhum
RJ,Sudeste,Mata Atlantica,7,39.7,19.4,3,18.4,73.1,41.1,1694.0,25.2,45.9,25.9,0.23,incendio_florestal
MT,Centro-Oeste,Amazonia,11,201.3,40.0,18,27.5,72.0,33.4,1405.0,19.5,112.8,20.1,0.587,nenhum
MA,Nordeste,Caatinga,8,47.8,25.7,2,27.5,67.1,45.1,209.0,14.8,194.4,21.5,0.218,incendio_florestal
RJ,Sudeste,Mata Atlantica,4,116.5,61.1,8,21.3,82.8,12.2,532.0,23.4,19.1,22.8,0.41,nenhum
MG,Sudeste,Mata Atlantica,8,49.0,9.5,3,17.0,72.8,43.7,1761.0,14.7,5.9,12.9,0.294,incendio_florestal
MS,Centro-Oeste,Cerrado,5,80.1,18.8,3,27.3,55.9,57.7,119.0,11.6,158.5,17.7,0.411,nenhum
PR,Sul,Mata Atlantica,6,144.6,47.1,14,15.3,67.0,101.1,576.0,6.9,1249.7,29.4,0.423,tempestade
SE,Nordeste,Caatinga,3,66.6,36.4,8,29.7,77.6,82.1,161.0,7.2,108.1,27.2,0.4,tempestade
PR,Sul,Pampa,8,119.2,70.8,7,18.2,77.1,24.0,450.0,10.7,29.6,25.3,0.298,nenhum
AC,Norte,Amazonia,3,164.0,25.3,13,27.3,83.3,31.3,150.0,5.8,68.4,20.1,0.553,nenhum
MA,Nordeste,Caatinga,6,39.6,15.6,3,27.7,56.5,30.1,401.0,11.7,61.8,14.8,0.112,incendio_florestal
SP,Sudeste,Mata Atlantica,12,124.2,58.5,9,21.7,73.6,79.0,288.0,15.8,46.2,19.2,0.436,tempestade
AP,Norte,Amazonia,10,207.3,43.5,16,27.2,92.1,79.4,51.0,4.3,12.7,17.2,0.683,tempestade
RR,Norte,Amazonia,5,163.0,71.8,12,20.9,88.8,58.3,51.0,3.2,215.4,20.8,0.502,nenhum
PA,Norte,Amazonia,12,274.2,131.6,22,27.7,94.4,40.0,306.0,15.6,14.9,18.5,0.758,tempestade
MT,Centro-Oeste,Cerrado,1,315.2,70.6,27,26.6,90.4,36.2,155.0,7.0,207.0,20.0,0.599,inundacao
ES,Sudeste,Mata Atlantica,12,269.0,150.6,19,24.5,74.9,68.2,365.0,14.4,110.1,31.5,0.646,tempestade
RO,Norte,Amazonia,5,210.7,98.4,16,23.0,91.7,29.1,52.0,10.6,410.1,20.9,0.537,inundacao
SP,Sudeste,Mata Atlantica,10,225.8,94.4,22,20.7,81.6,58.0,341.0,21.9,144.1,28.6,0.702,deslizamento
MG,Sudeste,Mata Atlantica,12,202.1,63.0,17,25.8,87.7,20.1,87.0,11.0,1.5,11.9,0.547,nenhum
PE,Nordeste,Cerrado,8,89.6,26.7,5,25.2,66.6,23.5,96.0,16.7,5.9,14.8,0.327,nenhum
AL,Nordeste,Caatinga,8,53.8,17.9,4,26.1,55.5,71.1,167.0,2.7,53.9,18.1,0.41,tempestade
SC,Sul,Mata Atlantica,9,160.5,67.7,9,14.0,84.1,48.8,361.0,14.2,605.0,27.4,0.397,nenhum
MG,Sudeste,Mata Atlantica,3,284.4,167.7,21,20.9,74.5,41.4,94.0,12.0,27.0,22.1,0.604,inundacao
RJ,Sudeste,Mata Atlantica,3,148.7,22.8,12,21.3,75.9,31.9,553.0,23.4,6.2,13.9,0.543,nenhum
RJ,Sudeste,Mata Atlantica,5,73.8,27.7,6,21.7,72.6,17.6,714.0,9.8,161.3,23.5,0.356,incendio_florestal
RR,Norte,Amazonia,6,99.6,19.8,7,26.2,85.5,35.1,179.0,4.4,567.5,29.9,0.318,nenhum
CE,Nordeste,Cerrado,9,47.1,22.2,5,24.8,58.9,76.4,173.0,20.5,14.8,18.5,0.299,tempestade
RJ,Sudeste,Mata Atlantica,4,168.4,54.4,16,20.9,80.5,35.6,335.0,11.8,22.1,21.9,0.641,nenhum
RN,Nordeste,Caatinga,7,46.5,9.1,3,21.8,65.2,18.4,233.0,3.9,568.9,38.1,0.176,incendio_florestal
RJ,Sudeste,Mata Atlantica,1,280.0,145.0,22,25.8,85.0,20.5,440.0,15.9,7.2,11.6,0.694,deslizamento
GO,Centro-Oeste,Cerrado,1,115.9,42.1,12,29.1,74.6,24.4,779.0,18.0,9.9,18.4,0.411,nenhum
MG,Sudeste,Cerrado,12,208.0,158.4,15,24.3,84.1,50.2,1286.0,26.4,9.7,17.4,0.671,estiagem_seca
DF,Centro-Oeste,Cerrado,11,79.8,29.9,6,31.7,64.9,24.3,928.0,11.5,63.0,28.4,0.25,incendio_florestal
SE,Nordeste,Cerrado,11,61.2,20.5,6,28.1,61.0,30.6,182.0,13.9,32.0,18.0,0.287,incendio_florestal
SE,Nordeste,Mata Atlantica,4,62.4,14.8,4,27.1,55.4,56.9,496.0,9.3,19.8,22.6,0.299,incendio_florestal
AL,Nordeste,Cerrado,7,64.6,11.1,2,22.5,55.3,27.4,362.0,8.6,182.2,18.3,0.291,nenhum
SP,Sudeste,Mata Atlantica,9,128.1,16.0,11,23.3,90.4,62.5,1078.0,9.5,167.9,23.4,0.469,nenhum
AC,Norte,Amazonia,4,354.8,54.0,26,25.6,86.8,24.7,331.0,14.7,429.4,26.6,0.697,incendio_florestal
TO,Norte,Amazonia,9,126.5,55.9,9,22.3,81.9,40.7,204.0,2.7,53.5,15.2,0.489,nenhum
RN,Nordeste,Mata Atlantica,9,22.7,12.0,0,23.8,49.7,34.6,390.0,1.2,156.3,22.7,0.127,estiagem_seca
CE,Nordeste,Cerrado,5,72.9,13.7,9,26.0,68.3,25.1,440.0,14.5,8.8,14.1,0.344,nenhum
RJ,Sudeste,Mata Atlantica,6,34.3,6.5,4,20.6,67.3,35.2,536.0,11.1,144.5,30.6,0.23,incendio_florestal
AL,Nordeste,Caatinga,4,72.8,28.9,5,25.2,69.1,70.7,279.0,1.0,155.5,25.6,0.252,tempestade
SC,Sul,Mata Atlantica,10,198.8,74.4,13,18.3,90.0,38.5,113.0,18.6,15.0,13.1,0.535,nenhum
AL,Nordeste,Caatinga,12,16.2,6.2,1,27.7,66.8,52.2,65.0,0.8,121.4,22.9,0.362,estiagem_seca
ES,Sudeste,Mata Atlantica,12,190.8,65.4,9,25.1,73.2,39.7,839.0,19.7,70.7,19.0,0.621,nenhum
DF,Centro-Oeste,Cerrado,10,201.7,69.0,16,24.2,59.7,16.6,769.0,13.5,98.1,18.5,0.5,nenhum
PI,Nordeste,Caatinga,5,73.4,35.1,11,23.3,58.6,26.1,715.0,16.7,203.7,25.2,0.38,nenhum
RS,Sul,Mata Atlantica,10,226.3,113.2,16,15.8,84.0,28.1,176.0,1.3,64.0,19.3,0.668,incendio_florestal
PR,Sul,Mata Atlantica,3,173.2,124.7,19,19.2,78.7,17.7,293.0,20.2,279.8,26.3,0.456,deslizamento
PR,Sul,Mata Atlantica,11,146.1,37.7,11,22.0,77.0,43.8,768.0,16.0,9.2,15.4,0.529,nenhum
PE,Nordeste,Mata Atlantica,4,64.9,10.5,2,26.7,71.6,27.5,513.0,20.0,13.5,14.7,0.318,nenhum
PE,Nordeste,Caatinga,5,78.0,10.0,10,23.5,70.1,12.0,671.0,5.7,38.6,16.3,0.242,deslizamento
SP,Sudeste,Mata Atlantica,2,337.8,90.6,24,24.9,85.7,20.2,70.0,18.7,15.5,18.6,0.641,inundacao
RN,Nordeste,Mata Atlantica,1,85.8,15.0,7,30.1,65.5,48.7,538.0,15.4,72.6,24.4,0.283,incendio_florestal
SP,Sudeste,Mata Atlantica,5,145.7,43.7,9,19.3,88.0,23.4,769.0,17.2,29.7,16.1,0.449,nenhum
ES,Sudeste,Mata Atlantica,7,71.4,16.5,7,15.6,64.6,28.0,623.0,14.9,31.5,14.9,0.398,nenhum
SP,Sudeste,Mata Atlantica,1,365.7,243.9,30,24.4,86.3,49.6,485.0,16.0,30.1,22.8,0.696,deslizamento
RJ,Sudeste,Mata Atlantica,11,156.9,120.5,16,26.8,76.9,79.3,664.0,6.6,70.5,26.4,0.508,tempestade
SP,Sudeste,Mata Atlantica,2,101.6,31.8,9,20.8,82.0,76.8,593.0,16.1,48.8,21.6,0.418,tempestade
AP,Norte,Cerrado,12,1353.7,400.0,28,26.7,91.2,62.0,42.0,5.1,85.5,23.6,0.584,inundacao
RR,Norte,Amazonia,4,170.6,27.7,11,28.7,100.0,40.9,36.0,12.1,27.5,15.0,0.486,nenhum
MG,Sudeste,Cerrado,5,84.1,26.7,3,21.1,79.8,31.4,72.0,23.1,3.1,14.4,0.469,deslizamento
MS,Centro-Oeste,Pantanal,2,223.4,148.3,15,28.0,72.7,58.7,672.0,10.9,149.5,22.4,0.739,tempestade
AL,Nordeste,Caatinga,10,94.7,42.1,5,28.0,64.7,15.0,194.0,13.3,15.3,14.7,0.405,nenhum
GO,Centro-Oeste,Amazonia,9,135.4,58.0,11,20.7,66.3,32.3,170.0,10.7,75.1,21.4,0.48,nenhum
ES,Sudeste,Mata Atlantica,1,307.5,116.4,25,21.3,84.3,42.7,1389.0,9.6,49.1,16.2,0.83,inundacao
ES,Sudeste,Mata Atlantica,2,313.5,109.5,24,23.5,87.4,48.5,1068.0,12.0,1360.4,26.2,0.621,inundacao
ES,Sudeste,Mata Atlantica,8,48.3,42.1,5,19.3,69.3,31.3,479.0,12.8,0.9,9.9,0.348,incendio_florestal
AL,Nordeste,Cerrado,11,62.2,33.4,3,29.9,59.9,72.9,240.0,8.1,18.4,15.0,0.3,inundacao
SE,Nordeste,Caatinga,2,113.1,73.5,7,28.6,67.9,49.7,17.0,16.1,86.5,19.1,0.277,incendio_florestal
MT,Centro-Oeste,Cerrado,3,117.4,41.9,8,30.0,69.3,43.4,524.0,12.0,4.4,13.6,0.409,estiagem_seca
PE,Nordeste,Mata Atlantica,7,67.8,29.7,9,21.2,76.0,29.2,446.0,8.1,46.1,23.7,0.357,nenhum
SP,Sudeste,Mata Atlantica,2,141.5,33.4,11,26.0,83.3,25.7,125.0,12.3,4.0,13.2,0.384,nenhum
MG,Sudeste,Cerrado,4,94.7,41.8,6,22.3,85.5,67.7,431.0,26.1,48.5,27.8,0.402,deslizamento
PA,Norte,Amazonia,1,241.8,67.2,19,30.3,82.2,21.3,28.0,1.7,52.0,15.6,0.578,estiagem_seca
RO,Norte,Amazonia,6,60.6,35.4,3,21.9,81.5,36.6,139.0,5.2,142.7,24.8,0.271,nenhum
PI,Nordeste,Caatinga,9,57.0,29.8,6,24.4,72.2,15.8,277.0,11.8,73.9,21.0,0.306,nenhum
PR,Sul,Mata Atlantica,5,150.3,45.5,10,15.3,78.7,37.3,196.0,10.0,11.5,13.7,0.444,nenhum
SP,Sudeste,Mata Atlantica,4,109.6,28.9,14,24.3,77.1,46.1,1532.0,12.2,53.5,14.7,0.435,nenhum
PB,Nordeste,Caatinga,6,85.9,29.9,7,25.1,63.6,53.6,203.0,1.0,79.1,15.2,0.381,incendio_florestal
RS,Sul,Pampa,7,205.1,92.7,15,14.2,88.6,90.0,207.0,2.7,12.5,18.6,0.598,tempestade
MT,Centro-Oeste,Cerrado,2,362.2,46.8,28,25.0,61.9,26.3,594.0,16.3,211.2,27.7,0.75,deslizamento
DF,Centro-Oeste,Pantanal,2,274.7,53.5,24,27.3,72.7,54.1,442.0,16.7,114.0,25.9,0.595,deslizamento
RS,Sul,Mata Atlantica,3,219.1,85.5,21,20.1,87.2,38.5,118.0,7.9,4.3,12.2,0.671,inundacao
AP,Norte,Amazonia,12,312.7,92.2,22,27.6,94.7,65.6,148.0,7.6,50.6,22.5,0.61,tempestade
BA,Nordeste,Mata Atlantica,9,43.7,27.9,7,27.1,67.5,32.7,274.0,1.4,10.4,14.7,0.315,estiagem_seca
ES,Sudeste,Mata Atlantica,2,93.2,45.4,5,27.0,72.9,27.0,574.0,8.6,2.5,14.1,0.473,nenhum
PB,Nordeste,Caatinga,4,134.0,46.8,17,27.3,59.6,77.0,297.0,15.8,20.7,13.2,0.551,tempestade
MG,Sudeste,Mata Atlantica,5,74.5,26.0,6,19.9,74.0,58.9,986.0,21.1,27.8,24.8,0.307,nenhum
SE,Nordeste,Caatinga,3,34.1,11.2,4,31.2,68.5,32.1,51.0,11.4,1187.2,43.6,0.274,estiagem_seca
RR,Norte,Amazonia,11,134.5,18.2,17,27.5,85.3,26.0,35.0,8.4,21.6,23.5,0.471,nenhum
BA,Nordeste,Mata Atlantica,12,179.2,35.6,19,32.5,63.4,24.9,133.0,7.5,51.8,26.3,0.532,estiagem_seca
MT,Centro-Oeste,Pantanal,3,169.9,38.4,14,26.6,68.9,50.1,202.0,4.8,76.9,20.4,0.544,deslizamento
BA,Nordeste,Cerrado,1,175.4,82.7,14,29.0,73.8,66.6,496.0,20.7,28.2,23.8,0.522,tempestade
MA,Nordeste,Caatinga,4,107.3,24.2,9,29.5,87.1,47.0,63.0,19.5,73.0,18.6,0.356,incendio_florestal
PR,Sul,Mata Atlantica,7,103.6,25.6,6,16.6,80.0,42.1,26.0,17.2,16.5,16.0,0.409,nenhum
PB,Nordeste,Caatinga,10,22.6,5.7,1,26.9,58.9,21.7,85.0,10.8,9.3,19.8,0.361,estiagem_seca
PE,Nordeste,Caatinga,5,147.8,24.0,14,26.7,88.4,17.6,343.0,1.6,20.1,15.4,0.456,nenhum
AC,Norte,Amazonia,4,251.2,72.1,23,24.5,99.6,23.9,14.0,11.1,7.0,13.6,0.916,inundacao
BA,Nordeste,Caatinga,3,74.3,39.9,5,30.1,68.4,48.1,501.0,8.6,118.0,28.5,0.276,incendio_florestal
SE,Nordeste,Cerrado,1,109.0,20.1,7,26.8,61.1,26.9,207.0,3.5,42.8,24.6,0.464,nenhum
SP,Sudeste,Cerrado,1,236.0,69.6,18,26.5,87.0,27.0,233.0,10.7,22.7,16.9,0.552,nenhum
BA,Nordeste,Caatinga,6,39.3,9.9,2,22.5,58.0,33.7,637.0,10.1,113.1,29.2,0.292,incendio_florestal
SC,Sul,Mata Atlantica,8,127.2,56.8,14,14.7,85.5,68.4,135.0,11.5,19.3,18.5,0.337,tempestade
RS,Sul,Pampa,1,380.9,167.1,25,22.9,88.0,25.2,481.0,11.1,0.5,9.6,0.763,inundacao
TO,Norte,Amazonia,3,123.7,54.6,6,24.9,84.8,32.7,21.0,9.5,21.0,22.4,0.438,nenhum
AM,Norte,Amazonia,11,313.5,158.8,25,25.6,92.4,50.4,98.0,9.5,146.4,23.3,0.73,inundacao
TO,Norte,Amazonia,12,187.2,88.6,10,31.4,95.2,17.2,362.0,2.2,210.4,19.1,0.476,tempestade
MG,Sudeste,Mata Atlantica,8,58.6,22.8,2,18.5,74.0,52.9,515.0,20.0,7.4,17.8,0.346,nenhum
AC,Norte,Amazonia,7,64.9,25.2,5,22.4,97.3,51.6,6.0,7.8,19.3,18.8,0.383,nenhum
PR,Sul,Mata Atlantica,7,168.1,57.3,12,14.1,73.4,37.3,257.0,5.8,139.1,32.2,0.528,nenhum
SP,Sudeste,Mata Atlantica,5,81.4,51.7,6,19.4,66.9,26.0,537.0,14.2,5.0,14.6,0.321,nenhum
ES,Sudeste,Mata Atlantica,3,136.0,70.3,9,21.2,84.1,105.1,756.0,18.6,29.2,14.6,0.491,tempestade
MS,Centro-Oeste,Cerrado,5,96.3,18.7,6,23.3,67.5,36.8,975.0,11.6,74.2,19.6,0.359,nenhum
RS,Sul,Pampa,9,144.5,40.5,16,17.7,74.0,15.2,244.0,16.0,380.2,33.8,0.453,nenhum
AC,Norte,Amazonia,8,126.2,16.5,13,23.0,96.9,25.2,1.0,3.0,23.2,16.3,0.341,nenhum
BA,Nordeste,Caatinga,9,104.9,37.1,3,22.9,82.7,36.1,6.0,2.4,5.6,16.5,0.523,nenhum
SE,Nordeste,Caatinga,8,22.3,10.1,2,21.1,66.3,12.5,34.0,0.9,14.3,21.1,0.214,estiagem_seca
SC,Sul,Mata Atlantica,1,300.7,62.8,26,20.8,92.2,24.2,218.0,10.6,1676.5,31.3,0.67,nenhum
SP,Sudeste,Mata Atlantica,8,47.3,15.2,5,21.5,67.0,21.0,690.0,6.3,73.9,27.3,0.202,incendio_florestal
RJ,Sudeste,Mata Atlantica,11,144.5,75.6,14,22.8,80.8,35.5,244.0,17.3,288.3,21.8,0.358,nenhum
MA,Nordeste,Mata Atlantica,8,44.1,29.4,4,25.8,59.8,20.5,54.0,5.7,45.5,19.8,0.347,inundacao
SC,Sul,Mata Atlantica,7,94.0,32.6,8,16.7,70.1,33.5,469.0,10.8,14.0,19.5,0.436,nenhum
GO,Centro-Oeste,Cerrado,3,201.4,31.4,13,25.2,71.4,50.2,1107.0,17.4,9.3,13.2,0.663,nenhum
DF,Centro-Oeste,Amazonia,10,88.4,14.6,4,25.4,68.9,88.6,327.0,7.0,23.0,16.8,0.414,tempestade
RS,Sul,Pampa,6,143.8,47.5,13,19.2,79.1,24.1,513.0,11.7,136.5,21.3,0.558,nenhum
PE,Nordeste,Caatinga,4,37.4,11.5,1,31.0,62.1,34.5,80.0,9.2,6.5,17.9,0.318,estiagem_seca
MA,Nordeste,Caatinga,6,68.7,26.9,2,23.6,67.8,30.5,377.0,6.7,136.8,24.4,0.266,nenhum
SP,Sudeste,Mata Atlantica,2,300.6,107.3,23,19.3,70.9,44.6,240.0,15.9,8.1,14.0,0.856,deslizamento
AC,Norte,Amazonia,12,969.7,394.8,28,27.8,93.0,41.2,18.0,15.4,29.3,17.2,0.62,inundacao
CE,Nordeste,Mata Atlantica,9,31.8,12.5,0,27.1,63.2,52.5,75.0,6.3,42.3,19.0,0.339,estiagem_seca
PB,Nordeste,Cerrado,4,162.3,62.0,8,29.2,70.9,10.2,24.0,12.2,114.4,20.3,0.546,nenhum
PA,Norte,Amazonia,10,135.4,48.4,16,30.1,87.1,61.2,198.0,2.9,29.7,17.1,0.547,estiagem_seca
RS,Sul,Mata Atlantica,1,418.6,172.2,28,20.0,87.2,53.8,142.0,7.5,101.3,22.3,0.657,inundacao
ES,Sudeste,Cerrado,5,94.5,26.9,7,21.1,76.5,21.8,614.0,14.0,28.7,21.6,0.409,nenhum
PI,Nordeste,Caatinga,8,35.3,29.1,2,24.6,75.8,68.1,387.0,4.6,82.3,18.8,0.243,incendio_florestal
AL,Nordeste,Mata Atlantica,1,143.1,40.7,15,30.1,59.8,33.9,490.0,2.7,44.4,21.8,0.513,estiagem_seca
DF,Centro-Oeste,Cerrado,9,73.8,33.4,3,26.5,78.6,13.8,613.0,2.4,61.7,25.4,0.247,incendio_florestal
SP,Sudeste,Mata Atlantica,10,582.1,246.7,26,19.2,83.5,81.7,122.0,6.9,60.4,17.4,0.767,inundacao
PR,Sul,Mata Atlantica,8,166.4,87.0,13,15.4,75.4,35.3,180.0,6.6,39.5,23.1,0.675,nenhum
SC,Sul,Pampa,3,342.2,206.7,25,18.3,76.3,38.8,374.0,2.8,263.9,29.1,0.72,inundacao
RN,Nordeste,Caatinga,9,24.3,13.2,4,25.2,67.5,22.4,542.0,8.9,111.9,20.7,0.117,estiagem_seca
BA,Nordeste,Caatinga,5,75.5,27.4,0,26.2,64.5,16.8,501.0,4.3,59.5,23.1,0.31,nenhum
GO,Centro-Oeste,Cerrado,9,101.8,38.7,3,27.2,65.5,55.2,466.0,2.7,20.3,23.6,0.461,nenhum
MG,Sudeste,Mata Atlantica,8,52.7,18.0,3,18.6,60.3,24.5,288.0,16.0,1730.9,33.3,0.197,estiagem_seca
DF,Centro-Oeste,Cerrado,2,167.8,91.9,12,27.2,65.3,54.6,471.0,3.1,463.3,35.6,0.381,estiagem_seca
ES,Sudeste,Cerrado,2,266.5,98.6,17,23.4,85.0,16.8,582.0,19.8,10.3,17.8,0.686,deslizamento
ES,Sudeste,Mata Atlantica,1,200.9,100.3,17,24.1,72.3,21.4,825.0,12.9,114.4,28.3,0.523,tempestade
SE,Nordeste,Caatinga,1,76.2,36.9,8,32.1,61.6,56.3,89.0,9.3,300.4,18.9,0.323,incendio_florestal
SE,Nordeste,Caatinga,4,121.6,50.3,6,27.6,74.4,32.6,364.0,2.7,97.5,29.9,0.312,incendio_florestal
SE,Nordeste,Cerrado,1,101.2,25.5,5,31.1,55.8,42.2,414.0,8.4,46.0,16.4,0.532,estiagem_seca
AM,Norte,Amazonia,12,321.4,160.9,24,28.0,94.3,44.7,115.0,4.2,18.5,16.0,0.614,inundacao
PE,Nordeste,Caatinga,11,75.1,12.2,7,28.7,48.4,19.9,191.0,6.4,94.6,26.2,0.307,incendio_florestal
ES,Sudeste,Mata Atlantica,3,159.6,20.8,9,28.2,79.0,43.8,1312.0,14.2,12.0,15.1,0.551,nenhum
SE,Nordeste,Mata Atlantica,4,109.7,74.0,15,23.9,68.0,23.4,338.0,8.8,26.4,18.5,0.406,nenhum
RN,Nordeste,Caatinga,9,51.8,9.7,2,27.0,63.1,70.4,12.0,17.8,21.3,17.2,0.288,incendio_florestal
RJ,Sudeste,Mata Atlantica,8,123.6,20.2,13,21.7,74.1,46.0,440.0,19.9,100.6,30.0,0.478,nenhum
ES,Sudeste,Cerrado,7,76.8,12.1,4,19.8,64.7,59.7,666.0,25.9,360.0,24.0,0.372,deslizamento
PE,Nordeste,Caatinga,12,46.7,12.1,1,27.9,54.4,20.0,156.0,9.6,22.7,15.0,0.342,estiagem_seca
SP,Sudeste,Mata Atlantica,8,27.8,8.9,4,19.7,65.8,26.2,172.0,20.1,26.2,14.8,0.256,estiagem_seca
SC,Sul,Pampa,9,130.0,62.6,8,15.9,73.0,59.5,527.0,8.6,324.1,18.9,0.366,nenhum
ES,Sudeste,Mata Atlantica,7,30.9,12.3,2,20.8,66.5,22.2,797.0,17.4,20.9,22.8,0.347,estiagem_seca
ES,Sudeste,Mata Atlantica,7,46.1,18.2,5,19.2,80.7,44.5,250.0,13.2,0.7,10.2,0.282,incendio_florestal
RO,Norte,Amazonia,4,158.8,65.4,10,28.0,89.4,32.0,11.0,1.9,753.9,32.6,0.372,nenhum
PR,Sul,Mata Atlantica,7,96.9,25.0,9,14.1,67.2,69.9,437.0,1.3,211.1,31.0,0.335,nenhum
SE,Nordeste,Caatinga,12,83.4,18.1,7,31.1,53.4,11.1,386.0,12.0,155.9,26.5,0.346,incendio_florestal
RS,Sul,Mata Atlantica,5,227.6,101.0,19,16.3,89.4,87.4,639.0,15.5,81.8,28.7,0.504,tempestade
SP,Sudeste,Mata Atlantica,2,173.4,60.9,9,25.9,84.8,31.5,514.0,15.1,41.4,17.4,0.508,nenhum
RR,Norte,Amazonia,8,65.0,15.2,4,22.5,78.7,21.3,76.0,1.8,2.8,13.1,0.356,nenhum
AC,Norte,Amazonia,10,159.5,61.5,12,25.5,94.9,28.4,23.0,6.1,33.7,23.8,0.405,nenhum
SP,Sudeste,Cerrado,12,111.0,16.3,8,25.8,91.8,32.9,859.0,8.2,32.5,14.2,0.515,nenhum
RJ,Sudeste,Mata Atlantica,7,51.6,13.4,5,18.9,70.5,47.6,878.0,15.3,38.2,15.8,0.234,incendio_florestal
PA,Norte,Amazonia,10,318.8,123.8,25,25.0,95.4,103.4,156.0,3.2,110.4,28.8,0.689,tempestade
SP,Sudeste,Mata Atlantica,4,60.1,25.3,4,23.8,70.6,29.5,10.0,20.7,446.9,18.3,0.344,deslizamento
SC,Sul,Mata Atlantica,6,54.5,8.9,6,14.7,81.0,29.0,9.0,7.0,41.5,24.6,0.482,nenhum
DF,Centro-Oeste,Cerrado,6,29.3,10.8,2,21.5,54.1,29.7,932.0,6.6,34.1,20.9,0.274,estiagem_seca
MT,Centro-Oeste,Cerrado,4,148.4,114.2,17,23.1,67.4,28.5,943.0,4.9,443.9,30.2,0.358,tempestade
RR,Norte,Amazonia,9,119.2,43.4,10,23.1,86.5,64.7,447.0,14.0,14.1,17.7,0.353,estiagem_seca
RJ,Sudeste,Mata Atlantica,11,196.4,100.2,19,22.3,80.8,38.5,1003.0,16.7,44.3,24.5,0.538,tempestade
MA,Nordeste,Caatinga,4,200.6,86.4,12,27.6,83.5,30.4,647.0,5.9,48.5,23.7,0.395,tempestade
PR,Sul,Mata Atlantica,2,190.8,32.0,14,20.0,78.3,58.9,520.0,9.9,14.1,14.6,0.485,nenhum
RN,Nordeste,Mata Atlantica,10,20.1,13.8,2,25.3,66.0,18.6,565.0,10.8,27.9,22.5,0.292,estiagem_seca
ES,Sudeste,Mata Atlantica,11,257.6,70.4,23,22.7,79.8,29.8,633.0,11.8,28.4,21.6,0.817,nenhum
SE,Nordeste,Cerrado,12,87.2,51.7,7,28.9,65.6,62.5,452.0,7.5,148.7,30.9,0.337,incendio_florestal
PE,Nordeste,Cerrado,4,131.9,69.5,10,30.5,82.6,54.7,318.0,9.0,30.1,23.6,0.372,incendio_florestal
MG,Sudeste,Cerrado,9,140.0,50.1,11,18.1,73.5,42.0,1208.0,12.7,31.3,17.6,0.551,nenhum
GO,Centro-Oeste,Cerrado,9,127.8,57.0,8,27.8,60.3,70.5,1205.0,16.2,94.5,24.2,0.529,tempestade
SP,Sudeste,Mata Atlantica,10,131.2,38.1,13,20.1,77.6,65.7,1293.0,17.0,22.4,21.3,0.42,nenhum
RS,Sul,Pampa,10,238.5,107.4,22,12.3,76.0,21.7,995.0,13.3,11.9,15.3,0.707,tempestade
SC,Sul,Mata Atlantica,12,226.7,117.6,15,23.6,93.2,75.2,414.0,7.2,2488.2,47.4,0.637,tempestade
PR,Sul,Mata Atlantica,6,48.1,19.9,7,19.1,81.0,32.1,426.0,5.0,42.9,22.1,0.324,nenhum
BA,Nordeste,Cerrado,1,165.5,80.6,9,29.8,75.8,26.6,283.0,12.6,65.4,27.5,0.447,tempestade
RJ,Sudeste,Mata Atlantica,3,366.1,134.4,27,17.4,88.9,24.5,1357.0,10.0,31.1,21.4,0.629,inundacao
RS,Sul,Mata Atlantica,11,90.0,23.2,7,21.9,75.3,52.7,551.0,13.7,4.9,11.2,0.322,nenhum
BA,Nordeste,Caatinga,11,75.2,49.5,11,26.6,77.4,38.0,33.0,5.1,21.5,21.2,0.297,nenhum
AP,Norte,Amazonia,1,998.8,192.0,24,27.6,85.1,43.5,187.0,7.8,8.7,13.5,0.733,inundacao
RJ,Sudeste,Mata Atlantica,5,109.7,45.2,8,20.9,61.6,54.4,23.0,8.6,105.5,28.2,0.377,nenhum
MS,Centro-Oeste,Amazonia,3,278.6,45.6,17,25.7,82.9,78.4,1195.0,8.3,87.0,19.0,0.566,tempestade
ES,Sudeste,Cerrado,4,204.8,171.6,17,22.5,76.2,98.4,827.0,25.3,111.3,17.4,0.62,tempestade
RS,Sul,Mata Atlantica,8,117.8,14.2,8,14.2,89.0,35.9,242.0,22.9,10.7,17.9,0.515,tempestade
RJ,Sudeste,Mata Atlantica,7,35.2,7.0,3,20.7,63.6,18.2,44.0,7.9,2.3,11.6,0.296,estiagem_seca
GO,Centro-Oeste,Cerrado,6,72.2,12.0,7,24.0,67.2,32.3,619.0,16.1,1.5,9.5,0.376,nenhum
BA,Nordeste,Caatinga,6,73.2,39.9,4,25.5,56.7,57.6,108.0,5.9,84.8,29.2,0.427,nenhum
MS,Centro-Oeste,Amazonia,8,82.1,22.0,8,23.2,74.9,66.7,2036.0,5.3,25.7,19.7,0.451,nenhum
TO,Norte,Amazonia,9,179.1,38.9,6,25.7,89.6,77.2,109.0,3.5,6.8,15.6,0.594,tempestade
ES,Sudeste,Mata Atlantica,1,458.1,74.3,28,21.5,82.9,52.0,1223.0,12.2,106.1,21.6,0.765,inundacao
RJ,Sudeste,Mata Atlantica,2,218.5,82.1,12,25.0,83.8,22.0,1285.0,19.0,171.5,22.7,0.688,deslizamento
PB,Nordeste,Caatinga,5,104.1,69.3,9,23.7,57.6,53.2,115.0,5.4,42.5,16.0,0.411,nenhum
MA,Nordeste,Cerrado,6,50.3,18.1,4,20.7,68.3,37.2,432.0,6.0,19.4,13.7,0.357,nenhum
RS,Sul,Pampa,12,217.9,121.4,15,18.9,85.7,31.0,125.0,16.8,33.2,20.0,0.621,deslizamento
RO,Norte,Amazonia,11,185.0,30.1,14,26.2,76.1,35.5,39.0,5.3,268.8,29.9,0.662,nenhum
GO,Centro-Oeste,Amazonia,8,88.6,27.2,4,25.9,78.8,50.6,1428.0,8.5,226.8,27.4,0.387,nenhum
DF,Centro-Oeste,Pantanal,1,222.3,128.3,17,27.2,67.8,40.8,391.0,8.6,33.0,25.8,0.628,tempestade
ES,Sudeste,Cerrado,2,444.9,251.9,23,23.0,91.8,24.8,1080.0,14.1,56.9,24.8,0.787,deslizamento
RN,Nordeste,Caatinga,6,58.8,25.0,3,25.0,67.3,32.1,517.0,10.3,15000.0,52.3,0.241,nenhum
MG,Sudeste,Cerrado,8,112.8,52.3,5,20.1,73.5,68.5,463.0,15.7,1107.3,19.8,0.4,tempestade
CE,Nordeste,Caatinga,8,23.4,6.1,3,22.7,71.7,22.4,469.0,7.0,49.8,15.2,0.125,incendio_florestal
RJ,Sudeste,Mata Atlantica,2,245.7,70.1,19,22.8,82.6,37.6,889.0,21.4,397.5,20.0,0.632,deslizamento
AC,Norte,Amazonia,11,247.2,171.9,20,27.2,87.8,20.2,44.0,13.4,82.8,25.2,0.663,nenhum
MS,Centro-Oeste,Cerrado,6,21.9,7.5,1,20.3,63.4,37.7,760.0,13.8,430.6,37.0,0.277,estiagem_seca
DF,Centro-Oeste,Pantanal,8,95.8,37.6,11,25.2,78.2,29.7,233.0,14.4,16.0,14.5,0.408,nenhum
BA,Nordeste,Cerrado,1,167.4,58.7,11,30.5,57.3,78.6,572.0,18.4,141.7,31.0,0.428,tempestade
PE,Nordeste,Caatinga,10,52.3,7.0,2,25.7,69.0,39.0,317.0,24.9,216.6,20.6,0.34,inundacao
BA,Nordeste,Caatinga,7,35.9,13.9,3,25.0,70.4,11.9,74.0,4.8,45.4,23.2,0.151,incendio_florestal
SE,Nordeste,Caatinga,3,114.7,24.6,9,28.9,73.1,16.1,289.0,10.5,24.8,13.8,0.536,nenhum
PA,Norte,Amazonia,4,153.4,73.4,9,27.3,84.2,60.5,210.0,12.0,66.0,19.5,0.598,tempestade
PR,Sul,Mata Atlantica,5,170.1,75.0,14,13.9,85.0,60.2,417.0,19.7,6.2,14.7,0.42,nenhum
AL,Nordeste,Caatinga,1,144.5,21.4,12,25.4,64.9,40.6,133.0,14.6,26.1,20.0,0.421,nenhum
ES,Sudeste,Mata Atlantica,12,262.6,104.4,20,23.3,70.7,12.5,407.0,5.7,20.6,16.4,0.706,inundacao
SC,Sul,Mata Atlantica,10,149.6,45.6,11,19.7,74.7,45.1,80.0,3.4,169.5,24.3,0.6,nenhum
AP,Norte,Amazonia,11,417.8,223.7,28,24.8,96.0,50.6,203.0,1.3,101.9,16.8,0.676,inundacao
RJ,Sudeste,Mata Atlantica,5,87.1,43.6,6,17.4,69.5,28.6,656.0,20.2,124.0,22.2,0.398,nenhum
PR,Sul,Mata Atlantica,7,166.7,72.1,16,17.2,72.1,85.1,515.0,11.1,275.4,24.1,0.526,tempestade
MG,Sudeste,Mata Atlantica,6,42.3,7.8,4,17.9,75.1,57.8,609.0,12.0,8.8,11.9,0.212,incendio_florestal
MS,Centro-Oeste,Cerrado,6,38.0,14.2,2,23.9,67.8,8.2,713.0,5.6,533.2,30.0,0.234,incendio_florestal
MT,Centro-Oeste,Cerrado,8,34.2,12.8,3,23.1,70.0,31.8,1487.0,16.7,185.9,34.0,0.186,incendio_florestal
AC,Norte,Amazonia,6,46.0,18.8,3,25.7,97.0,27.0,63.0,2.1,6.0,14.7,0.335,incendio_florestal
RJ,Sudeste,Mata Atlantica,10,183.0,45.6,17,21.4,69.8,40.3,229.0,12.9,151.4,16.8,0.511,nenhum
RS,Sul,Pampa,1,219.1,34.1,15,21.9,73.8,11.0,564.0,11.2,110.5,16.6,0.627,nenhum
PR,Sul,Mata Atlantica,3,155.7,78.0,9,21.8,96.8,36.3,65.0,19.7,87.5,27.4,0.475,nenhum
TO,Norte,Amazonia,11,159.4,56.9,8,27.9,92.4,29.0,268.0,9.5,11.7,17.6,0.516,deslizamento
RJ,Sudeste,Mata Atlantica,11,237.0,101.9,23,23.1,90.1,56.1,294.0,26.3,46.4,22.7,0.713,deslizamento
PB,Nordeste,Caatinga,10,66.8,36.6,2,27.8,68.3,48.2,451.0,7.5,128.1,30.0,0.337,incendio_florestal
SC,Sul,Pampa,5,171.9,19.8,13,17.5,77.1,56.2,447.0,17.6,50.4,16.3,0.524,nenhum
AM,Norte,Amazonia,6,73.7,31.2,4,23.2,95.1,33.7,123.0,8.4,6.6,18.2,0.393,nenhum
RS,Sul,Mata Atlantica,1,134.5,58.5,12,20.8,81.8,60.5,337.0,10.9,27.7,20.8,0.422,nenhum
SP,Sudeste,Mata Atlantica,4,67.6,28.7,5,19.0,78.4,32.6,1649.0,9.7,81.2,30.2,0.236,nenhum
AC,Norte,Amazonia,9,201.9,52.3,19,20.4,94.6,22.8,215.0,0.8,36.3,21.0,0.656,nenhum
AM,Norte,Amazonia,5,258.6,85.1,26,23.0,100.0,18.8,156.0,10.9,802.5,38.0,0.57,nenhum
SP,Sudeste,Mata Atlantica,6,59.0,25.5,1,18.2,68.0,21.1,612.0,19.1,147.7,25.6,0.239,nenhum
SE,Nordeste,Mata Atlantica,2,64.1,19.8,5,29.6,59.1,44.9,217.0,2.6,139.4,20.0,0.442,nenhum
ES,Sudeste,Mata Atlantica,6,90.4,49.5,7,19.2,65.2,27.9,721.0,22.6,62.9,27.9,0.421,inundacao
RS,Sul,Pampa,9,179.8,32.6,13,18.4,86.4,28.4,829.0,4.8,24.9,18.7,0.535,nenhum
MG,Sudeste,Mata Atlantica,7,94.8,25.7,4,20.9,70.8,19.4,646.0,11.5,614.9,25.2,0.437,nenhum
PB,Nordeste,Cerrado,7,13.2,3.6,3,26.5,60.5,10.7,277.0,19.1,27.8,23.6,0.201,deslizamento
MS,Centro-Oeste,Amazonia,11,104.8,38.5,7,29.4,76.4,59.6,2007.0,8.1,54.0,20.5,0.441,nenhum
RR,Norte,Amazonia,3,542.6,185.8,27,26.9,100.0,66.8,98.0,0.9,42.9,18.2,0.679,inundacao
PR,Sul,Mata Atlantica,4,102.5,47.5,7,20.6,80.0,11.8,780.0,6.0,6.1,16.4,0.39,nenhum
RN,Nordeste,Caatinga,8,51.0,12.3,1,24.9,56.7,61.6,460.0,13.3,94.7,21.0,0.327,incendio_florestal
MA,Nordeste,Cerrado,6,47.0,18.4,5,25.5,58.6,44.7,130.0,10.2,210.6,23.4,0.216,incendio_florestal
PI,Nordeste,Cerrado,12,92.6,32.2,8,28.7,64.0,34.4,522.0,18.0,20.7,22.3,0.34,incendio_florestal
RS,Sul,Mata Atlantica,1,224.1,44.5,20,19.8,83.9,44.5,644.0,16.4,31.3,22.5,0.472,nenhum
RO,Norte,Amazonia,2,436.4,88.2,28,30.7,88.9,57.4,4.0,13.8,14.3,14.5,0.664,inundacao
SC,Sul,Pampa,5,166.3,91.3,13,18.2,81.4,47.7,751.0,11.0,721.4,20.7,0.535,nenhum
ES,Sudeste,Cerrado,6,84.8,44.5,6,17.4,69.1,25.3,469.0,11.2,93.6,22.1,0.265,nenhum
MG,Sudeste,Mata Atlantica,11,93.7,19.7,15,24.5,67.2,12.3,666.0,13.5,352.7,27.5,0.393,nenhum
RS,Sul,Mata Atlantica,6,108.4,71.6,8,15.5,83.7,41.1,294.0,11.1,26.4,15.8,0.274,nenhum
RJ,Sudeste,Cerrado,6,38.1,19.5,5,18.2,63.7,46.7,471.0,11.0,112.9,32.1,0.211,incendio_florestal
PR,Sul,Mata Atlantica,3,219.6,62.1,19,19.4,77.5,30.2,475.0,15.9,4.7,12.5,0.631,nenhum
RR,Norte,Amazonia,6,92.6,25.3,7,24.4,80.1,32.4,102.0,9.4,20.0,14.4,0.402,nenhum
ES,Sudeste,Cerrado,7,41.9,17.3,2,17.9,72.1,33.6,354.0,15.3,1034.9,21.9,0.306,incendio_florestal
MG,Sudeste,Cerrado,8,114.8,39.7,13,17.2,81.7,23.7,996.0,21.8,90.8,17.0,0.32,inundacao
SP,Sudeste,Cerrado,8,46.6,17.9,4,17.3,68.9,30.8,1360.0,15.2,30.1,17.2,0.324,incendio_florestal
PR,Sul,Pampa,6,248.3,45.0,18,15.6,82.8,49.6,327.0,18.6,3.1,11.1,0.741,deslizamento
PR,Sul,Mata Atlantica,2,111.2,55.1,5,22.5,64.3,42.7,111.0,6.6,64.8,24.4,0.376,nenhum
ES,Sudeste,Cerrado,2,352.3,108.6,27,22.5,87.1,26.6,138.0,19.9,26.3,20.7,0.651,deslizamento
MS,Centro-Oeste,Cerrado,2,621.5,294.8,26,27.0,83.3,68.1,643.0,13.8,176.1,18.2,0.574,deslizamento
MT,Centro-Oeste,Amazonia,8,69.3,43.1,4,24.9,70.6,63.8,857.0,3.2,5.6,16.5,0.416,nenhum
PI,Nordeste,Cerrado,11,83.2,47.9,8,27.3,61.9,17.6,10.0,12.6,187.6,30.3,0.25,incendio_florestal
PB,Nordeste,Mata Atlantica,11,89.5,10.8,7,28.6,60.3,22.5,371.0,8.6,25.0,17.8,0.463,nenhum
AL,Nordeste,Cerrado,4,213.3,106.3,16,25.5,61.4,24.7,279.0,2.8,10.4,14.9,0.773,tempestade
PA,Norte,Amazonia,1,519.0,299.7,27,30.0,98.7,49.2,223.0,1.3,65.2,17.5,0.643,inundacao
AC,Norte,Amazonia,8,57.5,17.6,5,21.4,84.3,46.7,58.0,3.0,754.2,28.8,0.243,nenhum
ES,Sudeste,Mata Atlantica,1,174.5,89.2,10,26.8,76.7,32.1,468.0,23.6,146.0,24.0,0.509,deslizamento
DF,Centro-Oeste,Cerrado,8,35.6,17.3,3,22.7,76.2,49.2,984.0,12.1,78.6,21.1,0.35,estiagem_seca
SC,Sul,Pampa,5,207.4,54.7,13,18.1,71.3,37.9,424.0,15.6,22.1,14.7,0.545,nenhum
MG,Sudeste,Mata Atlantica,11,235.7,141.8,20,21.4,85.7,38.5,1310.0,19.9,413.9,20.2,0.493,deslizamento
AP,Norte,Amazonia,8,41.9,17.0,5,23.5,85.2,28.3,174.0,3.2,83.2,28.2,0.35,incendio_florestal
SE,Nordeste,Caatinga,9,67.2,15.8,8,27.7,78.4,46.3,490.0,6.3,2.6,10.7,0.37,nenhum
AL,Nordeste,Caatinga,5,188.4,32.2,13,24.3,66.0,22.4,16.0,15.3,154.8,31.3,0.509,nenhum
PR,Sul,Mata Atlantica,11,269.0,161.9,24,18.0,77.7,32.6,376.0,21.6,70.7,24.3,0.661,inundacao
MA,Nordeste,Caatinga,7,100.9,47.7,10,21.2,68.3,38.4,52.0,12.2,41.1,22.8,0.335,nenhum
MT,Centro-Oeste,Cerrado,8,41.8,19.1,6,23.8,66.2,32.2,1630.0,17.9,317.0,24.8,0.267,incendio_florestal
PR,Sul,Pampa,5,123.0,47.5,8,18.0,86.9,21.6,341.0,20.4,16.2,14.0,0.477,nenhum
RS,Sul,Pampa,6,177.8,78.3,18,13.3,81.2,34.0,383.0,8.8,22.3,17.7,0.58,nenhum
PE,Nordeste,Caatinga,11,104.9,35.4,6,27.1,53.9,24.2,473.0,8.1,37.6,21.7,0.406,incendio_florestal
AM,Norte,Amazonia,5,180.7,35.5,13,26.3,87.5,42.6,12.0,7.0,90.9,23.1,0.367,inundacao
PI,Nordeste,Mata Atlantica,1,84.2,28.2,9,32.2,74.9,26.2,210.0,19.1,19.6,22.2,0.342,incendio_florestal
PA,Norte,Amazonia,5,94.4,21.4,6,23.1,81.6,21.8,215.0,5.3,11.0,13.0,0.414,nenhum
PB,Nordeste,Cerrado,5,48.0,9.4,5,25.1,65.1,25.3,279.0,7.8,36.0,23.0,0.306,incendio_florestal
SP,Sudeste,Cerrado,6,40.1,16.5,1,17.6,68.1,12.8,311.0,17.9,22.9,19.0,0.264,incendio_florestal
PR,Sul,Mata Atlantica,1,160.5,101.3,12,21.7,87.3,24.3,418.0,13.8,577.9,31.5,0.611,deslizamento
RJ,Sudeste,Mata Atlantica,2,200.5,116.9,11,24.7,82.0,56.0,821.0,12.5,2.2,10.6,0.577,tempestade
ES,Sudeste,Mata Atlantica,4,84.1,41.4,5,22.0,76.2,19.4,2554.0,8.1,182.2,28.2,0.377,incendio_florestal
MA,Nordeste,Caatinga,6,213.9,76.1,15,22.7,67.4,35.8,148.0,14.3,2.2,12.0,0.596,nenhum
RJ,Sudeste,Mata Atlantica,1,442.2,193.4,23,23.4,93.5,44.7,928.0,19.8,42.7,26.9,0.681,deslizamento
ES,Sudeste,Mata Atlantica,5,69.1,14.0,7,20.8,78.7,53.1,680.0,20.5,9.5,16.8,0.249,nenhum
PR,Sul,Mata Atlantica,4,264.0,90.0,16,17.6,89.3,32.0,657.0,17.1,4.7,14.0,0.793,tempestade
PR,Sul,Mata Atlantica,1,52.5,37.5,7,24.4,79.9,40.2,231.0,11.7,348.2,21.4,0.333,nenhum
MA,Nordeste,Mata Atlantica,4,100.1,48.3,5,28.8,63.0,53.7,510.0,10.6,142.7,18.7,0.366,incendio_florestal
AM,Norte,Amazonia,4,213.6,70.3,16,27.4,100.0,46.6,158.0,1.3,52.5,20.8,0.573,nenhum
SE,Nordeste,Cerrado,2,169.1,42.3,13,27.8,74.9,50.9,369.0,20.5,58.2,24.5,0.458,nenhum
DF,Centro-Oeste,Pantanal,10,130.0,36.4,11,25.6,73.8,49.6,238.0,12.9,15.2,13.6,0.447,nenhum
PR,Sul,Mata Atlantica,1,344.9,148.8,25,20.9,81.4,72.2,29.0,9.6,24.0,23.2,0.658,inundacao
MA,Nordeste,Caatinga,7,42.4,18.9,2,19.7,43.0,25.1,355.0,13.4,17.0,21.2,0.252,incendio_florestal
SP,Sudeste,Mata Atlantica,8,30.5,11.0,4,17.5,75.0,65.9,1038.0,18.0,21.7,13.1,0.346,inundacao
ES,Sudeste,Mata Atlantica,10,67.3,29.8,5,20.5,64.4,22.2,992.0,21.9,34.8,23.6,0.485,nenhum
RN,Nordeste,Mata Atlantica,7,83.7,20.3,7,21.9,59.6,16.5,31.0,8.4,351.8,36.5,0.305,nenhum
AL,Nordeste,Caatinga,7,18.1,7.3,1,24.3,61.9,47.2,415.0,8.0,116.4,25.9,0.078,estiagem_seca
RJ,Sudeste,Mata Atlantica,10,134.7,47.6,9,23.4,73.7,25.7,359.0,11.6,76.2,25.3,0.421,nenhum
MG,Sudeste,Mata Atlantica,11,150.9,19.1,13,23.0,72.4,31.8,114.0,17.4,10.8,13.5,0.503,nenhum
DF,Centro-Oeste,Cerrado,3,219.9,77.8,17,25.3,72.6,42.4,1948.0,7.7,93.5,23.7,0.657,nenhum
PE,Nordeste,Caatinga,10,35.5,17.7,4,26.8,62.5,25.8,72.0,8.1,1.1,10.4,0.262,estiagem_seca
RJ,Sudeste,Mata Atlantica,6,81.9,53.8,8,20.0,69.5,37.8,911.0,25.1,16.9,15.7,0.331,deslizamento
PI,Nordeste,Caatinga,2,93.1,38.5,10,27.1,83.3,37.6,149.0,4.0,7.5,15.0,0.351,nenhum
RS,Sul,Mata Atlantica,8,75.2,15.2,7,15.5,79.5,17.5,597.0,2.1,27.3,13.6,0.284,incendio_florestal
PI,Nordeste,Mata Atlantica,12,86.2,19.7,10,31.8,63.1,18.7,14.0,0.2,31.0,16.5,0.26,incendio_florestal
TO,Norte,Amazonia,2,362.9,118.8,28,29.1,86.3,77.4,27.0,2.4,24.9,17.1,0.684,tempestade
DF,Centro-Oeste,Cerrado,1,243.2,85.3,18,27.1,81.9,49.6,551.0,5.7,46.5,16.6,0.566,deslizamento
MS,Centro-Oeste,Pantanal,11,113.4,27.4,5,25.8,64.6,47.6,150.0,11.7,59.8,16.8,0.412,nenhum
DF,Centro-Oeste,Cerrado,8,65.5,22.7,5,22.5,55.8,28.8,552.0,12.5,355.8,28.6,0.357,nenhum
GO,Centro-Oeste,Cerrado,3,130.8,54.5,13,25.6,74.8,16.4,319.0,9.5,14.2,21.4,0.386,nenhum
PR,Sul,Mata Atlantica,10,156.2,62.4,14,21.1,84.0,38.8,648.0,7.4,13.7,17.3,0.588,nenhum
DF,Centro-Oeste,Cerrado,5,140.6,39.0,11,23.7,63.5,38.3,897.0,8.5,40.6,23.7,0.41,nenhum
DF,Centro-Oeste,Cerrado,4,133.3,28.2,12,25.4,62.5,49.6,77.0,14.4,75.2,20.1,0.352,nenhum
MS,Centro-Oeste,Cerrado,4,92.4,27.2,5,25.3,77.5,37.7,767.0,17.2,50.5,27.8,0.333,nenhum
AP,Norte,Amazonia,8,107.5,33.8,12,23.8,91.1,55.4,93.0,9.5,738.8,26.7,0.416,nenhum
MG,Sudeste,Cerrado,2,196.8,29.8,13,26.5,80.0,18.5,977.0,20.4,169.9,33.1,0.59,nenhum
MA,Nordeste,Caatinga,5,138.9,45.2,8,25.2,74.5,20.8,264.0,10.5,374.3,35.4,0.449,nenhum
RJ,Sudeste,Cerrado,4,236.6,79.6,21,22.5,83.1,40.3,519.0,23.4,94.0,28.6,0.743,deslizamento
AP,Norte,Cerrado,1,553.6,92.6,23,27.4,97.7,49.3,234.0,8.3,54.1,27.8,0.659,inundacao
PR,Sul,Mata Atlantica,10,104.0,72.5,8,18.1,95.6,30.9,504.0,8.1,1.1,11.4,0.395,nenhum
DF,Centro-Oeste,Cerrado,1,292.5,101.6,23,27.6,83.5,22.6,1012.0,10.5,51.1,27.2,0.644,incendio_florestal
SC,Sul,Pampa,12,345.1,128.4,27,19.5,85.6,45.7,70.0,3.6,29.0,19.3,0.58,inundacao
GO,Centro-Oeste,Cerrado,2,241.4,196.2,24,26.0,72.3,56.2,1397.0,11.9,30.2,16.3,0.724,inundacao
TO,Norte,Amazonia,5,215.9,119.3,21,22.1,79.6,63.0,34.0,6.7,207.6,28.8,0.485,tempestade
SP,Sudeste,Mata Atlantica,2,184.0,97.3,8,21.9,81.3,22.0,1374.0,25.5,6.4,14.4,0.495,deslizamento
SP,Sudeste,Mata Atlantica,5,150.0,83.3,12,19.6,86.8,54.0,1286.0,9.9,240.2,18.4,0.485,nenhum
RJ,Sudeste,Cerrado,8,39.9,7.0,2,21.1,77.0,24.6,991.0,20.8,120.6,30.3,0.194,incendio_florestal
DF,Centro-Oeste,Amazonia,2,164.1,54.1,12,27.0,50.2,53.9,1020.0,12.6,65.2,14.7,0.557,nenhum
SP,Sudeste,Mata Atlantica,7,24.9,4.4,2,19.8,64.4,84.5,527.0,11.5,157.5,21.6,0.28,inundacao
SC,Sul,Pampa,10,135.3,49.2,11,15.3,86.5,36.0,362.0,12.6,3.1,10.4,0.543,nenhum
ES,Sudeste,Mata Atlantica,6,42.2,8.3,5,19.5,75.1,4.1,270.0,8.0,81.7,20.9,0.333,incendio_florestal
PI,Nordeste,Caatinga,2,59.5,43.2,1,30.9,77.1,26.8,545.0,6.2,4.9,11.5,0.368,inundacao
RJ,Sudeste,Mata Atlantica,9,56.9,42.1,4,17.4,78.4,34.3,573.0,13.7,77.8,26.4,0.297,nenhum
RJ,Sudeste,Cerrado,3,106.1,42.6,6,22.5,85.1,45.1,158.0,24.9,7.5,16.6,0.47,deslizamento
PR,Sul,Mata Atlantica,1,141.0,40.3,15,21.7,80.8,15.8,483.0,17.4,13.7,12.5,0.496,nenhum
PB,Nordeste,Cerrado,6,94.2,33.8,11,24.6,70.5,34.4,352.0,5.7,22.9,14.8,0.503,nenhum
GO,Centro-Oeste,Cerrado,4,180.6,58.8,11,21.4,76.0,28.3,1368.0,19.2,29.5,15.1,0.622,nenhum
MG,Sudeste,Mata Atlantica,1,278.3,98.6,25,24.4,82.1,22.9,387.0,11.7,60.0,25.9,0.633,inundacao
MT,Centro-Oeste,Pantanal,10,172.5,45.7,10,24.2,76.5,38.4,415.0,9.5,130.2,25.9,0.596,nenhum
MG,Sudeste,Mata Atlantica,8,54.3,19.7,2,16.6,73.2,57.6,935.0,5.8,1645.8,32.6,0.385,nenhum
MS,Centro-Oeste,Cerrado,11,295.8,69.8,25,23.6,80.5,27.3,885.0,8.1,16.2,21.4,0.814,nenhum
PE,Nordeste,Mata Atlantica,6,121.6,52.7,7,21.4,62.1,44.2,198.0,8.0,54.1,18.0,0.524,nenhum
MG,Sudeste,Mata Atlantica,6,65.2,22.7,3,20.5,82.2,44.4,1166.0,8.2,39.0,17.5,0.27,nenhum
SE,Nordeste,Caatinga,11,155.9,47.3,9,28.8,59.2,39.7,325.0,9.1,9.0,18.1,0.439,deslizamento
PI,Nordeste,Caatinga,1,117.9,37.3,8,31.9,71.9,11.6,324.0,8.9,2.3,10.1,0.388,estiagem_seca
RJ,Sudeste,Cerrado,5,119.8,39.1,8,19.8,78.0,29.4,208.0,17.4,10.6,17.9,0.512,nenhum
RJ,Sudeste,Cerrado,10,65.6,39.7,5,18.5,63.4,20.7,537.0,10.8,19.0,18.5,0.52,nenhum
SC,Sul,Mata Atlantica,4,248.3,157.0,16,16.3,81.0,63.2,90.0,8.7,24.8,18.5,0.697,tempestade
PI,Nordeste,Mata Atlantica,11,44.1,15.1,3,31.0,75.3,24.2,315.0,19.2,5.2,11.1,0.329,estiagem_seca
PA,Norte,Amazonia,4,240.2,97.6,20,28.7,85.8,52.2,11.0,7.7,27.9,15.4,0.701,inundacao
PR,Sul,Pampa,5,187.7,95.4,18,16.1,89.6,33.6,178.0,2.7,33.7,17.9,0.604,inundacao
SE,Nordeste,Cerrado,11,30.6,6.3,2,30.4,67.0,31.1,341.0,12.8,11.4,17.6,0.371,estiagem_seca
BA,Nordeste,Caatinga,3,231.2,83.7,21,28.7,79.9,46.0,61.0,20.8,136.5,19.4,0.597,deslizamento
PE,Nordeste,Caatinga,12,97.5,58.8,8,26.8,84.0,20.6,325.0,6.2,3.4,15.5,0.441,nenhum
DF,Centro-Oeste,Cerrado,1,295.3,41.2,24,27.3,80.1,33.8,348.0,10.2,66.7,28.4,0.702,nenhum
RS,Sul,Mata Atlantica,4,129.1,48.0,10,19.1,94.4,26.2,357.0,11.2,31.2,22.9,0.461,nenhum
SP,Sudeste,Mata Atlantica,8,79.1,18.5,8,18.0,62.5,52.9,642.0,3.3,50.0,23.8,0.242,nenhum
RJ,Sudeste,Cerrado,8,35.6,10.7,3,18.7,86.3,65.8,521.0,6.9,82.1,26.9,0.131,incendio_florestal
PE,Nordeste,Caatinga,11,53.7,21.6,6,28.9,70.0,51.6,104.0,13.0,68.4,25.5,0.204,incendio_florestal
PI,Nordeste,Cerrado,12,33.8,7.7,2,28.6,55.6,65.0,432.0,6.8,2.3,11.9,0.383,incendio_florestal
GO,Centro-Oeste,Amazonia,9,79.7,26.2,4,22.0,66.9,16.6,646.0,8.5,30.0,14.7,0.489,nenhum
BA,Nordeste,Caatinga,8,28.1,6.3,2,26.6,63.5,29.6,46.0,4.7,88.7,17.9,0.2,estiagem_seca
PI,Nordeste,Cerrado,4,129.2,36.0,9,28.7,76.8,36.7,571.0,22.3,93.3,28.8,0.483,nenhum
BA,Nordeste,Caatinga,10,50.1,11.2,5,25.5,62.3,20.5,262.0,4.0,13.3,20.7,0.165,incendio_florestal
AM,Norte,Amazonia,8,78.8,28.2,7,24.6,80.5,47.3,112.0,2.6,8.7,15.2,0.333,nenhum
SP,Sudeste,Mata Atlantica,1,178.2,79.8,12,24.7,67.1,55.9,43.0,15.1,103.8,27.1,0.545,inundacao
SP,Sudeste,Cerrado,10,59.8,19.1,8,24.7,73.2,42.6,1236.0,21.8,91.8,27.5,0.364,nenhum
PA,Norte,Amazonia,5,155.9,22.1,10,24.9,92.2,25.6,380.0,8.1,8.7,16.3,0.464,nenhum
MS,Centro-Oeste,Cerrado,6,26.6,9.5,7,18.6,63.2,21.3,882.0,9.2,6.4,11.8,0.285,estiagem_seca
RJ,Sudeste,Cerrado,6,82.2,31.2,3,20.0,81.5,55.1,56.0,11.5,23.8,13.5,0.382,nenhum
ES,Sudeste,Cerrado,10,65.5,30.7,6,19.6,62.3,26.6,208.0,18.4,13.4,14.2,0.262,nenhum
MG,Sudeste,Mata Atlantica,4,81.6,57.3,7,19.3,67.7,65.8,45.0,19.6,51.6,18.1,0.446,nenhum
GO,Centro-Oeste,Cerrado,5,95.4,23.6,8,27.2,61.1,20.1,924.0,5.9,321.5,20.9,0.403,incendio_florestal
ES,Sudeste,Mata Atlantica,1,139.1,26.9,13,24.7,68.8,58.3,862.0,11.5,6.5,14.4,0.431,nenhum
MA,Nordeste,Cerrado,5,35.7,13.6,3,25.4,74.0,24.4,685.0,7.1,34.1,20.9,0.277,estiagem_seca
PI,Nordeste,Caatinga,2,129.3,41.1,11,30.2,66.7,26.4,77.0,3.9,13.1,13.7,0.549,estiagem_seca
CE,Nordeste,Mata Atlantica,7,26.8,3.6,4,25.5,65.4,12.3,24.0,4.1,128.7,27.0,0.191,estiagem_seca
GO,Centro-Oeste,Pantanal,11,200.9,56.1,18,25.6,68.2,20.5,40.0,10.2,141.8,29.6,0.472,nenhum
BA,Nordeste,Caatinga,6,128.7,38.8,10,20.6,64.7,44.7,369.0,3.2,10.6,20.3,0.374,nenhum
PI,Nordeste,Caatinga,11,59.6,19.3,6,24.9,65.5,47.2,442.0,4.0,212.3,31.3,0.462,nenhum
MG,Sudeste,Mata Atlantica,12,206.5,81.9,17,24.5,92.9,143.8,532.0,14.6,142.6,28.4,0.629,tempestade
CE,Nordeste,Caatinga,1,69.6,43.2,4,30.6,66.3,46.8,235.0,8.8,31.7,14.9,0.292,incendio_florestal
RN,Nordeste,Caatinga,7,84.7,22.2,4,18.9,54.1,51.5,505.0,5.6,124.6,28.0,0.356,nenhum
SE,Nordeste,Caatinga,7,63.6,32.2,4,23.9,61.5,25.4,117.0,15.5,5.2,15.3,0.366,nenhum
MT,Centro-Oeste,Pantanal,5,89.8,31.6,8,25.8,70.8,25.7,517.0,15.3,709.7,28.0,0.362,nenhum
MA,Nordeste,Cerrado,10,77.5,32.2,7,28.1,56.5,35.0,208.0,3.8,44.1,27.1,0.298,incendio_florestal
PI,Nordeste,Mata Atlantica,5,88.9,11.1,5,27.4,62.7,32.4,231.0,7.8,267.9,21.6,0.277,incendio_florestal
CE,Nordeste,Caatinga,1,91.3,14.1,7,29.3,60.1,39.0,176.0,6.5,16.5,20.6,0.332,incendio_florestal
SP,Sudeste,Mata Atlantica,7,45.6,18.8,2,20.5,88.0,15.0,311.0,11.2,3.8,13.9,0.284,incendio_florestal
RS,Sul,Pampa,3,105.6,39.3,12,18.6,82.1,14.4,743.0,14.5,81.6,20.0,0.468,deslizamento
MT,Centro-Oeste,Cerrado,5,22.6,7.3,2,22.7,68.3,64.4,582.0,14.6,13.3,20.7,0.271,incendio_florestal
MG,Sudeste,Cerrado,7,70.6,29.4,3,21.7,69.7,60.6,882.0,19.4,15.6,15.3,0.4,nenhum
RS,Sul,Mata Atlantica,9,81.3,21.8,5,15.8,74.5,16.7,465.0,13.4,57.8,16.2,0.299,nenhum
RS,Sul,Mata Atlantica,4,266.2,147.7,18,15.0,89.9,33.5,234.0,7.3,141.2,32.0,0.616,inundacao
SP,Sudeste,Mata Atlantica,5,90.2,19.0,7,23.4,79.7,46.9,796.0,12.3,68.9,20.3,0.455,nenhum
SC,Sul,Mata Atlantica,1,217.3,53.7,18,20.7,86.6,54.4,342.0,4.6,196.5,21.0,0.519,nenhum
PR,Sul,Mata Atlantica,5,146.0,33.6,12,15.1,97.4,70.3,207.0,16.8,29.8,16.8,0.611,nenhum
MG,Sudeste,Mata Atlantica,7,75.7,47.9,5,17.7,77.2,33.0,365.0,7.6,310.2,19.9,0.365,nenhum
DF,Centro-Oeste,Pantanal,8,77.1,43.1,9,25.0,73.6,25.3,498.0,14.0,138.4,29.1,0.377,nenhum
AM,Norte,Amazonia,4,168.2,87.3,16,25.2,86.2,25.9,38.0,21.3,7.9,13.6,0.409,deslizamento
RR,Norte,Amazonia,1,332.3,155.3,28,28.5,93.4,26.0,180.0,13.5,104.5,15.6,0.734,inundacao
MS,Centro-Oeste,Amazonia,7,30.2,8.8,3,19.7,56.4,61.6,1041.0,9.3,41.8,27.1,0.192,incendio_florestal
MT,Centro-Oeste,Cerrado,8,77.4,24.7,8,22.3,56.5,16.5,598.0,9.4,12.2,18.5,0.369,incendio_florestal
SE,Nordeste,Caatinga,2,85.6,16.1,5,30.3,72.5,61.9,145.0,13.3,94.9,15.8,0.303,incendio_florestal
RJ,Sudeste,Mata Atlantica,7,58.1,9.0,7,20.3,72.4,29.1,878.0,16.5,75.6,29.6,0.366,nenhum
ES,Sudeste,Mata Atlantica,2,143.0,50.2,10,25.4,66.3,45.7,1170.0,23.6,108.6,30.2,0.373,nenhum
RJ,Sudeste,Mata Atlantica,6,45.3,18.2,3,17.2,90.0,41.2,596.0,18.6,7.7,15.8,0.347,incendio_florestal
RO,Norte,Amazonia,8,312.4,199.5,19,22.3,83.8,28.4,152.0,4.6,1.5,11.1,0.722,inundacao
CE,Nordeste,Caatinga,9,43.3,6.6,4,26.7,70.9,21.8,294.0,10.8,23.7,17.9,0.323,estiagem_seca
ES,Sudeste,Mata Atlantica,9,186.5,64.2,13,16.2,66.7,61.8,547.0,21.4,26.1,20.8,0.541,nenhum
MG,Sudeste,Mata Atlantica,10,243.2,48.2,19,21.2,83.2,34.8,1483.0,23.2,81.0,16.2,0.708,deslizamento
RS,Sul,Mata Atlantica,3,205.9,56.5,15,23.8,89.4,84.6,281.0,13.8,0.7,10.5,0.615,tempestade
SC,Sul,Mata Atlantica,11,68.7,23.9,6,23.5,72.2,25.0,609.0,8.4,102.3,15.6,0.338,nenhum
RS,Sul,Mata Atlantica,5,116.7,45.9,7,19.4,89.6,42.6,157.0,2.4,135.2,16.7,0.492,nenhum
RN,Nordeste,Cerrado,5,184.1,40.7,15,22.5,73.3,21.3,274.0,15.8,148.8,30.9,0.662,nenhum
RN,Nordeste,Caatinga,10,34.1,14.0,4,28.9,54.5,50.0,548.0,7.2,139.3,27.6,0.257,estiagem_seca
CE,Nordeste,Caatinga,4,130.2,48.0,12,27.2,66.5,38.7,4.0,5.2,7.7,14.7,0.377,nenhum
SP,Sudeste,Mata Atlantica,1,334.7,110.3,27,21.2,79.5,21.5,338.0,15.1,10.7,13.8,0.669,deslizamento
SC,Sul,Mata Atlantica,9,118.1,26.9,14,14.7,86.1,43.2,781.0,14.3,29.4,20.0,0.477,tempestade
RN,Nordeste,Caatinga,8,28.7,7.0,0,23.2,53.7,51.1,153.0,10.9,31.5,22.0,0.241,estiagem_seca
ES,Sudeste,Mata Atlantica,7,75.3,24.3,7,17.0,82.1,36.6,577.0,11.9,9.6,13.0,0.276,nenhum
PE,Nordeste,Caatinga,2,38.4,11.5,2,30.5,62.5,29.3,577.0,15.6,52.0,25.9,0.289,estiagem_seca
PI,Nordeste,Caatinga,8,46.9,14.7,7,23.9,68.4,32.3,367.0,13.9,80.3,16.1,0.302,incendio_florestal
MA,Nordeste,Caatinga,3,119.9,40.3,12,29.9,73.7,50.2,426.0,11.0,67.4,26.8,0.371,incendio_florestal
RR,Norte,Amazonia,7,83.6,20.9,9,23.7,100.0,51.4,48.0,3.0,50.9,23.1,0.381,nenhum
PR,Sul,Mata Atlantica,7,186.6,71.0,13,14.5,90.0,35.7,1035.0,8.2,74.6,18.4,0.624,nenhum
CE,Nordeste,Caatinga,10,40.7,12.9,4,26.6,66.9,19.5,404.0,10.4,28.7,17.9,0.271,estiagem_seca
SP,Sudeste,Cerrado,12,269.8,89.6,22,22.6,88.7,59.4,796.0,10.8,93.5,24.9,0.712,tempestade
SP,Sudeste,Mata Atlantica,3,215.7,53.7,17,23.3,73.8,45.8,671.0,6.2,78.2,18.8,0.619,nenhum
PI,Nordeste,Cerrado,2,49.6,11.8,6,30.6,72.8,19.5,405.0,8.8,13.0,15.3,0.253,incendio_florestal
AL,Nordeste,Caatinga,7,62.2,31.1,6,22.5,66.3,35.4,719.0,12.3,677.7,35.6,0.15,incendio_florestal
ES,Sudeste,Mata Atlantica,12,223.8,126.5,16,26.4,75.4,39.0,530.0,22.5,421.1,18.7,0.643,deslizamento
MA,Nordeste,Cerrado,2,109.7,23.6,6,28.2,64.8,37.6,321.0,21.0,121.9,27.2,0.392,nenhum
RS,Sul,Mata Atlantica,6,64.0,15.4,5,13.9,81.7,29.1,447.0,14.4,237.4,23.4,0.275,deslizamento
BA,Nordeste,Caatinga,5,57.5,33.6,2,25.7,70.4,54.5,67.0,6.7,69.4,18.5,0.286,incendio_florestal
MG,Sudeste,Cerrado,4,300.7,93.4,27,20.6,73.1,46.4,689.0,13.7,26.0,16.7,0.598,deslizamento
SP,Sudeste,Mata Atlantica,8,49.6,24.0,7,18.2,75.3,30.2,1340.0,7.1,236.7,33.9,0.286,incendio_florestal
AL,Nordeste,Mata Atlantica,4,52.9,15.3,4,25.6,70.5,54.8,447.0,6.9,68.1,27.5,0.219,incendio_florestal
AL,Nordeste,Cerrado,6,62.5,30.7,1,25.5,60.8,33.0,170.0,5.8,129.8,24.4,0.3,nenhum
PR,Sul,Mata Atlantica,11,265.1,76.5,21,22.9,93.7,11.2,159.0,12.3,452.7,22.6,0.629,inundacao
AL,Nordeste,Caatinga,5,115.0,43.4,7,26.1,69.3,53.9,275.0,11.0,4.4,15.9,0.334,nenhum
MT,Centro-Oeste,Cerrado,1,461.1,164.5,28,24.5,74.3,65.5,747.0,16.0,90.3,19.0,0.716,deslizamento
GO,Centro-Oeste,Cerrado,11,153.7,94.6,14,31.0,64.0,33.7,470.0,13.4,11.7,16.4,0.496,tempestade
SE,Nordeste,Mata Atlantica,4,117.3,67.5,7,25.4,64.6,14.5,385.0,5.7,35.5,19.8,0.599,nenhum
MG,Sudeste,Mata Atlantica,10,156.0,51.1,9,17.8,83.2,39.3,1005.0,23.9,14.4,18.2,0.446,nenhum
SP,Sudeste,Mata Atlantica,10,64.9,13.2,3,22.9,71.5,43.3,617.0,16.1,263.6,29.4,0.434,nenhum
PI,Nordeste,Caatinga,7,36.5,24.9,4,24.2,49.4,53.0,111.0,7.5,92.5,26.1,0.271,incendio_florestal
SP,Sudeste,Mata Atlantica,2,114.9,17.6,7,24.9,74.9,14.2,270.0,20.5,50.2,24.7,0.38,nenhum
SE,Nordeste,Caatinga,12,74.4,30.0,5,28.7,68.1,50.3,183.0,13.7,4.5,12.5,0.307,incendio_florestal
TO,Norte,Amazonia,9,181.9,53.4,18,25.4,89.8,21.1,140.0,11.5,20.7,21.9,0.448,nenhum
ES,Sudeste,Mata Atlantica,6,138.5,46.7,11,17.6,90.9,83.6,328.0,13.3,22.6,19.7,0.425,tempestade
RS,Sul,Mata Atlantica,11,370.0,85.7,28,20.4,91.1,40.0,737.0,25.3,72.5,29.6,0.589,deslizamento
RR,Norte,Amazonia,10,160.2,54.0,15,24.6,91.9,63.8,65.0,12.6,24.1,19.4,0.481,nenhum
AL,Nordeste,Cerrado,10,63.7,24.8,5,24.2,55.5,72.8,409.0,5.9,28.4,23.0,0.274,estiagem_seca
MS,Centro-Oeste,Cerrado,3,209.8,94.1,14,25.5,74.7,64.0,1200.0,18.9,1.2,9.5,0.692,deslizamento
RJ,Sudeste,Cerrado,8,80.8,42.7,3,21.1,81.8,69.1,1068.0,11.9,184.5,17.0,0.298,nenhum
AP,Norte,Amazonia,4,348.2,90.0,28,22.2,90.2,59.7,76.0,10.9,7.8,12.9,0.639,inundacao
SE,Nordeste,Cerrado,1,50.6,37.1,2,29.6,66.3,48.7,174.0,9.6,16.1,15.0,0.308,incendio_florestal
SP,Sudeste,Mata Atlantica,5,85.9,39.5,6,18.1,84.9,44.5,51.0,16.8,99.9,29.1,0.289,nenhum
PE,Nordeste,Caatinga,2,100.1,27.0,7,29.8,55.3,76.0,524.0,22.0,169.2,20.9,0.463,tempestade
RN,Nordeste,Caatinga,2,177.8,77.7,13,30.4,64.1,42.4,73.0,10.2,46.7,15.9,0.487,tempestade
RN,Nordeste,Caatinga,9,21.7,3.0,1,25.9,59.8,67.2,72.0,5.6,78.5,16.4,0.247,estiagem_seca
DF,Centro-Oeste,Cerrado,7,46.2,17.1,3,23.2,57.7,36.3,1235.0,6.1,189.8,18.3,0.28,incendio_florestal
GO,Centro-Oeste,Cerrado,5,111.2,68.8,8,23.9,77.7,43.9,555.0,4.3,0.9,10.5,0.421,nenhum
RS,Sul,Pampa,3,76.1,13.1,4,18.9,77.3,54.2,481.0,11.7,169.6,22.9,0.497,nenhum
RJ,Sudeste,Mata Atlantica,10,145.0,44.9,12,20.4,62.1,61.9,1707.0,21.4,1.8,10.3,0.596,estiagem_seca
SP,Sudeste,Cerrado,8,33.2,16.7,4,18.8,77.2,31.7,636.0,13.9,27.9,13.8,0.332,estiagem_seca
SC,Sul,Mata Atlantica,8,125.0,25.0,16,16.4,81.9,49.8,247.0,23.6,84.5,29.8,0.434,nenhum
DF,Centro-Oeste,Cerrado,3,180.5,42.5,11,26.1,66.5,49.9,2040.0,10.1,10.5,13.1,0.693,nenhum
CE,Nordeste,Caatinga,2,163.6,46.6,12,31.1,77.0,23.1,738.0,2.3,33.3,20.3,0.499,estiagem_seca
SC,Sul,Mata Atlantica,2,220.3,37.6,19,18.5,84.0,49.7,118.0,11.8,0.5,9.4,0.625,deslizamento
PI,Nordeste,Mata Atlantica,1,177.7,89.9,14,28.1,65.4,71.8,52.0,6.6,6.4,14.0,0.55,tempestade
RJ,Sudeste,Mata Atlantica,12,180.5,43.1,13,23.4,81.0,22.6,43.0,22.0,13.4,18.1,0.539,nenhum
RJ,Sudeste,Mata Atlantica,5,49.0,17.6,6,21.4,65.2,26.6,730.0,21.5,10.1,14.7,0.343,incendio_florestal
AM,Norte,Amazonia,8,135.4,20.8,15,23.3,82.8,36.3,83.0,2.9,35.4,15.3,0.48,nenhum
MS,Centro-Oeste,Cerrado,12,161.0,62.4,11,28.5,82.6,20.6,340.0,2.2,588.1,24.9,0.342,incendio_florestal
PE,Nordeste,Caatinga,12,63.3,12.7,4,29.5,57.0,47.5,294.0,3.9,159.6,33.5,0.309,incendio_florestal
MA,Nordeste,Mata Atlantica,4,83.4,58.0,7,29.9,67.9,25.2,726.0,10.4,169.2,28.5,0.375,incendio_florestal
MS,Centro-Oeste,Cerrado,6,37.8,9.4,3,24.7,70.2,17.7,1173.0,3.9,88.7,20.1,0.317,estiagem_seca
PB,Nordeste,Caatinga,6,111.4,53.6,10,20.3,64.9,53.3,293.0,7.0,5.2,11.9,0.396,nenhum
ES,Sudeste,Cerrado,1,202.3,56.1,19,25.6,72.8,38.4,298.0,18.1,263.5,29.5,0.456,nenhum
PR,Sul,Pampa,10,222.2,103.0,22,17.9,87.3,27.3,282.0,7.7,78.4,20.5,0.696,tempestade
SP,Sudeste,Mata Atlantica,7,66.6,28.5,6,20.5,73.1,28.3,466.0,8.5,97.6,19.2,0.316,nenhum
BA,Nordeste,Cerrado,5,78.9,13.5,6,24.4,70.7,60.8,610.0,16.5,149.8,23.7,0.317,nenhum
BA,Nordeste,Mata Atlantica,7,18.8,4.2,2,22.0,55.7,38.1,450.0,2.6,95.8,19.6,0.211,estiagem_seca
SE,Nordeste,Cerrado,9,36.8,8.2,2,25.2,64.9,41.0,298.0,7.5,77.4,19.7,0.321,tempestade
PI,Nordeste,Caatinga,1,106.0,27.6,6,29.6,83.5,19.5,270.0,10.0,13.1,14.6,0.489,estiagem_seca
RS,Sul,Pampa,8,46.8,15.5,2,15.9,78.4,33.5,456.0,5.8,9.6,17.0,0.34,incendio_florestal
PE,Nordeste,Caatinga,11,75.7,28.7,8,29.9,63.4,49.8,187.0,10.5,9.7,18.8,0.384,incendio_florestal
PI,Nordeste,Caatinga,9,25.9,12.3,2,26.0,64.3,19.5,227.0,9.4,0.6,9.6,0.27,estiagem_seca
SP,Sudeste,Mata Atlantica,8,75.0,44.9,3,19.9,65.6,22.1,15.0,6.5,20.8,22.0,0.316,nenhum
MA,Nordeste,Cerrado,2,86.2,30.0,5,27.6,53.8,24.2,353.0,7.4,100.4,25.9,0.329,incendio_florestal
PA,Norte,Cerrado,9,209.7,25.4,13,20.8,100.0,52.3,117.0,2.9,240.1,28.0,0.599,nenhum
CE,Nordeste,Mata Atlantica,10,66.3,20.4,5,26.0,58.7,21.5,353.0,9.4,15.0,21.8,0.294,nenhum
MG,Sudeste,Mata Atlantica,6,125.1,66.4,12,18.5,71.4,38.3,545.0,22.6,38.3,23.9,0.471,nenhum
ES,Sudeste,Cerrado,7,55.9,10.9,8,18.0,71.0,16.6,284.0,1.6,20.9,15.0,0.378,nenhum
SE,Nordeste,Caatinga,8,41.6,12.9,1,24.2,66.9,8.5,867.0,9.3,62.8,23.2,0.33,incendio_florestal
SC,Sul,Mata Atlantica,2,204.9,55.2,11,22.6,82.0,22.8,660.0,7.4,5.8,11.9,0.583,nenhum
PR,Sul,Pampa,4,135.9,52.4,10,20.4,80.2,49.8,482.0,14.8,20.3,12.9,0.425,nenhum
RJ,Sudeste,Cerrado,10,45.9,21.5,4,23.0,77.9,55.9,386.0,14.4,13.5,16.2,0.314,incendio_florestal
SE,Nordeste,Caatinga,12,35.2,13.8,2,31.6,61.1,29.8,365.0,14.1,117.0,20.1,0.249,estiagem_seca
PA,Norte,Amazonia,4,242.3,147.6,18,24.9,78.3,24.5,230.0,1.5,3.5,15.2,0.626,tempestade
PR,Sul,Pampa,5,118.8,29.9,10,17.0,80.7,36.3,532.0,13.1,79.3,28.6,0.388,deslizamento
BA,Nordeste,Caatinga,11,94.7,39.7,5,33.0,70.1,40.8,445.0,13.5,181.4,28.3,0.406,estiagem_seca
SP,Sudeste,Cerrado,2,526.4,87.0,27,22.7,79.1,25.5,286.0,15.6,5.2,11.1,0.637,deslizamento
RJ,Sudeste,Mata Atlantica,4,95.9,25.4,5,22.0,72.7,32.0,429.0,12.1,17.7,13.8,0.528,nenhum
AP,Norte,Amazonia,1,578.1,81.7,29,27.1,96.0,23.2,127.0,9.0,12.9,14.6,0.722,inundacao
SP,Sudeste,Mata Atlantica,3,199.5,52.9,16,23.9,87.2,19.2,314.0,14.6,513.7,32.1,0.51,nenhum
SC,Sul,Pampa,8,314.7,51.9,23,14.1,75.5,33.2,303.0,0.8,367.5,28.7,0.694,nenhum
RJ,Sudeste,Mata Atlantica,5,98.9,69.6,6,20.4,63.6,27.2,665.0,18.2,191.6,17.9,0.342,nenhum
GO,Centro-Oeste,Cerrado,12,415.6,167.0,30,27.2,69.6,68.8,253.0,10.4,89.1,26.6,0.661,inundacao
RS,Sul,Mata Atlantica,11,149.7,54.9,17,14.5,89.2,54.5,648.0,18.7,183.1,17.1,0.528,nenhum
GO,Centro-Oeste,Cerrado,11,209.8,37.8,16,26.2,88.1,37.3,1063.0,12.1,119.1,27.7,0.62,nenhum
MG,Sudeste,Cerrado,9,105.3,51.8,9,20.6,77.8,23.7,1041.0,13.1,537.9,38.9,0.343,nenhum
MG,Sudeste,Mata Atlantica,9,96.6,37.4,4,18.7,78.6,57.8,809.0,21.3,52.6,19.6,0.319,nenhum
SP,Sudeste,Mata Atlantica,7,50.5,28.3,4,21.1,76.9,40.7,1222.0,20.5,1.2,11.6,0.335,nenhum
RN,Nordeste,Caatinga,12,63.6,23.7,6,31.4,67.5,40.9,568.0,10.9,23.6,24.1,0.407,estiagem_seca
RR,Norte,Cerrado,2,609.4,158.8,29,28.4,85.5,38.1,253.0,6.1,111.9,17.2,0.631,inundacao
MA,Nordeste,Caatinga,9,62.9,24.2,5,23.5,55.3,53.1,424.0,10.9,30.3,14.6,0.3,tempestade
DF,Centro-Oeste,Cerrado,2,295.2,67.0,25,27.6,78.7,31.8,1027.0,11.0,294.7,27.0,0.632,nenhum
MT,Centro-Oeste,Cerrado,5,105.0,30.6,6,26.5,70.4,14.8,224.0,9.7,14.1,21.5,0.444,nenhum
RJ,Sudeste,Mata Atlantica,4,77.2,36.6,7,20.0,71.6,19.1,431.0,14.0,190.7,28.6,0.256,nenhum
PI,Nordeste,Caatinga,8,22.8,8.7,2,24.2,70.0,78.2,280.0,16.8,5.5,12.5,0.24,estiagem_seca
RJ,Sudeste,Mata Atlantica,10,448.4,139.7,26,20.8,76.5,31.7,793.0,11.0,81.7,20.0,0.598,inundacao
RS,Sul,Mata Atlantica,1,220.4,66.1,17,24.4,87.3,69.0,340.0,20.7,14.7,12.8,0.734,nenhum
AL,Nordeste,Cerrado,8,40.5,10.7,3,24.5,54.9,24.4,281.0,15.6,6.6,12.6,0.249,incendio_florestal
SP,Sudeste,Mata Atlantica,3,248.7,117.3,19,21.8,92.6,42.2,810.0,15.5,45.3,24.6,0.662,tempestade
SP,Sudeste,Cerrado,1,236.5,63.6,20,26.5,75.5,61.3,1157.0,29.6,8.0,19.1,0.601,deslizamento
MT,Centro-Oeste,Cerrado,6,88.1,19.3,5,21.2,68.1,42.6,639.0,3.4,156.9,32.4,0.368,nenhum
PB,Nordeste,Caatinga,7,68.2,19.7,4,22.6,59.4,34.7,219.0,10.2,28.8,16.7,0.419,nenhum
SP,Sudeste,Mata Atlantica,3,424.9,109.6,24,23.3,76.2,39.5,329.0,10.3,56.8,27.6,0.635,inundacao
PR,Sul,Pampa,5,127.9,55.9,8,15.8,76.8,51.0,933.0,2.4,45.6,16.9,0.512,nenhum
MG,Sudeste,Mata Atlantica,12,135.1,83.4,10,24.7,77.5,34.4,997.0,25.7,115.1,19.3,0.505,deslizamento
RS,Sul,Mata Atlantica,5,150.5,33.6,12,17.0,86.2,78.4,211.0,17.6,17.4,14.0,0.525,tempestade
RS,Sul,Pampa,12,225.7,82.5,16,25.2,81.5,19.7,515.0,22.4,265.0,30.8,0.655,deslizamento
BA,Nordeste,Cerrado,11,52.2,22.1,5,29.8,65.7,25.7,402.0,21.9,1060.3,25.3,0.455,estiagem_seca
ES,Sudeste,Mata Atlantica,5,139.7,42.8,12,22.7,72.4,25.3,273.0,4.2,9.4,15.6,0.571,nenhum
DF,Centro-Oeste,Cerrado,7,30.4,14.2,1,18.5,69.5,31.9,1578.0,8.1,539.8,25.2,0.148,incendio_florestal
PR,Sul,Mata Atlantica,9,201.8,86.2,18,14.3,80.5,43.4,1035.0,2.8,21.6,14.3,0.504,nenhum
TO,Norte,Amazonia,6,109.2,37.3,11,26.9,83.5,89.4,191.0,10.6,23.2,15.1,0.425,tempestade
GO,Centro-Oeste,Cerrado,5,91.1,41.9,10,21.2,72.3,29.4,317.0,6.0,175.8,19.1,0.244,nenhum
SC,Sul,Pampa,4,105.7,78.2,12,18.9,82.9,50.9,702.0,10.0,9.4,13.6,0.419,tempestade
RN,Nordeste,Caatinga,2,57.1,17.8,7,26.1,75.3,20.6,261.0,4.9,121.4,21.5,0.212,incendio_florestal
RJ,Sudeste,Mata Atlantica,1,179.9,56.8,13,24.5,86.6,21.0,399.0,9.8,112.9,24.0,0.543,nenhum
MA,Nordeste,Caatinga,5,29.3,8.0,1,26.6,56.1,47.6,444.0,2.0,44.3,17.0,0.308,estiagem_seca
SC,Sul,Pampa,10,160.7,19.2,14,19.4,92.4,39.1,616.0,7.4,41.8,22.6,0.49,nenhum
RS,Sul,Mata Atlantica,3,179.6,79.1,15,22.1,85.1,26.3,486.0,18.1,22.1,15.9,0.531,nenhum
CE,Nordeste,Cerrado,3,201.4,71.6,18,27.1,71.1,40.0,68.0,8.1,146.2,19.5,0.534,nenhum
MG,Sudeste,Mata Atlantica,4,167.8,31.8,14,23.0,76.9,25.2,492.0,12.0,27.6,23.8,0.517,estiagem_seca
PI,Nordeste,Cerrado,8,47.8,32.5,10,24.0,65.0,52.8,334.0,6.6,262.2,21.5,0.216,incendio_florestal
SP,Sudeste,Mata Atlantica,3,224.5,110.6,20,21.5,89.2,39.9,849.0,21.8,274.9,22.9,0.551,deslizamento
ES,Sudeste,Mata Atlantica,3,64.8,12.6,4,24.6,77.7,14.0,172.0,14.8,5.6,14.1,0.383,nenhum
SP,Sudeste,Cerrado,2,114.9,52.6,8,23.1,73.9,64.8,233.0,22.4,6.8,17.7,0.408,nenhum
AP,Norte,Cerrado,4,208.9,87.2,18,22.2,85.9,63.4,113.0,6.8,37.4,24.4,0.549,tempestade
SE,Nordeste,Caatinga,3,171.6,70.7,15,30.8,73.5,46.8,657.0,8.4,12.0,14.1,0.613,estiagem_seca
RJ,Sudeste,Mata Atlantica,10,285.9,77.5,21,20.7,91.2,26.3,366.0,12.9,17.6,12.8,0.688,nenhum
ES,Sudeste,Mata Atlantica,11,165.6,47.7,11,23.1,74.1,12.8,671.0,15.4,14.5,16.1,0.496,nenhum
MS,Centro-Oeste,Cerrado,5,110.2,24.5,11,21.2,63.4,43.1,889.0,9.5,888.6,27.8,0.442,nenhum
RO,Norte,Amazonia,2,514.3,85.4,27,31.6,87.1,55.7,43.0,11.9,275.2,21.0,0.603,tempestade
MA,Nordeste,Cerrado,2,147.7,35.6,12,27.3,76.2,20.3,248.0,4.7,14.0,17.6,0.269,incendio_florestal
PR,Sul,Mata Atlantica,4,71.5,33.8,6,19.1,73.4,45.1,415.0,9.6,2.7,14.3,0.461,nenhum
TO,Norte,Amazonia,6,64.0,20.7,7,23.1,84.8,24.6,61.0,8.4,21.0,13.5,0.271,nenhum
PI,Nordeste,Caatinga,7,71.0,35.0,4,24.0,62.0,47.5,724.0,11.9,7.2,17.0,0.473,nenhum
PR,Sul,Pampa,4,97.7,37.2,8,21.0,77.4,20.6,350.0,9.1,143.0,18.1,0.362,nenhum
AC,Norte,Amazonia,5,107.5,24.6,9,25.2,68.3,49.2,59.0,11.1,54.0,26.3,0.262,nenhum
ES,Sudeste,Mata Atlantica,4,344.6,143.5,24,21.9,81.8,43.4,238.0,12.6,20.8,21.1,0.601,inundacao
PI,Nordeste,Caatinga,7,46.9,15.0,5,25.1,71.0,17.0,338.0,8.5,43.4,22.1,0.324,incendio_florestal
PR,Sul,Pampa,9,201.6,48.8,12,15.7,90.0,23.3,237.0,14.1,8.7,18.5,0.696,nenhum
ES,Sudeste,Mata Atlantica,1,416.5,146.3,29,22.3,87.7,57.8,766.0,28.1,34.8,22.6,0.724,deslizamento
SC,Sul,Pampa,6,100.8,35.6,7,16.8,82.9,29.7,45.0,20.5,570.8,38.1,0.418,nenhum
PB,Nordeste,Mata Atlantica,8,53.3,10.9,3,24.4,73.4,15.3,287.0,4.1,17.6,18.7,0.231,incendio_florestal
SP,Sudeste,Mata Atlantica,9,85.6,40.9,7,25.7,77.0,35.7,493.0,8.5,57.3,17.2,0.44,nenhum
RJ,Sudeste,Mata Atlantica,7,42.6,26.7,5,16.2,69.0,29.1,939.0,13.3,15.2,17.2,0.288,tempestade
RN,Nordeste,Mata Atlantica,7,103.4,21.6,8,20.4,78.6,38.8,327.0,9.1,14.9,14.9,0.544,nenhum
BA,Nordeste,Caatinga,9,40.0,18.7,0,27.9,67.1,60.8,228.0,9.3,171.1,32.9,0.285,estiagem_seca
AP,Norte,Amazonia,5,145.0,37.0,12,21.8,85.6,27.6,87.0,6.8,7.7,13.8,0.527,nenhum
SC,Sul,Pampa,7,388.7,128.7,30,14.3,94.7,27.2,586.0,12.1,37.5,21.4,0.568,inundacao
RJ,Sudeste,Mata Atlantica,4,294.0,100.8,26,21.1,73.0,25.0,678.0,9.8,13.2,16.1,0.726,inundacao
RJ,Sudeste,Mata Atlantica,6,157.6,36.4,14,19.0,78.2,63.3,1421.0,21.0,387.6,19.4,0.463,nenhum
MG,Sudeste,Cerrado,2,192.3,81.0,18,25.3,74.6,17.2,703.0,8.9,17.5,14.9,0.629,nenhum
ES,Sudeste,Cerrado,5,188.8,134.0,13,18.6,79.8,45.9,114.0,25.2,7.3,12.6,0.569,deslizamento
GO,Centro-Oeste,Cerrado,2,363.5,94.8,26,24.7,75.5,36.3,858.0,3.9,38.7,19.2,0.637,inundacao
DF,Centro-Oeste,Cerrado,3,573.5,149.8,26,23.2,77.8,52.8,680.0,3.1,39.0,20.0,0.706,inundacao
RJ,Sudeste,Cerrado,6,97.3,36.5,4,19.3,72.9,39.6,556.0,15.9,255.1,22.1,0.4,nenhum
RN,Nordeste,Mata Atlantica,7,127.7,38.3,10,22.8,68.2,36.6,156.0,12.7,21.7,22.7,0.354,nenhum
SC,Sul,Mata Atlantica,12,271.4,76.9,27,20.7,89.6,57.4,46.0,8.3,93.1,16.6,0.786,inundacao
ES,Sudeste,Mata Atlantica,1,396.9,137.6,25,22.5,79.0,47.8,659.0,18.1,11.0,15.7,0.668,deslizamento
MA,Nordeste,Cerrado,11,27.6,13.7,3,28.1,59.8,34.2,502.0,5.4,252.0,17.9,0.336,estiagem_seca
ES,Sudeste,Mata Atlantica,4,146.5,36.6,10,25.0,76.0,47.6,250.0,17.4,185.5,28.7,0.449,nenhum
AL,Nordeste,Caatinga,9,18.7,5.1,1,25.1,52.5,32.1,804.0,15.3,113.4,21.4,0.188,estiagem_seca
SC,Sul,Pampa,9,165.4,73.2,10,17.3,88.0,38.8,589.0,10.8,172.4,31.5,0.47,incendio_florestal
PR,Sul,Mata Atlantica,12,347.3,47.9,23,18.8,100.0,17.8,310.0,15.7,72.7,26.0,0.691,deslizamento
SC,Sul,Mata Atlantica,2,249.2,56.6,17,20.4,76.5,70.3,123.0,3.3,58.6,19.6,0.839,tempestade
SE,Nordeste,Caatinga,12,109.2,20.6,11,29.2,64.4,44.2,410.0,2.5,8.8,19.3,0.49,nenhum
PI,Nordeste,Caatinga,1,59.3,14.2,4,28.5,65.2,43.5,425.0,6.0,18.0,18.7,0.293,incendio_florestal
RN,Nordeste,Caatinga,11,136.1,67.3,13,28.7,66.7,40.9,258.0,18.8,175.0,22.6,0.351,incendio_florestal
RR,Norte,Amazonia,8,43.9,19.3,4,25.5,83.1,73.5,138.0,1.8,165.4,23.1,0.292,incendio_florestal
PA,Norte,Amazonia,6,139.5,59.3,9,23.2,78.1,53.1,329.0,4.6,187.2,29.1,0.448,incendio_florestal
RR,Norte,Amazonia,5,96.3,42.5,7,24.5,96.4,13.1,184.0,12.9,25.9,18.4,0.467,nenhum
PR,Sul,Mata Atlantica,2,191.2,29.9,14,19.0,100.0,38.4,808.0,12.9,611.7,32.8,0.618,nenhum
PA,Norte,Amazonia,10,177.9,106.7,13,22.4,85.0,52.4,14.0,17.3,38.2,17.3,0.592,inundacao
BA,Nordeste,Mata Atlantica,9,70.3,39.3,4,24.2,69.0,76.0,566.0,3.3,98.3,18.8,0.417,estiagem_seca
SP,Sudeste,Mata Atlantica,12,161.7,40.6,12,23.4,78.0,26.9,1318.0,17.2,3184.2,37.7,0.444,nenhum
ES,Sudeste,Mata Atlantica,9,58.8,30.9,5,20.1,79.2,29.2,514.0,16.0,22.9,16.7,0.396,nenhum
SP,Sudeste,Mata Atlantica,12,121.7,20.4,7,23.6,79.8,39.0,366.0,15.4,145.2,30.7,0.429,nenhum
ES,Sudeste,Cerrado,11,438.3,194.4,28,20.3,98.7,44.7,730.0,18.9,5.1,16.3,0.821,estiagem_seca
PR,Sul,Pampa,6,65.6,20.4,6,15.3,85.2,24.1,20.0,5.4,28.3,17.3,0.362,tempestade
MG,Sudeste,Cerrado,9,95.0,54.1,7,17.6,76.8,21.9,251.0,9.7,120.6,17.1,0.387,deslizamento
DF,Centro-Oeste,Cerrado,4,156.2,61.0,11,24.5,75.3,50.6,114.0,4.7,19.5,16.9,0.564,nenhum
RJ,Sudeste,Mata Atlantica,10,83.6,54.9,10,23.2,70.6,28.6,1075.0,10.7,52.3,16.4,0.488,inundacao
DF,Centro-Oeste,Cerrado,8,42.2,13.1,3,22.7,70.9,46.6,1089.0,16.1,69.4,28.4,0.328,incendio_florestal
PI,Nordeste,Caatinga,6,143.0,74.6,10,24.8,57.5,34.3,291.0,4.8,62.9,25.7,0.491,nenhum
MT,Centro-Oeste,Cerrado,8,33.2,5.5,1,22.7,67.5,27.3,705.0,10.3,1.8,10.5,0.305,estiagem_seca
PI,Nordeste,Caatinga,4,144.8,49.2,10,27.5,66.5,49.7,361.0,1.4,1427.6,33.9,0.378,nenhum
ES,Sudeste,Mata Atlantica,8,96.1,33.0,6,17.7,74.7,20.8,987.0,21.4,9.4,14.2,0.493,nenhum
SE,Nordeste,Caatinga,6,46.2,13.6,6,27.1,77.8,25.3,60.0,3.2,14.8,20.4,0.385,estiagem_seca
MA,Nordeste,Caatinga,4,46.1,13.3,6,26.8,70.8,37.6,178.0,9.3,4.3,16.5,0.166,incendio_florestal
SE,Nordeste,Cerrado,12,137.2,60.8,10,28.2,71.8,40.4,384.0,13.2,10.6,17.4,0.415,nenhum
SP,Sudeste,Cerrado,1,186.2,89.4,13,23.4,83.4,51.6,707.0,15.8,44.4,16.4,0.616,nenhum
PI,Nordeste,Caatinga,10,21.8,11.2,0,24.7,65.6,42.5,509.0,9.2,216.2,19.9,0.225,estiagem_seca
SP,Sudeste,Cerrado,3,138.4,36.7,12,21.7,84.6,46.3,910.0,4.2,18.8,18.7,0.512,inundacao
RS,Sul,Pampa,3,222.6,52.6,14,21.9,100.0,39.8,207.0,4.3,57.4,24.0,0.539,inundacao
AC,Norte,Amazonia,2,312.4,43.6,25,28.2,92.3,27.1,56.0,5.2,75.7,29.4,0.583,inundacao
ES,Sudeste,Mata Atlantica,2,554.9,311.8,24,23.6,93.4,55.5,430.0,12.2,8.6,14.0,0.608,inundacao
CE,Nordeste,Caatinga,2,198.5,93.5,13,33.2,67.4,41.6,515.0,7.3,2.9,11.2,0.596,tempestade
BA,Nordeste,Caatinga,10,57.7,12.8,5,28.3,52.0,28.3,63.0,0.7,10.9,17.5,0.331,estiagem_seca
ES,Sudeste,Mata Atlantica,12,120.2,25.8,6,24.8,69.7,57.7,11.0,23.2,340.2,29.6,0.323,nenhum
SC,Sul,Mata Atlantica,8,232.5,119.2,18,15.8,78.4,46.9,234.0,1.3,13.7,17.5,0.574,tempestade
SE,Nordeste,Cerrado,1,82.9,27.5,7,29.2,68.5,15.9,40.0,3.7,15.1,19.3,0.341,incendio_florestal
SP,Sudeste,Mata Atlantica,11,206.2,70.5,15,23.0,89.2,13.1,507.0,14.3,75.2,23.1,0.558,nenhum
PE,Nordeste,Cerrado,8,52.1,19.5,5,27.2,46.9,68.6,434.0,2.4,116.2,16.2,0.271,incendio_florestal
MG,Sudeste,Mata Atlantica,7,37.6,18.8,1,17.4,73.2,93.0,429.0,11.9,8.0,13.6,0.348,tempestade
ES,Sudeste,Mata Atlantica,12,156.1,48.7,10,25.3,71.8,20.5,246.0,5.6,134.2,31.1,0.438,nenhum
SP,Sudeste,Mata Atlantica,5,48.9,10.1,5,19.3,72.5,25.5,185.0,11.1,92.5,26.0,0.301,incendio_florestal
MG,Sudeste,Mata Atlantica,5,97.1,29.0,8,20.3,84.4,21.2,109.0,7.3,18.5,20.1,0.423,nenhum
BA,Nordeste,Cerrado,10,52.7,20.0,7,29.6,61.8,47.8,128.0,12.7,2.7,12.3,0.275,incendio_florestal
MG,Sudeste,Mata Atlantica,7,33.1,8.6,4,18.5,76.5,11.2,186.0,17.0,144.8,23.5,0.306,estiagem_seca
RJ,Sudeste,Cerrado,9,123.3,40.1,9,16.9,68.4,31.9,1237.0,17.4,74.2,27.1,0.432,nenhum
RJ,Sudeste,Mata Atlantica,9,92.5,32.6,7,23.8,67.3,24.3,875.0,14.0,57.5,27.8,0.369,nenhum
PA,Norte,Amazonia,11,296.7,123.0,22,28.4,89.7,53.8,95.0,2.6,5.5,11.9,0.635,inundacao
MS,Centro-Oeste,Cerrado,4,86.5,55.4,2,23.6,64.6,19.1,1219.0,16.2,1314.1,22.8,0.43,nenhum
BA,Nordeste,Caatinga,1,78.3,26.0,5,28.1,65.1,51.9,506.0,14.1,9.5,12.1,0.269,incendio_florestal
AP,Norte,Amazonia,6,82.4,15.6,4,23.0,84.7,10.4,219.0,6.3,19.1,14.9,0.373,nenhum
RN,Nordeste,Caatinga,8,81.1,52.4,5,22.6,62.1,23.3,75.0,7.9,186.8,31.3,0.272,nenhum
GO,Centro-Oeste,Cerrado,10,91.8,17.6,9,26.7,64.5,15.9,809.0,8.3,50.3,22.0,0.349,nenhum
SP,Sudeste,Mata Atlantica,4,121.6,60.7,10,22.8,68.2,47.9,1075.0,12.1,58.6,20.6,0.338,nenhum
BA,Nordeste,Cerrado,9,72.0,23.1,8,25.1,80.1,28.1,277.0,11.3,7.2,15.0,0.314,nenhum
SP,Sudeste,Mata Atlantica,10,94.7,43.1,10,22.2,70.7,44.5,874.0,25.3,6.4,17.3,0.32,deslizamento
SP,Sudeste,Cerrado,10,266.5,183.0,18,21.4,83.2,32.2,1127.0,12.6,78.4,27.5,0.542,inundacao
SP,Sudeste,Mata Atlantica,10,194.9,53.6,17,25.0,71.9,24.5,662.0,11.4,24.0,21.8,0.602,nenhum
DF,Centro-Oeste,Cerrado,12,55.1,15.6,2,29.1,58.9,23.8,730.0,8.8,768.2,23.2,0.258,incendio_florestal
MT,Centro-Oeste,Amazonia,8,41.9,12.5,2,25.1,70.8,50.7,875.0,12.2,7.7,16.5,0.29,incendio_florestal
RJ,Sudeste,Mata Atlantica,5,69.5,49.3,6,22.4,71.8,32.2,1317.0,15.8,24.5,16.8,0.379,nenhum
SC,Sul,Mata Atlantica,6,95.0,36.6,6,16.4,82.5,52.6,443.0,9.0,60.0,21.3,0.406,nenhum
GO,Centro-Oeste,Cerrado,9,121.1,24.7,9,24.5,65.5,51.6,236.0,6.5,23.2,14.7,0.443,deslizamento
GO,Centro-Oeste,Cerrado,3,178.2,59.1,18,25.5,70.8,73.8,1432.0,6.8,13.8,16.9,0.501,tempestade
RJ,Sudeste,Mata Atlantica,8,33.2,9.4,3,19.9,83.1,18.1,108.0,13.7,50.9,27.3,0.229,incendio_florestal
MG,Sudeste,Mata Atlantica,7,21.0,4.2,0,17.6,84.2,55.8,620.0,18.4,948.9,35.0,0.225,estiagem_seca
RR,Norte,Cerrado,8,93.3,58.3,9,25.5,94.9,49.2,93.0,11.4,17.3,12.9,0.482,nenhum
MS,Centro-Oeste,Pantanal,6,50.6,25.1,5,24.5,68.7,28.6,524.0,3.2,4.1,15.4,0.161,incendio_florestal
DF,Centro-Oeste,Amazonia,9,42.3,6.0,6,24.0,66.7,39.5,530.0,4.7,105.0,26.3,0.304,incendio_florestal
RS,Sul,Pampa,1,79.1,25.5,7,19.6,80.3,25.4,222.0,18.0,26.7,18.3,0.283,nenhum
MS,Centro-Oeste,Cerrado,9,140.8,37.8,7,24.3,70.6,19.6,1307.0,15.3,9.8,15.4,0.45,nenhum
GO,Centro-Oeste,Cerrado,10,163.7,35.0,15,25.8,65.2,65.5,816.0,16.6,117.5,28.4,0.473,nenhum
PR,Sul,Mata Atlantica,11,102.0,25.0,9,21.2,86.3,18.1,824.0,3.0,94.0,19.5,0.396,nenhum
MS,Centro-Oeste,Cerrado,12,202.0,27.5,16,27.0,75.0,20.8,589.0,3.8,16.7,16.5,0.549,inundacao
BA,Nordeste,Cerrado,5,92.0,22.9,9,23.2,78.4,35.7,292.0,14.0,3.8,14.8,0.48,nenhum
PE,Nordeste,Caatinga,1,65.5,12.8,5,30.4,71.8,44.4,411.0,9.6,185.0,32.5,0.339,incendio_florestal
AM,Norte,Amazonia,8,93.6,26.4,11,25.4,100.0,53.0,186.0,3.2,16.8,21.1,0.352,nenhum
AM,Norte,Amazonia,2,281.2,73.3,18,27.1,98.5,13.4,98.0,24.0,69.6,23.6,0.768,deslizamento
MS,Centro-Oeste,Pantanal,4,48.3,19.5,2,25.4,64.7,31.1,894.0,5.6,38.4,24.8,0.241,incendio_florestal
RJ,Sudeste,Cerrado,9,157.7,87.4,12,18.8,89.2,34.8,199.0,20.1,100.6,26.9,0.427,nenhum
ES,Sudeste,Mata Atlantica,8,92.1,25.2,5,15.6,63.1,42.9,1196.0,22.1,67.1,27.0,0.371,nenhum
AC,Norte,Amazonia,8,67.9,19.5,4,26.4,92.3,12.5,207.0,2.1,339.5,22.9,0.291,nenhum
MG,Sudeste,Mata Atlantica,10,224.2,123.8,19,20.4,92.7,58.6,835.0,30.7,127.7,16.9,0.659,deslizamento
RN,Nordeste,Mata Atlantica,2,175.1,73.3,14,30.7,62.5,22.8,63.0,16.5,2.5,14.2,0.53,tempestade
PR,Sul,Mata Atlantica,10,331.0,143.5,31,17.3,91.3,44.1,2.0,14.3,28.1,22.0,0.685,inundacao
MA,Nordeste,Caatinga,8,17.2,9.6,2,21.9,76.1,42.6,152.0,2.2,59.6,27.0,0.166,estiagem_seca
MG,Sudeste,Mata Atlantica,6,58.0,23.6,3,20.3,75.0,19.7,1172.0,6.8,26.4,20.7,0.447,nenhum
PE,Nordeste,Caatinga,6,85.5,16.2,5,24.5,69.8,40.2,339.0,6.8,286.1,24.2,0.325,nenhum
RJ,Sudeste,Mata Atlantica,7,70.4,48.7,3,19.7,75.4,48.0,32.0,15.5,96.5,23.0,0.436,nenhum
DF,Centro-Oeste,Cerrado,7,36.5,16.5,2,21.5,65.9,22.5,994.0,15.0,2.8,13.4,0.209,incendio_florestal
SP,Sudeste,Cerrado,5,150.0,57.9,8,20.9,85.2,28.9,385.0,11.8,28.1,20.7,0.612,nenhum
PI,Nordeste,Mata Atlantica,3,141.6,93.9,14,30.5,61.1,28.6,421.0,6.2,50.8,14.6,0.48,tempestade
PR,Sul,Mata Atlantica,3,171.1,64.4,13,21.1,85.3,44.4,1585.0,11.1,14.8,18.7,0.513,nenhum
MS,Centro-Oeste,Cerrado,5,106.7,28.4,12,21.5,77.4,42.3,644.0,9.0,136.2,23.2,0.223,nenhum
MG,Sudeste,Mata Atlantica,4,135.7,24.9,6,20.7,82.4,60.7,135.0,26.4,112.7,28.8,0.343,deslizamento
RJ,Sudeste,Cerrado,7,41.7,11.5,2,19.7,60.6,41.4,809.0,17.1,87.8,28.4,0.2,incendio_florestal
SC,Sul,Mata Atlantica,11,318.3,80.7,22,21.8,93.5,51.6,93.0,4.9,146.9,27.7,0.566,inundacao
PE,Nordeste,Caatinga,2,67.0,29.6,5,30.8,64.9,38.7,532.0,13.2,366.2,25.6,0.365,incendio_florestal
PI,Nordeste,Mata Atlantica,4,150.8,75.2,8,26.4,74.7,18.4,218.0,1.1,170.4,30.2,0.427,nenhum
CE,Nordeste,Cerrado,1,84.7,14.2,3,29.3,61.2,57.4,478.0,17.9,165.3,33.1,0.33,incendio_florestal
PE,Nordeste,Mata Atlantica,12,54.8,12.4,7,31.7,65.2,24.8,412.0,12.4,48.0,16.9,0.339,estiagem_seca
MG,Sudeste,Mata Atlantica,9,60.9,12.5,3,21.9,70.1,50.5,462.0,3.0,20.7,21.8,0.098,incendio_florestal
RS,Sul,Pampa,3,166.4,78.8,12,19.5,81.9,29.9,1257.0,16.2,1062.5,20.1,0.495,nenhum
RS,Sul,Mata Atlantica,5,108.0,24.0,12,16.5,76.7,42.4,717.0,20.7,91.9,19.1,0.558,nenhum
DF,Centro-Oeste,Cerrado,9,86.6,38.4,8,19.3,72.0,69.9,1133.0,3.9,11.6,20.0,0.448,inundacao
MG,Sudeste,Mata Atlantica,12,265.1,95.2,19,19.9,80.0,52.7,982.0,19.1,44.0,14.9,0.715,deslizamento
SC,Sul,Pampa,7,313.6,146.1,25,15.7,91.2,48.4,368.0,20.9,29.2,14.6,0.692,estiagem_seca
RS,Sul,Pampa,4,126.9,37.5,11,17.6,77.5,28.0,466.0,13.9,171.0,20.3,0.544,nenhum
AL,Nordeste,Caatinga,9,59.4,16.5,5,23.3,66.6,24.7,604.0,20.0,30.9,20.2,0.364,nenhum
MS,Centro-Oeste,Cerrado,9,95.7,35.4,5,21.9,64.8,14.4,103.0,11.9,4.9,14.3,0.395,nenhum
RJ,Sudeste,Cerrado,8,78.7,29.8,6,19.5,65.8,14.4,664.0,17.3,118.9,23.3,0.374,nenhum
PI,Nordeste,Cerrado,1,52.6,22.0,7,31.1,56.4,41.0,287.0,8.5,22.2,23.4,0.358,estiagem_seca
GO,Centro-Oeste,Cerrado,9,119.5,27.0,8,23.4,68.7,43.1,823.0,3.3,1.6,9.7,0.551,nenhum
PR,Sul,Mata Atlantica,1,160.9,33.4,12,22.2,81.6,50.5,290.0,11.3,192.4,33.3,0.368,nenhum
SC,Sul,Mata Atlantica,11,203.0,138.1,16,16.4,74.0,52.0,501.0,14.6,6.9,11.5,0.617,tempestade
RS,Sul,Pampa,11,144.8,80.0,13,19.8,82.2,22.2,186.0,26.3,11.2,12.5,0.568,deslizamento
ES,Sudeste,Mata Atlantica,7,40.8,20.8,4,22.5,80.6,39.8,287.0,19.3,55.7,15.6,0.263,incendio_florestal
RN,Nordeste,Cerrado,8,63.2,11.7,5,24.1,62.6,86.7,98.0,4.9,61.0,26.4,0.298,tempestade
RN,Nordeste,Caatinga,1,35.1,16.8,0,32.8,56.2,60.4,284.0,12.7,21.9,18.9,0.398,estiagem_seca
SP,Sudeste,Cerrado,11,162.9,83.1,11,22.7,88.6,48.0,81.0,9.9,85.4,23.9,0.515,tempestade
ES,Sudeste,Mata Atlantica,4,127.0,25.0,9,17.2,77.0,42.9,686.0,17.7,173.6,24.9,0.378,nenhum
MS,Centro-Oeste,Cerrado,4,139.4,42.6,12,26.6,81.8,32.2,1076.0,6.9,12.4,17.0,0.377,nenhum
ES,Sudeste,Mata Atlantica,9,134.9,82.2,10,18.4,79.5,29.9,855.0,14.5,55.1,15.8,0.465,nenhum
AL,Nordeste,Caatinga,12,79.6,43.2,5,29.0,71.3,54.2,320.0,15.0,60.1,27.4,0.297,incendio_florestal
SP,Sudeste,Cerrado,6,33.0,5.6,2,16.0,73.2,28.9,325.0,10.8,297.2,28.7,0.339,estiagem_seca
SE,Nordeste,Caatinga,7,55.3,12.7,4,22.8,57.9,44.5,419.0,4.8,67.8,21.1,0.262,incendio_florestal
MA,Nordeste,Caatinga,7,42.6,27.0,4,21.5,65.7,25.2,53.0,4.1,3.1,12.6,0.379,estiagem_seca
PA,Norte,Amazonia,4,357.9,136.5,26,24.8,100.0,67.1,75.0,18.8,1567.7,45.0,0.591,inundacao
AL,Nordeste,Mata Atlantica,8,50.9,10.0,5,24.9,54.3,41.0,228.0,3.5,57.9,24.6,0.263,incendio_florestal
SC,Sul,Mata Atlantica,12,249.8,129.9,22,23.3,79.5,45.6,606.0,10.8,71.7,26.0,0.628,tempestade
DF,Centro-Oeste,Cerrado,5,117.5,32.8,11,24.4,67.6,31.6,992.0,2.6,41.6,25.4,0.5,nenhum
PB,Nordeste,Caatinga,10,41.2,10.3,2,26.5,55.7,39.7,500.0,10.8,73.4,29.0,0.32,estiagem_seca
ES,Sudeste,Mata Atlantica,10,85.1,24.7,0,20.8,76.1,6.9,613.0,17.6,92.3,18.0,0.392,nenhum
MG,Sudeste,Mata Atlantica,11,113.8,57.8,10,21.3,84.4,51.6,202.0,15.4,155.2,32.0,0.344,nenhum
TO,Norte,Amazonia,9,57.6,7.0,1,25.0,86.0,41.9,316.0,11.3,38.6,25.4,0.357,nenhum
PE,Nordeste,Cerrado,12,112.5,73.8,6,28.3,58.2,39.3,276.0,17.9,1.4,12.0,0.452,tempestade
MA,Nordeste,Caatinga,9,49.5,25.9,1,24.1,62.0,17.3,230.0,0.8,25.1,19.8,0.278,incendio_florestal
MG,Sudeste,Mata Atlantica,12,204.7,77.4,15,25.9,67.8,46.8,162.0,20.7,35.1,15.4,0.536,deslizamento
PI,Nordeste,Caatinga,9,47.2,12.4,2,26.4,65.2,28.2,738.0,8.2,17.3,19.5,0.264,incendio_florestal
RO,Norte,Cerrado,11,265.7,41.5,18,27.3,100.0,42.0,16.0,0.2,9.5,17.9,0.599,inundacao
RR,Norte,Amazonia,11,236.0,38.1,19,27.4,97.0,16.0,217.0,7.9,23.5,13.6,0.604,nenhum
SP,Sudeste,Mata Atlantica,12,252.2,32.5,21,25.4,85.5,15.4,362.0,15.1,174.2,31.3,0.823,inundacao
RR,Norte,Amazonia,8,116.1,80.6,9,18.5,87.7,80.9,87.0,10.8,77.3,26.2,0.28,tempestade
ES,Sudeste,Mata Atlantica,9,58.4,34.3,6,21.0,74.4,41.0,704.0,19.4,6.3,12.1,0.409,nenhum
PB,Nordeste,Mata Atlantica,12,79.8,28.0,7,28.0,67.7,67.1,54.0,6.0,3.5,12.0,0.42,tempestade
MG,Sudeste,Mata Atlantica,5,142.3,57.2,9,22.1,72.7,11.4,339.0,7.6,3.4,13.9,0.382,nenhum
GO,Centro-Oeste,Cerrado,2,139.0,40.8,13,27.2,70.8,40.5,353.0,12.0,69.2,14.8,0.542,nenhum
GO,Centro-Oeste,Pantanal,11,99.4,20.8,8,25.4,73.6,55.6,641.0,3.7,5.0,15.1,0.558,nenhum
RO,Norte,Cerrado,8,50.0,22.7,8,23.3,86.5,37.6,106.0,4.9,42.0,20.2,0.308,incendio_florestal
MG,Sudeste,Cerrado,6,118.2,20.7,9,17.7,73.2,37.2,224.0,22.9,127.0,27.9,0.473,nenhum
SC,Sul,Pampa,9,165.0,26.1,11,17.3,82.4,35.9,453.0,18.9,86.4,29.7,0.477,nenhum
RO,Norte,Amazonia,1,289.9,108.1,21,26.2,80.8,20.1,91.0,11.3,28.3,24.7,0.684,inundacao
BA,Nordeste,Caatinga,6,56.6,21.1,1,22.3,51.9,129.8,584.0,21.0,490.2,31.5,0.156,tempestade
PR,Sul,Mata Atlantica,4,186.6,30.6,16,20.0,75.9,63.6,113.0,7.7,19.0,23.1,0.547,nenhum
SP,Sudeste,Mata Atlantica,4,168.7,49.1,13,21.6,91.6,50.5,701.0,11.1,58.0,19.2,0.527,nenhum
PE,Nordeste,Caatinga,12,61.1,43.3,3,31.8,63.3,22.8,535.0,22.9,26.6,24.2,0.286,incendio_florestal
CE,Nordeste,Caatinga,7,60.7,14.7,1,23.3,59.2,27.7,248.0,11.2,35.2,19.4,0.433,deslizamento
RJ,Sudeste,Mata Atlantica,2,362.7,154.5,29,27.2,74.7,31.3,496.0,20.7,162.3,31.8,0.631,deslizamento
ES,Sudeste,Mata Atlantica,5,62.6,46.5,2,21.4,73.3,68.2,237.0,16.2,124.9,26.6,0.302,nenhum
SP,Sudeste,Mata Atlantica,3,124.2,38.8,9,24.5,88.4,93.5,515.0,16.1,3.1,14.1,0.435,tempestade
PR,Sul,Mata Atlantica,11,125.0,14.5,11,22.2,80.9,18.4,524.0,7.3,10.1,17.3,0.423,nenhum
GO,Centro-Oeste,Cerrado,4,161.2,49.2,9,24.2,73.0,14.6,129.0,7.4,163.5,32.1,0.463,nenhum
BA,Nordeste,Caatinga,5,79.3,18.2,4,27.0,68.9,27.2,292.0,14.1,6.6,17.5,0.35,nenhum
GO,Centro-Oeste,Amazonia,5,119.3,78.9,12,21.2,67.2,32.5,1304.0,24.5,10.3,13.3,0.485,deslizamento
CE,Nordeste,Caatinga,3,167.4,92.8,11,27.6,66.8,17.4,292.0,14.0,79.1,23.1,0.551,tempestade
SE,Nordeste,Cerrado,10,44.6,33.1,5,27.2,63.2,32.1,342.0,1.2,202.8,25.3,0.386,estiagem_seca
AM,Norte,Amazonia,7,73.5,37.5,3,26.0,87.0,41.0,151.0,11.3,168.0,20.1,0.321,nenhum
PE,Nordeste,Caatinga,6,82.9,26.8,9,24.2,60.1,9.1,163.0,12.6,4.2,12.0,0.323,nenhum
ES,Sudeste,Mata Atlantica,5,119.1,43.0,11,18.6,67.9,53.3,497.0,19.8,31.4,25.6,0.429,nenhum
TO,Norte,Amazonia,9,240.4,72.0,21,26.6,80.8,20.0,176.0,10.0,26.7,22.8,0.657,nenhum
DF,Centro-Oeste,Cerrado,2,256.6,150.4,21,23.1,70.1,18.5,516.0,9.0,19.2,16.9,0.745,inundacao
RJ,Sudeste,Mata Atlantica,12,215.1,41.4,18,23.4,77.4,61.9,669.0,2.8,4.4,11.9,0.534,nenhum
MG,Sudeste,Mata Atlantica,7,32.8,14.7,1,17.0,73.6,32.3,541.0,11.9,367.0,24.4,0.26,incendio_florestal
ES,Sudeste,Cerrado,3,352.2,201.4,27,25.1,86.9,64.3,723.0,20.3,39.7,18.1,0.757,deslizamento
ES,Sudeste,Cerrado,7,56.1,30.8,5,15.8,73.7,51.2,629.0,27.1,10.9,19.3,0.385,deslizamento
SP,Sudeste,Cerrado,11,254.4,108.8,18,24.3,75.9,22.7,1011.0,16.4,80.8,20.0,0.753,deslizamento
RR,Norte,Amazonia,3,338.5,84.5,28,28.2,82.6,24.4,249.0,6.5,36.6,21.3,0.641,inundacao
GO,Centro-Oeste,Cerrado,7,48.3,21.5,5,18.9,66.9,20.5,1252.0,9.4,165.9,32.1,0.116,incendio_florestal
SP,Sudeste,Mata Atlantica,8,45.2,8.5,2,20.2,76.9,44.7,1347.0,4.0,22.6,19.9,0.319,incendio_florestal
CE,Nordeste,Cerrado,10,22.7,10.1,0,29.9,75.0,18.1,202.0,2.4,24.6,24.0,0.281,estiagem_seca
TO,Norte,Amazonia,7,45.2,11.5,2,22.8,85.2,21.2,292.0,1.8,49.2,14.7,0.271,incendio_florestal
MA,Nordeste,Cerrado,9,58.9,10.6,4,27.7,55.4,6.0,218.0,7.5,133.2,32.2,0.314,incendio_florestal
DF,Centro-Oeste,Cerrado,10,112.4,22.8,4,27.3,74.1,11.3,128.0,6.8,10.9,20.2,0.43,nenhum
MS,Centro-Oeste,Cerrado,11,189.4,35.8,11,29.4,81.8,39.5,884.0,13.2,5.8,14.5,0.474,deslizamento
RN,Nordeste,Caatinga,5,66.0,15.4,4,27.4,61.8,21.1,226.0,15.4,102.4,29.6,0.382,nenhum
RJ,Sudeste,Cerrado,9,201.3,115.2,12,16.6,79.3,42.4,643.0,13.7,72.7,28.8,0.45,tempestade
RS,Sul,Pampa,3,78.1,29.7,7,23.2,85.4,44.0,506.0,22.9,51.5,27.2,0.388,nenhum
PE,Nordeste,Caatinga,11,33.9,15.2,5,27.9,64.1,23.9,229.0,9.1,54.1,23.9,0.207,estiagem_seca
RS,Sul,Mata Atlantica,12,121.0,13.2,5,21.1,76.7,25.6,192.0,11.5,50.0,26.8,0.43,nenhum
TO,Norte,Amazonia,4,176.7,37.2,17,24.1,81.3,50.6,160.0,5.9,361.9,21.3,0.541,nenhum
SC,Sul,Mata Atlantica,7,85.9,25.5,4,17.2,72.9,10.3,276.0,13.0,65.5,22.8,0.373,nenhum
PR,Sul,Mata Atlantica,10,171.1,67.3,11,22.5,88.3,42.5,549.0,15.7,35.7,25.2,0.588,nenhum
AP,Norte,Amazonia,1,540.8,153.2,29,26.8,94.0,44.7,329.0,7.9,10.1,20.3,0.728,inundacao
SP,Sudeste,Mata Atlantica,9,88.1,24.2,6,22.3,79.9,40.9,376.0,14.6,26.9,23.4,0.314,nenhum
SC,Sul,Pampa,10,103.9,28.7,6,18.8,86.6,11.5,716.0,7.4,110.2,16.1,0.422,nenhum
SC,Sul,Mata Atlantica,11,85.3,15.8,8,18.3,82.4,63.3,359.0,9.3,145.9,33.4,0.375,nenhum
SC,Sul,Pampa,3,98.5,29.9,9,19.6,76.7,44.4,670.0,8.8,5.4,16.0,0.447,nenhum
SP,Sudeste,Mata Atlantica,10,221.5,123.6,19,20.7,87.3,60.2,18.0,20.7,181.4,33.9,0.615,inundacao
AM,Norte,Amazonia,10,128.2,79.5,12,29.7,88.1,21.1,131.0,5.6,40.0,23.3,0.445,tempestade
MG,Sudeste,Mata Atlantica,1,177.7,52.3,11,22.5,68.7,60.8,934.0,16.6,1637.0,23.1,0.591,nenhum
SP,Sudeste,Mata Atlantica,9,102.0,18.8,4,20.8,83.3,74.9,253.0,7.0,297.8,33.5,0.418,tempestade
RJ,Sudeste,Mata Atlantica,8,78.7,20.8,4,17.5,73.4,35.7,1683.0,24.0,36.4,20.3,0.386,nenhum
DF,Centro-Oeste,Cerrado,12,241.0,54.7,21,28.4,64.4,45.4,704.0,12.0,8.3,14.0,0.657,nenhum
ES,Sudeste,Mata Atlantica,1,567.0,135.2,29,23.1,89.8,17.2,1873.0,22.1,10.1,12.2,0.809,deslizamento
PI,Nordeste,Caatinga,12,146.8,58.9,8,27.8,66.1,29.3,215.0,15.2,21.2,15.1,0.478,nenhum
RJ,Sudeste,Mata Atlantica,7,40.2,20.3,2,17.8,77.1,30.8,556.0,11.2,699.0,22.4,0.223,incendio_florestal
TO,Norte,Amazonia,4,212.4,72.1,14,24.4,91.8,50.8,251.0,7.6,29.6,13.6,0.6,nenhum
ES,Sudeste,Cerrado,5,103.5,29.2,11,18.5,89.1,13.4,83.0,18.5,65.0,21.9,0.413,nenhum
RJ,Sudeste,Mata Atlantica,10,182.7,32.2,21,19.2,79.4,62.0,938.0,13.1,37.8,16.3,0.539,nenhum
DF,Centro-Oeste,Cerrado,12,247.6,109.6,23,26.9,87.2,35.7,1999.0,6.0,34.9,18.1,0.613,tempestade
GO,Centro-Oeste,Cerrado,4,420.2,74.6,31,20.5,75.0,98.0,1254.0,7.7,25.0,21.6,0.658,tempestade
PE,Nordeste,Cerrado,12,95.8,16.9,8,31.3,60.5,25.4,322.0,16.6,418.6,21.3,0.467,estiagem_seca
RS,Sul,Mata Atlantica,8,147.7,31.2,12,16.4,77.5,23.9,738.0,14.8,170.7,21.6,0.386,nenhum
MG,Sudeste,Mata Atlantica,3,98.1,43.7,6,25.1,73.1,16.6,1573.0,16.1,5.5,13.0,0.428,estiagem_seca
SE,Nordeste,Caatinga,8,66.3,15.1,7,26.5,52.0,50.9,179.0,3.0,3.9,14.0,0.279,incendio_florestal
PE,Nordeste,Caatinga,10,52.4,16.5,7,29.3,59.3,34.0,129.0,5.4,158.0,33.0,0.198,incendio_florestal
MA,Nordeste,Caatinga,1,82.2,21.0,5,30.5,58.6,35.2,219.0,15.5,235.3,32.7,0.214,incendio_florestal
GO,Centro-Oeste,Cerrado,1,141.7,48.9,15,27.8,77.1,83.6,1224.0,6.1,11.7,13.6,0.495,tempestade
PR,Sul,Mata Atlantica,1,245.3,58.7,22,18.5,83.5,31.2,778.0,15.1,24.6,19.9,0.539,nenhum
ES,Sudeste,Mata Atlantica,7,18.4,2.5,1,19.5,69.1,51.2,73.0,11.0,244.3,29.7,0.233,incendio_florestal
CE,Nordeste,Caatinga,1,75.6,21.4,4,31.8,76.8,39.0,212.0,15.7,122.5,20.2,0.345,incendio_florestal
SC,Sul,Mata Atlantica,12,140.1,54.1,11,20.3,81.2,21.1,521.0,8.7,47.3,14.2,0.521,nenhum
AL,Nordeste,Cerrado,2,138.1,42.9,7,31.0,83.4,28.6,593.0,11.0,111.4,24.4,0.306,incendio_florestal
PR,Sul,Mata Atlantica,1,150.3,93.6,12,21.5,69.9,79.8,138.0,23.5,32.6,24.4,0.358,tempestade
PI,Nordeste,Caatinga,4,161.9,59.0,10,26.8,68.1,42.9,176.0,10.8,25.9,14.3,0.5,nenhum
RJ,Sudeste,Mata Atlantica,10,89.4,24.5,6,22.4,68.3,33.7,1485.0,15.9,235.6,23.3,0.369,nenhum
RS,Sul,Mata Atlantica,11,217.5,77.8,16,20.1,77.8,68.7,658.0,12.5,17.6,16.1,0.692,nenhum
SE,Nordeste,Caatinga,4,94.3,37.8,6,27.3,55.9,52.7,454.0,14.5,23.6,19.6,0.379,incendio_florestal
MG,Sudeste,Cerrado,7,75.7,14.0,6,17.9,80.7,40.2,164.0,19.8,609.5,24.1,0.286,nenhum
PR,Sul,Mata Atlantica,10,161.6,63.5,18,21.7,91.2,38.8,344.0,12.5,13.2,19.4,0.592,incendio_florestal
PE,Nordeste,Caatinga,10,108.6,15.9,11,27.0,71.5,49.1,618.0,14.8,581.4,28.0,0.347,nenhum
PA,Norte,Amazonia,2,342.4,242.2,20,23.7,87.7,32.6,172.0,5.8,62.3,26.4,0.545,inundacao
MG,Sudeste,Mata Atlantica,11,401.6,57.1,28,21.8,76.3,48.1,10.0,3.3,48.2,24.0,0.681,inundacao
PB,Nordeste,Cerrado,11,49.6,8.7,4,27.5,57.1,38.2,156.0,6.6,104.5,23.4,0.3,incendio_florestal
TO,Norte,Amazonia,9,124.8,46.4,12,26.3,93.3,60.7,53.0,1.9,168.3,26.2,0.485,nenhum
MT,Centro-Oeste,Pantanal,7,194.3,43.9,19,21.9,67.6,30.2,1653.0,9.4,369.4,29.5,0.467,nenhum
ES,Sudeste,Mata Atlantica,5,62.4,8.3,3,19.0,80.1,33.8,786.0,22.6,34.2,22.6,0.328,nenhum
BA,Nordeste,Cerrado,11,29.0,15.2,6,27.8,59.3,30.9,289.0,14.5,93.3,29.4,0.196,estiagem_seca
PE,Nordeste,Caatinga,11,25.0,9.8,2,27.8,58.6,20.0,698.0,7.7,24.5,22.9,0.274,incendio_florestal
ES,Sudeste,Mata Atlantica,7,28.3,14.0,3,17.5,71.6,23.9,1097.0,17.8,21.0,21.1,0.218,estiagem_seca
GO,Centro-Oeste,Cerrado,9,49.8,7.2,4,24.9,55.7,29.1,833.0,20.0,57.4,20.0,0.311,incendio_florestal
SP,Sudeste,Mata Atlantica,5,188.5,51.3,13,22.7,67.2,20.6,621.0,13.2,144.0,30.0,0.61,nenhum
GO,Centro-Oeste,Pantanal,9,104.4,24.2,5,24.3,60.0,30.5,653.0,12.3,12.0,20.8,0.41,nenhum
PR,Sul,Mata Atlantica,2,300.1,190.3,26,21.9,89.5,41.1,547.0,20.4,4.4,12.6,0.669,nenhum
RJ,Sudeste,Mata Atlantica,11,143.8,39.4,12,24.9,88.2,16.0,848.0,16.2,10.3,17.5,0.585,deslizamento
RO,Norte,Amazonia,7,259.0,49.7,20,24.6,91.7,20.9,142.0,4.4,23.3,21.5,0.656,nenhum
RS,Sul,Mata Atlantica,8,115.5,44.6,8,13.7,89.2,89.0,218.0,6.3,328.8,33.0,0.405,tempestade
DF,Centro-Oeste,Pantanal,3,100.6,14.1,8,28.8,66.7,42.4,600.0,8.0,13.5,18.4,0.465,nenhum
BA,Nordeste,Caatinga,7,25.4,7.5,2,21.0,59.5,38.0,353.0,10.3,100.5,21.7,0.248,estiagem_seca
PE,Nordeste,Cerrado,1,71.2,16.9,3,30.8,62.4,41.5,386.0,10.2,261.5,29.1,0.312,inundacao
MG,Sudeste,Cerrado,11,156.9,27.3,10,22.3,54.6,27.7,1136.0,11.4,15.0,15.9,0.505,nenhum
AM,Norte,Amazonia,9,123.3,45.0,9,27.5,90.0,52.6,181.0,4.6,366.9,36.7,0.414,nenhum
CE,Nordeste,Caatinga,6,63.1,8.2,4,24.0,55.3,59.0,206.0,3.4,113.3,29.3,0.475,incendio_florestal
RN,Nordeste,Caatinga,11,73.8,21.3,9,30.2,60.0,36.9,458.0,4.7,11.2,12.1,0.458,estiagem_seca
MT,Centro-Oeste,Cerrado,10,149.2,68.8,16,28.1,74.6,48.0,854.0,16.6,26.4,17.6,0.567,nenhum
MT,Centro-Oeste,Cerrado,2,316.1,121.3,24,25.8,77.2,26.9,602.0,9.6,14.5,17.2,0.616,inundacao
DF,Centro-Oeste,Cerrado,1,217.7,63.9,19,32.7,72.0,59.8,701.0,4.6,32.3,22.6,0.574,estiagem_seca
SE,Nordeste,Caatinga,4,96.0,72.6,9,29.2,73.0,45.9,291.0,22.1,86.3,24.6,0.419,tempestade
AP,Norte,Amazonia,1,444.4,140.5,28,29.9,85.6,56.8,116.0,17.9,17.9,22.2,0.533,deslizamento
RJ,Sudeste,Cerrado,7,94.5,19.1,7,15.7,75.2,32.9,1187.0,7.2,82.6,26.6,0.315,nenhum
CE,Nordeste,Caatinga,7,79.3,25.3,12,25.9,64.9,37.7,121.0,3.0,61.9,23.9,0.435,nenhum
RJ,Sudeste,Mata Atlantica,7,87.7,39.0,9,15.4,77.1,43.1,376.0,9.7,9.6,17.5,0.459,estiagem_seca
RO,Norte,Amazonia,1,257.1,123.8,16,31.1,91.0,59.4,170.0,7.7,83.2,29.2,0.662,tempestade
AP,Norte,Amazonia,12,436.0,156.1,29,27.6,100.0,27.0,226.0,12.8,238.1,26.4,0.7,inundacao
CE,Nordeste,Caatinga,12,71.4,23.9,5,32.6,65.7,56.4,218.0,10.8,33.2,20.3,0.501,estiagem_seca
GO,Centro-Oeste,Pantanal,8,88.0,47.3,8,18.3,76.3,70.2,807.0,19.0,143.4,29.9,0.331,inundacao
SE,Nordeste,Caatinga,1,86.3,23.8,4,29.1,49.8,32.5,28.0,11.5,10.2,13.9,0.544,tempestade
ES,Sudeste,Mata Atlantica,5,143.9,40.3,13,18.7,61.6,36.0,270.0,3.3,479.3,28.5,0.487,nenhum
AL,Nordeste,Caatinga,9,29.7,10.5,2,23.0,69.8,60.5,326.0,8.5,118.2,28.7,0.234,estiagem_seca
SP,Sudeste,Cerrado,9,43.7,13.0,6,20.7,76.8,87.0,1114.0,8.7,137.2,28.7,0.373,tempestade
RJ,Sudeste,Mata Atlantica,3,105.3,40.0,8,23.8,71.5,21.8,850.0,6.4,17.7,22.2,0.349,nenhum
AM,Norte,Amazonia,10,325.5,95.8,27,21.2,100.0,42.0,117.0,5.6,137.7,30.0,0.644,inundacao
DF,Centro-Oeste,Cerrado,12,167.9,39.6,17,26.1,71.7,17.0,627.0,7.6,88.8,17.8,0.513,nenhum
PB,Nordeste,Caatinga,7,102.9,52.0,9,25.0,61.3,22.2,89.0,12.3,145.6,31.4,0.482,nenhum
DF,Centro-Oeste,Cerrado,5,34.9,6.7,2,23.9,68.4,47.4,20.0,6.6,336.4,31.3,0.223,incendio_florestal
AM,Norte,Amazonia,7,59.1,25.5,8,23.2,78.8,36.1,239.0,5.8,23.1,15.0,0.324,nenhum
MG,Sudeste,Cerrado,1,382.5,162.9,26,23.9,82.3,55.0,909.0,23.6,336.3,24.2,0.653,deslizamento
RS,Sul,Mata Atlantica,7,82.5,23.7,7,22.4,86.4,40.4,226.0,8.4,150.5,18.1,0.242,estiagem_seca
RO,Norte,Amazonia,1,354.2,84.2,27,29.4,90.2,38.9,325.0,10.8,8.3,19.0,0.761,inundacao
MG,Sudeste,Mata Atlantica,1,266.5,145.6,18,24.9,92.1,64.8,359.0,7.2,574.5,29.4,0.64,tempestade
ES,Sudeste,Cerrado,7,34.5,17.4,3,16.9,74.4,63.5,931.0,16.1,21.9,18.9,0.257,incendio_florestal
BA,Nordeste,Caatinga,7,27.2,16.2,2,26.3,71.0,32.8,410.0,11.0,66.1,16.5,0.337,estiagem_seca
MG,Sudeste,Mata Atlantica,12,187.4,26.4,19,27.1,77.0,21.5,168.0,21.1,70.5,21.7,0.536,nenhum
MG,Sudeste,Cerrado,7,80.8,16.5,5,18.1,74.0,42.7,759.0,21.0,11.7,19.7,0.391,nenhum
SC,Sul,Mata Atlantica,12,286.9,39.5,20,20.7,85.3,20.9,197.0,13.2,179.3,31.2,0.574,nenhum
RS,Sul,Mata Atlantica,10,130.4,55.2,12,15.7,79.1,16.2,16.0,2.2,25.4,22.2,0.402,nenhum
AC,Norte,Amazonia,5,99.3,41.0,4,24.4,79.0,24.1,84.0,2.3,7.2,16.6,0.428,nenhum
DF,Centro-Oeste,Cerrado,12,269.4,89.7,19,27.8,97.6,26.4,630.0,4.2,14.4,19.9,0.629,tempestade
ES,Sudeste,Cerrado,6,121.7,51.8,12,19.2,89.3,50.3,699.0,14.0,3.2,14.5,0.344,deslizamento
MA,Nordeste,Caatinga,8,48.9,19.1,4,27.0,65.0,71.4,310.0,3.6,6.6,15.9,0.42,estiagem_seca
AL,Nordeste,Caatinga,2,89.6,15.5,4,30.8,61.7,63.4,13.0,11.3,216.7,19.4,0.284,incendio_florestal
SC,Sul,Mata Atlantica,3,115.7,42.5,5,18.7,87.4,29.9,230.0,10.1,4.9,14.2,0.505,nenhum
AC,Norte,Amazonia,7,46.0,19.8,1,22.9,79.2,37.2,20.0,4.0,82.2,15.8,0.302,incendio_florestal
MT,Centro-Oeste,Cerrado,4,131.8,30.2,9,24.3,70.2,31.7,21.0,13.8,20.5,20.0,0.535,nenhum
RJ,Sudeste,Mata Atlantica,8,61.0,25.9,5,17.9,77.3,58.1,702.0,14.0,248.5,34.6,0.29,nenhum
BA,Nordeste,Cerrado,1,121.9,51.7,10,26.6,55.1,44.2,187.0,5.2,47.6,21.1,0.429,nenhum
GO,Centro-Oeste,Cerrado,4,104.8,24.0,8,24.0,64.3,51.0,1534.0,6.3,8.1,13.9,0.46,nenhum
SC,Sul,Pampa,8,185.3,57.9,14,13.5,88.7,25.0,100.0,23.6,118.1,22.6,0.549,deslizamento
GO,Centro-Oeste,Cerrado,8,47.2,13.8,4,26.1,70.3,96.9,579.0,16.5,27.6,22.8,0.312,estiagem_seca
MA,Nordeste,Cerrado,12,69.3,21.1,8,30.8,80.0,16.0,443.0,19.6,134.1,25.0,0.324,incendio_florestal
AC,Norte,Amazonia,11,464.8,355.3,25,24.5,84.2,40.1,17.0,0.4,79.8,28.4,0.707,inundacao
RS,Sul,Mata Atlantica,10,288.0,121.9,21,15.3,94.4,57.0,564.0,23.4,10.1,18.2,0.629,deslizamento
AL,Nordeste,Mata Atlantica,1,86.1,32.5,5,31.5,71.1,16.6,564.0,12.0,40.4,18.7,0.478,estiagem_seca
DF,Centro-Oeste,Cerrado,8,68.2,23.6,9,21.1,72.9,71.8,269.0,8.2,20.8,20.0,0.369,tempestade
RR,Norte,Amazonia,3,227.2,59.7,15,25.5,90.1,65.0,79.0,6.6,33.2,16.6,0.716,tempestade
DF,Centro-Oeste,Cerrado,4,90.1,32.8,11,23.1,70.7,48.4,603.0,12.8,39.8,16.5,0.345,nenhum
SC,Sul,Pampa,3,179.2,29.4,15,21.1,83.1,24.7,91.0,16.6,4.5,11.1,0.709,nenhum
MS,Centro-Oeste,Cerrado,6,67.3,10.5,4,25.1,68.8,50.3,1121.0,8.3,76.6,18.6,0.389,nenhum
SC,Sul,Mata Atlantica,2,112.0,64.5,8,17.0,81.5,35.3,206.0,18.6,29.8,23.0,0.549,nenhum
RN,Nordeste,Caatinga,7,48.1,14.7,3,26.0,70.0,21.5,92.0,4.0,7.2,12.0,0.307,incendio_florestal
MT,Centro-Oeste,Amazonia,2,346.9,133.0,27,27.9,87.4,39.8,783.0,12.1,8.5,16.8,0.607,estiagem_seca
RS,Sul,Pampa,7,239.4,130.5,19,16.3,83.8,39.1,401.0,15.0,3.6,12.4,0.665,deslizamento
MS,Centro-Oeste,Cerrado,8,143.6,20.5,15,23.5,80.2,34.4,270.0,9.6,910.4,42.4,0.469,nenhum
PE,Nordeste,Caatinga,3,190.0,50.5,15,30.6,82.3,48.1,48.0,10.2,46.5,22.2,0.645,estiagem_seca
RS,Sul,Mata Atlantica,2,208.5,49.3,17,22.7,84.0,29.6,926.0,10.7,85.2,27.4,0.534,nenhum
PB,Nordeste,Caatinga,10,42.8,20.6,4,28.9,65.3,30.4,749.0,4.3,423.1,34.4,0.331,estiagem_seca
MG,Sudeste,Mata Atlantica,9,69.4,25.6,4,20.9,68.6,34.5,994.0,17.6,2933.4,33.1,0.332,nenhum
RS,Sul,Mata Atlantica,4,165.6,106.0,7,17.6,77.8,65.2,199.0,21.4,16.8,13.3,0.606,tempestade
PB,Nordeste,Mata Atlantica,11,131.6,23.7,12,27.4,76.7,77.4,298.0,10.3,22.3,14.3,0.397,tempestade
RN,Nordeste,Caatinga,3,114.7,39.4,8,26.7,63.2,22.9,321.0,7.4,10.8,15.7,0.387,nenhum
AC,Norte,Amazonia,12,116.1,49.0,7,32.6,91.1,32.9,51.0,12.5,38.9,22.2,0.332,incendio_florestal
RN,Nordeste,Caatinga,2,98.2,52.6,8,30.9,71.1,42.7,130.0,3.4,3.2,13.0,0.417,estiagem_seca
AL,Nordeste,Cerrado,8,40.0,20.5,1,22.8,59.2,16.2,350.0,3.8,347.3,33.0,0.323,incendio_florestal
MG,Sudeste,Mata Atlantica,1,204.1,79.1,17,28.5,76.7,35.3,201.0,27.2,103.5,29.9,0.648,deslizamento
PI,Nordeste,Caatinga,3,130.8,60.3,10,31.1,63.7,51.4,694.0,24.3,35.9,16.5,0.42,estiagem_seca
RJ,Sudeste,Cerrado,5,172.9,67.6,19,17.9,70.6,41.4,948.0,18.8,5.5,13.3,0.583,nenhum
PB,Nordeste,Caatinga,2,74.7,17.8,4,27.0,65.7,20.3,359.0,9.4,424.0,24.0,0.373,nenhum
RN,Nordeste,Caatinga,6,74.7,20.3,6,25.0,56.1,134.5,545.0,6.8,25.3,15.1,0.248,tempestade
RN,Nordeste,Cerrado,3,101.9,25.5,8,29.2,68.4,51.4,307.0,5.1,663.4,31.0,0.392,incendio_florestal
ES,Sudeste,Mata Atlantica,2,396.9,69.0,25,21.0,80.8,51.0,659.0,19.7,31.3,15.3,0.556,deslizamento
MS,Centro-Oeste,Cerrado,12,382.3,96.0,26,26.5,76.2,31.1,381.0,7.7,54.9,15.0,0.678,inundacao
PI,Nordeste,Cerrado,12,81.0,31.5,8,29.7,63.1,67.3,64.0,11.0,7.6,11.9,0.345,tempestade
PR,Sul,Mata Atlantica,12,146.7,66.9,14,23.3,81.3,41.6,1.0,5.3,300.7,32.1,0.489,nenhum
ES,Sudeste,Cerrado,2,238.8,51.8,20,22.5,92.8,21.1,302.0,28.4,4.0,13.8,0.718,deslizamento
PI,Nordeste,Caatinga,5,100.4,55.7,10,23.5,52.1,40.9,143.0,4.5,157.7,32.9,0.459,nenhum
PR,Sul,Pampa,4,249.4,76.0,21,16.0,84.9,48.7,20.0,16.9,390.5,36.8,0.624,estiagem_seca
BA,Nordeste,Cerrado,4,116.6,27.0,11,23.1,63.5,11.5,43.0,1.5,4.1,14.7,0.469,nenhum
AP,Norte,Amazonia,5,328.7,95.2,25,26.6,88.5,22.2,30.0,11.7,199.3,32.4,0.574,inundacao
GO,Centro-Oeste,Cerrado,7,48.9,22.5,4,19.2,62.5,42.7,565.0,2.0,427.1,20.8,0.263,incendio_florestal
AC,Norte,Amazonia,6,67.0,14.3,5,23.5,84.0,27.6,37.0,15.6,94.4,28.1,0.28,nenhum
RN,Nordeste,Caatinga,4,101.5,25.5,8,25.9,63.6,63.7,350.0,8.7,119.2,26.9,0.373,nenhum
ES,Sudeste,Mata Atlantica,12,172.4,41.6,11,23.9,77.7,42.5,68.0,15.8,87.9,28.7,0.646,nenhum
PI,Nordeste,Caatinga,12,141.8,45.4,11,28.7,73.6,39.2,581.0,9.2,54.6,18.3,0.49,nenhum
RJ,Sudeste,Mata Atlantica,4,227.9,56.5,17,20.1,71.8,36.2,1481.0,24.6,10.6,18.4,0.73,deslizamento
PR,Sul,Pampa,3,100.2,52.6,7,19.1,76.8,61.3,150.0,8.3,45.5,14.9,0.458,nenhum
RJ,Sudeste,Cerrado,7,101.7,25.1,7,16.5,79.1,46.3,619.0,18.4,31.4,22.5,0.452,nenhum
ES,Sudeste,Cerrado,5,49.1,12.0,3,20.4,71.2,44.1,494.0,18.0,826.0,23.2,0.312,incendio_florestal
RJ,Sudeste,Mata Atlantica,12,197.1,49.9,18,27.1,83.8,62.9,147.0,8.6,44.7,26.8,0.546,nenhum
RS,Sul,Pampa,6,72.2,9.8,5,17.0,84.4,65.0,210.0,8.8,47.1,27.5,0.339,nenhum
CE,Nordeste,Mata Atlantica,1,103.7,24.0,8,32.4,68.1,19.2,337.0,6.3,65.6,20.8,0.349,estiagem_seca
CE,Nordeste,Cerrado,2,314.3,111.1,20,27.2,84.1,114.2,229.0,3.2,97.2,30.2,0.599,tempestade
MT,Centro-Oeste,Cerrado,1,240.9,71.5,24,27.6,77.6,15.9,493.0,10.4,15.5,14.9,0.668,nenhum
SP,Sudeste,Cerrado,5,159.0,52.6,10,19.5,76.7,40.8,1129.0,10.0,205.7,28.0,0.49,nenhum
PB,Nordeste,Mata Atlantica,4,99.5,18.0,11,27.7,69.6,19.4,118.0,6.0,43.8,25.6,0.241,incendio_florestal
ES,Sudeste,Mata Atlantica,11,191.8,95.0,16,22.9,89.8,54.3,1095.0,13.7,148.7,30.5,0.462,nenhum
RO,Norte,Cerrado,11,260.9,33.9,21,27.6,90.9,53.8,185.0,16.8,12.8,15.4,0.726,nenhum
SC,Sul,Mata Atlantica,2,412.8,174.5,29,19.7,78.1,28.8,1068.0,16.9,40.3,16.5,0.733,deslizamento
MA,Nordeste,Cerrado,12,107.8,76.3,8,27.5,62.4,61.7,382.0,6.1,459.7,24.1,0.288,tempestade
AC,Norte,Amazonia,8,201.2,52.4,13,20.9,97.4,8.9,368.0,7.2,977.9,19.1,0.597,nenhum
AC,Norte,Amazonia,4,206.4,96.2,17,26.9,86.0,55.0,220.0,1.7,135.0,21.6,0.827,tempestade
PI,Nordeste,Caatinga,5,61.9,14.1,7,26.2,64.1,14.3,15.0,4.4,9.2,17.6,0.418,nenhum
MA,Nordeste,Caatinga,6,131.5,59.2,9,19.6,64.8,66.3,39.0,9.8,3.1,12.5,0.397,tempestade
AP,Norte,Amazonia,3,270.8,114.1,21,30.2,88.8,37.4,257.0,5.5,134.9,18.2,0.687,tempestade
BA,Nordeste,Caatinga,11,39.5,13.8,1,32.8,67.0,24.4,507.0,22.6,966.7,27.0,0.285,estiagem_seca
MA,Nordeste,Caatinga,1,105.3,55.2,8,30.1,66.6,69.9,236.0,16.6,27.7,16.4,0.406,tempestade
RN,Nordeste,Caatinga,1,76.1,41.9,8,25.5,60.6,51.7,232.0,20.2,37.3,21.3,0.423,nenhum
RN,Nordeste,Caatinga,4,119.2,30.1,7,25.5,66.8,32.6,261.0,5.2,74.9,16.1,0.527,nenhum
CE,Nordeste,Caatinga,2,87.5,30.1,7,28.4,68.7,38.8,467.0,19.2,2161.1,39.9,0.28,incendio_florestal
RN,Nordeste,Cerrado,1,60.1,7.9,4,29.4,57.4,69.5,338.0,10.2,66.0,16.7,0.383,tempestade
RO,Norte,Amazonia,5,85.4,21.7,6,22.0,79.5,31.6,74.0,10.0,67.7,29.1,0.297,nenhum
AC,Norte,Amazonia,5,71.2,36.0,1,25.6,76.9,20.4,133.0,2.2,28.4,22.6,0.332,deslizamento
AL,Nordeste,Caatinga,2,86.1,40.5,7,29.3,67.7,40.6,129.0,14.2,58.6,19.6,0.489,nenhum
ES,Sudeste,Mata Atlantica,10,112.4,35.7,14,22.4,70.1,29.8,1010.0,21.8,272.6,20.7,0.355,nenhum
SC,Sul,Mata Atlantica,11,111.9,71.9,6,19.4,82.8,48.4,680.0,24.9,19.0,19.5,0.481,deslizamento
PR,Sul,Pampa,9,207.9,59.4,18,16.2,77.9,46.5,309.0,20.3,210.2,34.6,0.46,nenhum
MT,Centro-Oeste,Cerrado,7,38.0,15.7,2,19.0,62.0,36.2,108.0,4.2,224.2,26.1,0.228,incendio_florestal
SP,Sudeste,Mata Atlantica,12,237.8,81.5,18,25.2,73.4,27.8,623.0,20.6,15.3,17.4,0.609,deslizamento
SE,Nordeste,Caatinga,5,171.6,63.0,11,23.5,57.8,36.7,137.0,11.1,165.9,22.4,0.461,nenhum
MG,Sudeste,Mata Atlantica,6,72.3,27.0,9,21.5,81.5,42.3,981.0,24.5,1095.3,33.8,0.21,deslizamento
MG,Sudeste,Mata Atlantica,1,139.1,36.8,12,25.6,63.5,27.2,288.0,14.7,8.0,19.0,0.383,nenhum
RJ,Sudeste,Mata Atlantica,9,98.4,51.5,8,20.1,74.7,14.9,746.0,19.1,40.1,19.8,0.27,nenhum
SC,Sul,Mata Atlantica,2,327.2,146.2,30,22.9,82.1,39.2,937.0,15.4,73.7,16.2,0.623,deslizamento
MT,Centro-Oeste,Cerrado,8,46.1,26.1,3,22.6,73.0,53.8,668.0,14.3,89.4,23.2,0.229,incendio_florestal
ES,Sudeste,Cerrado,10,165.2,34.2,15,19.7,84.2,28.6,626.0,18.8,12.0,18.9,0.517,nenhum
MG,Sudeste,Mata Atlantica,3,148.7,80.0,12,24.7,62.6,33.1,768.0,15.3,7.6,18.4,0.586,nenhum
PI,Nordeste,Cerrado,8,52.7,35.7,5,22.7,71.8,26.1,255.0,6.6,16.5,19.8,0.35,nenhum
RS,Sul,Mata Atlantica,4,164.9,42.2,14,20.8,77.3,31.6,222.0,11.9,58.0,26.3,0.52,nenhum
PA,Norte,Amazonia,5,137.8,41.1,15,25.4,91.2,20.0,172.0,3.5,24.7,18.4,0.423,nenhum
SC,Sul,Pampa,7,80.7,43.2,5,16.3,82.5,38.4,281.0,16.4,183.9,18.1,0.403,nenhum
MG,Sudeste,Mata Atlantica,3,130.6,33.2,13,21.9,77.7,30.9,148.0,12.4,306.0,18.2,0.502,nenhum
RR,Norte,Amazonia,10,259.0,104.2,22,26.3,91.4,48.6,40.0,4.8,13.7,14.0,0.644,inundacao
SP,Sudeste,Mata Atlantica,5,74.2,9.3,6,18.7,64.5,35.9,1473.0,8.8,82.1,21.5,0.423,nenhum
RO,Norte,Cerrado,6,110.3,27.6,9,26.2,86.8,31.6,68.0,8.5,57.9,26.5,0.374,nenhum
RJ,Sudeste,Mata Atlantica,10,90.4,19.9,7,22.3,62.7,54.4,1362.0,16.5,2266.6,33.7,0.318,nenhum
MG,Sudeste,Mata Atlantica,3,272.0,49.1,24,25.3,75.4,73.7,144.0,13.7,26.4,17.3,0.703,tempestade
RJ,Sudeste,Cerrado,6,39.3,14.1,3,20.5,72.3,29.7,904.0,23.1,92.2,21.6,0.195,incendio_florestal
RS,Sul,Mata Atlantica,12,233.6,52.2,20,20.4,69.5,52.3,263.0,19.8,993.9,42.3,0.535,deslizamento
RR,Norte,Cerrado,5,119.6,43.5,9,28.2,95.7,34.4,224.0,3.5,2.5,11.9,0.448,nenhum
AL,Nordeste,Cerrado,2,54.5,25.9,1,28.1,67.9,24.9,370.0,13.2,457.4,32.5,0.235,incendio_florestal
MS,Centro-Oeste,Pantanal,4,192.5,63.8,15,25.5,75.7,46.0,73.0,8.4,19.8,23.0,0.59,nenhum
AP,Norte,Cerrado,12,347.0,149.4,27,27.4,100.0,49.9,253.0,2.2,5.6,15.4,0.626,inundacao
MS,Centro-Oeste,Pantanal,10,113.2,43.4,4,26.7,88.2,47.9,1146.0,12.7,79.8,23.5,0.37,nenhum
PI,Nordeste,Caatinga,10,69.9,30.7,6,28.5,76.2,38.3,292.0,11.6,67.7,22.4,0.401,nenhum
PB,Nordeste,Cerrado,4,65.1,19.2,4,29.3,56.8,34.7,271.0,3.3,126.1,26.8,0.314,incendio_florestal
DF,Centro-Oeste,Cerrado,11,203.1,115.9,15,25.8,83.4,40.0,1203.0,11.7,154.7,25.9,0.616,tempestade
SC,Sul,Mata Atlantica,5,252.5,54.3,16,17.1,87.3,54.4,698.0,2.2,42.6,23.0,0.699,nenhum
RN,Nordeste,Cerrado,10,59.7,14.8,7,26.7,72.3,42.8,311.0,8.0,699.1,32.1,0.413,nenhum
SC,Sul,Pampa,11,192.5,33.2,15,18.5,84.0,41.9,380.0,11.2,404.9,38.1,0.478,tempestade
DF,Centro-Oeste,Pantanal,3,111.7,64.0,8,27.9,61.9,40.8,229.0,0.8,98.6,29.1,0.303,inundacao
CE,Nordeste,Mata Atlantica,12,89.8,25.8,7,29.9,72.1,28.2,292.0,14.0,85.9,16.6,0.276,incendio_florestal
DF,Centro-Oeste,Cerrado,8,105.3,45.0,7,20.2,65.6,38.8,363.0,4.9,296.8,33.6,0.325,nenhum
GO,Centro-Oeste,Pantanal,9,75.9,37.0,5,25.0,54.6,55.2,501.0,12.3,53.7,16.9,0.438,nenhum
SE,Nordeste,Caatinga,10,56.4,17.3,2,25.1,63.0,27.9,121.0,10.0,8.0,13.6,0.384,nenhum
MS,Centro-Oeste,Cerrado,3,281.1,71.5,18,26.7,61.3,28.8,685.0,3.1,43.0,16.7,0.665,nenhum
RN,Nordeste,Caatinga,9,88.6,12.4,3,25.3,62.9,18.3,555.0,12.2,30.4,18.2,0.535,nenhum
CE,Nordeste,Cerrado,3,69.9,33.3,4,29.2,57.2,51.1,189.0,4.0,62.2,19.7,0.255,incendio_florestal
MG,Sudeste,Cerrado,4,152.4,52.5,9,21.5,73.2,84.4,4.0,21.4,8.6,18.7,0.566,tempestade
DF,Centro-Oeste,Cerrado,2,148.0,32.8,7,26.2,71.7,78.9,821.0,24.3,10.4,16.5,0.457,tempestade
MG,Sudeste,Mata Atlantica,3,156.8,35.0,10,21.5,86.0,15.7,687.0,16.6,284.8,23.4,0.614,nenhum
MA,Nordeste,Caatinga,12,92.1,18.5,7,29.6,56.3,26.6,330.0,10.4,56.7,22.7,0.349,incendio_florestal
RS,Sul,Pampa,4,107.2,32.8,9,20.9,73.5,40.0,837.0,6.8,33.3,20.2,0.487,nenhum
RJ,Sudeste,Mata Atlantica,5,68.8,32.7,8,23.1,75.3,57.6,316.0,27.2,26.8,24.6,0.315,deslizamento
SC,Sul,Mata Atlantica,6,142.3,52.9,12,17.3,83.0,16.8,526.0,11.0,40.5,16.6,0.663,nenhum
MG,Sudeste,Mata Atlantica,9,175.2,63.0,16,19.6,75.6,22.9,521.0,16.4,66.0,26.0,0.533,nenhum
PE,Nordeste,Cerrado,7,95.6,12.9,8,24.1,60.6,30.7,174.0,7.9,4.3,11.0,0.419,nenhum
MT,Centro-Oeste,Cerrado,7,32.4,22.7,1,22.8,57.9,25.3,918.0,7.7,28.2,17.9,0.308,estiagem_seca
CE,Nordeste,Cerrado,11,40.6,13.8,5,29.6,54.8,25.2,251.0,7.4,69.2,21.1,0.338,estiagem_seca
RJ,Sudeste,Mata Atlantica,6,57.7,31.1,4,18.6,65.1,35.2,435.0,21.3,41.2,26.3,0.417,nenhum
MG,Sudeste,Mata Atlantica,10,103.6,50.3,10,22.9,77.7,45.6,1159.0,16.3,3.8,11.1,0.536,nenhum
SE,Nordeste,Cerrado,11,38.8,8.1,0,27.1,74.7,23.4,47.0,4.0,53.4,21.0,0.148,incendio_florestal
SC,Sul,Pampa,9,72.4,38.2,5,20.8,70.4,38.9,664.0,5.1,48.8,18.0,0.337,nenhum
TO,Norte,Amazonia,1,158.8,51.2,11,30.7,76.8,39.9,128.0,6.3,18.2,12.7,0.484,tempestade
RJ,Sudeste,Cerrado,4,99.2,20.1,6,21.1,90.4,32.6,1384.0,10.6,12.9,13.0,0.473,nenhum
MG,Sudeste,Mata Atlantica,8,71.3,19.3,6,17.7,69.9,20.0,1394.0,14.9,69.6,20.7,0.306,nenhum
AM,Norte,Amazonia,6,118.3,48.2,12,23.4,91.3,22.5,26.0,13.3,60.8,25.8,0.556,nenhum
SP,Sudeste,Mata Atlantica,4,203.1,77.3,13,20.0,76.0,32.6,1160.0,25.7,103.7,31.1,0.493,deslizamento
MG,Sudeste,Cerrado,5,167.4,81.7,15,18.5,71.3,35.6,686.0,14.1,1172.6,31.5,0.383,nenhum
RO,Norte,Cerrado,1,390.3,77.0,25,26.9,95.6,59.4,84.0,6.1,122.5,32.5,0.645,inundacao
MS,Centro-Oeste,Cerrado,3,313.1,137.5,22,27.3,88.5,64.3,907.0,3.2,17.4,13.1,0.744,tempestade
BA,Nordeste,Mata Atlantica,10,37.5,14.5,4,29.4,53.0,42.9,75.0,13.7,341.2,17.8,0.225,estiagem_seca
ES,Sudeste,Mata Atlantica,1,214.2,57.6,15,22.6,88.9,7.6,821.0,13.3,35.5,18.5,0.699,nenhum
PA,Norte,Cerrado,11,708.5,112.8,28,26.7,90.8,22.7,56.0,1.4,35.7,17.9,0.632,inundacao
PR,Sul,Pampa,5,87.1,22.5,11,15.8,79.2,52.2,127.0,0.5,13.4,15.0,0.367,nenhum
SC,Sul,Mata Atlantica,10,133.5,22.0,10,17.0,72.6,22.7,93.0,3.3,122.5,30.5,0.437,nenhum
CE,Nordeste,Caatinga,4,112.6,71.3,7,26.4,67.5,47.5,857.0,12.2,33.1,20.5,0.381,nenhum
PB,Nordeste,Mata Atlantica,10,22.6,7.1,1,30.4,66.0,20.9,357.0,10.4,195.7,23.4,0.388,estiagem_seca
MG,Sudeste,Mata Atlantica,7,44.2,12.2,5,16.5,80.3,40.6,819.0,16.0,126.5,16.1,0.22,incendio_florestal
ES,Sudeste,Cerrado,11,196.8,143.2,17,24.8,76.7,52.2,131.0,12.0,14.8,12.6,0.492,tempestade
MS,Centro-Oeste,Pantanal,1,161.8,37.8,10,28.1,79.6,33.1,1430.0,9.5,12.6,13.3,0.48,nenhum
PB,Nordeste,Cerrado,10,54.8,23.4,4,27.9,66.7,29.8,582.0,21.8,76.3,18.8,0.241,incendio_florestal
AC,Norte,Amazonia,4,220.7,149.0,15,26.8,93.1,38.6,129.0,7.2,340.6,18.0,0.512,tempestade
SC,Sul,Pampa,5,138.8,36.7,12,17.9,95.9,48.8,83.0,7.9,258.9,20.4,0.486,nenhum
MT,Centro-Oeste,Cerrado,1,105.9,15.3,6,26.9,67.3,35.7,728.0,3.1,519.3,19.1,0.331,nenhum
RS,Sul,Pampa,12,102.5,22.7,9,21.4,86.1,17.5,276.0,15.2,68.0,27.9,0.371,nenhum
MS,Centro-Oeste,Cerrado,8,35.6,5.4,3,22.6,64.1,30.6,88.0,0.3,208.2,27.0,0.228,incendio_florestal
RS,Sul,Pampa,12,196.9,89.4,13,23.1,85.6,53.5,46.0,6.2,294.7,25.4,0.654,inundacao
TO,Norte,Amazonia,7,50.4,10.6,3,23.6,71.9,56.5,151.0,12.1,1093.4,27.7,0.199,incendio_florestal
RO,Norte,Amazonia,2,336.1,134.4,27,26.3,100.0,61.4,87.0,1.8,99.9,29.6,0.672,inundacao
PR,Sul,Mata Atlantica,5,170.7,27.6,14,19.1,76.1,34.1,760.0,7.7,30.8,17.8,0.529,nenhum
SC,Sul,Mata Atlantica,6,112.6,40.2,13,18.8,78.6,21.6,342.0,14.2,310.2,25.3,0.359,nenhum
AL,Nordeste,Caatinga,2,51.6,24.1,9,33.8,67.2,33.9,497.0,12.1,7.5,12.0,0.33,estiagem_seca
SE,Nordeste,Cerrado,12,125.3,19.5,11,31.9,73.6,70.8,526.0,16.5,279.1,33.7,0.432,tempestade
DF,Centro-Oeste,Cerrado,12,298.7,37.6,24,27.7,87.3,21.8,56.0,13.2,413.6,23.9,0.552,inundacao
MT,Centro-Oeste,Pantanal,7,64.1,21.4,2,20.1,79.6,86.1,1469.0,13.8,254.3,29.8,0.318,tempestade
CE,Nordeste,Cerrado,8,53.8,11.1,4,24.5,61.0,14.6,254.0,10.3,13.5,13.1,0.339,nenhum
SC,Sul,Mata Atlantica,9,51.1,23.3,4,17.5,76.4,24.1,578.0,14.2,77.6,19.8,0.369,nenhum
AL,Nordeste,Mata Atlantica,9,91.1,27.9,8,23.9,66.3,48.8,669.0,7.6,285.1,19.8,0.415,nenhum
MG,Sudeste,Mata Atlantica,1,249.0,62.9,14,25.6,77.8,29.3,1154.0,24.0,122.6,28.3,0.758,deslizamento
AM,Norte,Amazonia,7,66.4,25.1,3,22.3,88.3,48.8,149.0,1.3,58.9,25.0,0.402,nenhum
AC,Norte,Amazonia,10,267.5,80.7,22,24.5,86.6,85.8,171.0,4.7,76.9,26.1,0.636,tempestade
SP,Sudeste,Mata Atlantica,10,98.9,23.6,8,20.4,69.3,40.4,954.0,27.7,5662.7,28.4,0.471,deslizamento
PB,Nordeste,Caatinga,8,57.7,18.8,4,22.8,62.3,21.1,495.0,2.9,12.6,17.7,0.345,nenhum
ES,Sudeste,Mata Atlantica,11,358.2,89.3,28,23.6,82.0,54.9,974.0,16.5,8.3,12.3,0.768,deslizamento
RO,Norte,Amazonia,8,97.3,52.2,8,21.8,81.8,99.1,151.0,3.0,13.5,13.9,0.409,tempestade
RS,Sul,Mata Atlantica,5,141.5,36.0,6,18.5,83.4,24.6,257.0,21.9,1357.4,43.8,0.43,nenhum
ES,Sudeste,Mata Atlantica,6,61.8,8.9,4,19.6,81.6,19.8,354.0,18.1,164.1,25.2,0.192,nenhum
SC,Sul,Mata Atlantica,9,305.5,111.4,19,14.9,90.8,52.4,639.0,18.2,24.1,20.4,0.683,nenhum
SE,Nordeste,Caatinga,11,47.3,8.7,3,29.9,73.0,37.3,310.0,10.2,1575.7,21.7,0.342,estiagem_seca
AL,Nordeste,Cerrado,3,70.9,35.3,3,29.1,79.5,53.2,361.0,8.9,10.1,13.5,0.409,nenhum
PB,Nordeste,Caatinga,4,108.3,33.0,11,25.8,58.0,104.8,269.0,10.3,22.8,23.2,0.285,tempestade
MG,Sudeste,Mata Atlantica,8,77.8,8.5,4,18.4,75.4,16.6,849.0,22.0,9.4,12.3,0.357,nenhum
SE,Nordeste,Cerrado,10,42.1,14.6,2,28.7,49.5,35.9,312.0,10.7,61.7,22.3,0.233,estiagem_seca
PA,Norte,Amazonia,5,84.2,21.0,11,25.3,73.4,14.9,27.0,0.3,111.9,29.3,0.341,nenhum
SE,Nordeste,Caatinga,8,72.9,12.6,7,24.1,68.9,22.9,290.0,7.4,68.9,27.9,0.177,incendio_florestal
BA,Nordeste,Caatinga,1,56.5,26.2,3,32.2,71.8,11.2,388.0,8.4,332.3,22.7,0.262,incendio_florestal
PE,Nordeste,Caatinga,4,241.5,117.4,18,24.2,85.4,47.9,700.0,2.2,30.3,14.4,0.677,tempestade
RN,Nordeste,Cerrado,12,124.2,91.8,9,31.6,72.1,32.2,23.0,16.4,35.9,17.0,0.42,tempestade
PI,Nordeste,Caatinga,7,49.5,13.1,6,24.6,73.8,35.6,563.0,7.4,86.7,24.4,0.414,nenhum
MG,Sudeste,Cerrado,11,224.5,29.4,17,20.6,90.0,38.7,1092.0,17.4,866.3,33.6,0.557,nenhum
PE,Nordeste,Cerrado,3,227.9,125.2,17,30.0,82.7,38.9,215.0,2.7,110.2,26.2,0.606,tempestade
PI,Nordeste,Cerrado,4,68.4,28.1,3,28.8,75.0,18.8,592.0,12.7,35.7,17.9,0.23,incendio_florestal
ES,Sudeste,Mata Atlantica,12,262.4,88.9,22,24.5,77.5,25.6,643.0,10.3,183.1,25.6,0.583,inundacao
RJ,Sudeste,Mata Atlantica,12,139.3,38.9,6,28.0,61.4,29.9,430.0,12.6,39.9,18.0,0.535,nenhum
PB,Nordeste,Cerrado,11,59.5,9.8,5,28.7,70.5,25.3,223.0,9.2,80.6,28.8,0.259,incendio_florestal
RJ,Sudeste,Cerrado,4,139.6,98.3,11,21.7,95.8,60.0,51.0,16.6,42.1,14.2,0.48,tempestade
PR,Sul,Mata Atlantica,10,184.3,28.9,13,18.7,84.9,22.2,170.0,5.3,8.7,14.2,0.531,nenhum
MT,Centro-Oeste,Cerrado,6,40.3,12.5,2,20.4,60.1,13.8,940.0,12.4,20.6,21.1,0.337,incendio_florestal
RS,Sul,Mata Atlantica,11,166.2,46.9,13,20.1,85.0,43.9,386.0,7.9,542.0,40.1,0.375,nenhum
RJ,Sudeste,Cerrado,11,517.7,275.8,29,23.5,85.5,57.0,19.0,16.4,85.8,20.9,0.626,inundacao
AC,Norte,Amazonia,6,46.1,19.9,5,24.4,81.6,27.8,89.0,4.8,68.3,19.6,0.334,incendio_florestal
DF,Centro-Oeste,Cerrado,4,97.8,36.7,10,25.8,61.5,29.9,797.0,16.7,57.2,25.0,0.358,nenhum
MG,Sudeste,Cerrado,12,446.9,117.0,26,22.6,89.4,51.9,718.0,5.0,35.1,24.5,0.52,inundacao
SC,Sul,Mata Atlantica,6,104.9,71.8,11,15.6,79.0,23.8,545.0,16.8,58.0,22.1,0.396,estiagem_seca
MS,Centro-Oeste,Cerrado,6,76.9,29.9,6,23.5,66.0,38.3,911.0,12.2,30.8,23.5,0.229,nenhum
TO,Norte,Amazonia,8,108.2,36.9,8,25.1,83.0,39.6,170.0,1.7,79.2,28.5,0.384,nenhum
SP,Sudeste,Cerrado,12,234.8,46.1,18,25.7,75.9,43.7,547.0,12.7,11.1,14.9,0.716,nenhum
RR,Norte,Cerrado,2,640.7,400.0,29,26.0,84.7,73.3,313.0,7.9,152.1,21.2,0.623,inundacao
RJ,Sudeste,Cerrado,12,185.5,81.8,12,24.1,69.9,30.2,541.0,10.9,48.1,15.6,0.637,nenhum
GO,Centro-Oeste,Cerrado,6,102.7,27.8,8,25.7,72.1,43.5,775.0,2.5,7.9,12.5,0.473,nenhum
SP,Sudeste,Cerrado,1,85.2,39.1,4,21.1,76.5,37.7,1323.0,22.6,34.7,20.5,0.428,nenhum
RS,Sul,Pampa,4,194.5,99.0,18,21.6,86.2,25.2,570.0,7.1,29.7,14.7,0.466,tempestade
ES,Sudeste,Mata Atlantica,6,48.9,11.4,2,17.9,60.0,58.1,97.0,10.1,241.4,30.9,0.254,incendio_florestal
RJ,Sudeste,Mata Atlantica,9,91.2,62.8,6,20.4,73.8,35.1,498.0,12.5,41.5,20.1,0.427,nenhum
MG,Sudeste,Mata Atlantica,7,42.5,27.6,3,20.7,80.9,32.4,1395.0,14.5,16.3,21.2,0.253,incendio_florestal
ES,Sudeste,Mata Atlantica,2,195.7,79.1,12,24.0,83.0,39.1,513.0,20.0,2.7,13.1,0.466,deslizamento
SC,Sul,Mata Atlantica,6,136.2,95.1,9,13.2,77.0,42.5,308.0,9.8,22.2,17.1,0.542,nenhum
PA,Norte,Amazonia,3,302.1,136.9,24,25.8,99.4,61.6,87.0,4.7,310.7,21.8,0.726,tempestade
ES,Sudeste,Mata Atlantica,4,185.3,37.6,11,21.4,81.2,41.0,679.0,21.5,106.3,21.6,0.641,nenhum
AL,Nordeste,Caatinga,9,21.7,7.3,1,25.3,53.9,49.2,395.0,6.8,14.4,16.7,0.133,estiagem_seca
PR,Sul,Mata Atlantica,10,206.2,58.9,21,18.2,76.8,29.4,96.0,1.0,40.8,24.0,0.562,nenhum
ES,Sudeste,Mata Atlantica,2,139.5,49.1,11,23.6,89.8,21.1,573.0,18.4,60.0,19.1,0.44,nenhum
DF,Centro-Oeste,Cerrado,8,55.1,14.0,6,23.3,63.6,24.4,904.0,13.5,559.9,21.8,0.241,incendio_florestal
PE,Nordeste,Caatinga,6,160.7,64.1,15,26.7,68.4,33.3,263.0,5.9,53.7,22.6,0.51,nenhum
PE,Nordeste,Cerrado,5,40.9,18.3,2,25.0,65.7,22.8,98.0,8.2,24.0,17.5,0.32,incendio_florestal
ES,Sudeste,Mata Atlantica,9,106.8,54.1,9,22.9,78.9,39.7,961.0,23.0,89.6,21.2,0.386,nenhum
RN,Nordeste,Caatinga,3,53.1,29.8,9,30.3,63.4,49.1,700.0,17.8,137.4,21.9,0.422,estiagem_seca
AM,Norte,Amazonia,10,317.2,89.7,25,27.8,100.0,46.0,187.0,19.8,166.2,25.4,0.511,deslizamento
SC,Sul,Mata Atlantica,5,82.4,17.5,10,17.3,92.2,55.9,693.0,4.9,161.4,24.3,0.383,nenhum
MG,Sudeste,Mata Atlantica,2,208.2,24.3,14,26.9,67.0,28.5,254.0,22.0,1313.2,42.8,0.432,deslizamento
SE,Nordeste,Caatinga,10,32.1,3.3,1,26.6,63.0,53.7,83.0,11.0,8.6,13.8,0.301,estiagem_seca
MA,Nordeste,Mata Atlantica,11,98.4,17.5,7,25.3,76.9,45.6,319.0,8.6,43.4,18.2,0.431,nenhum
PR,Sul,Pampa,7,126.7,72.3,14,16.4,84.0,39.2,286.0,19.3,51.8,18.7,0.542,nenhum
SP,Sudeste,Mata Atlantica,9,63.5,31.3,3,19.1,73.5,20.3,561.0,4.5,7.7,18.5,0.316,nenhum
MG,Sudeste,Mata Atlantica,2,464.8,158.7,29,20.3,97.5,43.5,674.0,19.2,9.9,12.1,0.703,deslizamento
SE,Nordeste,Caatinga,5,131.8,20.0,9,22.7,62.0,10.7,58.0,13.3,35.8,14.5,0.314,nenhum
AL,Nordeste,Caatinga,5,90.6,30.3,2,25.9,71.2,35.3,8.0,8.2,30.5,24.2,0.448,nenhum
AM,Norte,Amazonia,10,347.0,187.8,29,24.5,93.8,87.2,227.0,4.8,24.3,15.7,0.722,tempestade
ES,Sudeste,Mata Atlantica,5,132.3,24.9,10,16.7,75.1,40.7,211.0,12.3,3.6,13.6,0.486,nenhum
PA,Norte,Amazonia,9,167.4,76.3,15,24.3,86.6,20.7,96.0,7.2,9.8,15.2,0.545,nenhum
AC,Norte,Amazonia,4,152.5,40.2,10,25.7,91.1,54.3,260.0,7.7,22.3,15.1,0.461,nenhum
RJ,Sudeste,Mata Atlantica,8,43.0,9.5,5,20.3,86.8,38.6,801.0,8.5,36.2,24.7,0.249,incendio_florestal
PR,Sul,Mata Atlantica,3,134.1,17.9,16,18.4,94.0,48.0,311.0,12.8,80.4,22.9,0.4,deslizamento
ES,Sudeste,Mata Atlantica,7,61.8,22.2,4,18.9,81.6,44.4,996.0,14.6,35.0,20.8,0.265,nenhum
GO,Centro-Oeste,Cerrado,1,275.3,110.5,15,25.1,79.2,58.7,525.0,1.6,19.0,12.9,0.703,tempestade
MT,Centro-Oeste,Amazonia,9,130.0,35.8,11,26.6,83.9,57.1,1196.0,7.1,88.1,24.2,0.539,nenhum
GO,Centro-Oeste,Pantanal,1,565.2,262.8,29,28.4,67.2,90.4,453.0,7.9,75.8,16.8,0.646,tempestade
SE,Nordeste,Mata Atlantica,12,110.7,80.0,6,31.1,68.6,57.1,253.0,11.0,12.8,20.6,0.426,tempestade
MS,Centro-Oeste,Cerrado,11,102.4,34.3,8,23.0,66.0,29.8,275.0,6.8,978.3,29.8,0.361,nenhum
MT,Centro-Oeste,Cerrado,7,33.7,9.6,5,19.9,56.6,18.6,95.0,4.0,1.7,12.9,0.287,estiagem_seca
SP,Sudeste,Mata Atlantica,11,99.3,60.8,5,22.2,73.1,23.4,849.0,20.5,139.3,22.0,0.372,nenhum
SC,Sul,Mata Atlantica,10,177.3,30.6,14,17.9,81.2,24.8,1044.0,9.8,201.2,25.1,0.633,nenhum
SC,Sul,Mata Atlantica,2,73.3,50.8,8,21.0,95.8,31.6,428.0,9.1,244.3,17.1,0.353,nenhum
AP,Norte,Amazonia,9,162.1,32.7,18,26.3,88.3,23.3,267.0,0.9,84.0,15.3,0.589,nenhum
BA,Nordeste,Caatinga,5,81.4,14.8,9,26.0,59.3,33.9,163.0,9.3,6.6,16.0,0.375,nenhum
PE,Nordeste,Caatinga,11,65.6,17.8,3,30.9,57.1,24.0,31.0,11.6,964.2,19.0,0.461,estiagem_seca
PI,Nordeste,Caatinga,11,114.1,38.7,5,29.2,54.7,39.8,292.0,6.1,6.7,18.0,0.521,estiagem_seca
PE,Nordeste,Cerrado,12,62.6,13.4,3,28.7,67.9,38.5,41.0,1.3,10.3,20.1,0.388,nenhum
SE,Nordeste,Mata Atlantica,6,49.6,9.0,3,25.2,63.5,29.1,329.0,14.3,22.9,15.7,0.372,incendio_florestal
MG,Sudeste,Mata Atlantica,3,137.6,51.3,14,23.9,69.9,80.0,1433.0,26.3,7.7,17.6,0.519,tempestade
GO,Centro-Oeste,Pantanal,2,161.8,129.8,14,26.6,65.6,55.8,588.0,2.7,7.8,17.9,0.484,tempestade
RS,Sul,Mata Atlantica,2,147.5,30.3,16,17.6,82.5,41.9,250.0,21.9,13.5,13.5,0.522,nenhum
AM,Norte,Amazonia,12,591.9,178.6,27,29.6,86.4,72.6,288.0,7.3,2.7,13.9,0.852,inundacao
AC,Norte,Amazonia,8,122.1,30.3,9,25.2,82.3,34.4,176.0,11.1,60.2,27.0,0.449,nenhum
PB,Nordeste,Cerrado,5,106.0,44.9,7,25.4,60.5,44.5,271.0,17.7,26.2,17.6,0.376,nenhum
AC,Norte,Amazonia,6,134.7,37.3,10,23.2,85.3,60.4,408.0,7.6,34.8,22.4,0.353,nenhum
BA,Nordeste,Mata Atlantica,3,141.6,44.4,13,27.3,54.5,94.0,270.0,2.1,77.1,19.0,0.444,tempestade
PR,Sul,Pampa,7,153.2,54.1,13,17.1,90.1,25.2,232.0,7.6,41.7,21.5,0.41,nenhum
PE,Nordeste,Caatinga,6,73.6,15.9,7,24.9,68.0,23.9,180.0,9.5,19.0,18.6,0.382,nenhum
CE,Nordeste,Cerrado,10,67.1,18.3,7,27.2,63.5,65.9,408.0,6.3,99.8,17.3,0.253,incendio_florestal
ES,Sudeste,Cerrado,1,419.8,161.2,31,21.3,86.4,48.2,459.0,7.1,33.4,25.2,0.549,inundacao
MT,Centro-Oeste,Cerrado,12,294.9,134.2,25,28.2,74.7,41.5,1296.0,10.1,14.9,21.5,0.679,incendio_florestal
MG,Sudeste,Mata Atlantica,1,270.6,58.2,20,25.7,91.7,43.1,869.0,19.9,40.4,26.3,0.544,deslizamento
PE,Nordeste,Caatinga,6,63.9,24.3,5,23.0,59.6,68.6,55.0,13.4,336.9,28.2,0.324,nenhum
SP,Sudeste,Cerrado,5,106.8,50.1,5,19.4,65.2,51.4,859.0,27.9,21.3,15.7,0.537,deslizamento
MA,Nordeste,Mata Atlantica,9,40.8,24.1,1,25.2,56.9,41.2,418.0,10.5,133.3,28.5,0.296,incendio_florestal
GO,Centro-Oeste,Cerrado,8,50.7,17.4,7,17.9,61.9,23.5,485.0,4.5,11.4,17.8,0.367,deslizamento
SP,Sudeste,Cerrado,3,289.2,113.7,20,20.5,84.4,41.2,546.0,26.4,51.8,26.5,0.692,deslizamento
RS,Sul,Mata Atlantica,6,170.2,73.0,12,12.8,83.0,50.2,587.0,15.3,75.4,27.9,0.368,nenhum
AL,Nordeste,Mata Atlantica,7,64.2,29.5,6,26.1,62.9,39.2,400.0,29.0,13.6,14.9,0.196,deslizamento
MG,Sudeste,Cerrado,6,80.6,49.2,4,18.3,60.9,80.8,1149.0,9.6,29.4,20.4,0.394,tempestade
AP,Norte,Amazonia,1,294.8,55.2,26,27.1,95.5,45.3,45.0,14.4,12.1,16.0,0.729,inundacao
PE,Nordeste,Caatinga,3,115.5,24.2,8,31.0,69.9,34.6,66.0,6.4,13.9,21.1,0.457,estiagem_seca
AP,Norte,Amazonia,7,70.3,20.4,4,26.5,84.9,52.2,379.0,8.0,48.7,19.8,0.368,nenhum
SP,Sudeste,Cerrado,4,124.2,39.2,15,21.0,74.6,83.4,777.0,29.0,554.8,19.5,0.397,tempestade
AL,Nordeste,Cerrado,7,112.1,41.5,4,23.6,64.2,65.8,297.0,18.0,92.9,23.0,0.44,nenhum
ES,Sudeste,Mata Atlantica,2,333.5,101.2,26,24.1,72.4,22.4,122.0,20.1,52.3,17.5,0.739,nenhum
AP,Norte,Amazonia,9,140.8,26.5,14,25.9,89.1,45.0,214.0,1.5,419.3,17.8,0.446,nenhum
PR,Sul,Mata Atlantica,3,162.8,51.3,7,17.3,83.7,50.6,162.0,16.6,7.0,18.0,0.462,nenhum
MG,Sudeste,Mata Atlantica,8,28.6,6.0,2,21.4,77.1,67.6,980.0,2.6,378.3,31.5,0.141,incendio_florestal
RO,Norte,Amazonia,11,284.8,69.0,23,26.1,82.7,25.1,284.0,15.6,28.8,14.8,0.593,deslizamento
PA,Norte,Amazonia,5,251.2,102.5,22,26.2,96.7,52.3,81.0,11.7,77.2,20.7,0.637,tempestade
AM,Norte,Amazonia,2,119.6,35.5,7,28.3,86.8,23.8,223.0,9.8,140.4,20.7,0.445,nenhum
PR,Sul,Mata Atlantica,1,68.1,21.7,7,24.3,77.9,13.9,548.0,21.0,105.0,28.8,0.414,nenhum
CE,Nordeste,Cerrado,5,101.3,29.9,8,25.2,57.7,28.5,490.0,19.0,29.7,21.8,0.355,nenhum
MG,Sudeste,Mata Atlantica,2,162.0,121.5,8,26.5,73.7,51.8,430.0,10.5,178.0,18.3,0.432,tempestade
MT,Centro-Oeste,Cerrado,11,198.2,71.2,15,25.8,76.6,69.2,52.0,13.9,27.8,13.4,0.615,tempestade
ES,Sudeste,Mata Atlantica,12,209.5,89.3,14,24.5,88.5,31.3,508.0,22.8,27.6,23.0,0.55,deslizamento
DF,Centro-Oeste,Pantanal,12,214.6,43.4,15,28.6,74.6,28.6,834.0,16.9,47.6,26.9,0.672,nenhum
MT,Centro-Oeste,Cerrado,12,203.3,38.3,11,22.2,75.2,42.8,394.0,1.3,109.3,31.3,0.602,nenhum
PR,Sul,Pampa,8,165.5,132.9,15,14.8,79.2,48.8,719.0,7.7,11.5,13.1,0.579,tempestade
PE,Nordeste,Caatinga,4,84.8,24.4,4,24.4,65.0,38.6,98.0,11.4,13.6,15.9,0.287,nenhum
MG,Sudeste,Mata Atlantica,6,78.3,25.2,3,18.6,71.3,21.0,541.0,17.5,3.8,11.2,0.345,nenhum
TO,Norte,Amazonia,4,223.0,30.9,18,28.1,100.0,25.8,294.0,14.1,33.8,25.3,0.676,nenhum
DF,Centro-Oeste,Amazonia,11,180.8,89.6,14,27.5,70.1,76.4,1428.0,10.9,250.6,25.6,0.512,tempestade
RS,Sul,Mata Atlantica,6,253.0,80.7,19,14.3,93.0,63.3,374.0,3.5,6397.4,49.9,0.425,deslizamento
MG,Sudeste,Cerrado,5,81.6,25.0,7,19.2,70.8,33.0,974.0,13.0,74.4,21.8,0.478,nenhum
RJ,Sudeste,Mata Atlantica,9,42.3,17.7,2,17.3,62.4,45.6,1125.0,17.2,607.0,20.2,0.273,incendio_florestal
RN,Nordeste,Cerrado,5,108.7,45.7,14,28.2,73.7,50.3,253.0,8.9,54.3,19.4,0.439,nenhum
MT,Centro-Oeste,Cerrado,5,139.5,87.1,11,24.4,69.1,41.8,1205.0,19.5,60.6,28.6,0.474,nenhum
CE,Nordeste,Mata Atlantica,3,159.8,38.7,14,30.1,68.7,15.4,565.0,10.0,42.8,25.6,0.482,estiagem_seca
MS,Centro-Oeste,Cerrado,1,138.6,117.0,10,26.6,68.1,54.6,103.0,6.5,48.4,21.2,0.549,tempestade
MS,Centro-Oeste,Cerrado,1,200.6,89.1,14,25.7,71.3,19.2,618.0,6.1,48.8,18.7,0.573,tempestade
CE,Nordeste,Caatinga,5,121.5,36.1,15,26.3,67.3,23.7,103.0,8.3,31.7,15.6,0.429,nenhum
CE,Nordeste,Caatinga,12,96.7,46.5,5,25.8,63.6,60.6,406.0,15.8,737.9,21.7,0.561,nenhum
PE,Nordeste,Mata Atlantica,4,49.6,10.7,3,27.3,57.8,28.0,52.0,2.9,118.2,18.2,0.201,incendio_florestal
BA,Nordeste,Caatinga,8,13.9,3.8,1,24.2,56.1,32.6,263.0,7.7,17.8,18.1,0.262,estiagem_seca
PB,Nordeste,Caatinga,4,172.7,95.0,16,27.6,57.3,78.8,403.0,7.3,135.1,27.9,0.534,tempestade
PR,Sul,Mata Atlantica,4,102.8,26.3,9,18.4,80.1,21.6,686.0,6.1,231.1,22.3,0.441,nenhum
MG,Sudeste,Mata Atlantica,2,92.0,38.8,5,24.9,78.4,22.4,580.0,18.7,8.1,19.2,0.525,nenhum
RN,Nordeste,Cerrado,7,66.1,43.0,6,22.8,72.9,51.4,253.0,3.0,245.3,25.8,0.331,nenhum
ES,Sudeste,Cerrado,8,59.3,29.6,5,17.6,77.8,41.6,555.0,11.9,200.6,27.5,0.227,nenhum
MG,Sudeste,Mata Atlantica,5,76.2,31.4,2,22.5,81.6,41.4,251.0,13.9,90.8,23.7,0.363,nenhum
AL,Nordeste,Cerrado,7,53.7,19.9,5,23.2,67.4,50.3,177.0,13.6,556.9,35.2,0.268,incendio_florestal
SE,Nordeste,Caatinga,6,95.7,17.3,8,25.0,66.4,24.3,399.0,15.4,234.8,34.6,0.431,nenhum
RR,Norte,Amazonia,4,212.3,49.2,18,28.3,87.8,34.2,13.0,5.5,28.2,23.4,0.641,nenhum
PA,Norte,Amazonia,9,80.1,24.2,5,23.1,87.5,24.5,100.0,11.0,64.6,22.2,0.343,nenhum
SP,Sudeste,Mata Atlantica,7,32.5,16.1,4,18.4,77.9,28.1,338.0,20.2,438.4,37.7,0.193,incendio_florestal
SC,Sul,Mata Atlantica,1,148.6,30.8,8,24.0,87.8,26.4,380.0,16.3,26.2,18.1,0.522,nenhum
AC,Norte,Amazonia,6,130.1,97.8,9,24.2,100.0,51.0,141.0,12.7,29.4,14.3,0.491,tempestade
ES,Sudeste,Mata Atlantica,5,58.2,13.8,5,21.7,77.1,66.1,233.0,10.4,81.9,17.1,0.222,nenhum
TO,Norte,Cerrado,10,158.8,27.7,10,27.4,89.7,24.2,98.0,2.3,38.5,26.1,0.389,nenhum
SP,Sudeste,Mata Atlantica,4,148.7,56.3,8,20.7,82.1,51.9,787.0,7.8,2201.0,45.6,0.444,nenhum
ES,Sudeste,Mata Atlantica,12,393.2,159.2,22,21.9,88.9,71.9,603.0,11.7,417.0,36.9,0.551,inundacao
PB,Nordeste,Caatinga,8,101.7,71.9,8,22.4,68.1,29.4,352.0,5.1,1436.1,38.7,0.25,nenhum
RR,Norte,Amazonia,2,292.8,115.8,24,32.9,93.2,36.9,20.0,21.8,339.1,31.2,0.659,inundacao
ES,Sudeste,Mata Atlantica,5,100.4,34.6,5,21.2,82.4,36.8,250.0,9.3,74.2,27.6,0.293,nenhum
PR,Sul,Mata Atlantica,11,237.2,38.3,25,18.8,91.8,63.9,201.0,23.5,2.7,12.1,0.651,deslizamento
PE,Nordeste,Cerrado,4,183.8,93.0,16,25.3,71.7,62.7,180.0,14.6,91.0,23.9,0.591,tempestade
PE,Nordeste,Caatinga,9,59.4,19.8,4,25.7,59.2,6.0,46.0,1.6,9.9,19.3,0.247,incendio_florestal
PA,Norte,Amazonia,10,505.5,201.6,28,23.2,87.1,44.4,93.0,7.4,5.1,11.2,0.733,inundacao
ES,Sudeste,Mata Atlantica,9,170.8,57.7,17,20.2,68.1,43.9,717.0,12.2,310.6,28.5,0.558,nenhum
MG,Sudeste,Mata Atlantica,2,184.9,88.4,16,25.0,76.2,49.0,620.0,5.2,10.1,15.0,0.496,nenhum
MG,Sudeste,Mata Atlantica,5,115.4,28.7,11,19.9,65.3,46.9,468.0,16.6,17.9,18.4,0.538,nenhum
SP,Sudeste,Mata Atlantica,5,173.6,76.6,15,21.1,81.3,46.9,1137.0,22.0,25.6,24.2,0.465,deslizamento
SC,Sul,Mata Atlantica,5,196.4,40.3,19,17.6,93.8,64.8,83.0,15.8,64.9,26.2,0.576,nenhum
RJ,Sudeste,Mata Atlantica,11,172.8,59.3,12,24.3,90.3,26.4,1095.0,11.9,47.5,20.7,0.455,nenhum
SE,Nordeste,Cerrado,1,57.5,15.7,2,33.0,62.0,41.0,445.0,9.3,160.2,28.2,0.241,incendio_florestal
RJ,Sudeste,Mata Atlantica,7,49.6,15.4,0,14.8,80.3,46.4,545.0,11.5,124.1,25.2,0.394,nenhum
PE,Nordeste,Mata Atlantica,12,49.8,27.6,1,31.7,60.7,29.3,226.0,7.8,4.9,12.1,0.453,estiagem_seca
RN,Nordeste,Caatinga,11,18.5,5.7,3,31.1,80.3,33.8,425.0,9.6,520.3,28.0,0.294,estiagem_seca
SC,Sul,Mata Atlantica,8,203.2,104.4,15,13.1,87.1,17.1,480.0,8.2,9.3,12.6,0.573,tempestade
SP,Sudeste,Cerrado,12,184.9,50.6,10,23.9,75.1,27.7,805.0,14.9,11.4,16.0,0.491,nenhum
RS,Sul,Pampa,5,213.1,70.0,20,17.0,73.9,20.7,486.0,19.3,721.6,28.6,0.449,nenhum
MT,Centro-Oeste,Cerrado,8,32.9,13.2,3,20.7,69.2,37.0,345.0,13.0,45.6,23.5,0.281,estiagem_seca
ES,Sudeste,Mata Atlantica,7,64.0,13.5,4,20.4,78.1,30.7,507.0,9.8,278.3,22.3,0.203,nenhum
MS,Centro-Oeste,Cerrado,1,237.5,65.5,16,22.7,61.0,36.6,155.0,5.7,148.8,22.9,0.612,nenhum
AM,Norte,Amazonia,1,571.9,173.9,23,30.6,100.0,58.9,477.0,8.3,99.7,22.0,0.697,inundacao
CE,Nordeste,Mata Atlantica,11,72.1,40.2,7,28.9,72.0,27.7,387.0,9.5,17.5,14.4,0.299,incendio_florestal
MS,Centro-Oeste,Cerrado,3,157.7,40.6,10,25.7,73.3,55.7,674.0,16.3,37.1,23.1,0.487,nenhum
AC,Norte,Amazonia,5,192.3,82.7,16,24.1,81.6,52.3,330.0,9.1,619.3,33.3,0.491,nenhum
RS,Sul,Mata Atlantica,8,62.2,32.8,5,17.7,76.2,31.8,685.0,9.9,17.7,16.8,0.374,nenhum
AP,Norte,Cerrado,7,91.4,41.2,9,20.7,88.6,34.3,56.0,1.8,55.2,16.7,0.392,nenhum
BA,Nordeste,Cerrado,7,89.3,42.0,5,26.1,66.7,58.4,197.0,8.0,108.0,28.4,0.306,nenhum
ES,Sudeste,Mata Atlantica,12,328.4,79.8,24,21.6,86.4,33.9,56.0,20.0,27.5,21.5,0.568,deslizamento
AM,Norte,Amazonia,10,204.3,111.3,15,25.5,86.9,42.4,188.0,13.5,17.6,19.4,0.724,tempestade
PR,Sul,Mata Atlantica,12,141.8,37.2,11,24.2,81.5,14.1,657.0,7.7,37.9,26.0,0.41,nenhum
SP,Sudeste,Mata Atlantica,8,71.7,18.0,4,16.0,76.5,32.4,1602.0,12.7,36.7,24.0,0.272,nenhum
AM,Norte,Amazonia,12,845.5,220.5,30,27.5,92.7,73.8,217.0,9.8,5.2,16.7,0.761,inundacao
SP,Sudeste,Mata Atlantica,8,55.2,27.6,6,18.9,65.1,42.4,980.0,13.3,74.9,26.4,0.288,nenhum
ES,Sudeste,Cerrado,7,25.0,6.2,0,19.8,82.2,39.7,1064.0,12.1,363.1,32.8,0.292,estiagem_seca
ES,Sudeste,Cerrado,10,137.0,62.5,10,20.8,69.2,54.1,525.0,21.4,0.5,9.7,0.496,nenhum
MG,Sudeste,Mata Atlantica,11,170.1,67.2,13,25.5,76.2,24.3,1145.0,15.5,65.1,28.6,0.517,nenhum
ES,Sudeste,Mata Atlantica,1,256.9,73.1,21,27.7,89.0,39.7,47.0,26.1,0.5,9.5,0.734,deslizamento
RJ,Sudeste,Mata Atlantica,11,195.5,48.8,16,19.6,77.2,44.4,542.0,17.5,452.9,26.5,0.548,nenhum
PE,Nordeste,Mata Atlantica,9,65.8,36.0,4,22.2,74.2,24.2,547.0,7.0,20.4,23.2,0.257,nenhum
RJ,Sudeste,Cerrado,11,376.4,125.3,26,21.2,84.6,65.1,976.0,23.4,50.2,27.6,0.614,deslizamento
PR,Sul,Mata Atlantica,9,179.0,61.6,10,13.8,83.2,45.3,1000.0,11.5,10.8,19.5,0.391,inundacao
MG,Sudeste,Mata Atlantica,12,159.9,88.3,12,20.4,79.2,39.8,374.0,13.0,957.5,32.8,0.515,nenhum
ES,Sudeste,Mata Atlantica,4,68.9,24.6,6,23.3,75.2,23.2,1051.0,11.0,1124.9,34.6,0.247,nenhum
MT,Centro-Oeste,Cerrado,3,278.7,100.3,19,25.9,70.1,33.1,1085.0,6.1,9.3,15.4,0.596,tempestade
MG,Sudeste,Cerrado,3,110.9,51.7,6,22.3,77.2,26.5,784.0,15.8,7.8,13.1,0.484,nenhum
PR,Sul,Pampa,4,144.3,60.1,10,18.1,91.0,16.1,232.0,8.1,173.7,18.1,0.483,nenhum
BA,Nordeste,Caatinga,3,137.6,69.0,9,32.0,76.2,44.9,163.0,7.8,179.9,16.5,0.556,estiagem_seca
BA,Nordeste,Caatinga,6,65.3,17.7,3,27.9,54.9,68.1,574.0,17.6,27.6,15.8,0.201,incendio_florestal
SP,Sudeste,Mata Atlantica,3,139.5,80.5,10,22.5,79.1,38.2,742.0,11.8,10.1,16.4,0.456,nenhum
MT,Centro-Oeste,Cerrado,2,202.7,98.7,12,25.1,70.7,67.8,662.0,5.8,470.0,37.2,0.491,tempestade
RJ,Sudeste,Cerrado,7,79.7,33.4,5,20.6,75.7,60.5,333.0,2.8,32.9,18.7,0.421,nenhum
AP,Norte,Amazonia,10,315.6,167.6,26,23.1,84.0,46.6,79.0,2.6,30.2,21.2,0.679,inundacao
BA,Nordeste,Cerrado,2,75.5,13.3,10,30.9,63.5,29.0,604.0,6.0,59.0,21.2,0.465,estiagem_seca
SP,Sudeste,Mata Atlantica,7,27.3,4.3,3,16.4,66.8,24.6,828.0,22.2,5.3,11.0,0.415,estiagem_seca
RJ,Sudeste,Cerrado,8,36.2,4.8,2,16.4,62.6,12.3,1500.0,17.9,19.1,17.3,0.341,estiagem_seca
ES,Sudeste,Cerrado,9,113.8,58.8,10,15.9,83.5,47.0,727.0,11.6,10.8,15.1,0.459,nenhum
ES,Sudeste,Mata Atlantica,2,320.7,78.9,24,25.8,91.3,54.1,895.0,18.5,2.5,11.4,0.598,deslizamento
ES,Sudeste,Mata Atlantica,9,47.1,6.4,6,22.3,76.2,38.9,960.0,16.7,13.4,15.1,0.36,incendio_florestal
RJ,Sudeste,Mata Atlantica,1,104.1,37.9,5,24.8,78.5,34.8,146.0,22.8,44.9,16.1,0.567,inundacao
ES,Sudeste,Mata Atlantica,3,130.2,89.8,10,21.1,70.8,76.3,592.0,18.1,14.7,18.0,0.552,tempestade
MG,Sudeste,Mata Atlantica,4,188.2,80.8,16,22.8,62.5,51.5,578.0,14.5,39.2,24.3,0.507,nenhum
SP,Sudeste,Cerrado,11,197.8,62.2,23,28.0,78.2,44.9,285.0,18.9,9.8,18.7,0.56,nenhum
AC,Norte,Amazonia,3,208.0,27.9,15,28.0,99.7,18.6,142.0,15.4,120.9,20.2,0.719,nenhum
CE,Nordeste,Mata Atlantica,10,29.5,12.4,1,28.8,63.1,36.5,542.0,22.9,212.4,21.9,0.188,estiagem_seca
DF,Centro-Oeste,Amazonia,12,166.4,35.3,18,29.2,60.7,35.4,457.0,12.9,130.5,20.6,0.536,nenhum
RS,Sul,Mata Atlantica,12,207.5,31.2,16,24.1,92.3,33.6,503.0,8.0,61.3,16.9,0.556,nenhum
ES,Sudeste,Cerrado,4,99.9,29.3,8,21.5,62.7,46.6,997.0,16.3,165.3,27.3,0.345,incendio_florestal
AP,Norte,Amazonia,2,183.1,77.9,12,30.6,87.4,15.3,154.0,12.0,19.2,14.3,0.595,tempestade
ES,Sudeste,Cerrado,3,258.7,164.3,18,20.5,83.6,45.3,240.0,15.7,14.7,16.2,0.723,deslizamento
AL,Nordeste,Mata Atlantica,10,39.7,14.1,3,27.2,67.9,74.2,258.0,4.8,43.5,21.3,0.254,incendio_florestal
MG,Sudeste,Mata Atlantica,3,196.2,94.4,21,25.3,89.0,38.4,949.0,23.7,21.4,20.3,0.633,inundacao
SP,Sudeste,Mata Atlantica,8,58.3,14.7,4,17.1,70.0,36.8,316.0,7.8,380.0,37.6,0.323,nenhum
SP,Sudeste,Mata Atlantica,5,45.7,25.5,2,19.8,69.9,64.4,1549.0,12.7,1011.3,38.8,0.3,incendio_florestal
MG,Sudeste,Mata Atlantica,10,99.0,54.0,9,17.1,68.9,20.6,527.0,12.8,2534.3,31.3,0.379,estiagem_seca
PI,Nordeste,Caatinga,8,27.5,20.4,1,23.9,61.5,21.2,886.0,11.7,196.0,31.8,0.339,estiagem_seca
MT,Centro-Oeste,Pantanal,8,50.9,10.5,3,22.3,64.5,20.4,337.0,8.4,84.6,19.5,0.243,incendio_florestal
SC,Sul,Mata Atlantica,10,141.4,33.6,15,20.3,80.6,59.0,201.0,18.8,2.6,13.1,0.508,nenhum
MG,Sudeste,Mata Atlantica,12,527.9,184.7,22,22.5,84.3,48.5,1495.0,16.1,26.3,15.7,0.658,deslizamento
MS,Centro-Oeste,Cerrado,5,190.6,88.0,17,23.0,74.6,86.0,387.0,8.6,16.2,16.9,0.597,tempestade
PE,Nordeste,Caatinga,7,119.6,53.8,7,22.2,66.1,46.6,335.0,12.3,18.1,19.0,0.516,nenhum
TO,Norte,Amazonia,8,124.1,101.7,11,23.6,78.5,41.7,44.0,1.1,375.2,34.3,0.309,inundacao
BA,Nordeste,Caatinga,10,23.8,8.2,2,27.3,59.7,16.1,355.0,7.1,434.9,37.5,0.211,estiagem_seca
CE,Nordeste,Cerrado,6,64.1,22.2,5,25.1,71.9,21.5,295.0,17.0,26.2,24.6,0.283,nenhum
SE,Nordeste,Cerrado,5,35.9,5.5,2,26.3,53.3,28.3,40.0,11.4,19.6,21.8,0.363,estiagem_seca
SC,Sul,Pampa,11,135.6,47.5,10,20.0,98.4,88.8,670.0,9.6,35.5,16.1,0.586,tempestade
DF,Centro-Oeste,Cerrado,12,100.2,36.2,7,27.2,72.2,37.8,959.0,6.9,3.2,14.5,0.336,nenhum
SE,Nordeste,Cerrado,7,62.0,11.5,5,27.2,61.5,60.8,598.0,8.3,341.0,29.3,0.346,incendio_florestal
TO,Norte,Amazonia,2,335.3,145.1,29,27.0,100.0,40.2,6.0,5.1,170.8,22.9,0.895,inundacao
BA,Nordeste,Caatinga,4,97.2,56.5,10,27.1,53.0,14.8,168.0,16.6,7.7,13.7,0.429,nenhum
RJ,Sudeste,Mata Atlantica,6,52.6,27.6,7,16.8,73.9,23.6,574.0,22.4,8.0,17.0,0.322,nenhum
PE,Nordeste,Mata Atlantica,9,32.8,7.1,2,22.9,56.1,34.8,512.0,3.2,598.3,27.8,0.285,estiagem_seca
SP,Sudeste,Mata Atlantica,9,61.4,28.6,8,22.6,67.3,40.4,626.0,7.1,176.0,31.9,0.359,deslizamento
ES,Sudeste,Mata Atlantica,10,117.9,33.2,11,20.0,83.1,54.7,1339.0,17.2,800.0,40.8,0.468,nenhum
AC,Norte,Amazonia,1,190.8,86.1,18,29.0,86.1,24.2,141.0,9.5,16.1,21.4,0.669,tempestade
SP,Sudeste,Mata Atlantica,6,64.6,14.4,8,20.5,93.5,33.0,246.0,11.3,765.4,29.4,0.239,nenhum
SC,Sul,Mata Atlantica,9,121.1,18.5,8,17.0,78.4,34.0,131.0,1.8,12.5,20.2,0.52,nenhum
CE,Nordeste,Caatinga,12,46.0,22.8,5,33.2,66.1,18.6,567.0,6.0,66.1,23.5,0.289,nenhum
RO,Norte,Amazonia,2,417.0,115.3,28,27.5,96.3,24.9,132.0,4.1,3.9,11.5,0.683,inundacao
SC,Sul,Pampa,11,99.6,33.1,13,21.2,78.1,22.5,665.0,16.2,24.6,14.2,0.399,deslizamento
RS,Sul,Pampa,1,130.0,31.5,11,21.5,73.6,33.5,186.0,5.7,70.1,15.5,0.52,nenhum
MT,Centro-Oeste,Cerrado,3,129.9,42.1,11,27.8,61.9,22.0,69.0,5.1,28.6,13.9,0.436,deslizamento
SP,Sudeste,Mata Atlantica,11,276.0,92.0,23,22.3,91.4,40.9,672.0,25.9,137.5,30.0,0.736,deslizamento
MA,Nordeste,Caatinga,10,42.8,8.1,1,25.0,66.1,54.7,439.0,12.5,15.7,13.8,0.305,incendio_florestal
MG,Sudeste,Cerrado,12,289.4,94.9,25,23.9,82.8,24.6,887.0,21.5,53.4,26.8,0.707,deslizamento
MT,Centro-Oeste,Cerrado,8,57.7,19.7,2,24.4,70.2,72.8,1303.0,15.4,32.4,17.2,0.372,nenhum
TO,Norte,Amazonia,8,85.2,29.5,6,23.8,91.3,33.8,34.0,4.1,31.8,25.7,0.286,nenhum
RJ,Sudeste,Cerrado,7,36.1,22.8,2,19.7,72.6,52.2,828.0,17.5,178.3,24.2,0.209,incendio_florestal
SC,Sul,Pampa,7,116.4,60.0,13,16.3,69.7,38.8,622.0,7.0,18.7,14.3,0.493,nenhum
RJ,Sudeste,Mata Atlantica,7,86.8,23.6,9,18.4,71.9,27.5,669.0,21.5,40.3,16.9,0.29,nenhum
PE,Nordeste,Caatinga,4,76.1,34.4,6,26.0,62.9,24.9,141.0,13.2,25.6,15.7,0.38,nenhum
RO,Norte,Amazonia,11,370.1,57.7,24,28.4,97.3,33.1,23.0,6.3,582.3,21.8,0.632,inundacao
PR,Sul,Mata Atlantica,5,132.1,28.8,11,17.8,73.0,29.1,750.0,17.1,49.3,25.2,0.413,tempestade
PR,Sul,Mata Atlantica,8,160.1,68.6,16,13.5,89.5,38.9,51.0,6.8,49.9,16.2,0.546,nenhum
ES,Sudeste,Mata Atlantica,9,136.3,82.6,12,18.7,73.7,22.4,608.0,7.6,34.0,19.7,0.559,nenhum
MG,Sudeste,Mata Atlantica,7,40.1,7.8,4,17.3,80.3,13.7,1022.0,28.7,97.9,28.5,0.304,inundacao
MT,Centro-Oeste,Cerrado,8,42.7,10.5,2,21.5,74.7,22.4,426.0,3.4,27.2,20.4,0.2,incendio_florestal
MT,Centro-Oeste,Cerrado,1,267.5,53.7,19,28.7,72.2,37.4,791.0,13.2,25.4,21.8,0.668,nenhum
AP,Norte,Amazonia,4,268.4,82.3,19,25.8,77.4,22.9,109.0,0.7,25.5,14.5,0.746,inundacao
PA,Norte,Amazonia,6,73.1,28.2,3,21.0,89.8,62.2,228.0,8.0,55.3,26.1,0.31,nenhum
SE,Nordeste,Caatinga,5,80.6,41.9,3,25.7,73.1,31.3,222.0,10.5,254.3,28.4,0.333,nenhum
ES,Sudeste,Mata Atlantica,11,175.1,68.4,17,24.1,86.0,53.6,728.0,10.8,31.0,13.6,0.516,estiagem_seca
PE,Nordeste,Cerrado,11,130.9,30.1,16,29.2,76.7,24.7,316.0,8.0,7.0,17.3,0.542,inundacao
SE,Nordeste,Cerrado,9,41.6,18.8,4,22.9,63.2,16.9,273.0,7.2,5.3,15.2,0.239,incendio_florestal
ES,Sudeste,Mata Atlantica,5,123.8,95.0,7,16.6,68.8,10.1,1075.0,24.2,3876.4,21.6,0.409,deslizamento
RN,Nordeste,Caatinga,1,109.0,65.9,8,29.0,68.1,30.8,485.0,16.0,14.5,19.9,0.343,incendio_florestal
RN,Nordeste,Caatinga,10,34.7,10.1,0,24.6,60.2,23.0,245.0,10.1,858.7,42.1,0.271,estiagem_seca
MG,Sudeste,Mata Atlantica,11,300.9,84.7,21,25.4,86.6,27.6,822.0,19.4,34.7,21.8,0.592,deslizamento
RN,Nordeste,Caatinga,6,49.2,23.8,2,25.3,68.4,15.9,164.0,3.2,11.8,19.6,0.258,incendio_florestal
RJ,Sudeste,Cerrado,10,70.7,13.4,4,22.3,82.6,33.0,936.0,17.9,44.0,25.5,0.308,nenhum
SC,Sul,Pampa,12,154.8,60.7,12,20.7,87.4,36.4,9.0,8.3,126.7,32.6,0.469,nenhum
RN,Nordeste,Cerrado,7,53.7,9.1,5,25.8,55.8,43.1,232.0,3.0,35.3,16.9,0.299,incendio_florestal
PR,Sul,Mata Atlantica,3,350.7,55.0,24,18.2,81.8,34.5,468.0,12.4,20.1,18.0,0.676,deslizamento
SC,Sul,Mata Atlantica,1,313.1,97.9,25,20.6,88.7,50.9,437.0,10.4,4.8,13.2,0.556,inundacao
RJ,Sudeste,Mata Atlantica,10,144.5,20.4,9,21.0,75.3,87.4,1149.0,24.2,19.3,20.2,0.527,tempestade
ES,Sudeste,Mata Atlantica,7,48.3,15.2,2,19.2,72.5,43.4,514.0,21.3,90.5,25.2,0.314,incendio_florestal
SP,Sudeste,Mata Atlantica,2,169.3,18.6,14,23.4,83.6,37.8,1137.0,17.5,4.9,13.6,0.548,nenhum
ES,Sudeste,Cerrado,1,178.3,59.3,11,24.6,84.2,40.7,581.0,12.9,25.7,23.9,0.354,nenhum
MG,Sudeste,Mata Atlantica,12,351.7,148.0,26,21.3,87.0,34.4,34.0,14.8,73.7,28.5,0.647,inundacao
AM,Norte,Cerrado,4,292.5,226.7,23,24.2,93.0,35.8,111.0,7.7,296.9,19.7,0.623,inundacao
PR,Sul,Mata Atlantica,4,119.7,37.0,9,19.2,86.4,30.8,315.0,9.2,9.3,15.4,0.404,nenhum
RJ,Sudeste,Cerrado,8,77.8,19.6,5,19.7,76.9,23.6,505.0,14.6,1051.3,19.2,0.361,nenhum
SP,Sudeste,Cerrado,5,243.9,86.6,15,19.1,84.5,30.4,332.0,17.0,98.4,24.8,0.728,deslizamento
CE,Nordeste,Caatinga,11,167.4,53.6,15,26.0,81.3,24.8,580.0,18.5,8.6,18.4,0.655,nenhum
AP,Norte,Amazonia,9,118.7,87.6,9,24.8,84.4,34.5,318.0,6.7,61.7,23.7,0.507,nenhum
GO,Centro-Oeste,Pantanal,5,85.5,30.7,6,24.6,68.4,30.2,512.0,9.9,16.7,15.8,0.377,nenhum
GO,Centro-Oeste,Cerrado,4,145.9,57.6,10,25.3,56.4,34.4,147.0,6.2,4.7,16.4,0.607,nenhum
GO,Centro-Oeste,Cerrado,11,181.6,28.5,13,29.1,66.0,38.9,907.0,17.4,38.8,24.9,0.636,nenhum
SE,Nordeste,Caatinga,8,37.5,9.9,5,26.0,71.5,21.3,287.0,4.4,40.4,25.4,0.276,estiagem_seca
SE,Nordeste,Caatinga,12,82.4,15.6,6,31.7,56.9,25.6,727.0,11.5,75.1,26.1,0.22,incendio_florestal
GO,Centro-Oeste,Cerrado,5,83.8,24.3,1,21.9,70.2,18.0,419.0,6.0,11.9,12.8,0.333,nenhum
PE,Nordeste,Cerrado,1,59.1,25.3,7,29.4,58.8,45.3,169.0,16.5,13.2,17.7,0.181,incendio_florestal
SC,Sul,Mata Atlantica,11,180.4,57.9,15,20.4,69.0,81.1,262.0,3.7,202.7,26.8,0.491,deslizamento
PI,Nordeste,Caatinga,3,29.4,18.3,1,25.5,66.1,37.9,350.0,12.1,154.8,32.5,0.24,estiagem_seca
RN,Nordeste,Caatinga,11,38.0,6.5,1,27.1,61.2,44.1,200.0,4.0,7.6,17.5,0.176,incendio_florestal
BA,Nordeste,Caatinga,9,112.4,40.5,8,24.0,70.3,22.6,777.0,3.8,4.0,12.0,0.509,nenhum
SP,Sudeste,Cerrado,3,143.5,59.7,12,23.7,75.8,68.7,815.0,22.2,9.2,17.9,0.498,incendio_florestal
DF,Centro-Oeste,Cerrado,10,72.7,9.7,9,24.3,74.6,49.8,308.0,6.2,264.5,24.2,0.21,nenhum
ES,Sudeste,Mata Atlantica,1,245.7,140.8,23,27.1,74.0,20.6,524.0,18.1,0.6,9.5,0.709,tempestade
SC,Sul,Mata Atlantica,5,233.0,64.4,19,15.0,97.7,34.7,152.0,10.3,20.5,22.7,0.506,nenhum
AL,Nordeste,Caatinga,5,112.1,53.3,7,27.8,64.0,37.3,341.0,20.1,197.5,17.9,0.574,nenhum
MG,Sudeste,Mata Atlantica,8,70.3,33.1,5,17.6,63.9,36.4,706.0,16.9,66.0,17.2,0.265,nenhum
TO,Norte,Amazonia,7,63.4,29.9,7,25.1,83.8,21.0,35.0,0.1,39.3,19.3,0.27,nenhum
SE,Nordeste,Caatinga,8,89.4,29.9,5,23.7,76.2,23.1,789.0,3.7,196.8,24.6,0.336,nenhum
MS,Centro-Oeste,Cerrado,6,61.5,17.4,8,20.7,63.3,21.9,417.0,6.8,35.4,25.2,0.323,nenhum
RO,Norte,Amazonia,9,116.9,66.0,7,26.9,75.4,45.9,144.0,5.0,21.8,19.9,0.402,nenhum
SP,Sudeste,Cerrado,2,327.5,177.1,24,23.3,88.2,44.1,1096.0,12.8,152.4,26.1,0.541,inundacao
ES,Sudeste,Cerrado,9,174.1,72.6,14,16.7,79.7,39.5,1304.0,19.2,873.4,35.8,0.491,nenhum
SP,Sudeste,Cerrado,1,240.9,71.3,18,25.5,84.8,27.8,779.0,5.8,1.6,9.8,0.643,nenhum
MT,Centro-Oeste,Cerrado,2,91.9,28.2,9,29.3,87.4,22.4,1312.0,10.8,15.2,17.6,0.35,incendio_florestal
RJ,Sudeste,Cerrado,9,57.7,32.7,5,20.4,68.5,13.5,1128.0,12.0,31.2,21.9,0.429,nenhum
PB,Nordeste,Caatinga,2,83.2,16.1,8,28.2,65.4,17.4,203.0,5.2,21.2,22.2,0.334,incendio_florestal
PA,Norte,Amazonia,10,366.0,123.7,26,27.9,95.3,23.1,77.0,4.1,54.1,14.6,0.662,inundacao
AC,Norte,Amazonia,2,303.1,172.3,22,28.4,84.4,93.2,192.0,9.0,47.8,17.8,0.687,tempestade
RJ,Sudeste,Mata Atlantica,2,158.9,45.5,8,24.6,79.1,14.2,572.0,19.1,7.9,13.1,0.561,nenhum
PR,Sul,Mata Atlantica,12,131.9,21.1,11,24.1,88.6,38.6,496.0,21.9,116.5,30.0,0.446,nenhum
TO,Norte,Amazonia,3,540.6,167.1,24,27.6,92.0,54.4,25.0,4.7,41.2,19.1,0.506,estiagem_seca
RJ,Sudeste,Mata Atlantica,11,197.8,33.3,16,22.7,80.5,14.5,38.0,19.4,322.2,36.4,0.505,nenhum
SP,Sudeste,Mata Atlantica,5,156.6,30.9,15,18.7,87.2,45.3,131.0,14.2,245.0,31.5,0.44,nenhum
RJ,Sudeste,Mata Atlantica,10,73.0,22.3,11,26.5,80.9,32.8,564.0,16.6,35.9,24.6,0.253,incendio_florestal
MG,Sudeste,Mata Atlantica,12,129.2,37.2,7,24.8,72.0,27.1,1000.0,18.7,109.5,29.3,0.334,nenhum
RJ,Sudeste,Mata Atlantica,2,307.6,91.9,23,24.1,87.5,79.3,565.0,19.5,1.6,10.0,0.777,tempestade
RJ,Sudeste,Mata Atlantica,4,78.2,28.6,9,20.0,69.9,13.5,1172.0,15.7,2.0,10.0,0.399,nenhum
PR,Sul,Mata Atlantica,7,85.7,19.1,3,15.5,85.1,37.6,120.0,15.1,254.0,28.2,0.311,nenhum
AM,Norte,Amazonia,11,650.4,100.2,28,23.6,95.1,57.6,355.0,5.3,40.2,14.9,0.708,inundacao
SC,Sul,Pampa,3,296.1,138.5,25,22.0,96.3,39.5,506.0,10.0,331.6,28.9,0.728,inundacao
RR,Norte,Cerrado,3,209.1,126.0,13,28.2,97.9,75.0,86.0,2.1,256.2,21.4,0.628,tempestade
RJ,Sudeste,Mata Atlantica,5,57.0,26.5,9,22.0,56.0,24.5,1456.0,11.7,4.9,16.8,0.427,nenhum
AP,Norte,Amazonia,3,78.3,14.1,9,26.3,79.4,31.3,329.0,2.9,131.6,23.4,0.369,nenhum
PI,Nordeste,Cerrado,4,33.7,17.7,2,27.6,80.3,67.4,651.0,11.9,15.2,18.6,0.332,estiagem_seca
AM,Norte,Amazonia,2,550.2,287.5,26,27.4,100.0,130.4,131.0,8.6,31.3,20.8,0.651,tempestade
MT,Centro-Oeste,Cerrado,10,96.1,46.3,5,24.4,71.0,60.8,703.0,13.4,7.3,18.2,0.482,nenhum
PB,Nordeste,Caatinga,10,25.9,8.1,5,25.0,67.3,39.0,327.0,7.5,219.4,32.1,0.348,estiagem_seca
PB,Nordeste,Caatinga,2,116.3,18.7,13,30.7,57.2,12.9,492.0,12.7,102.8,28.3,0.418,estiagem_seca
MS,Centro-Oeste,Cerrado,7,56.7,22.4,5,20.4,58.4,25.6,1220.0,4.9,20.0,16.3,0.243,incendio_florestal
AL,Nordeste,Mata Atlantica,8,47.5,6.2,2,22.4,78.5,80.8,19.0,0.9,15.4,15.9,0.327,tempestade
ES,Sudeste,Mata Atlantica,8,102.0,71.1,12,18.6,88.2,25.6,259.0,17.0,157.6,22.7,0.389,nenhum
SC,Sul,Mata Atlantica,12,240.2,166.5,15,23.6,71.3,20.8,233.0,14.4,15.2,16.0,0.711,deslizamento
SP,Sudeste,Mata Atlantica,8,55.4,14.3,9,19.9,71.6,60.1,1585.0,29.7,19.8,22.2,0.288,deslizamento
AM,Norte,Cerrado,9,127.3,41.3,10,29.9,93.7,44.1,187.0,6.2,16.4,17.4,0.464,estiagem_seca
CE,Nordeste,Caatinga,1,85.3,35.5,6,29.0,73.1,32.0,380.0,7.7,16.2,19.2,0.418,nenhum
RS,Sul,Mata Atlantica,1,291.8,72.1,23,19.3,86.1,43.4,277.0,15.5,136.8,19.7,0.625,deslizamento
AP,Norte,Amazonia,8,65.1,11.5,5,24.1,81.6,34.2,283.0,11.6,69.4,29.5,0.331,nenhum
AL,Nordeste,Caatinga,11,42.7,10.5,6,29.7,66.4,36.1,54.0,12.2,21.2,23.4,0.303,estiagem_seca
RS,Sul,Mata Atlantica,5,155.6,64.2,9,15.9,91.0,54.3,753.0,7.8,10.2,17.0,0.354,nenhum
RS,Sul,Pampa,8,110.6,29.8,9,15.0,80.4,18.6,677.0,20.2,48.1,26.8,0.389,inundacao
MT,Centro-Oeste,Cerrado,3,294.2,106.8,19,28.4,85.8,38.5,991.0,14.7,33.0,23.9,0.555,tempestade
MG,Sudeste,Mata Atlantica,6,53.5,28.6,3,20.8,81.4,15.0,69.0,8.6,158.6,17.7,0.42,nenhum
DF,Centro-Oeste,Amazonia,10,374.2,208.9,26,26.4,68.2,48.6,1220.0,10.5,16.6,22.3,0.621,inundacao
RJ,Sudeste,Mata Atlantica,8,113.3,36.4,11,18.6,71.9,54.9,1463.0,16.9,94.1,20.1,0.392,nenhum
RO,Norte,Amazonia,2,263.8,89.9,20,26.8,84.8,44.4,225.0,12.4,33.6,16.2,0.737,tempestade
MA,Nordeste,Caatinga,11,82.8,45.5,6,31.9,69.8,27.6,359.0,13.0,76.1,30.0,0.171,incendio_florestal
RJ,Sudeste,Cerrado,12,135.6,33.9,12,23.5,71.8,34.1,635.0,13.3,564.7,20.4,0.38,nenhum
AL,Nordeste,Caatinga,6,55.9,21.5,2,28.1,55.9,18.1,49.0,4.7,33.3,21.6,0.405,estiagem_seca
ES,Sudeste,Mata Atlantica,5,53.5,25.6,5,16.2,70.3,40.7,548.0,29.8,1286.9,42.8,0.243,deslizamento
RN,Nordeste,Caatinga,7,62.3,17.3,8,21.7,51.9,16.5,278.0,2.6,35.8,26.3,0.21,incendio_florestal
SC,Sul,Pampa,10,82.0,12.7,4,19.6,84.5,31.3,111.0,12.3,10.3,19.3,0.315,nenhum
SP,Sudeste,Mata Atlantica,6,127.4,62.9,6,18.0,78.9,30.1,646.0,9.9,518.1,37.7,0.302,nenhum
GO,Centro-Oeste,Cerrado,1,176.9,102.2,10,27.3,74.4,45.1,435.0,11.4,750.9,29.7,0.462,tempestade
ES,Sudeste,Mata Atlantica,1,256.6,183.6,18,23.2,83.5,43.0,298.0,13.8,12.1,20.7,0.64,deslizamento
CE,Nordeste,Mata Atlantica,10,46.6,10.5,3,26.1,63.6,31.9,552.0,10.7,15.1,14.3,0.443,estiagem_seca
MT,Centro-Oeste,Cerrado,10,88.1,20.6,7,22.5,62.0,11.3,55.0,21.5,168.6,20.8,0.299,nenhum
PI,Nordeste,Caatinga,10,36.2,22.7,4,28.2,73.1,35.3,426.0,1.2,116.6,19.1,0.19,incendio_florestal
PR,Sul,Mata Atlantica,2,187.2,90.6,15,22.7,93.6,37.5,147.0,9.5,14.7,19.1,0.539,nenhum
SP,Sudeste,Mata Atlantica,3,251.9,150.2,19,20.6,85.6,37.8,1311.0,15.1,12.9,12.5,0.694,deslizamento
PR,Sul,Pampa,5,235.0,87.8,15,16.5,90.3,40.2,626.0,22.1,75.8,18.3,0.624,deslizamento
PR,Sul,Mata Atlantica,3,288.8,88.4,23,18.5,85.7,24.1,16.0,1.4,40.3,19.8,0.666,tempestade
RS,Sul,Mata Atlantica,5,218.6,71.3,14,19.4,88.8,39.3,822.0,6.0,117.5,21.7,0.721,nenhum
AL,Nordeste,Cerrado,7,36.5,14.9,3,25.9,66.2,35.9,16.0,15.7,116.8,15.7,0.22,incendio_florestal
PR,Sul,Mata Atlantica,4,213.8,86.7,17,17.4,72.9,22.3,439.0,15.9,194.6,20.7,0.588,nenhum
SP,Sudeste,Mata Atlantica,2,190.2,46.8,13,27.0,76.1,39.3,346.0,7.3,2.3,10.1,0.69,nenhum
MT,Centro-Oeste,Cerrado,5,111.0,47.9,10,26.4,59.9,54.1,1058.0,6.6,809.4,24.1,0.528,nenhum
RJ,Sudeste,Cerrado,9,90.1,46.1,8,22.0,75.9,36.8,402.0,7.2,107.5,23.9,0.394,estiagem_seca
AL,Nordeste,Mata Atlantica,8,35.2,16.1,4,20.4,75.4,17.7,137.0,9.3,25.8,17.4,0.165,incendio_florestal
MA,Nordeste,Caatinga,4,226.0,84.0,17,26.2,80.3,48.3,414.0,4.9,42.1,24.9,0.667,tempestade
RN,Nordeste,Cerrado,4,160.5,73.4,15,25.6,68.6,21.0,664.0,3.3,130.7,22.2,0.561,nenhum
AP,Norte,Amazonia,8,79.8,25.9,5,24.2,75.1,22.4,31.0,4.6,70.3,20.8,0.386,nenhum
MT,Centro-Oeste,Pantanal,3,399.6,66.2,25,25.6,83.7,21.2,761.0,2.3,71.8,19.6,0.642,inundacao
SC,Sul,Pampa,11,446.3,120.1,27,20.1,91.4,37.3,232.0,15.6,43.0,16.1,0.632,deslizamento
SP,Sudeste,Mata Atlantica,11,135.1,49.0,7,20.1,71.5,70.0,43.0,17.5,603.4,22.7,0.52,tempestade
GO,Centro-Oeste,Cerrado,1,427.5,151.8,26,27.3,75.2,35.2,481.0,9.4,82.3,29.4,0.671,inundacao
DF,Centro-Oeste,Cerrado,12,127.5,31.2,8,27.9,82.2,25.1,1049.0,11.7,272.4,26.9,0.507,nenhum
MT,Centro-Oeste,Cerrado,1,201.4,45.3,20,26.3,65.9,89.8,845.0,14.3,1305.1,42.4,0.497,tempestade
RN,Nordeste,Caatinga,6,110.8,22.3,8,20.3,74.7,29.6,78.0,4.4,209.5,27.7,0.43,nenhum
SP,Sudeste,Cerrado,9,109.0,26.3,14,20.3,86.6,22.8,329.0,19.1,77.6,20.2,0.343,nenhum
PB,Nordeste,Caatinga,4,68.3,26.9,8,24.7,75.4,18.7,782.0,3.3,3.1,15.2,0.467,nenhum
SP,Sudeste,Mata Atlantica,3,269.7,58.1,15,21.1,73.6,33.9,342.0,11.5,26.7,14.1,0.814,nenhum
SP,Sudeste,Mata Atlantica,1,252.3,65.4,25,25.1,76.3,32.4,312.0,23.2,1189.5,42.2,0.602,deslizamento
SP,Sudeste,Cerrado,9,152.3,43.5,9,18.4,75.1,61.1,573.0,1.9,81.1,21.5,0.365,nenhum
RS,Sul,Pampa,1,89.5,31.1,5,22.4,84.8,31.0,403.0,21.9,6.7,16.9,0.476,nenhum
PE,Nordeste,Cerrado,6,36.7,7.7,4,23.2,62.9,7.3,299.0,11.7,35.9,23.9,0.42,estiagem_seca
SC,Sul,Mata Atlantica,5,149.8,44.1,17,16.7,83.0,11.4,795.0,4.5,8.4,14.0,0.484,nenhum
SP,Sudeste,Cerrado,12,294.8,80.8,24,22.7,100.0,27.8,160.0,6.8,24.9,14.1,0.664,inundacao
SP,Sudeste,Mata Atlantica,12,136.5,39.7,11,26.4,82.8,19.1,1352.0,12.4,27.0,22.5,0.434,nenhum
ES,Sudeste,Mata Atlantica,10,131.2,69.1,7,23.2,71.3,29.0,583.0,15.4,20.5,20.8,0.434,nenhum
MG,Sudeste,Mata Atlantica,9,77.2,11.7,7,23.0,80.8,28.0,815.0,13.3,55.5,18.2,0.442,nenhum
SC,Sul,Mata Atlantica,7,78.7,19.8,9,16.7,87.3,23.4,218.0,16.7,2.3,13.5,0.417,nenhum
GO,Centro-Oeste,Amazonia,5,128.7,54.1,11,22.2,59.2,24.7,1000.0,6.3,133.3,25.3,0.361,nenhum
MG,Sudeste,Mata Atlantica,2,307.1,91.7,23,23.2,87.6,26.0,1029.0,15.4,424.0,33.8,0.609,inundacao
SP,Sudeste,Mata Atlantica,12,269.3,95.9,21,21.2,84.7,38.3,1541.0,20.8,3.1,12.6,0.713,deslizamento
MS,Centro-Oeste,Cerrado,5,132.7,45.9,10,24.1,67.0,31.9,219.0,2.6,243.4,18.5,0.419,nenhum
PR,Sul,Mata Atlantica,6,249.4,53.5,20,17.7,87.9,30.9,698.0,5.3,132.0,17.3,0.708,incendio_florestal
PI,Nordeste,Caatinga,2,159.3,72.1,15,29.6,66.9,71.1,150.0,3.6,85.4,25.6,0.499,tempestade
MG,Sudeste,Mata Atlantica,4,148.3,27.5,12,23.2,82.8,37.5,1050.0,25.4,53.1,28.3,0.54,deslizamento
AC,Norte,Amazonia,8,172.4,47.4,12,22.0,90.8,42.2,193.0,5.6,69.3,26.3,0.564,nenhum
PI,Nordeste,Mata Atlantica,6,105.2,21.8,8,25.6,67.2,34.5,59.0,10.5,181.2,24.7,0.364,nenhum
MG,Sudeste,Mata Atlantica,8,96.6,31.4,5,20.5,76.3,17.6,541.0,20.2,68.6,27.8,0.373,nenhum
PI,Nordeste,Caatinga,3,108.0,74.0,4,29.2,49.4,14.1,477.0,12.4,2800.8,34.1,0.318,incendio_florestal
AL,Nordeste,Caatinga,1,72.6,19.4,3,32.3,66.9,23.6,330.0,14.6,19.1,18.7,0.499,estiagem_seca
MA,Nordeste,Caatinga,11,28.1,7.0,4,29.1,68.2,30.2,641.0,11.1,582.9,25.6,0.301,estiagem_seca
DF,Centro-Oeste,Cerrado,6,74.2,32.3,4,21.2,88.2,35.4,1159.0,5.1,40.8,22.8,0.247,nenhum
SP,Sudeste,Cerrado,5,40.8,21.4,6,21.6,74.8,21.0,178.0,14.8,27.3,20.0,0.277,incendio_florestal
SC,Sul,Mata Atlantica,4,117.0,55.1,8,19.3,81.7,53.2,746.0,15.4,224.0,34.5,0.273,nenhum
AM,Norte,Amazonia,8,103.3,38.3,7,21.6,81.0,20.3,348.0,2.3,31.2,18.3,0.381,nenhum
RJ,Sudeste,Mata Atlantica,7,37.4,11.9,4,17.4,62.6,30.0,799.0,15.5,672.4,29.6,0.264,incendio_florestal
MT,Centro-Oeste,Cerrado,5,71.7,35.7,4,24.1,73.7,38.8,698.0,2.9,16.1,14.2,0.427,nenhum
RJ,Sudeste,Cerrado,12,173.3,34.4,17,22.5,89.0,36.9,1117.0,23.4,331.8,33.0,0.563,deslizamento
GO,Centro-Oeste,Cerrado,11,223.9,163.9,16,25.9,77.8,94.0,1210.0,7.5,121.9,32.2,0.49,tempestade
RN,Nordeste,Caatinga,3,150.0,29.3,8,27.0,69.0,42.5,24.0,14.8,38.6,26.5,0.483,nenhum
MT,Centro-Oeste,Cerrado,8,86.3,45.8,11,20.0,72.6,36.3,1155.0,9.2,11.3,16.2,0.409,nenhum
SP,Sudeste,Mata Atlantica,12,245.1,89.4,21,25.0,78.7,58.3,712.0,27.1,11.3,16.6,0.677,deslizamento
MS,Centro-Oeste,Pantanal,6,37.4,9.1,2,25.2,63.1,47.0,1023.0,21.9,13.8,15.1,0.197,incendio_florestal
GO,Centro-Oeste,Cerrado,1,390.3,149.5,24,27.6,96.1,24.5,648.0,4.8,260.2,35.8,0.566,inundacao
SP,Sudeste,Mata Atlantica,2,280.6,147.2,23,22.2,74.6,37.5,679.0,19.5,52.9,16.0,0.669,deslizamento
RJ,Sudeste,Mata Atlantica,9,94.4,39.2,9,19.6,72.2,46.9,744.0,12.9,161.6,30.0,0.414,nenhum
MA,Nordeste,Caatinga,11,92.5,24.0,3,28.3,68.1,40.2,327.0,17.1,62.1,22.7,0.313,incendio_florestal
SP,Sudeste,Mata Atlantica,2,121.1,15.1,13,30.0,73.6,28.0,173.0,16.0,9.5,17.1,0.408,estiagem_seca
PR,Sul,Mata Atlantica,7,188.9,85.1,14,13.9,96.4,61.6,307.0,11.4,84.2,24.9,0.527,tempestade
BA,Nordeste,Caatinga,6,51.6,18.7,2,25.4,63.8,74.9,302.0,10.3,124.0,23.1,0.189,incendio_florestal
ES,Sudeste,Mata Atlantica,4,168.1,22.7,19,25.3,73.1,25.5,714.0,19.3,3.6,13.2,0.515,nenhum
PE,Nordeste,Caatinga,8,30.3,11.3,3,26.1,49.2,86.5,267.0,10.6,20.2,20.3,0.3,estiagem_seca
RJ,Sudeste,Mata Atlantica,11,196.5,34.0,18,24.4,85.3,49.3,972.0,13.1,14.6,21.5,0.501,nenhum
CE,Nordeste,Caatinga,3,177.4,28.8,14,27.9,80.7,37.1,212.0,5.2,7.5,14.5,0.522,nenhum
ES,Sudeste,Mata Atlantica,1,119.3,60.0,10,24.1,83.6,53.7,630.0,20.8,61.4,21.0,0.39,nenhum
PB,Nordeste,Mata Atlantica,5,64.2,13.1,4,23.7,62.0,12.2,217.0,2.6,74.6,17.5,0.388,nenhum
GO,Centro-Oeste,Amazonia,4,203.1,78.8,16,24.8,76.3,23.0,1033.0,11.6,354.2,31.2,0.436,nenhum
SC,Sul,Pampa,9,110.3,33.3,8,19.7,73.7,49.4,379.0,17.0,165.7,32.6,0.341,nenhum
PB,Nordeste,Caatinga,7,120.8,25.8,9,23.8,62.5,36.2,340.0,16.5,31.3,20.0,0.544,nenhum
SC,Sul,Pampa,1,217.5,28.1,24,22.5,94.4,55.3,440.0,10.7,31.4,16.5,0.7,nenhum
SC,Sul,Mata Atlantica,5,128.6,27.5,12,17.3,90.3,48.0,613.0,18.6,705.4,29.1,0.497,nenhum
RS,Sul,Pampa,9,134.2,43.5,8,18.8,87.3,65.7,188.0,6.5,105.6,23.2,0.547,nenhum
PI,Nordeste,Caatinga,6,66.6,35.6,5,24.9,74.2,21.5,370.0,12.6,277.0,21.6,0.267,nenhum
SP,Sudeste,Cerrado,7,42.9,9.0,4,17.4,60.0,44.8,1144.0,18.4,5.9,14.9,0.401,estiagem_seca
AM,Norte,Amazonia,4,392.0,118.2,30,28.3,100.0,31.3,12.0,5.4,4.6,14.5,0.54,inundacao
SE,Nordeste,Cerrado,4,81.7,51.9,5,29.2,72.1,46.3,358.0,13.0,26.5,16.2,0.339,incendio_florestal
PR,Sul,Mata Atlantica,2,204.5,134.0,18,21.8,81.3,45.8,396.0,11.5,214.0,25.1,0.616,deslizamento
ES,Sudeste,Mata Atlantica,1,273.3,142.0,24,25.6,79.3,35.5,1159.0,23.9,537.8,32.4,0.646,deslizamento
RJ,Sudeste,Mata Atlantica,1,486.1,338.5,25,26.2,80.9,45.5,428.0,9.2,15.7,21.4,0.681,inundacao
PI,Nordeste,Cerrado,8,43.6,13.0,3,23.0,65.7,16.5,577.0,5.9,109.0,17.0,0.24,incendio_florestal
SP,Sudeste,Mata Atlantica,2,134.0,48.7,10,23.8,76.2,53.5,844.0,5.7,91.9,29.5,0.235,nenhum
RJ,Sudeste,Mata Atlantica,7,69.9,38.9,3,17.7,86.7,42.4,669.0,13.3,8.6,12.7,0.394,nenhum
MT,Centro-Oeste,Amazonia,12,145.5,69.7,11,28.6,73.4,35.0,1222.0,5.7,13.8,16.9,0.561,nenhum
PR,Sul,Mata Atlantica,9,204.2,63.5,18,20.9,86.6,42.2,371.0,13.1,41.9,25.6,0.578,nenhum
SE,Nordeste,Mata Atlantica,7,45.6,13.1,2,22.5,69.2,70.6,24.0,17.8,7.3,18.2,0.324,incendio_florestal
AL,Nordeste,Mata Atlantica,2,161.5,96.8,13,30.9,60.4,35.7,117.0,6.9,2210.9,41.6,0.471,tempestade
ES,Sudeste,Mata Atlantica,6,37.7,12.5,4,19.4,67.8,28.8,243.0,14.7,10.1,12.6,0.25,incendio_florestal
SC,Sul,Mata Atlantica,11,157.1,72.5,8,20.3,76.7,30.1,597.0,22.6,24.9,16.8,0.501,nenhum
RN,Nordeste,Caatinga,5,127.7,19.0,6,24.2,66.5,45.2,534.0,4.5,85.6,18.1,0.372,nenhum
MA,Nordeste,Caatinga,10,69.7,18.1,7,26.3,73.9,23.4,83.0,4.8,71.0,22.6,0.409,nenhum
PI,Nordeste,Cerrado,9,41.8,16.4,2,27.7,58.9,32.0,213.0,18.0,124.6,22.3,0.125,incendio_florestal
PR,Sul,Pampa,4,224.0,73.2,20,20.2,81.0,28.5,1176.0,18.9,10.8,19.9,0.604,nenhum
AL,Nordeste,Caatinga,2,79.2,15.7,10,27.6,58.2,41.8,159.0,1.7,6.5,12.9,0.505,nenhum
MS,Centro-Oeste,Cerrado,1,325.2,120.2,27,23.7,83.9,42.1,985.0,10.8,57.4,26.6,0.683,inundacao
RS,Sul,Mata Atlantica,4,239.3,78.4,17,18.8,86.5,49.8,187.0,12.7,12.7,15.4,0.584,deslizamento
AP,Norte,Amazonia,4,274.8,124.8,19,27.2,88.2,22.0,378.0,2.3,16.5,21.3,0.695,tempestade
MG,Sudeste,Mata Atlantica,8,34.5,6.0,2,16.8,84.3,25.3,568.0,4.6,14.8,14.9,0.353,estiagem_seca
MS,Centro-Oeste,Pantanal,7,65.6,24.7,5,20.7,58.7,34.5,795.0,5.7,14.8,16.4,0.36,nenhum
SP,Sudeste,Cerrado,6,35.5,13.2,3,16.8,72.4,45.1,196.0,10.8,5.6,13.5,0.343,estiagem_seca
PB,Nordeste,Cerrado,9,38.3,15.7,2,29.2,64.1,33.1,154.0,3.9,9.9,18.2,0.208,estiagem_seca
MS,Centro-Oeste,Cerrado,10,190.7,36.1,13,21.6,66.5,34.8,1035.0,15.8,28.5,20.7,0.512,nenhum
AL,Nordeste,Caatinga,9,31.8,5.3,5,24.4,64.0,52.4,35.0,25.5,270.2,35.4,0.254,estiagem_seca
SP,Sudeste,Cerrado,11,243.5,46.3,21,20.6,92.7,28.4,709.0,23.5,1039.0,22.9,0.626,deslizamento
SP,Sudeste,Mata Atlantica,5,100.2,40.0,10,21.1,73.8,42.2,950.0,19.6,197.8,35.0,0.324,nenhum
PE,Nordeste,Mata Atlantica,10,82.7,9.3,7,28.5,69.8,46.0,169.0,14.1,70.9,16.2,0.309,incendio_florestal
BA,Nordeste,Cerrado,6,109.9,33.0,9,23.6,56.7,23.7,449.0,4.7,228.8,26.9,0.495,nenhum
SC,Sul,Mata Atlantica,3,136.8,62.4,10,21.2,75.3,32.8,423.0,15.9,39.1,16.6,0.483,nenhum
TO,Norte,Amazonia,2,299.2,91.9,23,28.8,87.7,48.4,167.0,0.7,72.6,22.1,0.732,tempestade
BA,Nordeste,Caatinga,2,93.4,20.7,7,30.4,47.9,30.5,299.0,2.3,145.1,29.3,0.207,incendio_florestal
SP,Sudeste,Mata Atlantica,12,189.9,52.8,15,24.8,76.6,42.5,554.0,16.2,111.4,23.4,0.617,nenhum
AL,Nordeste,Caatinga,3,66.9,15.2,7,28.4,71.1,30.1,416.0,3.1,207.6,32.5,0.223,incendio_florestal
CE,Nordeste,Mata Atlantica,11,108.5,22.9,11,30.1,58.8,65.8,186.0,9.0,136.7,28.0,0.372,tempestade
DF,Centro-Oeste,Cerrado,10,264.2,112.1,22,24.1,73.8,44.6,453.0,14.3,16.4,17.7,0.69,deslizamento
SE,Nordeste,Cerrado,6,74.4,26.7,3,23.4,60.7,24.1,508.0,13.6,129.6,31.8,0.457,nenhum
DF,Centro-Oeste,Cerrado,11,171.4,69.8,16,26.8,78.8,39.4,1412.0,9.9,16.1,20.6,0.654,nenhum
MG,Sudeste,Cerrado,11,227.9,49.8,20,24.9,81.0,29.7,254.0,8.3,148.1,32.6,0.587,nenhum
SP,Sudeste,Mata Atlantica,12,222.9,28.8,14,21.0,90.0,36.4,753.0,23.4,26.7,19.6,0.652,deslizamento
TO,Norte,Amazonia,6,80.7,26.5,3,22.8,86.9,54.5,67.0,6.6,7.1,18.2,0.328,nenhum
ES,Sudeste,Mata Atlantica,4,147.1,58.3,8,18.8,79.0,30.9,1725.0,15.8,6.0,12.1,0.511,nenhum
SE,Nordeste,Cerrado,1,80.9,30.0,4,29.5,50.0,31.2,183.0,17.6,1258.7,42.9,0.295,inundacao
MG,Sudeste,Mata Atlantica,11,161.8,29.8,7,24.1,79.9,14.2,306.0,15.3,10.2,16.2,0.545,nenhum
AL,Nordeste,Cerrado,11,109.0,21.1,10,31.8,73.5,37.2,185.0,3.8,204.6,16.6,0.387,estiagem_seca
MG,Sudeste,Mata Atlantica,7,30.9,10.9,2,17.2,77.7,28.9,752.0,18.3,136.1,29.8,0.281,estiagem_seca
SE,Nordeste,Caatinga,1,68.2,25.9,9,30.6,67.2,47.7,373.0,1.0,196.8,33.0,0.329,incendio_florestal
PE,Nordeste,Caatinga,10,37.0,6.6,2,26.1,65.7,19.8,476.0,8.5,10.9,16.8,0.221,incendio_florestal
DF,Centro-Oeste,Amazonia,4,150.9,34.5,13,24.8,62.0,45.0,90.0,15.9,26.3,18.4,0.489,nenhum
TO,Norte,Amazonia,7,99.1,47.3,9,22.3,81.2,44.0,11.0,20.6,11.5,19.8,0.362,nenhum
CE,Nordeste,Caatinga,8,38.5,13.8,2,21.5,65.7,36.5,171.0,25.2,216.3,17.5,0.439,estiagem_seca
MG,Sudeste,Mata Atlantica,2,468.4,143.2,24,21.6,77.8,72.4,411.0,16.1,455.3,35.9,0.712,deslizamento
SP,Sudeste,Cerrado,1,433.8,122.6,27,25.3,86.4,87.0,463.0,24.1,46.0,23.7,0.728,incendio_florestal
AC,Norte,Amazonia,1,525.1,291.7,26,30.8,94.1,71.5,93.0,3.3,1227.8,34.3,0.592,inundacao
SC,Sul,Mata Atlantica,12,411.0,270.2,27,19.4,86.4,27.1,179.0,18.0,72.9,23.7,0.788,deslizamento
SP,Sudeste,Mata Atlantica,12,447.5,219.6,27,22.0,79.6,36.1,604.0,19.0,36.1,17.2,0.654,deslizamento
PR,Sul,Pampa,6,173.4,107.4,9,14.7,75.2,24.4,258.0,13.9,57.0,17.3,0.491,deslizamento
SP,Sudeste,Mata Atlantica,6,48.0,15.9,3,18.4,84.2,21.7,499.0,17.3,101.7,24.8,0.451,nenhum
SP,Sudeste,Mata Atlantica,5,69.5,19.5,9,19.9,77.7,56.8,915.0,15.8,5.4,13.2,0.412,nenhum
GO,Centro-Oeste,Pantanal,5,26.8,11.6,3,25.7,65.6,72.8,716.0,13.4,72.8,18.7,0.217,estiagem_seca
ES,Sudeste,Mata Atlantica,7,40.7,13.4,5,18.4,78.5,55.5,544.0,18.0,38.7,21.3,0.262,incendio_florestal
RS,Sul,Mata Atlantica,5,111.2,49.0,10,17.9,85.0,42.3,88.0,5.1,33.1,20.3,0.474,nenhum
PA,Norte,Amazonia,8,150.6,92.0,13,23.6,94.9,24.1,119.0,6.3,40.3,18.2,0.476,nenhum
SE,Nordeste,Cerrado,5,47.4,10.1,6,28.8,49.5,32.3,576.0,14.8,212.9,28.6,0.273,incendio_florestal
AC,Norte,Amazonia,8,85.5,60.6,7,17.9,86.2,51.0,69.0,2.0,49.4,14.9,0.507,nenhum
PR,Sul,Pampa,12,232.0,73.8,14,19.5,96.7,83.0,44.0,14.9,8.9,19.0,0.594,tempestade
MS,Centro-Oeste,Cerrado,3,284.6,52.1,23,22.8,74.9,61.9,509.0,16.6,54.7,16.4,0.648,deslizamento
SP,Sudeste,Cerrado,1,374.6,68.3,26,24.9,69.7,31.0,301.0,13.5,33.9,24.6,0.852,inundacao
SP,Sudeste,Cerrado,7,49.0,12.0,4,16.5,78.9,29.3,1213.0,18.2,49.3,20.5,0.34,incendio_florestal
PR,Sul,Pampa,2,280.8,74.4,27,19.7,100.0,35.1,743.0,12.7,43.5,24.3,0.693,nenhum
CE,Nordeste,Cerrado,3,117.0,27.8,7,27.5,59.8,47.6,104.0,10.5,82.9,25.0,0.524,nenhum
RJ,Sudeste,Cerrado,10,109.6,44.3,12,21.5,75.1,23.9,1147.0,14.8,6.1,14.8,0.473,nenhum
SC,Sul,Pampa,6,161.7,57.0,13,15.5,75.2,36.4,503.0,10.1,6.4,17.3,0.612,nenhum
PA,Norte,Amazonia,7,83.3,34.3,3,27.3,86.2,41.9,88.0,13.7,42.6,16.2,0.283,estiagem_seca
ES,Sudeste,Mata Atlantica,10,164.9,74.6,18,23.6,68.5,49.6,383.0,12.0,32.9,25.8,0.534,nenhum
BA,Nordeste,Caatinga,2,69.0,36.3,9,33.8,61.6,20.2,454.0,1.8,11.6,19.3,0.335,estiagem_seca
RJ,Sudeste,Cerrado,6,43.9,15.0,4,23.0,74.4,36.0,672.0,10.2,2.3,13.8,0.354,incendio_florestal
GO,Centro-Oeste,Cerrado,1,339.4,193.8,28,25.4,66.0,43.8,399.0,7.7,70.8,29.3,0.488,inundacao
CE,Nordeste,Mata Atlantica,6,54.1,13.6,3,24.8,58.9,47.7,701.0,6.5,24.8,15.4,0.231,incendio_florestal
BA,Nordeste,Caatinga,3,73.9,31.4,8,29.0,63.1,41.4,308.0,9.0,80.2,30.0,0.32,incendio_florestal
RO,Norte,Amazonia,11,379.1,213.4,29,26.7,95.4,64.7,11.0,11.3,73.0,23.5,0.712,inundacao
RR,Norte,Amazonia,4,185.1,64.5,12,26.5,77.6,30.9,211.0,11.4,142.1,26.3,0.443,nenhum
RJ,Sudeste,Mata Atlantica,3,100.8,31.5,5,21.2,65.4,82.3,1186.0,15.3,9.9,14.2,0.381,incendio_florestal
PB,Nordeste,Cerrado,1,65.8,29.0,6,30.9,66.4,56.8,248.0,8.0,50.6,16.9,0.373,incendio_florestal
BA,Nordeste,Caatinga,2,66.7,28.5,4,34.1,71.7,56.3,276.0,7.1,1118.2,23.4,0.323,estiagem_seca
ES,Sudeste,Mata Atlantica,3,196.6,88.1,19,23.6,84.1,11.0,1105.0,14.7,70.6,15.3,0.661,nenhum
ES,Sudeste,Mata Atlantica,3,147.1,25.2,14,23.0,87.9,30.2,1247.0,28.1,459.2,25.6,0.548,deslizamento
SP,Sudeste,Mata Atlantica,9,93.9,13.3,13,20.0,63.2,21.7,815.0,22.0,140.2,30.1,0.285,nenhum
SC,Sul,Mata Atlantica,11,180.7,60.1,13,22.4,77.2,20.3,427.0,7.4,12.9,19.0,0.543,nenhum
CE,Nordeste,Caatinga,11,60.6,36.5,4,24.9,54.1,101.4,675.0,7.4,1813.6,20.8,0.29,tempestade
ES,Sudeste,Mata Atlantica,12,65.4,25.5,6,23.7,74.4,60.3,989.0,15.7,394.3,34.5,0.383,nenhum
AP,Norte,Amazonia,11,174.9,75.4,19,29.6,91.7,31.5,93.0,14.4,7.1,15.4,0.612,tempestade
MG,Sudeste,Cerrado,6,41.0,13.1,2,20.6,72.5,21.6,1270.0,14.6,38.9,17.7,0.236,incendio_florestal
SC,Sul,Mata Atlantica,5,28.6,6.9,1,17.7,76.8,44.8,147.0,14.8,714.0,29.9,0.339,estiagem_seca
RJ,Sudeste,Cerrado,8,60.0,13.9,5,20.4,60.5,31.7,499.0,18.9,128.6,16.1,0.248,nenhum
SP,Sudeste,Mata Atlantica,4,70.8,9.8,6,26.6,81.2,48.1,844.0,27.8,3.1,12.4,0.338,deslizamento
MG,Sudeste,Mata Atlantica,8,31.4,4.1,1,16.9,77.6,26.3,294.0,19.5,17.3,15.6,0.214,incendio_florestal
MA,Nordeste,Caatinga,12,65.3,22.6,5,30.5,64.5,39.0,393.0,4.5,15.1,18.4,0.311,incendio_florestal
ES,Sudeste,Mata Atlantica,3,188.8,41.3,14,19.9,93.7,50.3,45.0,3.8,455.5,34.9,0.359,nenhum
SP,Sudeste,Mata Atlantica,10,192.0,81.2,14,25.0,83.2,85.5,870.0,21.4,107.0,24.2,0.553,tempestade
SC,Sul,Mata Atlantica,12,113.9,72.7,6,21.9,86.3,8.7,378.0,15.0,31.1,21.1,0.302,nenhum
DF,Centro-Oeste,Pantanal,7,83.8,11.8,7,22.2,64.8,41.9,843.0,14.8,15.4,22.0,0.331,nenhum
AC,Norte,Cerrado,5,103.3,34.9,6,25.4,87.3,26.1,42.0,3.5,134.8,28.4,0.462,nenhum
SP,Sudeste,Mata Atlantica,4,93.7,36.3,3,21.8,69.6,9.0,937.0,22.6,41.0,16.5,0.41,nenhum
PA,Norte,Amazonia,3,261.5,79.8,20,28.5,98.7,36.9,80.0,4.4,64.7,28.8,0.8,inundacao
PE,Nordeste,Cerrado,4,99.4,43.1,4,26.4,71.0,40.2,793.0,4.1,122.7,19.9,0.475,nenhum
RN,Nordeste,Cerrado,9,111.0,50.5,10,24.7,60.0,47.4,364.0,17.2,64.1,21.8,0.488,nenhum
SP,Sudeste,Mata Atlantica,7,43.5,8.5,4,17.9,77.3,77.3,480.0,28.4,6.5,17.0,0.269,incendio_florestal
AL,Nordeste,Caatinga,3,94.6,40.4,8,28.9,64.4,42.0,150.0,3.1,178.0,25.7,0.354,incendio_florestal
PE,Nordeste,Caatinga,7,71.2,28.7,3,23.1,68.1,63.1,166.0,6.8,233.6,32.1,0.349,nenhum
AP,Norte,Amazonia,10,296.4,46.9,26,24.4,98.1,51.4,163.0,16.7,1165.0,34.6,0.591,deslizamento
PR,Sul,Pampa,1,244.3,46.5,18,19.6,85.1,32.0,65.0,5.4,19.4,21.1,0.657,nenhum
MG,Sudeste,Mata Atlantica,1,207.4,84.6,21,25.0,89.3,42.6,383.0,13.5,338.3,24.5,0.659,nenhum
RO,Norte,Amazonia,12,605.9,204.0,29,25.3,92.6,75.1,129.0,10.1,336.3,37.2,0.628,inundacao
AC,Norte,Amazonia,9,80.7,11.6,8,25.3,92.5,15.2,34.0,7.4,244.8,25.7,0.247,nenhum
RJ,Sudeste,Mata Atlantica,7,24.3,8.3,1,16.3,69.7,37.4,494.0,16.1,62.7,22.2,0.306,estiagem_seca
AL,Nordeste,Cerrado,11,75.0,41.1,6,29.1,65.1,19.5,314.0,8.6,12.5,16.3,0.336,incendio_florestal
ES,Sudeste,Cerrado,8,104.2,49.9,5,19.5,82.1,25.7,734.0,18.5,31.9,14.9,0.386,nenhum
GO,Centro-Oeste,Cerrado,7,29.9,4.1,1,22.3,70.0,65.1,171.0,2.8,9.2,12.6,0.466,estiagem_seca
RS,Sul,Pampa,3,105.8,26.5,11,23.6,87.8,22.0,392.0,5.3,5.1,11.2,0.447,nenhum
SE,Nordeste,Caatinga,10,41.5,15.8,4,27.2,68.4,14.9,170.0,12.7,152.9,29.5,0.413,estiagem_seca
RJ,Sudeste,Cerrado,10,128.9,39.4,8,21.5,60.7,38.0,368.0,10.3,14.0,14.0,0.418,nenhum
RO,Norte,Amazonia,4,168.1,99.4,11,28.5,86.7,50.3,135.0,9.1,2.5,13.5,0.495,tempestade
PR,Sul,Mata Atlantica,9,170.1,37.5,13,18.7,87.3,14.2,497.0,23.6,59.6,27.7,0.47,deslizamento
PR,Sul,Mata Atlantica,9,201.0,52.3,15,18.7,72.5,84.0,243.0,16.8,167.3,20.1,0.575,tempestade
RJ,Sudeste,Mata Atlantica,2,202.5,82.1,15,26.2,90.4,36.2,855.0,11.0,127.6,18.4,0.568,nenhum
DF,Centro-Oeste,Cerrado,2,313.3,136.4,26,24.2,66.6,55.0,1711.0,6.1,11.3,19.6,0.602,inundacao
CE,Nordeste,Cerrado,8,48.3,43.7,7,21.8,64.6,23.9,191.0,3.4,20.1,23.3,0.363,nenhum
RJ,Sudeste,Mata Atlantica,8,72.4,10.2,8,20.6,80.5,46.8,664.0,18.1,91.9,28.5,0.332,nenhum
RJ,Sudeste,Mata Atlantica,8,30.3,7.8,3,21.0,55.4,33.9,759.0,6.6,192.7,22.8,0.325,estiagem_seca
RN,Nordeste,Caatinga,5,86.6,45.2,10,25.9,63.3,42.1,196.0,14.4,95.3,23.8,0.387,nenhum
GO,Centro-Oeste,Cerrado,11,272.4,125.5,23,27.7,85.8,57.7,65.0,20.2,183.5,21.8,0.844,deslizamento
MS,Centro-Oeste,Cerrado,6,42.4,10.7,2,25.0,70.0,46.5,253.0,1.1,38.5,20.8,0.304,incendio_florestal
SP,Sudeste,Mata Atlantica,3,280.6,78.9,23,22.8,85.9,23.4,596.0,7.6,90.1,22.0,0.733,nenhum
SP,Sudeste,Cerrado,2,351.1,143.8,28,26.2,70.1,25.0,41.0,19.0,68.6,27.2,0.739,inundacao
ES,Sudeste,Mata Atlantica,11,197.6,45.9,12,24.1,75.6,51.9,167.0,17.4,9.5,19.5,0.496,nenhum
RJ,Sudeste,Mata Atlantica,9,116.3,52.5,12,19.1,81.4,33.6,1320.0,24.8,3.5,12.2,0.38,deslizamento
PI,Nordeste,Mata Atlantica,6,76.7,30.1,8,25.3,56.9,39.8,355.0,5.4,13.6,21.4,0.284,nenhum
CE,Nordeste,Cerrado,3,78.0,39.3,6,27.8,66.8,41.5,747.0,8.9,16.4,21.1,0.332,incendio_florestal
AP,Norte,Amazonia,2,292.7,119.0,22,27.0,95.4,63.5,114.0,2.8,364.3,34.2,0.607,tempestade
RJ,Sudeste,Mata Atlantica,2,188.9,73.0,13,22.9,78.6,35.9,367.0,17.7,41.4,26.7,0.557,nenhum
GO,Centro-Oeste,Cerrado,2,326.8,220.1,29,27.3,79.4,53.5,209.0,4.9,14.0,14.5,0.799,inundacao
DF,Centro-Oeste,Cerrado,7,56.0,11.4,4,18.9,67.3,36.4,793.0,6.4,36.9,20.6,0.208,incendio_florestal
CE,Nordeste,Caatinga,3,81.3,21.3,7,32.1,66.0,23.0,313.0,18.6,67.1,29.1,0.231,incendio_florestal
CE,Nordeste,Cerrado,2,98.0,62.1,9,32.3,59.0,38.4,142.0,2.5,25.5,19.7,0.357,estiagem_seca
RJ,Sudeste,Cerrado,4,206.5,74.1,15,20.0,89.1,27.1,1005.0,16.6,20.6,13.0,0.545,nenhum
PB,Nordeste,Caatinga,9,15.9,2.3,3,27.2,66.7,40.5,90.0,12.5,27.0,22.6,0.136,estiagem_seca
RR,Norte,Amazonia,6,137.5,40.9,8,21.8,85.3,42.4,19.0,11.4,67.5,28.4,0.419,nenhum
RJ,Sudeste,Cerrado,2,151.1,64.2,10,25.6,78.5,24.5,174.0,22.2,37.8,20.5,0.507,nenhum
MA,Nordeste,Mata Atlantica,9,75.5,35.3,3,26.8,73.9,10.7,360.0,14.9,24.3,22.1,0.345,tempestade
PE,Nordeste,Cerrado,6,185.1,70.9,19,23.4,64.8,38.7,321.0,10.7,15.6,15.9,0.527,nenhum
DF,Centro-Oeste,Cerrado,3,80.2,41.5,6,27.0,60.6,40.6,1177.0,4.9,80.8,29.4,0.337,nenhum
ES,Sudeste,Mata Atlantica,9,93.1,15.9,7,17.8,75.5,28.5,643.0,13.1,27.4,13.4,0.287,nenhum
PB,Nordeste,Caatinga,12,75.6,30.3,11,32.1,59.9,67.3,674.0,9.0,115.1,22.1,0.399,tempestade
MG,Sudeste,Cerrado,7,49.6,12.2,3,19.0,81.7,39.1,456.0,13.1,519.4,28.0,0.286,incendio_florestal
SC,Sul,Mata Atlantica,2,167.3,63.9,12,18.9,83.9,28.3,181.0,12.0,9.2,17.8,0.553,nenhum
SP,Sudeste,Mata Atlantica,4,137.6,20.8,8,20.1,75.1,21.2,524.0,14.9,34.1,16.3,0.484,nenhum
GO,Centro-Oeste,Cerrado,8,73.9,22.3,5,22.6,63.4,22.3,947.0,3.4,4.5,11.1,0.268,nenhum
ES,Sudeste,Mata Atlantica,12,354.0,115.3,25,21.1,83.8,28.0,500.0,18.0,34.3,24.6,0.626,deslizamento
DF,Centro-Oeste,Cerrado,12,143.9,19.4,15,27.1,73.3,17.1,1392.0,6.5,837.6,25.2,0.56,nenhum
MT,Centro-Oeste,Cerrado,12,95.6,16.4,5,30.4,64.3,49.2,311.0,9.6,120.2,26.6,0.415,estiagem_seca
DF,Centro-Oeste,Cerrado,10,153.3,68.5,13,24.3,72.5,57.1,1010.0,12.8,18.1,19.5,0.484,nenhum
RN,Nordeste,Cerrado,7,73.2,31.0,1,26.4,59.6,63.6,521.0,22.1,98.4,30.9,0.377,nenhum
TO,Norte,Amazonia,8,75.8,30.7,8,25.7,88.3,16.5,85.0,8.7,9.1,19.4,0.431,nenhum
DF,Centro-Oeste,Cerrado,9,85.2,39.5,5,27.0,62.1,63.6,557.0,2.4,9.1,11.9,0.496,nenhum
AM,Norte,Amazonia,9,122.4,55.4,5,23.7,84.3,34.4,191.0,4.9,131.9,18.2,0.502,nenhum
MS,Centro-Oeste,Pantanal,8,106.9,35.6,8,23.2,72.4,42.9,807.0,4.3,30.9,15.5,0.53,nenhum
SP,Sudeste,Cerrado,2,585.7,310.2,24,21.1,84.7,63.8,1285.0,16.8,35.3,23.3,0.665,deslizamento
RS,Sul,Mata Atlantica,11,74.6,20.5,4,21.4,71.1,34.8,257.0,15.3,45.9,23.0,0.412,nenhum
RR,Norte,Amazonia,1,192.3,40.9,13,28.6,100.0,65.5,190.0,8.1,33.6,17.0,0.505,tempestade
ES,Sudeste,Mata Atlantica,6,58.2,16.6,3,19.1,73.9,78.9,1498.0,8.8,349.7,28.5,0.355,tempestade
MS,Centro-Oeste,Cerrado,6,61.7,19.8,9,22.6,71.1,54.2,1221.0,16.6,5.5,15.3,0.36,nenhum
AC,Norte,Amazonia,12,427.4,139.6,27,26.9,100.0,60.7,92.0,7.5,14.8,15.4,0.727,inundacao
PB,Nordeste,Caatinga,2,158.2,60.6,17,31.0,56.6,62.8,514.0,9.2,69.4,24.0,0.582,tempestade
TO,Norte,Amazonia,6,89.4,45.6,4,23.3,91.7,35.4,203.0,8.7,8.6,13.0,0.339,nenhum
CE,Nordeste,Mata Atlantica,5,47.2,13.7,3,24.4,77.9,22.5,250.0,9.8,15.7,18.5,0.412,nenhum
CE,Nordeste,Mata Atlantica,2,147.7,72.1,11,29.5,64.8,13.2,553.0,7.4,179.4,30.0,0.504,tempestade
PI,Nordeste,Cerrado,3,83.8,23.7,5,29.8,59.3,39.3,94.0,9.1,14.0,19.0,0.395,incendio_florestal
MS,Centro-Oeste,Pantanal,6,80.7,11.2,6,23.6,56.8,28.7,95.0,17.5,168.6,17.6,0.289,nenhum
PA,Norte,Amazonia,11,217.2,82.4,18,24.6,100.0,28.1,0.0,9.5,6.6,13.2,0.59,inundacao
BA,Nordeste,Caatinga,5,240.4,83.8,21,25.8,63.7,16.8,523.0,15.1,1077.4,42.4,0.652,inundacao
RR,Norte,Amazonia,11,259.4,119.3,21,26.2,81.6,23.5,4.0,15.0,137.0,20.7,0.669,inundacao
SP,Sudeste,Mata Atlantica,9,116.8,63.4,10,21.4,84.8,65.1,755.0,14.3,141.9,17.6,0.521,tempestade
CE,Nordeste,Cerrado,10,39.3,17.7,3,27.1,60.9,57.0,235.0,6.9,27.6,16.5,0.36,estiagem_seca
ES,Sudeste,Mata Atlantica,11,129.3,26.5,9,22.2,72.5,73.2,468.0,15.0,50.2,23.3,0.392,tempestade
CE,Nordeste,Caatinga,9,57.9,19.9,7,24.4,59.5,15.0,33.0,4.7,2825.6,48.1,0.239,nenhum
RR,Norte,Amazonia,9,246.6,131.2,18,24.1,81.9,35.1,89.0,8.7,9.6,18.4,0.662,inundacao
PR,Sul,Mata Atlantica,2,126.3,48.5,11,20.1,77.9,28.3,636.0,9.8,21.2,20.0,0.511,nenhum
RO,Norte,Amazonia,9,94.5,37.3,5,25.1,83.5,46.6,303.0,6.9,30.1,19.6,0.398,nenhum
AP,Norte,Amazonia,1,248.6,152.9,17,31.0,92.2,33.1,140.0,13.2,63.9,15.0,0.68,tempestade
PE,Nordeste,Caatinga,9,35.5,16.6,0,28.4,73.5,23.1,436.0,12.2,138.7,23.4,0.307,nenhum
SC,Sul,Pampa,8,168.8,74.2,11,16.8,80.7,27.3,458.0,11.1,104.1,20.0,0.507,nenhum
ES,Sudeste,Mata Atlantica,10,222.7,86.4,18,17.4,75.1,38.6,65.0,14.9,9.8,13.9,0.698,inundacao
RJ,Sudeste,Mata Atlantica,8,48.5,17.4,6,24.8,66.5,39.3,35.0,11.4,156.8,22.4,0.314,incendio_florestal
SC,Sul,Mata Atlantica,5,237.7,88.8,24,16.8,91.5,35.2,66.0,11.3,155.3,32.4,0.699,incendio_florestal
RR,Norte,Amazonia,5,260.9,114.3,21,26.9,91.0,33.3,86.0,19.7,55.1,20.4,0.726,deslizamento
PR,Sul,Mata Atlantica,8,48.6,13.2,2,17.1,78.5,61.2,610.0,18.3,19.3,15.5,0.337,incendio_florestal
BA,Nordeste,Mata Atlantica,6,188.1,54.7,13,21.4,60.8,21.8,621.0,3.1,75.9,24.4,0.65,nenhum
SP,Sudeste,Mata Atlantica,5,389.1,86.6,27,20.3,69.0,31.1,1288.0,20.3,32.5,23.3,0.622,deslizamento
DF,Centro-Oeste,Cerrado,6,71.4,28.0,3,24.8,68.3,42.3,1636.0,18.6,46.1,15.7,0.375,nenhum
PB,Nordeste,Caatinga,7,43.1,8.7,5,22.0,53.0,34.4,206.0,13.0,51.0,21.4,0.305,tempestade
SC,Sul,Mata Atlantica,3,171.1,42.2,9,18.9,80.4,51.1,558.0,3.9,13.3,19.6,0.56,nenhum
PI,Nordeste,Caatinga,8,72.2,26.7,6,21.6,68.7,21.4,659.0,9.6,52.3,17.6,0.321,nenhum
SC,Sul,Pampa,4,77.5,40.7,4,17.1,94.6,11.6,454.0,6.0,246.2,27.5,0.348,nenhum
SE,Nordeste,Caatinga,4,129.0,22.9,7,25.0,66.4,31.2,81.0,13.9,136.8,16.2,0.425,nenhum
ES,Sudeste,Mata Atlantica,6,28.9,7.5,2,21.0,83.5,55.2,4.0,4.3,37.1,18.2,0.18,incendio_florestal
PR,Sul,Mata Atlantica,2,183.3,22.3,13,20.2,77.9,53.3,877.0,5.8,34.3,19.5,0.543,nenhum
PA,Norte,Amazonia,8,99.5,22.1,4,26.1,74.5,43.0,308.0,12.3,691.1,30.4,0.389,nenhum
PR,Sul,Pampa,9,125.8,25.1,6,17.5,83.8,26.6,407.0,17.1,13.4,18.6,0.381,incendio_florestal
MG,Sudeste,Mata Atlantica,12,575.1,261.9,27,26.0,77.7,44.9,456.0,17.6,130.5,29.7,0.618,deslizamento
MG,Sudeste,Mata Atlantica,4,218.7,45.0,15,21.3,79.1,42.3,718.0,26.6,308.3,31.5,0.619,deslizamento
MA,Nordeste,Mata Atlantica,7,65.1,14.2,7,25.8,63.0,37.9,25.0,2.4,9.5,11.9,0.41,nenhum
SP,Sudeste,Cerrado,7,29.6,9.0,0,18.6,84.1,51.3,495.0,11.6,38.5,17.5,0.336,estiagem_seca
MG,Sudeste,Cerrado,9,268.4,39.6,23,21.5,81.7,11.9,100.0,14.6,261.8,34.3,0.558,inundacao
MS,Centro-Oeste,Cerrado,8,90.0,40.2,6,23.5,57.9,36.7,632.0,4.5,16.6,20.4,0.54,nenhum
SE,Nordeste,Mata Atlantica,10,47.4,21.9,4,29.5,67.8,49.2,266.0,5.5,62.0,28.1,0.175,incendio_florestal
PE,Nordeste,Caatinga,11,40.2,14.1,2,28.9,64.6,28.2,215.0,6.5,6.1,13.7,0.299,deslizamento
PR,Sul,Mata Atlantica,2,509.1,306.1,28,19.6,93.5,42.9,525.0,11.7,27.1,23.2,0.5,inundacao
RO,Norte,Amazonia,5,200.7,22.9,15,25.6,98.1,24.8,85.0,7.4,402.5,29.6,0.484,nenhum
ES,Sudeste,Mata Atlantica,8,40.3,18.4,4,21.6,77.2,46.0,61.0,12.7,7.7,15.4,0.245,incendio_florestal
PR,Sul,Mata Atlantica,7,94.2,31.9,7,15.9,81.7,31.4,536.0,6.8,4.3,16.3,0.49,incendio_florestal
RO,Norte,Amazonia,6,115.2,47.3,10,23.0,100.0,78.0,393.0,9.6,46.8,20.6,0.544,tempestade
PI,Nordeste,Caatinga,3,31.7,6.6,0,29.9,62.9,30.1,147.0,1.3,110.1,24.8,0.28,estiagem_seca
SP,Sudeste,Mata Atlantica,7,42.5,7.5,2,19.8,63.8,9.7,357.0,13.5,23.8,21.2,0.26,incendio_florestal
PA,Norte,Amazonia,9,146.2,88.3,12,23.2,96.8,77.8,58.0,7.7,31.2,22.0,0.297,tempestade
ES,Sudeste,Mata Atlantica,1,128.9,68.5,11,26.8,86.9,70.0,764.0,9.7,150.5,20.2,0.395,tempestade
MG,Sudeste,Mata Atlantica,8,57.3,24.0,3,16.9,73.4,16.3,1102.0,28.7,311.1,22.8,0.187,deslizamento
ES,Sudeste,Mata Atlantica,11,181.2,49.9,13,22.7,72.1,25.1,358.0,17.2,107.8,16.2,0.511,nenhum
CE,Nordeste,Cerrado,7,88.0,61.7,5,23.4,55.7,58.1,331.0,15.5,205.0,24.6,0.342,nenhum
MG,Sudeste,Mata Atlantica,12,317.9,169.4,22,26.6,76.9,25.9,447.0,11.1,47.3,22.2,0.678,inundacao
SP,Sudeste,Mata Atlantica,5,283.1,71.4,23,20.4,95.2,32.2,597.0,10.8,19.4,16.7,0.667,deslizamento
SE,Nordeste,Caatinga,1,68.8,28.9,8,28.4,53.1,23.4,178.0,2.2,5.3,14.6,0.328,incendio_florestal
ES,Sudeste,Cerrado,9,75.0,38.0,8,17.6,70.9,55.3,296.0,15.1,6.3,11.7,0.345,nenhum
PR,Sul,Mata Atlantica,3,264.5,79.1,20,17.8,81.1,66.4,654.0,11.3,41.0,20.3,0.659,tempestade
RJ,Sudeste,Mata Atlantica,1,66.9,34.0,8,24.6,67.7,61.3,834.0,3.1,347.1,29.9,0.387,nenhum
MT,Centro-Oeste,Pantanal,3,115.6,38.0,5,26.4,56.6,42.7,55.0,14.3,12.1,18.4,0.48,nenhum
CE,Nordeste,Mata Atlantica,12,118.5,54.4,6,33.8,61.8,48.6,217.0,15.1,4975.6,39.5,0.328,estiagem_seca
AC,Norte,Amazonia,10,188.1,71.9,14,25.9,97.1,78.2,3.0,6.1,38.0,18.5,0.54,tempestade
BA,Nordeste,Mata Atlantica,4,114.0,26.4,10,29.3,59.0,32.0,364.0,11.5,11.0,19.7,0.563,estiagem_seca
AP,Norte,Amazonia,8,139.8,45.5,16,24.1,89.2,37.5,100.0,19.2,21.6,22.0,0.424,incendio_florestal
RS,Sul,Pampa,5,212.6,63.6,17,16.4,78.6,17.9,335.0,8.0,44.3,27.3,0.626,nenhum
AL,Nordeste,Cerrado,3,174.2,110.4,7,28.8,70.9,18.1,146.0,7.2,383.8,17.7,0.61,nenhum
RJ,Sudeste,Mata Atlantica,12,293.0,50.2,25,26.5,80.7,52.4,847.0,22.4,58.8,15.4,0.686,deslizamento
PE,Nordeste,Caatinga,10,61.3,12.4,4,25.6,51.9,94.9,276.0,10.8,7.7,16.5,0.296,tempestade
PE,Nordeste,Cerrado,5,28.3,10.2,3,25.2,60.0,43.4,152.0,10.3,691.8,31.1,0.106,incendio_florestal
MS,Centro-Oeste,Cerrado,5,96.0,16.0,8,22.0,64.7,27.8,374.0,19.1,19.7,16.0,0.447,nenhum
BA,Nordeste,Mata Atlantica,10,56.3,28.5,7,25.9,63.0,70.2,23.0,5.7,14.6,13.0,0.358,tempestade
RJ,Sudeste,Cerrado,6,47.8,14.1,2,20.0,74.2,51.9,547.0,12.3,99.8,16.3,0.266,incendio_florestal
PR,Sul,Mata Atlantica,5,123.7,39.5,10,19.5,86.1,44.5,213.0,2.9,220.0,31.1,0.447,nenhum
PR,Sul,Mata Atlantica,5,142.4,31.0,8,17.5,89.8,51.4,682.0,20.3,210.4,25.1,0.471,nenhum
RN,Nordeste,Caatinga,6,60.0,23.4,5,24.3,64.1,40.6,476.0,11.0,3.6,13.4,0.294,nenhum
ES,Sudeste,Cerrado,7,111.1,52.0,10,18.6,77.5,58.3,931.0,18.7,567.4,24.6,0.306,nenhum
CE,Nordeste,Mata Atlantica,1,144.8,50.6,11,30.7,70.6,20.9,693.0,14.1,10.2,13.7,0.47,estiagem_seca
SC,Sul,Pampa,6,124.0,32.5,9,16.4,81.4,41.6,667.0,11.8,127.9,27.1,0.522,nenhum
GO,Centro-Oeste,Amazonia,6,53.3,6.7,2,20.1,86.7,28.1,748.0,5.0,98.6,17.1,0.372,nenhum
PE,Nordeste,Caatinga,4,126.9,45.3,14,26.1,64.8,12.5,545.0,3.7,121.8,31.7,0.44,nenhum
PB,Nordeste,Mata Atlantica,5,112.5,47.8,9,22.4,61.8,44.6,376.0,11.0,35.7,17.8,0.459,tempestade
TO,Norte,Amazonia,6,162.2,37.5,15,24.4,82.6,48.7,90.0,1.7,279.6,33.8,0.411,nenhum
PE,Nordeste,Cerrado,5,75.9,12.4,2,29.1,73.7,63.9,152.0,8.1,51.9,21.6,0.318,incendio_florestal
RS,Sul,Mata Atlantica,11,118.1,24.2,7,21.2,72.3,25.8,770.0,20.6,404.6,35.4,0.391,estiagem_seca
MG,Sudeste,Mata Atlantica,7,48.2,16.7,4,19.1,77.0,35.7,706.0,18.4,9.2,18.3,0.308,incendio_florestal
PR,Sul,Mata Atlantica,7,82.6,32.6,7,14.6,80.2,48.5,521.0,3.6,721.1,38.1,0.24,nenhum
PA,Norte,Amazonia,4,358.4,177.7,27,25.9,94.5,37.6,21.0,13.0,3.7,12.0,0.616,inundacao
ES,Sudeste,Mata Atlantica,11,131.8,57.4,9,23.3,78.9,12.1,764.0,21.7,653.3,22.1,0.445,nenhum
PI,Nordeste,Caatinga,1,56.9,37.1,4,31.1,62.0,18.1,234.0,4.2,23.4,20.9,0.285,incendio_florestal
SP,Sudeste,Mata Atlantica,7,31.1,13.6,2,17.9,77.8,37.2,1169.0,19.9,94.5,20.1,0.256,estiagem_seca
SE,Nordeste,Caatinga,3,83.5,28.7,3,29.5,75.3,39.4,543.0,12.7,25.6,16.8,0.366,incendio_florestal
PI,Nordeste,Caatinga,10,19.0,3.8,2,26.6,60.5,26.7,225.0,6.1,12.7,14.4,0.369,incendio_florestal
SP,Sudeste,Mata Atlantica,5,125.1,27.1,12,18.5,75.1,25.5,136.0,18.8,26.4,22.2,0.407,nenhum
SE,Nordeste,Caatinga,4,74.6,44.4,5,24.2,64.9,30.3,216.0,3.4,169.6,31.2,0.355,nenhum
GO,Centro-Oeste,Cerrado,1,287.9,136.7,18,22.8,81.9,31.7,374.0,14.4,91.9,15.6,0.609,deslizamento
MG,Sudeste,Cerrado,10,123.7,43.0,15,23.5,91.5,32.6,98.0,20.4,334.7,36.3,0.491,nenhum
RO,Norte,Amazonia,5,87.1,30.1,7,24.5,100.0,77.2,437.0,6.3,116.6,27.7,0.477,deslizamento
SC,Sul,Mata Atlantica,4,124.7,43.9,12,21.7,92.4,77.7,78.0,14.2,89.5,18.6,0.421,tempestade
MT,Centro-Oeste,Pantanal,11,193.3,89.5,15,26.4,82.5,42.1,263.0,9.0,640.1,34.0,0.438,tempestade
RJ,Sudeste,Mata Atlantica,1,447.1,188.9,28,23.9,80.6,30.8,619.0,13.6,105.6,24.8,0.535,deslizamento
ES,Sudeste,Mata Atlantica,6,55.7,16.3,2,20.4,83.7,36.9,371.0,27.8,11.8,20.3,0.332,deslizamento
SP,Sudeste,Mata Atlantica,2,413.5,146.9,27,24.0,79.8,31.8,557.0,17.5,8.1,16.9,0.658,deslizamento
SP,Sudeste,Mata Atlantica,2,117.6,51.8,7,27.3,66.7,34.2,1022.0,16.4,832.3,28.8,0.503,nenhum
PR,Sul,Mata Atlantica,1,107.8,30.1,12,23.0,74.0,54.9,448.0,3.5,45.0,16.2,0.446,nenhum
ES,Sudeste,Cerrado,3,84.8,31.5,11,24.5,63.7,27.5,825.0,11.0,56.3,25.7,0.308,nenhum
RN,Nordeste,Mata Atlantica,12,36.2,10.6,3,30.2,62.5,45.2,469.0,8.9,21.3,23.5,0.338,estiagem_seca
AM,Norte,Amazonia,6,173.0,41.2,14,24.3,86.5,29.9,159.0,3.3,4.9,15.8,0.398,nenhum
RJ,Sudeste,Mata Atlantica,12,317.8,147.0,21,25.0,86.1,62.2,685.0,14.5,986.8,36.2,0.62,deslizamento
RO,Norte,Amazonia,4,187.3,74.6,16,28.1,86.3,39.1,177.0,5.3,8.0,18.4,0.568,tempestade
MA,Nordeste,Caatinga,10,22.4,5.2,0,26.8,64.5,53.7,38.0,5.7,11.7,18.4,0.3,estiagem_seca
PA,Norte,Amazonia,2,244.8,86.0,14,30.1,99.5,26.2,64.0,2.9,31.9,25.4,0.607,deslizamento
ES,Sudeste,Cerrado,2,177.5,34.9,14,24.7,87.2,49.5,548.0,17.8,25.4,18.6,0.533,nenhum
PE,Nordeste,Mata Atlantica,1,90.4,27.5,3,31.7,62.7,34.4,397.0,3.1,21.4,20.9,0.344,incendio_florestal
RJ,Sudeste,Cerrado,11,164.8,135.9,10,21.5,70.5,45.7,462.0,15.7,144.7,26.1,0.534,incendio_florestal
RJ,Sudeste,Mata Atlantica,9,59.9,25.7,6,20.0,68.3,51.8,436.0,26.1,275.3,19.6,0.381,inundacao
MG,Sudeste,Mata Atlantica,9,58.0,24.8,2,21.4,77.0,30.7,751.0,13.5,47.9,17.6,0.272,nenhum
BA,Nordeste,Caatinga,12,89.0,49.6,9,31.6,66.2,47.2,387.0,2.8,80.4,20.7,0.429,estiagem_seca
MG,Sudeste,Mata Atlantica,4,186.4,52.2,17,22.6,79.4,26.4,32.0,18.2,12.9,14.4,0.488,tempestade
RJ,Sudeste,Mata Atlantica,9,93.7,30.0,3,22.8,71.6,65.0,1294.0,10.5,124.7,17.2,0.38,nenhum
DF,Centro-Oeste,Cerrado,7,34.5,15.5,2,21.1,70.6,65.8,745.0,6.9,34.7,13.7,0.363,estiagem_seca
ES,Sudeste,Mata Atlantica,7,30.4,8.7,2,18.0,64.3,36.0,325.0,27.9,29.7,18.1,0.248,estiagem_seca
SE,Nordeste,Cerrado,8,42.1,6.0,1,25.6,74.4,71.5,34.0,3.9,222.0,19.6,0.263,incendio_florestal
RS,Sul,Pampa,6,99.0,20.0,8,16.2,78.5,59.5,410.0,26.7,6.1,17.8,0.418,deslizamento
AM,Norte,Amazonia,1,336.4,143.3,22,28.3,100.0,26.4,50.0,9.6,247.0,26.0,0.439,tempestade
ES,Sudeste,Mata Atlantica,1,329.7,111.7,25,24.3,86.2,42.4,895.0,9.1,48.1,25.7,0.604,inundacao
MG,Sudeste,Mata Atlantica,7,83.1,20.5,6,18.2,79.9,42.9,685.0,28.2,25.6,18.8,0.346,deslizamento
SE,Nordeste,Mata Atlantica,7,43.3,20.7,5,25.5,71.1,31.0,320.0,13.2,733.0,29.1,0.255,incendio_florestal
MG,Sudeste,Cerrado,9,90.0,40.0,11,23.1,79.0,48.1,142.0,13.5,175.1,29.4,0.368,nenhum
AM,Norte,Amazonia,7,111.9,38.8,12,21.3,80.5,37.3,245.0,7.2,4.1,15.7,0.431,nenhum
MG,Sudeste,Mata Atlantica,3,291.3,108.4,27,23.1,83.8,36.3,1219.0,3.6,224.3,22.5,0.748,nenhum
MG,Sudeste,Cerrado,5,60.2,19.5,2,21.1,67.0,53.3,1126.0,24.9,127.9,21.7,0.446,deslizamento
AP,Norte,Amazonia,6,122.6,64.8,10,21.7,85.1,91.1,84.0,0.3,7.7,17.5,0.441,tempestade
PA,Norte,Amazonia,12,306.5,75.9,26,26.9,90.5,30.9,19.0,14.9,47.0,17.2,0.632,inundacao
ES,Sudeste,Cerrado,7,63.5,31.7,5,18.5,76.7,57.3,41.0,14.6,176.1,34.0,0.38,nenhum
RN,Nordeste,Cerrado,8,27.9,17.7,4,27.5,70.5,11.8,158.0,5.9,3.4,14.3,0.269,nenhum
SC,Sul,Mata Atlantica,9,123.6,54.8,14,18.2,82.1,27.8,757.0,2.5,170.3,23.2,0.388,nenhum
RJ,Sudeste,Cerrado,5,101.6,59.3,7,19.7,77.7,25.4,618.0,12.8,29.4,15.1,0.474,nenhum
SP,Sudeste,Mata Atlantica,12,153.2,34.3,15,22.0,68.9,15.7,741.0,19.7,40.3,23.5,0.487,tempestade
PI,Nordeste,Mata Atlantica,9,33.4,15.8,2,26.2,53.9,75.4,396.0,14.8,289.8,25.5,0.323,estiagem_seca
MG,Sudeste,Mata Atlantica,11,467.3,125.5,26,19.5,81.9,58.5,261.0,18.6,16.7,19.0,0.623,deslizamento
PR,Sul,Mata Atlantica,9,145.2,47.5,8,18.5,90.2,35.9,707.0,23.5,10.0,12.8,0.483,nenhum
AM,Norte,Amazonia,8,140.2,23.2,7,23.6,88.1,18.1,90.0,12.8,152.0,17.0,0.54,nenhum
RN,Nordeste,Mata Atlantica,1,59.2,10.0,6,32.6,56.1,21.2,454.0,6.5,61.1,18.1,0.178,incendio_florestal
RN,Nordeste,Cerrado,8,41.5,14.3,4,25.1,65.2,54.5,392.0,11.1,26.9,17.8,0.269,incendio_florestal
CE,Nordeste,Cerrado,2,49.1,24.8,5,26.8,69.4,54.2,317.0,8.0,6.8,12.9,0.4,estiagem_seca
RJ,Sudeste,Cerrado,8,67.9,13.4,3,19.4,77.3,14.0,283.0,17.2,28.4,17.0,0.334,nenhum
MS,Centro-Oeste,Pantanal,9,75.4,15.6,4,22.7,69.5,30.8,361.0,8.5,21.2,21.8,0.425,nenhum
ES,Sudeste,Cerrado,7,37.6,9.3,1,18.9,73.0,19.9,283.0,21.5,35.5,14.8,0.252,incendio_florestal
CE,Nordeste,Caatinga,4,133.4,18.9,11,26.4,63.7,20.1,366.0,9.2,4.7,14.0,0.495,nenhum
PB,Nordeste,Caatinga,1,66.4,15.3,6,29.0,59.8,28.6,30.0,8.6,17.9,16.7,0.329,incendio_florestal
MA,Nordeste,Caatinga,9,45.6,12.2,3,25.9,73.6,31.6,293.0,6.1,92.7,20.5,0.186,incendio_florestal
PR,Sul,Mata Atlantica,9,164.8,36.6,10,14.5,79.7,46.7,578.0,12.3,44.4,20.6,0.491,nenhum
MG,Sudeste,Cerrado,6,61.7,16.5,1,19.4,60.7,42.2,72.0,15.7,37.4,25.8,0.281,nenhum
PI,Nordeste,Cerrado,9,57.4,10.0,3,24.0,69.1,25.2,117.0,0.9,11.9,18.8,0.282,nenhum
MG,Sudeste,Mata Atlantica,10,94.7,45.5,2,23.6,71.3,43.3,191.0,18.4,12.5,18.0,0.335,nenhum
AM,Norte,Amazonia,7,82.0,12.1,10,23.9,93.0,84.6,285.0,16.2,32.7,25.4,0.45,tempestade
PI,Nordeste,Cerrado,1,99.4,54.8,5,31.5,73.4,22.8,537.0,13.9,47.5,19.1,0.354,incendio_florestal
SE,Nordeste,Cerrado,11,77.7,13.3,5,30.5,62.0,60.0,457.0,18.7,14.1,19.4,0.385,incendio_florestal
SC,Sul,Pampa,6,113.5,49.9,11,15.9,84.7,26.1,201.0,10.4,65.2,17.2,0.424,nenhum
SP,Sudeste,Cerrado,9,56.1,22.6,10,20.6,69.3,31.7,72.0,11.1,64.9,15.6,0.392,nenhum
MG,Sudeste,Mata Atlantica,11,151.5,51.9,13,22.7,82.0,27.1,596.0,20.1,10.6,16.5,0.625,nenhum
AM,Norte,Amazonia,5,114.7,55.8,7,22.0,81.0,23.8,74.0,7.6,310.0,32.4,0.498,nenhum
RN,Nordeste,Mata Atlantica,8,16.9,6.2,1,26.5,59.0,13.5,456.0,19.1,14.4,18.7,0.217,estiagem_seca
RJ,Sudeste,Mata Atlantica,1,194.5,66.5,11,24.4,98.0,41.9,257.0,11.5,12.9,15.6,0.623,nenhum
AL,Nordeste,Caatinga,11,43.5,14.4,1,31.9,70.4,23.3,694.0,6.4,19.2,22.4,0.374,estiagem_seca
PR,Sul,Mata Atlantica,1,127.3,34.4,11,26.2,91.6,30.3,161.0,14.9,6.5,13.7,0.448,nenhum
ES,Sudeste,Mata Atlantica,7,34.1,19.5,4,19.2,74.3,34.1,1140.0,10.1,3.6,12.6,0.375,estiagem_seca
GO,Centro-Oeste,Cerrado,5,184.3,59.7,13,24.5,78.6,29.0,1006.0,12.2,244.7,19.6,0.555,nenhum
SP,Sudeste,Mata Atlantica,1,405.6,187.7,25,22.8,75.6,21.1,729.0,14.6,194.8,33.3,0.54,deslizamento
RS,Sul,Mata Atlantica,6,150.2,66.1,13,18.5,72.4,71.0,294.0,6.1,13.4,13.1,0.65,tempestade
MT,Centro-Oeste,Cerrado,12,94.8,25.7,7,27.7,64.3,23.7,198.0,14.4,130.2,27.8,0.246,incendio_florestal
RJ,Sudeste,Mata Atlantica,3,131.4,42.1,9,25.3,76.1,35.4,999.0,14.8,19.0,15.7,0.373,nenhum
SC,Sul,Pampa,4,214.1,139.9,11,18.0,76.2,30.7,301.0,16.5,10.8,15.0,0.587,estiagem_seca
MA,Nordeste,Mata Atlantica,3,166.7,59.1,11,25.2,66.8,14.2,224.0,4.2,34.1,16.7,0.594,nenhum
RS,Sul,Pampa,2,141.4,32.2,9,23.0,81.8,23.1,448.0,17.3,33.6,18.2,0.521,nenhum
AP,Norte,Amazonia,3,212.0,98.6,20,26.5,98.1,45.3,171.0,6.2,218.4,23.4,0.724,tempestade
ES,Sudeste,Cerrado,7,32.2,19.0,3,18.8,73.4,30.4,93.0,19.8,1.4,11.9,0.373,estiagem_seca
MG,Sudeste,Mata Atlantica,10,82.1,35.1,9,22.4,80.6,25.9,374.0,6.2,32.2,25.3,0.364,nenhum
RJ,Sudeste,Cerrado,9,53.1,19.7,2,18.9,82.8,38.8,710.0,22.3,1464.9,22.1,0.394,nenhum
DF,Centro-Oeste,Cerrado,10,178.9,72.7,10,27.8,75.4,34.1,1763.0,18.0,1.7,10.2,0.552,deslizamento
MG,Sudeste,Mata Atlantica,9,150.0,76.7,15,21.7,87.7,38.1,849.0,12.4,21.2,21.9,0.493,nenhum
CE,Nordeste,Caatinga,5,107.8,37.3,9,22.9,62.0,19.4,174.0,5.1,30.9,22.7,0.372,nenhum
PE,Nordeste,Caatinga,11,124.6,13.8,15,33.7,60.6,21.0,219.0,7.5,61.8,23.6,0.509,estiagem_seca
MA,Nordeste,Cerrado,3,218.6,114.3,15,29.7,67.2,40.5,69.0,7.9,149.0,21.1,0.585,tempestade
SP,Sudeste,Mata Atlantica,9,106.1,40.4,10,22.7,80.0,44.3,365.0,1.7,61.2,17.8,0.325,nenhum
MS,Centro-Oeste,Pantanal,2,355.2,111.7,27,25.3,85.2,35.5,941.0,4.4,530.2,38.7,0.52,inundacao
SE,Nordeste,Caatinga,10,48.9,20.1,2,27.6,70.1,25.9,50.0,2.1,28.2,16.3,0.241,incendio_florestal
PR,Sul,Mata Atlantica,2,113.1,32.0,9,21.2,88.2,42.4,829.0,13.1,240.3,22.1,0.451,nenhum
CE,Nordeste,Cerrado,3,90.6,23.2,6,28.7,55.1,21.9,443.0,2.0,39.5,18.2,0.377,incendio_florestal
GO,Centro-Oeste,Cerrado,5,113.9,49.7,9,21.3,74.5,89.9,792.0,5.1,159.5,28.3,0.401,tempestade
MA,Nordeste,Cerrado,9,25.0,9.0,2,25.5,67.4,25.9,21.0,8.4,18.9,18.6,0.296,estiagem_seca
RN,Nordeste,Cerrado,1,69.2,20.6,2,27.1,59.8,90.6,53.0,13.3,12.9,19.0,0.383,tempestade
RJ,Sudeste,Mata Atlantica,4,191.0,56.6,16,18.9,79.6,20.9,430.0,7.8,6.9,15.7,0.553,nenhum
GO,Centro-Oeste,Cerrado,5,213.0,42.2,18,20.2,82.2,51.1,993.0,10.0,33.7,22.9,0.587,nenhum
RR,Norte,Cerrado,9,178.6,65.5,16,24.6,89.9,32.6,123.0,10.5,17.1,21.5,0.505,nenhum
SC,Sul,Mata Atlantica,12,144.0,57.1,7,22.3,84.9,31.1,626.0,14.1,81.8,23.5,0.494,nenhum
RJ,Sudeste,Mata Atlantica,8,96.8,30.3,8,19.6,86.3,53.2,478.0,13.3,136.6,20.2,0.386,nenhum
MG,Sudeste,Mata Atlantica,7,42.2,7.4,3,18.5,71.3,32.2,519.0,18.0,231.9,24.4,0.22,incendio_florestal
SC,Sul,Pampa,5,124.4,60.3,6,16.1,89.2,55.2,133.0,22.9,169.7,19.0,0.453,nenhum
RS,Sul,Mata Atlantica,10,251.1,49.0,20,17.1,74.9,58.4,160.0,15.3,255.0,34.8,0.672,nenhum
MA,Nordeste,Caatinga,2,81.0,43.1,6,28.6,63.8,78.2,277.0,8.1,137.9,23.4,0.478,tempestade
SP,Sudeste,Mata Atlantica,2,424.4,203.9,25,23.5,84.4,38.8,1602.0,17.2,9.1,18.5,0.592,deslizamento
RJ,Sudeste,Mata Atlantica,3,139.9,82.7,8,24.2,75.9,33.5,788.0,8.7,75.1,29.2,0.354,nenhum
AL,Nordeste,Caatinga,4,74.5,26.8,8,26.8,64.0,34.5,205.0,2.8,16.7,16.2,0.265,incendio_florestal
CE,Nordeste,Caatinga,6,46.3,27.8,1,22.9,62.3,60.4,504.0,13.9,39.9,15.6,0.272,incendio_florestal
PA,Norte,Amazonia,12,331.3,219.7,26,26.3,100.0,53.0,278.0,3.2,46.0,24.7,0.642,inundacao
RJ,Sudeste,Mata Atlantica,8,37.4,14.8,3,15.2,58.6,29.0,668.0,11.0,1.2,10.9,0.283,incendio_florestal
RJ,Sudeste,Mata Atlantica,5,111.8,30.0,4,21.4,85.4,16.7,96.0,7.1,10.4,18.2,0.325,nenhum
RJ,Sudeste,Mata Atlantica,3,198.0,103.4,11,25.0,84.6,34.8,106.0,15.8,23.3,17.4,0.684,tempestade
MA,Nordeste,Caatinga,8,51.2,20.7,3,23.1,62.0,19.9,314.0,15.1,0.7,8.9,0.215,incendio_florestal
PE,Nordeste,Caatinga,4,208.7,30.0,17,30.8,67.2,60.3,116.0,14.7,351.8,33.7,0.678,estiagem_seca
GO,Centro-Oeste,Cerrado,12,310.0,134.9,25,27.9,78.3,42.1,156.0,16.8,59.3,28.0,0.685,deslizamento
SP,Sudeste,Mata Atlantica,6,65.3,23.1,9,21.3,58.0,28.1,556.0,14.8,58.8,27.0,0.416,nenhum
PR,Sul,Pampa,7,164.0,116.2,10,13.9,85.8,18.0,133.0,6.6,228.9,31.2,0.412,tempestade
RS,Sul,Mata Atlantica,11,164.8,73.1,16,23.2,63.4,14.0,366.0,16.4,144.0,21.5,0.487,nenhum
SC,Sul,Mata Atlantica,4,352.8,105.6,23,16.4,98.1,33.8,634.0,9.4,144.6,20.8,0.653,inundacao
PR,Sul,Mata Atlantica,6,122.1,52.1,7,17.8,90.0,34.2,680.0,8.3,230.0,22.8,0.4,nenhum
RS,Sul,Mata Atlantica,7,226.7,30.4,16,13.8,83.5,54.2,291.0,14.8,77.6,24.5,0.631,nenhum
DF,Centro-Oeste,Cerrado,4,154.5,41.2,20,26.6,83.0,20.4,466.0,10.5,80.4,26.4,0.497,nenhum
PA,Norte,Amazonia,1,195.5,108.5,13,30.1,92.1,30.4,73.0,7.0,96.8,22.4,0.502,tempestade
AM,Norte,Amazonia,4,322.1,109.1,25,24.4,93.3,84.3,210.0,5.5,6.8,14.6,0.819,tempestade
PI,Nordeste,Caatinga,2,148.1,34.6,13,29.2,63.9,65.6,523.0,7.2,2.1,12.1,0.432,tempestade
PB,Nordeste,Cerrado,9,33.3,29.0,3,26.0,72.6,30.3,468.0,2.4,2.2,10.8,0.342,estiagem_seca
MA,Nordeste,Mata Atlantica,1,135.3,42.3,13,30.6,67.6,28.9,25.0,3.2,141.4,32.7,0.443,estiagem_seca
RS,Sul,Mata Atlantica,4,259.9,76.0,21,16.9,71.0,50.1,391.0,5.9,22.3,16.1,0.701,nenhum
PB,Nordeste,Cerrado,11,63.4,12.9,3,29.9,63.7,41.2,358.0,10.6,32.8,25.7,0.143,incendio_florestal
RS,Sul,Mata Atlantica,7,201.4,56.2,14,15.4,83.4,24.3,886.0,13.5,62.7,16.1,0.581,nenhum
ES,Sudeste,Mata Atlantica,9,149.2,87.9,10,18.1,85.0,41.3,1147.0,20.6,415.9,29.7,0.447,nenhum
RJ,Sudeste,Mata Atlantica,9,99.1,19.3,9,20.1,73.8,31.9,562.0,4.8,133.1,30.4,0.393,nenhum
ES,Sudeste,Cerrado,4,161.2,96.1,12,20.5,85.4,26.2,581.0,12.2,66.8,16.3,0.428,tempestade
BA,Nordeste,Caatinga,8,41.9,19.4,3,23.3,59.2,28.8,136.0,2.2,92.0,24.8,0.304,incendio_florestal
MG,Sudeste,Mata Atlantica,3,342.0,118.2,24,18.7,84.5,41.7,323.0,27.0,1421.1,22.6,0.72,deslizamento
BA,Nordeste,Caatinga,8,40.8,11.2,4,26.5,60.8,19.2,129.0,16.7,11.2,13.8,0.359,estiagem_seca
PR,Sul,Pampa,9,156.0,37.3,13,14.4,90.8,53.1,31.0,15.1,398.1,20.3,0.503,nenhum
PE,Nordeste,Caatinga,11,49.6,41.9,8,29.7,59.5,40.4,730.0,7.8,51.1,19.4,0.395,estiagem_seca
RN,Nordeste,Caatinga,12,93.8,18.0,6,27.6,71.1,29.1,329.0,11.8,43.9,17.5,0.459,nenhum
MG,Sudeste,Mata Atlantica,1,260.5,77.2,19,23.3,72.9,59.1,116.0,18.1,126.4,31.4,0.587,inundacao
ES,Sudeste,Cerrado,4,174.9,87.8,13,19.5,79.2,65.0,842.0,14.3,3.1,15.1,0.563,tempestade
MT,Centro-Oeste,Pantanal,7,36.9,15.8,3,20.7,65.0,57.9,1538.0,7.2,10.0,14.1,0.374,estiagem_seca
RJ,Sudeste,Mata Atlantica,4,74.0,38.3,8,22.6,68.7,25.8,538.0,9.4,89.0,27.5,0.446,nenhum
PB,Nordeste,Caatinga,8,45.5,16.6,6,24.0,58.5,17.0,250.0,3.3,98.2,27.9,0.235,incendio_florestal
MG,Sudeste,Cerrado,11,989.0,261.3,27,18.8,75.4,67.1,846.0,22.8,116.4,21.2,0.606,deslizamento
AL,Nordeste,Mata Atlantica,4,70.1,24.8,7,26.8,49.1,23.2,320.0,3.2,144.0,19.9,0.275,incendio_florestal
SE,Nordeste,Cerrado,11,38.2,10.8,2,28.6,63.9,17.8,501.0,4.7,1004.2,37.7,0.146,incendio_florestal
CE,Nordeste,Caatinga,11,62.3,28.0,6,29.8,62.5,28.6,139.0,14.5,18.8,16.0,0.346,incendio_florestal
PI,Nordeste,Cerrado,11,65.8,15.8,8,30.0,60.5,41.6,178.0,7.5,88.7,15.3,0.308,incendio_florestal
SE,Nordeste,Mata Atlantica,1,74.5,42.9,7,31.5,71.4,20.1,451.0,12.6,151.8,21.8,0.39,estiagem_seca
MS,Centro-Oeste,Cerrado,4,155.8,41.6,14,22.6,86.1,34.7,550.0,3.5,86.5,25.7,0.442,nenhum
SE,Nordeste,Caatinga,2,58.5,22.8,6,30.8,45.2,24.9,49.0,8.5,42.0,17.8,0.254,incendio_florestal
BA,Nordeste,Cerrado,2,170.8,34.6,11,29.6,79.9,37.8,528.0,12.1,15.4,15.4,0.609,estiagem_seca
MG,Sudeste,Cerrado,1,112.9,84.1,10,23.5,82.6,37.6,718.0,25.0,36.2,15.9,0.433,deslizamento
PA,Norte,Amazonia,6,77.5,11.5,7,22.2,89.1,21.3,96.0,3.0,345.9,22.1,0.413,nenhum
SP,Sudeste,Cerrado,2,171.7,56.4,14,23.5,81.6,32.1,226.0,7.7,1326.6,37.6,0.442,nenhum
RS,Sul,Mata Atlantica,4,158.1,53.4,18,19.7,86.0,12.1,585.0,23.9,3.6,14.3,0.644,nenhum
MS,Centro-Oeste,Cerrado,12,276.1,178.1,22,29.6,80.1,42.7,670.0,2.9,50.8,26.3,0.677,inundacao
SC,Sul,Mata Atlantica,11,165.4,65.2,11,20.0,96.3,41.2,554.0,16.2,3.4,12.9,0.462,nenhum
TO,Norte,Amazonia,12,703.9,175.6,24,27.6,91.6,48.7,233.0,7.3,16.6,17.4,0.564,inundacao
RR,Norte,Amazonia,1,193.1,70.5,12,30.0,77.2,81.0,20.0,3.4,70.5,21.9,0.584,tempestade
MG,Sudeste,Cerrado,8,47.4,13.8,5,20.6,84.4,59.6,749.0,9.5,8.3,13.9,0.354,estiagem_seca
ES,Sudeste,Mata Atlantica,8,158.0,88.9,16,23.5,75.6,34.1,82.0,15.9,25.2,24.2,0.542,nenhum
SP,Sudeste,Mata Atlantica,2,167.0,46.8,15,25.0,71.9,52.1,746.0,18.1,20.0,13.7,0.415,nenhum
PA,Norte,Amazonia,11,268.7,97.1,20,25.5,91.1,36.4,123.0,4.9,66.0,25.4,0.531,inundacao
ES,Sudeste,Mata Atlantica,5,115.3,16.8,13,18.2,81.1,36.5,622.0,18.5,26.2,18.8,0.305,nenhum
BA,Nordeste,Caatinga,12,111.7,57.7,9,26.0,73.9,60.1,69.0,6.1,286.1,35.3,0.31,nenhum
PE,Nordeste,Caatinga,2,39.8,5.6,1,31.7,59.2,19.2,243.0,7.4,44.8,14.7,0.35,estiagem_seca
PI,Nordeste,Mata Atlantica,8,78.1,12.0,7,24.9,62.0,27.4,68.0,7.6,13.2,18.6,0.366,nenhum
PR,Sul,Mata Atlantica,2,258.0,53.8,18,19.9,85.0,36.7,314.0,3.0,4.7,13.4,0.571,nenhum
AP,Norte,Amazonia,12,250.9,39.3,16,28.0,90.2,34.5,107.0,8.5,13.5,12.3,0.587,nenhum
SP,Sudeste,Mata Atlantica,8,47.5,17.2,3,17.9,68.1,23.3,1328.0,28.4,36.1,19.1,0.332,deslizamento
RJ,Sudeste,Mata Atlantica,1,144.7,41.1,8,26.3,75.6,23.1,269.0,8.8,103.6,22.9,0.552,nenhum
MG,Sudeste,Mata Atlantica,3,239.8,56.8,22,20.3,85.3,9.8,66.0,14.4,142.3,28.6,0.662,inundacao
RJ,Sudeste,Cerrado,5,68.4,24.8,4,22.3,73.9,26.4,468.0,19.5,191.8,28.5,0.427,nenhum
PR,Sul,Mata Atlantica,1,126.2,51.0,12,20.8,96.0,22.3,395.0,4.1,112.7,27.4,0.453,nenhum
RN,Nordeste,Caatinga,1,78.1,25.2,6,28.7,68.7,22.7,57.0,10.6,208.0,30.3,0.437,nenhum
AP,Norte,Amazonia,12,221.7,75.6,20,29.5,79.7,44.6,2.0,13.6,29.2,20.1,0.789,inundacao
SP,Sudeste,Mata Atlantica,12,240.2,94.3,21,24.5,78.2,45.5,918.0,20.6,37.0,22.6,0.631,deslizamento
PB,Nordeste,Cerrado,7,59.1,14.2,4,24.1,68.1,25.1,598.0,12.1,19.6,18.4,0.381,nenhum
AC,Norte,Amazonia,11,234.2,33.4,18,25.9,90.9,36.8,36.0,1.0,14.7,17.5,0.498,nenhum
BA,Nordeste,Caatinga,8,71.3,17.7,8,25.2,60.4,37.8,540.0,26.2,380.3,36.1,0.351,deslizamento
PI,Nordeste,Cerrado,1,180.4,57.6,21,32.0,57.9,80.6,565.0,19.5,36.9,14.1,0.488,tempestade
AC,Norte,Amazonia,9,329.4,84.9,25,20.2,79.5,21.4,49.0,4.1,8.9,19.0,0.716,inundacao
RR,Norte,Amazonia,1,387.2,131.6,27,25.3,91.6,22.6,136.0,1.7,13.4,20.7,0.637,inundacao
RS,Sul,Mata Atlantica,10,133.3,27.1,8,22.2,67.9,40.5,522.0,22.7,1136.2,37.0,0.441,nenhum
PI,Nordeste,Cerrado,5,134.7,31.7,10,25.8,82.2,54.2,33.0,2.8,71.1,27.4,0.358,nenhum
SC,Sul,Mata Atlantica,2,372.6,112.4,26,20.1,83.5,40.6,315.0,8.0,98.0,16.0,0.658,inundacao
PR,Sul,Mata Atlantica,4,198.6,133.9,14,18.1,75.6,67.4,215.0,2.4,21.9,19.1,0.633,tempestade
PB,Nordeste,Mata Atlantica,9,42.9,5.7,2,26.1,70.4,46.4,58.0,7.3,1.7,11.0,0.35,estiagem_seca
SP,Sudeste,Mata Atlantica,11,245.9,70.2,16,22.5,72.0,48.0,581.0,11.6,7.3,15.9,0.54,nenhum
MG,Sudeste,Mata Atlantica,7,115.6,28.9,10,15.2,83.2,34.5,1035.0,12.9,18.3,16.0,0.43,nenhum
ES,Sudeste,Mata Atlantica,2,124.0,41.9,9,26.4,74.4,16.3,558.0,12.6,19.1,20.2,0.399,nenhum
RR,Norte,Amazonia,11,204.1,55.3,15,26.7,91.9,35.5,28.0,1.1,47.9,21.4,0.514,nenhum
PE,Nordeste,Cerrado,10,23.0,12.8,2,29.1,64.0,50.2,378.0,6.5,169.7,17.7,0.219,estiagem_seca
TO,Norte,Amazonia,5,65.2,35.0,3,22.5,85.3,46.7,80.0,2.6,50.2,24.5,0.378,nenhum
ES,Sudeste,Mata Atlantica,7,45.7,28.7,6,17.3,78.2,46.2,148.0,24.6,91.2,20.5,0.41,estiagem_seca
SC,Sul,Pampa,12,270.4,111.9,24,22.4,92.7,49.0,193.0,5.5,189.7,30.3,0.682,inundacao
SP,Sudeste,Mata Atlantica,5,89.9,22.6,5,20.5,79.0,36.3,488.0,9.3,422.1,31.8,0.302,nenhum
RJ,Sudeste,Cerrado,1,231.1,71.8,18,24.3,88.9,31.5,324.0,12.9,12.0,20.5,0.638,nenhum
SC,Sul,Mata Atlantica,2,101.6,38.0,8,20.4,72.3,36.1,940.0,18.1,89.2,26.8,0.386,nenhum
RJ,Sudeste,Mata Atlantica,8,194.4,113.6,16,15.4,78.1,79.2,111.0,18.9,95.5,18.6,0.638,tempestade
RO,Norte,Amazonia,12,158.5,59.2,16,28.4,85.5,35.9,110.0,5.1,70.9,18.8,0.511,nenhum
PR,Sul,Pampa,9,111.1,24.7,7,19.1,88.3,42.3,272.0,12.4,26.1,23.8,0.452,nenhum
BA,Nordeste,Cerrado,8,17.2,3.5,0,23.8,63.9,41.5,465.0,16.8,11.0,14.1,0.273,estiagem_seca
TO,Norte,Amazonia,4,172.8,63.7,10,28.9,88.3,23.1,75.0,9.7,37.1,20.9,0.566,nenhum
MS,Centro-Oeste,Pantanal,6,56.9,16.2,2,19.5,64.6,80.3,481.0,14.1,68.3,24.9,0.371,tempestade
PR,Sul,Mata Atlantica,1,209.2,49.2,14,21.6,89.9,23.3,458.0,16.0,234.7,18.7,0.525,nenhum
RN,Nordeste,Caatinga,5,127.3,57.9,10,25.7,71.4,38.8,116.0,6.4,38.0,16.0,0.45,nenhum
MS,Centro-Oeste,Cerrado,8,40.7,7.7,2,24.0,58.4,37.3,1388.0,7.3,8.1,16.3,0.287,incendio_florestal
AL,Nordeste,Caatinga,11,99.2,46.1,9,27.5,71.2,12.2,167.0,11.2,10.5,16.6,0.463,nenhum
AP,Norte,Amazonia,12,258.5,74.6,18,25.9,86.9,21.3,245.0,8.5,7.9,11.7,0.694,nenhum
AM,Norte,Amazonia,10,198.9,76.2,20,25.2,90.0,30.8,206.0,0.9,41.0,23.3,0.516,nenhum
RJ,Sudeste,Mata Atlantica,1,213.7,115.5,17,24.2,78.1,59.4,203.0,8.0,6.0,11.5,0.6,tempestade
PR,Sul,Mata Atlantica,10,147.2,33.0,13,16.1,83.9,12.2,628.0,12.4,14.5,19.5,0.496,nenhum
RN,Nordeste,Cerrado,3,70.3,32.9,4,30.8,50.2,42.8,40.0,6.1,524.9,22.0,0.383,estiagem_seca
RN,Nordeste,Caatinga,8,37.8,13.1,5,21.3,61.1,24.7,681.0,2.8,36.2,20.4,0.238,incendio_florestal
PI,Nordeste,Caatinga,12,54.5,19.4,7,31.7,61.0,45.3,191.0,21.0,52.9,23.2,0.269,incendio_florestal
AM,Norte,Amazonia,11,104.9,21.3,9,31.9,86.6,38.0,109.0,14.0,6.6,13.1,0.387,estiagem_seca
SP,Sudeste,Mata Atlantica,8,19.7,8.3,2,17.2,65.0,24.4,971.0,18.0,43.7,19.1,0.219,estiagem_seca
RJ,Sudeste,Mata Atlantica,4,128.0,50.8,11,20.5,73.3,29.5,404.0,3.6,3.9,13.6,0.44,nenhum
MG,Sudeste,Mata Atlantica,7,46.5,11.4,4,19.5,76.2,23.4,478.0,16.3,57.8,26.1,0.312,incendio_florestal
RN,Nordeste,Mata Atlantica,9,29.6,13.4,2,25.6,62.1,50.9,307.0,9.1,7.2,16.0,0.351,estiagem_seca
ES,Sudeste,Mata Atlantica,7,44.0,17.1,4,20.0,68.0,19.5,1022.0,16.9,341.1,23.7,0.247,incendio_florestal
AM,Norte,Amazonia,5,142.5,40.1,16,25.1,81.4,16.9,150.0,12.0,852.8,27.7,0.332,nenhum
SE,Nordeste,Caatinga,5,139.1,63.7,13,26.6,73.0,47.2,319.0,2.8,17.8,18.7,0.494,nenhum
SC,Sul,Mata Atlantica,8,71.5,18.0,4,15.1,78.8,41.8,339.0,5.2,4.5,13.9,0.256,nenhum
MG,Sudeste,Mata Atlantica,1,167.2,78.5,13,24.9,80.9,29.6,675.0,16.7,23.9,24.0,0.602,nenhum
PR,Sul,Mata Atlantica,12,247.7,40.4,19,19.0,79.3,30.9,410.0,1.3,3.9,13.6,0.679,nenhum
RS,Sul,Pampa,2,285.8,94.5,26,20.9,92.4,77.5,546.0,7.4,27.9,16.9,0.693,tempestade
SP,Sudeste,Mata Atlantica,12,120.7,30.9,9,23.2,87.1,66.4,36.0,8.9,12.4,20.9,0.506,nenhum
PR,Sul,Pampa,1,158.3,38.5,9,20.6,79.5,29.7,154.0,12.1,261.4,36.3,0.437,nenhum
MS,Centro-Oeste,Cerrado,7,26.5,5.6,2,20.8,60.4,77.2,585.0,8.5,2.1,10.9,0.321,estiagem_seca
RR,Norte,Amazonia,6,152.7,24.8,8,22.4,90.0,35.1,19.0,0.6,6.6,15.9,0.534,nenhum
AC,Norte,Amazonia,7,159.8,32.9,11,22.2,90.2,43.0,318.0,14.1,174.9,16.3,0.637,nenhum
TO,Norte,Amazonia,6,41.0,8.2,6,24.5,82.5,47.4,372.0,8.9,19.2,22.9,0.429,estiagem_seca
RR,Norte,Amazonia,11,203.2,68.5,22,30.5,100.0,59.1,140.0,5.4,465.2,37.0,0.531,tempestade
BA,Nordeste,Caatinga,1,94.6,13.3,6,29.0,53.3,42.1,554.0,10.8,50.5,18.1,0.501,estiagem_seca
ES,Sudeste,Cerrado,12,578.2,400.0,27,21.9,80.9,48.2,946.0,17.7,67.2,15.2,0.537,tempestade
ES,Sudeste,Cerrado,9,109.1,22.0,9,18.9,67.2,13.4,1303.0,17.0,77.1,17.6,0.405,nenhum
SP,Sudeste,Mata Atlantica,10,128.4,64.4,15,17.9,74.2,61.4,871.0,24.0,87.7,29.2,0.468,nenhum
PB,Nordeste,Mata Atlantica,2,87.7,10.8,8,30.1,56.1,17.9,81.0,1.9,35.4,20.7,0.276,incendio_florestal
RJ,Sudeste,Mata Atlantica,1,601.8,111.7,24,23.6,74.0,26.8,269.0,18.5,37.9,20.0,0.821,deslizamento
PE,Nordeste,Caatinga,5,283.5,110.9,24,24.1,68.6,49.9,569.0,7.7,301.6,32.2,0.737,inundacao
AP,Norte,Cerrado,4,149.8,79.1,10,25.1,87.0,33.0,436.0,9.2,16.0,17.8,0.471,nenhum
SE,Nordeste,Cerrado,10,22.4,10.2,3,28.1,64.0,38.4,6.0,0.7,62.8,26.1,0.393,estiagem_seca
PI,Nordeste,Caatinga,11,69.4,36.9,1,26.9,70.6,40.5,568.0,4.7,26.5,22.8,0.392,nenhum
PE,Nordeste,Caatinga,6,43.7,9.5,3,25.3,75.2,28.3,95.0,5.7,127.9,20.1,0.315,incendio_florestal
ES,Sudeste,Cerrado,10,94.7,37.5,7,18.9,85.1,23.7,2.0,5.3,333.1,28.1,0.397,nenhum
ES,Sudeste,Mata Atlantica,1,302.9,155.2,20,24.2,84.6,61.4,253.0,9.6,22.2,18.1,0.622,tempestade
ES,Sudeste,Mata Atlantica,9,53.9,24.4,4,17.8,69.1,46.8,695.0,12.0,11.2,17.9,0.335,nenhum
PE,Nordeste,Cerrado,2,90.6,49.0,10,26.6,63.6,33.8,276.0,15.4,15.9,16.6,0.336,nenhum
ES,Sudeste,Mata Atlantica,9,132.5,35.5,11,17.8,73.4,14.0,1278.0,18.3,194.8,23.6,0.448,nenhum
MG,Sudeste,Mata Atlantica,5,56.7,12.2,3,21.6,66.0,28.2,316.0,13.8,71.4,28.2,0.305,nenhum
BA,Nordeste,Caatinga,5,91.7,22.2,5,24.0,71.5,30.0,674.0,12.5,43.8,24.8,0.386,nenhum
SP,Sudeste,Cerrado,4,173.0,63.5,13,21.5,86.0,64.9,364.0,13.9,36.8,26.0,0.512,tempestade
GO,Centro-Oeste,Cerrado,5,95.4,21.5,3,23.9,62.1,66.2,112.0,6.3,17.0,13.8,0.575,nenhum
DF,Centro-Oeste,Cerrado,11,88.5,22.2,6,28.6,67.9,37.9,1912.0,24.0,178.3,24.3,0.254,incendio_florestal
RO,Norte,Amazonia,10,234.9,49.0,18,24.2,89.4,41.0,37.0,5.9,64.0,26.6,0.497,inundacao
DF,Centro-Oeste,Pantanal,5,71.0,18.0,6,24.2,58.9,19.0,54.0,4.0,711.8,35.8,0.239,nenhum
AC,Norte,Amazonia,4,127.1,62.3,9,23.7,84.1,48.4,33.0,9.4,47.0,20.2,0.447,nenhum
CE,Nordeste,Cerrado,7,79.3,17.8,10,20.7,70.1,12.3,460.0,13.0,72.6,21.0,0.332,nenhum
MA,Nordeste,Caatinga,9,34.2,14.6,1,27.0,67.2,23.1,397.0,8.8,24.6,20.6,0.181,incendio_florestal
RS,Sul,Pampa,3,236.0,53.1,11,18.1,91.5,29.7,46.0,4.0,18.7,20.4,0.777,nenhum
RN,Nordeste,Caatinga,9,32.6,15.1,3,26.3,63.1,38.6,59.0,13.1,44.4,24.7,0.303,estiagem_seca
RN,Nordeste,Caatinga,12,61.7,19.5,7,31.0,61.7,18.2,131.0,3.1,294.9,20.3,0.307,incendio_florestal
PE,Nordeste,Caatinga,11,33.4,11.7,3,31.7,55.9,35.0,609.0,5.1,24.4,18.2,0.221,estiagem_seca
SC,Sul,Pampa,7,299.0,228.8,25,14.7,99.2,30.1,188.0,17.4,23.8,20.2,0.651,deslizamento
SP,Sudeste,Mata Atlantica,4,337.2,196.2,25,17.0,96.9,77.0,1099.0,33.7,5.8,16.2,0.646,deslizamento
PR,Sul,Pampa,4,298.0,94.7,21,17.7,86.5,29.5,901.0,7.3,2025.5,21.9,0.691,deslizamento
AL,Nordeste,Caatinga,9,51.2,7.4,5,24.9,56.1,45.1,409.0,11.5,20.2,19.9,0.221,incendio_florestal
PA,Norte,Amazonia,6,205.0,50.0,13,22.9,83.4,32.3,33.0,7.2,5.8,11.8,0.559,nenhum
MG,Sudeste,Mata Atlantica,2,228.2,89.0,22,23.1,70.7,32.5,459.0,12.1,64.2,20.3,0.69,nenhum
PI,Nordeste,Cerrado,9,43.7,30.1,7,26.6,66.2,47.1,505.0,7.6,71.3,18.3,0.262,inundacao
MG,Sudeste,Mata Atlantica,2,81.6,30.4,10,25.5,82.6,25.5,1404.0,25.9,160.9,17.7,0.418,deslizamento
PR,Sul,Mata Atlantica,12,157.9,63.6,16,23.7,92.3,28.8,233.0,1.7,65.5,17.1,0.508,nenhum
MS,Centro-Oeste,Amazonia,6,19.0,5.4,2,21.8,74.8,28.9,654.0,11.8,3.5,13.6,0.255,estiagem_seca
RS,Sul,Mata Atlantica,5,82.2,42.6,9,19.3,81.3,38.1,438.0,12.1,15.7,17.5,0.326,nenhum
SP,Sudeste,Mata Atlantica,1,234.7,162.2,17,23.4,79.7,38.5,585.0,14.6,243.5,33.9,0.606,nenhum
PB,Nordeste,Caatinga,3,123.5,55.4,9,28.6,66.6,27.6,317.0,8.7,198.3,20.7,0.426,nenhum
DF,Centro-Oeste,Amazonia,12,295.6,41.1,19,29.2,77.6,28.0,304.0,17.2,93.5,16.5,0.512,deslizamento
AC,Norte,Amazonia,7,78.5,21.5,4,20.5,89.9,34.3,93.0,4.2,448.9,26.5,0.42,nenhum
MG,Sudeste,Cerrado,11,230.3,76.4,15,22.2,90.1,32.7,1164.0,3.8,34.6,23.2,0.648,nenhum
AC,Norte,Amazonia,12,325.3,86.9,26,27.2,89.2,81.6,402.0,7.2,279.9,19.0,0.572,tempestade
PE,Nordeste,Caatinga,1,83.1,33.5,5,30.3,62.4,34.3,235.0,7.6,25.6,13.3,0.376,incendio_florestal
ES,Sudeste,Mata Atlantica,5,141.7,26.2,11,20.3,64.8,35.0,818.0,17.2,664.1,35.1,0.406,deslizamento
AC,Norte,Amazonia,11,596.9,307.1,26,24.6,90.0,50.9,86.0,9.4,22.9,13.9,0.621,inundacao
RR,Norte,Cerrado,6,95.5,34.1,5,25.3,82.1,34.4,15.0,3.8,8.6,14.5,0.454,nenhum
RJ,Sudeste,Cerrado,7,95.1,28.2,9,18.5,77.4,22.7,961.0,23.1,8.1,14.2,0.507,nenhum
RR,Norte,Amazonia,7,92.2,53.0,6,22.0,78.8,37.5,10.0,10.7,395.7,17.6,0.361,nenhum
GO,Centro-Oeste,Cerrado,9,147.5,63.9,13,23.3,71.4,45.9,370.0,7.6,468.0,39.0,0.399,nenhum
MA,Nordeste,Caatinga,12,64.2,11.9,3,32.5,69.2,21.0,476.0,16.7,12.1,17.7,0.276,incendio_florestal
PI,Nordeste,Caatinga,11,92.1,17.9,4,32.4,64.3,34.7,360.0,16.7,17.8,15.2,0.244,incendio_florestal
BA,Nordeste,Caatinga,8,67.7,34.9,3,23.3,58.3,49.9,261.0,4.9,1.4,10.5,0.4,nenhum
MG,Sudeste,Mata Atlantica,7,97.3,42.0,5,16.6,73.0,25.8,572.0,19.2,7.7,16.5,0.539,nenhum
RS,Sul,Mata Atlantica,5,149.7,32.8,14,16.9,86.9,30.0,16.0,15.6,32.5,23.3,0.469,nenhum
BA,Nordeste,Mata Atlantica,2,183.9,77.7,14,30.9,67.5,47.6,25.0,2.6,32.1,18.5,0.543,inundacao
SC,Sul,Pampa,9,388.2,245.8,25,16.2,79.5,59.6,789.0,21.9,2.1,12.0,0.689,deslizamento
SP,Sudeste,Cerrado,1,217.8,41.2,15,24.7,85.3,33.0,601.0,17.0,5.4,13.2,0.597,tempestade
SP,Sudeste,Cerrado,9,70.2,24.1,4,19.8,75.2,50.8,834.0,16.2,792.4,19.1,0.269,nenhum
SP,Sudeste,Mata Atlantica,6,37.0,17.6,5,22.3,73.6,14.3,1001.0,13.5,274.8,21.7,0.461,estiagem_seca
SP,Sudeste,Cerrado,10,109.8,36.8,10,21.6,75.7,22.2,881.0,21.6,60.3,22.1,0.444,nenhum
RJ,Sudeste,Mata Atlantica,12,271.1,98.4,25,24.1,93.8,25.7,128.0,11.7,63.1,18.9,0.715,inundacao
MS,Centro-Oeste,Cerrado,7,47.1,20.4,4,28.3,58.7,16.1,202.0,19.1,49.6,15.7,0.476,estiagem_seca
RJ,Sudeste,Mata Atlantica,7,26.7,5.4,2,19.3,71.8,26.2,763.0,12.1,40.9,25.7,0.265,estiagem_seca
BA,Nordeste,Cerrado,6,82.8,24.6,6,24.5,71.1,34.0,519.0,5.0,50.3,24.1,0.298,nenhum
TO,Norte,Amazonia,5,105.9,78.0,7,25.3,74.0,43.1,259.0,9.5,4.7,16.0,0.346,nenhum
ES,Sudeste,Mata Atlantica,2,144.2,21.3,11,24.0,83.8,18.7,361.0,17.4,33.6,18.5,0.619,nenhum
TO,Norte,Amazonia,1,195.9,74.2,14,26.4,86.6,31.2,242.0,4.5,2.4,13.0,0.649,nenhum
SE,Nordeste,Cerrado,9,70.8,26.8,5,25.9,57.7,27.8,401.0,3.6,36.2,21.8,0.335,nenhum
TO,Norte,Amazonia,11,221.5,69.7,17,27.6,97.0,66.0,61.0,12.3,92.4,20.7,0.578,tempestade
AL,Nordeste,Caatinga,1,71.1,19.6,7,31.0,66.3,29.0,161.0,13.4,21.1,16.6,0.338,incendio_florestal
ES,Sudeste,Mata Atlantica,4,180.3,38.0,11,20.1,83.6,52.4,410.0,13.2,72.0,23.6,0.561,nenhum
ES,Sudeste,Cerrado,8,45.7,23.9,2,20.0,80.1,40.4,851.0,23.8,42.1,14.1,0.448,incendio_florestal
MS,Centro-Oeste,Cerrado,9,200.1,56.0,16,19.4,67.6,58.6,446.0,4.2,96.0,16.8,0.585,nenhum
TO,Norte,Cerrado,9,397.3,51.4,27,20.6,95.4,46.2,109.0,7.5,84.0,25.2,0.594,inundacao
DF,Centro-Oeste,Cerrado,9,160.9,53.1,13,19.6,55.9,37.8,1162.0,18.6,13.7,19.6,0.421,nenhum
CE,Nordeste,Caatinga,2,88.9,51.6,7,29.4,65.2,28.2,571.0,15.0,5.8,11.5,0.45,nenhum
SP,Sudeste,Cerrado,4,165.4,55.1,11,22.3,71.5,37.2,1397.0,20.3,6.5,14.5,0.61,nenhum
MG,Sudeste,Mata Atlantica,6,42.4,9.3,4,23.0,78.6,41.5,548.0,10.7,12.5,18.8,0.429,estiagem_seca
MS,Centro-Oeste,Cerrado,1,266.2,69.4,21,29.1,87.0,39.9,194.0,14.7,165.3,23.4,0.848,tempestade
MT,Centro-Oeste,Cerrado,5,83.4,24.9,6,23.2,58.4,33.3,1293.0,10.0,145.9,18.1,0.271,nenhum
PR,Sul,Pampa,5,246.5,70.6,18,13.7,81.8,68.7,313.0,2.1,24.2,20.4,0.665,tempestade
RJ,Sudeste,Cerrado,12,249.1,65.0,19,25.3,84.3,19.8,1518.0,10.9,31.7,25.0,0.626,nenhum
GO,Centro-Oeste,Amazonia,4,111.1,38.7,9,26.2,60.1,24.5,1212.0,5.0,6.6,17.7,0.414,nenhum
DF,Centro-Oeste,Cerrado,12,261.7,105.8,18,24.9,85.4,42.8,939.0,3.3,7.3,17.8,0.618,tempestade
AC,Norte,Amazonia,9,197.4,96.5,15,23.2,100.0,24.3,18.0,7.0,91.7,30.5,0.568,inundacao
RS,Sul,Pampa,9,134.6,31.5,15,18.2,77.2,32.6,268.0,20.2,25.8,22.6,0.366,nenhum
MA,Nordeste,Cerrado,10,73.1,31.0,9,20.6,59.6,51.5,356.0,2.7,29.8,16.6,0.396,nenhum
RN,Nordeste,Caatinga,11,79.3,16.1,5,31.5,63.1,20.3,361.0,4.4,134.1,30.3,0.414,estiagem_seca
SC,Sul,Pampa,3,333.3,120.6,23,19.9,98.1,34.7,361.0,13.0,95.6,27.8,0.611,inundacao
MG,Sudeste,Mata Atlantica,6,43.2,12.6,3,20.6,65.4,23.0,167.0,11.0,34.9,22.7,0.369,incendio_florestal
RR,Norte,Amazonia,7,87.1,20.1,11,26.9,90.7,21.0,330.0,6.0,293.7,34.3,0.344,nenhum
RR,Norte,Amazonia,12,221.6,27.4,13,30.3,94.5,26.4,204.0,16.6,22.2,13.1,0.706,estiagem_seca
AM,Norte,Amazonia,1,547.0,140.9,27,27.8,100.0,44.3,128.0,2.0,11.7,16.6,0.702,estiagem_seca
SP,Sudeste,Mata Atlantica,6,26.0,6.1,1,20.6,71.6,26.4,1192.0,31.0,7.4,17.3,0.21,estiagem_seca
AC,Norte,Amazonia,3,158.2,82.5,14,33.5,87.6,42.2,348.0,4.9,298.7,23.2,0.493,estiagem_seca
SC,Sul,Pampa,3,279.2,65.1,23,21.2,85.4,38.8,1129.0,10.1,19.1,14.7,0.655,nenhum
RS,Sul,Mata Atlantica,10,63.8,36.1,6,18.5,83.7,47.5,528.0,16.4,50.4,16.2,0.405,inundacao
MG,Sudeste,Cerrado,3,285.2,123.8,23,21.2,99.5,46.6,840.0,14.7,820.6,32.6,0.616,deslizamento
SP,Sudeste,Mata Atlantica,10,102.4,40.1,8,19.6,73.4,23.5,742.0,20.4,15.0,17.4,0.486,nenhum
MA,Nordeste,Cerrado,12,61.4,16.8,4,28.9,53.5,33.3,503.0,2.1,58.7,19.9,0.367,incendio_florestal
TO,Norte,Amazonia,10,108.7,35.8,10,24.7,86.8,25.3,359.0,2.3,58.1,27.5,0.407,nenhum
RJ,Sudeste,Cerrado,3,165.9,43.0,14,21.4,76.1,59.6,1259.0,9.3,53.0,24.6,0.522,nenhum
TO,Norte,Amazonia,2,267.4,131.3,20,30.5,92.6,72.7,116.0,10.6,195.7,26.4,0.72,tempestade
AP,Norte,Amazonia,6,231.7,78.5,15,19.8,100.0,27.9,118.0,2.8,87.6,27.4,0.662,inundacao
SE,Nordeste,Mata Atlantica,7,33.9,6.4,4,23.4,64.1,69.8,454.0,9.9,65.5,20.4,0.347,nenhum
AC,Norte,Amazonia,10,516.8,180.0,26,24.1,94.0,57.3,49.0,3.3,612.4,29.0,0.571,inundacao
MS,Centro-Oeste,Cerrado,6,53.3,10.6,3,22.2,69.8,33.3,759.0,9.0,5.4,16.6,0.288,nenhum
ES,Sudeste,Mata Atlantica,3,135.9,81.6,10,24.6,80.6,88.9,370.0,8.4,8.3,18.1,0.471,tempestade
MG,Sudeste,Mata Atlantica,12,279.6,117.8,21,26.3,79.4,40.1,1212.0,15.9,44.8,22.8,0.643,deslizamento
MG,Sudeste,Mata Atlantica,11,215.5,43.3,19,24.2,81.6,16.5,558.0,25.6,108.3,22.6,0.534,deslizamento
RJ,Sudeste,Mata Atlantica,8,78.1,15.0,8,18.7,72.0,25.8,367.0,7.2,46.4,24.5,0.435,nenhum
SE,Nordeste,Caatinga,9,35.1,9.9,1,25.1,53.9,26.6,368.0,8.6,18.4,20.5,0.202,incendio_florestal
MG,Sudeste,Mata Atlantica,12,170.9,39.7,12,27.5,81.7,50.2,66.0,10.4,329.3,25.2,0.581,nenhum
MS,Centro-Oeste,Pantanal,6,72.7,38.9,6,22.8,68.8,12.1,830.0,12.6,166.7,22.3,0.469,nenhum
PE,Nordeste,Cerrado,2,71.5,11.6,7,28.7,72.4,43.8,257.0,13.4,20.1,21.6,0.309,incendio_florestal
SC,Sul,Mata Atlantica,8,200.0,53.2,15,14.7,84.2,45.9,355.0,20.0,578.6,37.0,0.374,nenhum
MA,Nordeste,Caatinga,6,152.1,34.6,14,24.0,67.4,41.0,756.0,12.9,26.5,15.0,0.475,nenhum
AP,Norte,Amazonia,10,179.6,92.2,18,23.5,84.6,43.1,85.0,3.1,32.9,23.6,0.479,inundacao
PE,Nordeste,Caatinga,10,60.1,29.1,3,27.0,60.4,63.8,131.0,12.0,5.0,13.9,0.248,incendio_florestal
PI,Nordeste,Caatinga,6,49.6,28.4,6,22.9,72.1,59.9,472.0,2.4,73.3,21.5,0.334,incendio_florestal
AL,Nordeste,Cerrado,5,53.6,25.4,4,25.7,56.9,45.1,281.0,4.9,886.2,26.7,0.327,incendio_florestal
GO,Centro-Oeste,Cerrado,6,75.2,17.0,5,21.0,70.4,39.9,1369.0,13.3,836.3,27.4,0.365,nenhum
RS,Sul,Pampa,8,130.8,24.4,12,15.1,79.4,13.4,436.0,2.0,28.9,22.9,0.382,nenhum
RN,Nordeste,Caatinga,8,30.1,16.1,3,24.2,58.0,22.5,405.0,14.7,22.0,20.1,0.35,estiagem_seca
MS,Centro-Oeste,Cerrado,7,41.0,12.4,4,22.2,73.3,32.0,121.0,7.8,51.0,19.7,0.249,incendio_florestal
MA,Nordeste,Cerrado,7,42.2,20.2,3,25.4,50.9,18.0,584.0,6.2,419.8,31.8,0.187,incendio_florestal
ES,Sudeste,Mata Atlantica,12,214.0,109.0,18,23.4,80.1,32.6,1348.0,22.8,67.2,21.7,0.524,incendio_florestal
RN,Nordeste,Cerrado,4,90.2,25.3,6,24.5,74.8,50.2,228.0,2.3,163.7,24.6,0.317,nenhum
AC,Norte,Amazonia,3,215.2,68.6,16,27.9,94.7,31.3,61.0,6.5,140.2,32.3,0.578,inundacao
MT,Centro-Oeste,Cerrado,10,212.9,73.2,16,21.7,74.2,40.8,1042.0,8.9,270.2,26.9,0.509,nenhum
SP,Sudeste,Mata Atlantica,12,264.0,82.2,17,21.8,96.2,44.7,1152.0,26.4,179.8,29.4,0.585,deslizamento
SP,Sudeste,Cerrado,8,122.7,19.3,9,19.2,77.2,42.9,440.0,17.7,19.0,19.5,0.553,nenhum
MG,Sudeste,Mata Atlantica,5,108.5,37.6,9,22.4,74.8,46.1,890.0,20.3,62.5,24.2,0.358,nenhum
SP,Sudeste,Mata Atlantica,5,60.2,13.3,5,18.9,81.6,44.7,706.0,10.4,25.2,20.2,0.389,nenhum
PE,Nordeste,Caatinga,6,115.6,41.9,10,22.3,79.7,13.7,438.0,13.9,201.0,21.9,0.428,nenhum
RO,Norte,Amazonia,1,173.5,58.6,20,29.5,83.2,54.5,62.0,1.7,107.6,30.9,0.566,estiagem_seca
AP,Norte,Cerrado,7,79.8,28.4,8,22.4,88.9,38.9,90.0,7.7,114.4,19.9,0.379,nenhum
AC,Norte,Amazonia,4,236.6,54.7,23,27.5,94.4,32.3,252.0,9.4,85.3,25.8,0.629,nenhum
RN,Nordeste,Caatinga,4,63.0,42.7,7,28.4,52.8,29.3,361.0,5.4,5.1,14.4,0.327,incendio_florestal
MS,Centro-Oeste,Amazonia,7,41.1,12.9,11,22.5,55.8,9.7,349.0,16.0,114.2,23.3,0.228,incendio_florestal
AL,Nordeste,Cerrado,12,196.1,86.0,10,28.2,64.1,23.6,153.0,14.8,7.4,13.0,0.612,tempestade
ES,Sudeste,Mata Atlantica,3,209.3,72.9,16,19.9,70.6,23.1,495.0,7.3,10.9,18.1,0.564,nenhum
MT,Centro-Oeste,Cerrado,11,173.9,58.1,14,28.8,77.1,22.4,1088.0,11.5,267.6,18.3,0.402,nenhum
MG,Sudeste,Mata Atlantica,7,45.5,18.8,4,18.8,85.7,14.1,1074.0,9.8,27.7,23.5,0.316,incendio_florestal
ES,Sudeste,Mata Atlantica,12,89.0,53.2,10,26.4,68.6,46.1,375.0,9.7,6.3,16.6,0.383,nenhum
AL,Nordeste,Caatinga,5,56.1,8.4,6,23.8,64.7,33.1,589.0,9.4,19.5,20.8,0.345,nenhum
BA,Nordeste,Mata Atlantica,12,37.1,11.3,1,29.2,59.9,34.0,464.0,7.5,151.1,16.6,0.297,estiagem_seca
MG,Sudeste,Mata Atlantica,8,26.7,3.3,0,14.0,81.4,56.4,314.0,16.1,24.3,24.2,0.31,estiagem_seca
RJ,Sudeste,Mata Atlantica,9,91.7,31.9,5,21.9,85.9,15.4,764.0,8.6,262.2,18.9,0.42,nenhum
RN,Nordeste,Caatinga,7,116.0,67.3,12,23.1,66.4,58.4,200.0,16.7,193.5,22.9,0.411,nenhum
SE,Nordeste,Mata Atlantica,6,126.9,39.3,7,23.5,66.3,30.1,554.0,1.6,222.6,25.7,0.459,nenhum
SP,Sudeste,Cerrado,7,49.4,17.0,4,16.2,70.3,46.8,679.0,17.2,131.5,31.4,0.367,nenhum
SP,Sudeste,Mata Atlantica,11,162.5,75.9,14,24.5,75.5,14.4,389.0,13.1,7.3,16.9,0.462,nenhum
SE,Nordeste,Caatinga,10,39.4,20.8,2,26.9,66.4,54.6,109.0,16.9,33.4,17.3,0.16,nenhum
DF,Centro-Oeste,Cerrado,1,138.2,43.1,9,25.9,73.5,19.1,412.0,4.7,95.3,26.7,0.515,nenhum
RS,Sul,Mata Atlantica,9,91.4,36.4,9,19.8,70.1,31.9,792.0,10.4,14.9,14.3,0.445,nenhum
TO,Norte,Amazonia,11,415.9,121.5,27,25.2,92.7,63.5,70.0,6.9,106.3,23.5,0.854,inundacao
PR,Sul,Mata Atlantica,9,140.7,31.6,11,17.4,69.0,41.4,198.0,8.2,244.7,19.6,0.482,nenhum
CE,Nordeste,Caatinga,6,83.1,14.9,6,22.1,58.6,30.9,293.0,4.9,9.1,12.7,0.373,nenhum
GO,Centro-Oeste,Cerrado,5,77.7,47.1,4,20.9,76.3,48.3,1032.0,10.5,3.3,15.1,0.406,nenhum
MS,Centro-Oeste,Cerrado,9,231.8,105.3,18,24.4,65.5,33.9,28.0,19.4,57.1,24.0,0.686,inundacao
RR,Norte,Amazonia,8,144.9,75.5,10,23.7,91.8,55.0,358.0,12.0,1925.0,22.8,0.515,nenhum
SC,Sul,Mata Atlantica,5,162.7,50.0,11,14.0,80.8,37.3,153.0,15.1,45.7,19.4,0.499,nenhum
GO,Centro-Oeste,Cerrado,5,58.5,29.2,3,21.0,62.2,12.4,96.0,11.0,7.3,17.8,0.422,nenhum
SC,Sul,Mata Atlantica,5,94.4,22.0,8,18.3,78.5,29.5,179.0,20.2,114.0,19.9,0.322,nenhum
CE,Nordeste,Cerrado,1,103.0,52.7,7,31.7,67.5,39.5,201.0,9.5,81.0,27.9,0.335,inundacao
PR,Sul,Pampa,1,170.5,46.5,11,21.1,77.4,44.0,825.0,13.5,117.1,16.6,0.648,inundacao
RS,Sul,Pampa,1,155.1,50.8,14,24.0,83.9,50.8,388.0,10.2,1316.0,26.3,0.529,nenhum
SP,Sudeste,Mata Atlantica,6,91.1,14.3,7,15.3,74.9,28.3,257.0,11.3,8.0,16.1,0.366,nenhum
MA,Nordeste,Caatinga,7,57.7,30.2,7,26.0,56.5,39.1,473.0,10.2,153.5,23.4,0.323,incendio_florestal
RJ,Sudeste,Cerrado,5,62.0,20.7,6,17.7,78.8,24.6,36.0,19.4,48.0,24.6,0.463,nenhum
MG,Sudeste,Mata Atlantica,12,117.3,24.0,8,25.9,69.7,72.1,490.0,9.5,92.9,28.2,0.392,tempestade
SC,Sul,Mata Atlantica,3,236.0,100.3,18,20.7,99.9,22.2,41.0,13.8,18.0,13.4,0.616,estiagem_seca
MT,Centro-Oeste,Cerrado,5,106.9,26.8,14,24.6,72.0,46.1,647.0,6.3,6.1,13.4,0.437,nenhum
RN,Nordeste,Caatinga,3,56.6,13.7,4,25.5,61.4,48.1,190.0,5.9,593.1,38.2,0.33,nenhum
CE,Nordeste,Caatinga,4,31.8,16.4,1,24.5,51.1,59.7,474.0,4.6,734.3,33.3,0.264,inundacao
SP,Sudeste,Mata Atlantica,8,42.2,8.7,2,21.4,72.9,34.8,265.0,23.3,920.7,26.8,0.35,incendio_florestal
PR,Sul,Mata Atlantica,4,131.0,37.8,14,20.9,92.4,59.6,341.0,10.4,16.4,18.4,0.402,nenhum
TO,Norte,Amazonia,4,201.3,54.5,17,27.2,79.6,46.5,31.0,15.4,39.6,16.4,0.511,nenhum
ES,Sudeste,Mata Atlantica,9,71.8,12.7,9,20.3,72.7,44.6,1074.0,21.7,310.0,36.5,0.377,nenhum
SC,Sul,Mata Atlantica,10,69.8,14.1,6,20.9,79.4,28.4,159.0,2.4,39.4,24.2,0.254,nenhum
TO,Norte,Amazonia,3,374.4,157.4,26,23.7,95.1,60.2,332.0,5.8,17.8,16.1,0.601,inundacao
AC,Norte,Amazonia,2,250.9,50.8,20,27.1,88.8,42.5,75.0,14.0,93.0,21.5,0.614,nenhum
SP,Sudeste,Mata Atlantica,3,180.7,55.1,13,27.4,71.2,32.2,877.0,10.3,7.8,17.3,0.489,nenhum
SP,Sudeste,Cerrado,7,34.2,11.4,2,16.9,66.1,12.3,437.0,22.3,3.2,13.4,0.257,incendio_florestal
RR,Norte,Amazonia,12,437.8,171.6,25,27.6,100.0,46.2,71.0,6.0,1681.2,34.0,0.508,inundacao
ES,Sudeste,Mata Atlantica,2,83.5,33.5,8,23.1,76.2,30.7,880.0,9.6,31.6,16.0,0.48,nenhum
MS,Centro-Oeste,Cerrado,1,174.8,60.1,14,28.0,65.4,33.3,1375.0,10.2,169.5,26.3,0.409,nenhum
SC,Sul,Mata Atlantica,7,98.1,44.0,7,17.1,80.8,36.9,504.0,15.4,32.8,25.2,0.541,nenhum
RS,Sul,Mata Atlantica,12,115.0,39.6,10,23.9,85.5,49.5,288.0,17.6,70.9,20.3,0.484,nenhum
RJ,Sudeste,Cerrado,7,15.4,3.5,1,18.4,73.4,59.4,603.0,23.3,53.8,24.5,0.426,estiagem_seca
GO,Centro-Oeste,Amazonia,12,75.0,25.1,8,27.3,51.5,53.6,952.0,12.2,5.2,11.1,0.332,incendio_florestal
PB,Nordeste,Cerrado,8,29.2,10.3,0,26.1,60.3,41.3,437.0,6.9,20.1,21.3,0.241,deslizamento
MT,Centro-Oeste,Cerrado,1,275.8,82.1,18,29.9,77.4,46.5,949.0,6.8,146.1,28.3,0.743,tempestade
RR,Norte,Amazonia,6,76.5,34.2,6,24.6,86.2,34.0,277.0,16.3,81.2,16.3,0.301,nenhum
SP,Sudeste,Mata Atlantica,10,148.0,61.4,11,20.9,72.6,64.5,531.0,17.3,48.3,27.1,0.524,nenhum
PE,Nordeste,Caatinga,7,122.8,26.7,9,26.1,62.9,23.3,214.0,2.4,2.3,14.1,0.454,nenhum
MT,Centro-Oeste,Cerrado,3,134.1,18.4,11,28.1,76.6,19.5,1104.0,6.7,106.9,26.6,0.511,nenhum
RR,Norte,Amazonia,3,358.5,182.9,28,29.1,89.8,38.8,291.0,4.0,24.9,21.2,0.765,inundacao
MA,Nordeste,Caatinga,8,98.5,39.0,8,20.0,72.5,17.2,721.0,21.6,19.7,18.1,0.368,nenhum
PB,Nordeste,Caatinga,6,62.2,14.8,4,25.5,64.1,39.4,129.0,5.4,14.2,12.4,0.303,nenhum
RJ,Sudeste,Cerrado,7,29.5,17.2,1,19.3,73.7,97.2,626.0,6.1,56.0,21.9,0.179,tempestade
SP,Sudeste,Mata Atlantica,5,38.3,15.8,2,19.2,69.0,69.2,1429.0,9.8,42.0,25.8,0.171,incendio_florestal
AM,Norte,Amazonia,5,176.1,58.7,17,23.8,79.4,42.6,9.0,8.2,27.1,20.6,0.499,nenhum
SC,Sul,Mata Atlantica,8,69.3,18.3,8,17.5,80.9,18.2,55.0,17.6,374.5,37.5,0.295,nenhum
PR,Sul,Mata Atlantica,1,306.2,114.2,24,19.8,92.9,55.3,376.0,5.0,52.2,27.4,0.611,inundacao
PE,Nordeste,Caatinga,6,45.5,25.6,2,27.1,64.7,60.3,24.0,15.0,5.5,12.8,0.345,estiagem_seca
MG,Sudeste,Cerrado,5,125.2,59.5,9,21.0,86.2,28.8,933.0,13.9,19.1,20.4,0.498,nenhum
RN,Nordeste,Mata Atlantica,10,48.4,17.0,6,25.6,63.8,37.8,497.0,15.4,68.1,25.1,0.256,incendio_florestal
BA,Nordeste,Caatinga,9,46.9,13.3,5,28.3,49.0,12.0,194.0,10.7,135.1,33.0,0.237,incendio_florestal
DF,Centro-Oeste,Cerrado,6,65.6,18.1,7,22.6,66.7,41.9,513.0,8.2,11.1,15.0,0.44,nenhum
AP,Norte,Amazonia,4,226.9,68.4,16,25.0,100.0,35.4,80.0,5.7,11.2,12.8,0.679,nenhum
RS,Sul,Mata Atlantica,3,236.9,173.0,17,17.7,87.8,31.4,384.0,15.6,102.7,16.8,0.646,deslizamento
RS,Sul,Mata Atlantica,3,106.8,31.0,6,19.1,81.3,30.6,36.0,20.3,55.5,21.6,0.363,nenhum
RJ,Sudeste,Mata Atlantica,4,280.6,72.3,23,21.7,82.5,28.7,519.0,20.5,86.1,27.7,0.711,deslizamento
SP,Sudeste,Mata Atlantica,10,134.2,66.9,13,24.6,85.0,32.3,1043.0,15.6,17.8,18.3,0.45,nenhum
ES,Sudeste,Mata Atlantica,1,260.7,93.4,23,23.5,70.6,37.2,1027.0,15.4,171.9,34.1,0.495,inundacao
SC,Sul,Pampa,1,101.7,51.6,4,23.7,75.9,25.1,168.0,26.6,157.5,30.8,0.23,deslizamento
PB,Nordeste,Caatinga,7,71.1,37.7,8,23.2,50.9,47.7,643.0,8.8,126.8,32.2,0.257,incendio_florestal
TO,Norte,Amazonia,3,416.8,94.8,25,24.7,91.5,51.0,9.0,16.3,24.7,14.3,0.618,deslizamento
RJ,Sudeste,Cerrado,10,158.6,43.7,10,22.1,80.6,22.8,764.0,16.2,24.1,14.2,0.528,nenhum
BA,Nordeste,Caatinga,10,13.7,1.9,1,28.0,60.3,79.0,323.0,10.0,37.4,25.7,0.098,incendio_florestal
AL,Nordeste,Caatinga,10,176.9,32.4,9,25.1,71.0,23.5,28.0,11.5,3.5,12.2,0.566,inundacao
AC,Norte,Amazonia,6,47.4,9.8,2,24.3,78.4,39.3,105.0,9.5,26.6,14.0,0.256,incendio_florestal
SP,Sudeste,Mata Atlantica,6,21.6,4.8,1,20.4,77.0,16.9,505.0,3.3,180.2,21.4,0.328,estiagem_seca
PE,Nordeste,Mata Atlantica,6,116.5,34.0,10,25.5,65.0,19.9,82.0,8.8,13.8,13.6,0.397,nenhum
PB,Nordeste,Caatinga,3,92.9,42.6,6,30.2,59.7,52.2,76.0,1.6,731.1,37.1,0.398,estiagem_seca
RO,Norte,Amazonia,7,47.7,17.3,5,22.7,86.3,62.8,133.0,3.2,7.2,18.3,0.306,incendio_florestal
CE,Nordeste,Cerrado,11,39.3,12.8,0,32.1,61.9,64.9,388.0,3.9,11.5,19.1,0.26,estiagem_seca
PR,Sul,Mata Atlantica,4,143.2,57.5,5,14.6,84.6,58.7,482.0,15.1,16.9,13.8,0.407,nenhum
AL,Nordeste,Caatinga,1,133.7,35.4,9,32.8,65.1,26.3,5.0,17.1,112.2,27.6,0.381,estiagem_seca
MG,Sudeste,Mata Atlantica,7,73.1,22.1,7,18.5,74.0,53.7,476.0,20.1,28.1,13.6,0.467,nenhum
SP,Sudeste,Cerrado,5,165.1,103.1,17,19.3,74.8,25.7,177.0,22.5,7.5,13.6,0.529,deslizamento
SE,Nordeste,Cerrado,10,53.4,22.6,3,27.1,69.6,35.3,415.0,8.8,105.1,17.2,0.264,incendio_florestal
RJ,Sudeste,Cerrado,11,423.9,123.6,26,18.0,82.9,52.5,729.0,20.6,70.0,27.7,0.668,deslizamento
MG,Sudeste,Mata Atlantica,12,179.7,51.6,9,24.6,84.4,36.9,382.0,12.4,15.0,15.3,0.524,nenhum
MG,Sudeste,Mata Atlantica,5,56.7,17.2,0,21.5,65.8,47.9,458.0,9.8,634.1,38.9,0.215,incendio_florestal
RR,Norte,Amazonia,11,258.1,64.2,25,26.6,96.9,73.2,77.0,8.2,141.8,16.0,0.652,tempestade
RR,Norte,Amazonia,2,179.6,90.1,10,28.7,93.6,29.8,102.0,12.1,111.9,23.4,0.6,tempestade
PR,Sul,Mata Atlantica,5,74.4,12.9,8,17.3,63.5,68.0,319.0,17.7,19.4,22.6,0.343,nenhum
MG,Sudeste,Mata Atlantica,4,258.0,49.9,19,20.8,87.2,49.6,925.0,9.8,10.2,14.0,0.736,nenhum
PR,Sul,Pampa,12,157.8,52.6,16,21.1,84.5,67.4,338.0,5.9,414.0,29.3,0.445,nenhum
SC,Sul,Mata Atlantica,8,128.0,40.8,12,17.9,67.0,57.3,616.0,5.8,12.5,14.7,0.423,tempestade
RO,Norte,Amazonia,5,123.7,47.4,11,25.5,87.1,73.2,49.0,5.6,104.7,17.5,0.552,nenhum
MG,Sudeste,Cerrado,2,273.9,73.3,22,22.4,85.2,64.1,1392.0,10.7,192.2,32.3,0.558,tempestade
MS,Centro-Oeste,Cerrado,10,202.9,67.6,19,20.4,77.0,46.8,987.0,18.6,5.8,12.2,0.586,estiagem_seca
RJ,Sudeste,Mata Atlantica,8,90.7,18.1,4,15.9,73.8,48.4,815.0,29.6,34.9,20.6,0.459,deslizamento
RR,Norte,Amazonia,11,246.3,57.8,24,26.2,93.0,37.5,206.0,22.3,11.1,16.7,0.64,deslizamento
RN,Nordeste,Caatinga,6,73.0,14.3,4,29.6,70.0,44.8,230.0,9.7,83.1,15.3,0.495,estiagem_seca
RJ,Sudeste,Cerrado,2,163.5,26.5,7,25.3,77.0,48.7,604.0,15.0,13.9,20.6,0.45,nenhum
MG,Sudeste,Mata Atlantica,5,106.8,55.2,9,20.1,76.7,45.4,642.0,21.0,12.6,13.0,0.478,nenhum
RJ,Sudeste,Cerrado,8,38.1,14.0,2,21.7,85.1,22.5,1151.0,22.0,6.6,13.7,0.427,estiagem_seca
SE,Nordeste,Caatinga,3,124.7,36.1,10,30.9,63.1,35.7,191.0,7.1,42.7,17.2,0.466,estiagem_seca
BA,Nordeste,Caatinga,1,81.5,33.6,6,31.5,64.9,13.5,417.0,10.0,3.8,11.1,0.422,estiagem_seca
SC,Sul,Pampa,10,172.0,62.9,12,18.2,85.1,15.7,162.0,17.3,443.6,27.7,0.564,nenhum
GO,Centro-Oeste,Cerrado,7,50.6,8.7,2,23.0,69.8,25.5,428.0,12.8,34.7,24.0,0.12,incendio_florestal
MT,Centro-Oeste,Cerrado,5,101.7,55.3,8,21.2,69.1,21.2,552.0,5.9,162.3,33.0,0.464,nenhum
RJ,Sudeste,Mata Atlantica,7,48.9,18.4,6,16.1,76.4,61.7,821.0,16.9,41.9,14.2,0.349,incendio_florestal
AL,Nordeste,Caatinga,9,46.1,10.8,5,23.7,65.8,40.3,443.0,2.3,75.0,29.8,0.278,incendio_florestal
SP,Sudeste,Mata Atlantica,1,197.5,47.0,19,23.9,73.3,83.3,735.0,10.2,6.7,16.1,0.598,tempestade
GO,Centro-Oeste,Cerrado,6,38.4,19.4,2,21.8,67.5,35.9,611.0,13.7,105.5,22.0,0.14,incendio_florestal
SP,Sudeste,Cerrado,4,401.9,60.7,24,17.6,81.0,44.6,766.0,19.0,7.8,15.4,0.747,deslizamento
SC,Sul,Mata Atlantica,2,205.1,57.0,14,20.6,77.7,58.5,417.0,2.3,361.3,26.4,0.596,nenhum
RS,Sul,Mata Atlantica,1,126.7,32.4,14,24.6,90.3,60.7,592.0,13.4,21.6,15.7,0.394,nenhum
RJ,Sudeste,Cerrado,6,78.3,43.0,5,20.8,67.1,42.5,21.0,7.6,131.6,31.4,0.356,nenhum
GO,Centro-Oeste,Cerrado,7,62.5,21.8,7,21.6,76.9,18.1,444.0,8.2,7.4,12.0,0.395,nenhum
ES,Sudeste,Cerrado,7,18.6,4.1,1,21.1,59.5,50.9,822.0,19.7,142.5,24.2,0.202,estiagem_seca
MG,Sudeste,Mata Atlantica,10,139.9,74.9,10,25.1,69.5,20.9,265.0,8.4,3.7,15.1,0.576,nenhum
MG,Sudeste,Mata Atlantica,6,72.2,12.7,5,20.0,75.7,40.1,824.0,13.4,4.2,13.0,0.362,nenhum
MG,Sudeste,Cerrado,8,49.4,26.4,3,20.6,82.9,19.3,327.0,12.2,221.0,21.8,0.284,incendio_florestal
SP,Sudeste,Mata Atlantica,10,85.2,30.4,9,22.8,82.4,30.1,910.0,24.7,190.7,23.8,0.409,nenhum
RJ,Sudeste,Mata Atlantica,8,82.4,37.5,10,20.0,67.2,31.4,583.0,2.1,23.6,23.6,0.296,nenhum
SP,Sudeste,Mata Atlantica,11,120.4,33.4,10,23.6,71.2,11.9,146.0,28.3,26.8,20.5,0.403,deslizamento
BA,Nordeste,Mata Atlantica,3,140.7,60.5,9,25.6,70.6,84.3,564.0,11.5,37.9,15.7,0.406,tempestade
MT,Centro-Oeste,Cerrado,10,119.4,34.8,9,28.2,63.0,31.1,669.0,10.7,71.3,26.3,0.404,nenhum
ES,Sudeste,Mata Atlantica,9,122.4,31.9,8,21.1,70.3,16.7,522.0,10.5,205.5,16.8,0.427,nenhum
TO,Norte,Amazonia,7,138.8,21.6,12,21.2,89.2,23.3,95.0,3.1,28.1,15.6,0.492,inundacao
RS,Sul,Mata Atlantica,1,185.8,53.5,10,21.7,84.4,43.4,347.0,20.5,4.5,14.4,0.643,nenhum
RJ,Sudeste,Mata Atlantica,7,30.6,15.8,3,22.7,55.2,21.1,1621.0,17.3,41.1,15.1,0.338,estiagem_seca
RR,Norte,Amazonia,11,310.8,80.5,24,27.6,96.4,38.2,80.0,12.2,15.4,12.8,0.701,inundacao
RJ,Sudeste,Mata Atlantica,8,48.1,10.5,2,19.6,72.8,7.5,350.0,17.4,328.7,29.9,0.367,nenhum
SP,Sudeste,Cerrado,1,355.2,235.4,29,23.8,89.6,98.8,723.0,17.8,26.5,24.7,0.612,tempestade
MG,Sudeste,Mata Atlantica,4,174.5,61.8,9,21.8,77.2,55.0,205.0,19.6,280.0,19.4,0.57,nenhum
AL,Nordeste,Cerrado,7,63.3,9.1,7,21.0,76.1,19.7,154.0,9.6,44.0,27.4,0.376,nenhum
RS,Sul,Pampa,10,266.9,114.8,20,17.4,87.0,70.2,11.0,15.3,17.6,17.8,0.809,tempestade
MT,Centro-Oeste,Cerrado,6,23.1,18.0,2,21.9,71.3,32.4,580.0,10.0,271.8,33.0,0.233,estiagem_seca
RJ,Sudeste,Mata Atlantica,11,188.1,85.2,9,22.8,70.7,48.3,1256.0,20.8,14.5,18.2,0.537,deslizamento
AC,Norte,Amazonia,10,349.6,110.5,25,19.4,97.0,45.1,6.0,10.6,46.5,19.4,0.673,inundacao
MG,Sudeste,Mata Atlantica,4,138.1,45.9,9,22.1,71.6,45.4,1009.0,28.7,27.6,14.8,0.489,deslizamento
RJ,Sudeste,Mata Atlantica,3,193.2,72.5,14,22.7,77.4,35.1,732.0,20.2,13.8,18.3,0.526,nenhum
ES,Sudeste,Cerrado,11,129.9,70.8,11,25.5,82.6,34.1,1054.0,15.9,74.1,29.3,0.427,nenhum
DF,Centro-Oeste,Cerrado,8,82.4,34.5,4,19.4,60.0,38.9,367.0,6.6,19.0,15.9,0.505,nenhum
RJ,Sudeste,Cerrado,11,93.7,17.9,9,25.5,74.5,27.5,758.0,12.6,13.3,16.4,0.282,nenhum
MG,Sudeste,Mata Atlantica,12,282.7,56.4,19,27.7,87.8,55.1,653.0,12.2,35.5,19.7,0.501,nenhum
PB,Nordeste,Caatinga,6,79.8,35.6,6,22.3,65.0,34.9,293.0,25.3,18.6,13.9,0.276,deslizamento
RS,Sul,Pampa,1,70.1,31.3,5,21.7,82.0,68.4,208.0,15.8,25.1,13.4,0.301,nenhum
SP,Sudeste,Cerrado,11,369.3,132.5,28,21.9,83.4,53.5,387.0,22.7,37.3,25.4,0.57,deslizamento
PR,Sul,Mata Atlantica,8,143.6,28.0,13,16.1,76.0,32.4,269.0,11.4,112.2,27.3,0.4,deslizamento
PR,Sul,Pampa,2,103.6,62.7,7,21.3,88.3,54.9,58.0,8.7,23.0,24.1,0.322,nenhum
PR,Sul,Mata Atlantica,7,225.7,135.8,15,14.0,90.2,24.7,508.0,25.2,6.6,17.7,0.665,deslizamento
ES,Sudeste,Mata Atlantica,1,303.2,48.0,22,24.6,85.7,26.5,491.0,25.8,98.4,30.1,0.574,deslizamento
ES,Sudeste,Cerrado,4,157.0,65.1,11,22.0,71.7,54.2,446.0,21.1,18.5,14.5,0.438,nenhum
PE,Nordeste,Caatinga,5,160.5,30.3,10,27.2,76.6,31.2,154.0,9.2,76.8,23.2,0.363,nenhum
RJ,Sudeste,Cerrado,6,35.5,9.0,2,19.6,68.6,37.3,655.0,6.6,239.2,24.4,0.34,estiagem_seca
MG,Sudeste,Cerrado,7,72.7,24.4,5,20.6,66.1,31.1,183.0,1.0,42.2,22.4,0.437,nenhum
MS,Centro-Oeste,Cerrado,11,286.8,106.5,18,28.1,70.9,47.0,634.0,12.9,12.2,19.4,0.69,tempestade
PR,Sul,Mata Atlantica,5,195.0,51.0,16,19.1,80.3,40.2,401.0,19.4,32.5,25.8,0.563,nenhum
AM,Norte,Amazonia,9,170.1,58.8,14,23.1,96.5,23.7,46.0,1.9,14.2,13.1,0.593,nenhum
BA,Nordeste,Cerrado,12,34.1,12.1,2,31.2,55.2,66.5,337.0,16.9,13.3,19.0,0.341,estiagem_seca
MT,Centro-Oeste,Pantanal,9,170.9,58.6,12,24.0,80.2,57.2,773.0,10.3,25.5,22.1,0.441,nenhum
DF,Centro-Oeste,Cerrado,4,345.3,91.7,27,24.7,68.5,16.6,183.0,2.3,7.2,17.2,0.661,inundacao
AP,Norte,Amazonia,9,116.7,41.6,14,22.4,87.1,15.7,292.0,4.2,9.0,13.8,0.517,nenhum
MA,Nordeste,Caatinga,4,67.9,24.7,6,26.0,60.3,13.0,121.0,1.3,123.7,18.1,0.31,nenhum
MG,Sudeste,Mata Atlantica,6,76.0,31.7,4,16.1,79.3,24.4,1103.0,16.7,55.3,19.7,0.369,nenhum
MS,Centro-Oeste,Pantanal,8,80.5,29.7,12,24.6,66.5,51.4,896.0,5.1,70.7,21.0,0.447,nenhum
AP,Norte,Cerrado,4,233.6,101.9,20,27.7,85.6,39.0,19.0,12.2,130.7,29.5,0.78,inundacao
AP,Norte,Amazonia,1,504.0,64.6,26,27.2,93.0,31.2,208.0,7.4,2.9,14.9,0.754,inundacao
MT,Centro-Oeste,Cerrado,11,217.1,111.2,14,29.0,90.2,19.5,468.0,3.2,27.8,23.6,0.511,inundacao
PB,Nordeste,Caatinga,9,39.0,23.2,3,25.3,48.6,39.9,202.0,14.6,423.0,22.9,0.233,incendio_florestal
SP,Sudeste,Mata Atlantica,2,308.0,76.9,20,24.4,82.0,45.0,1507.0,16.8,566.6,27.7,0.732,deslizamento
SP,Sudeste,Mata Atlantica,5,150.5,86.6,14,23.4,52.8,36.0,460.0,15.3,15.8,20.7,0.437,nenhum
CE,Nordeste,Cerrado,4,70.0,14.0,2,26.6,65.9,55.6,204.0,9.9,11.7,15.8,0.42,nenhum
ES,Sudeste,Mata Atlantica,12,446.7,88.3,25,25.5,87.4,60.2,1167.0,24.4,2.0,10.2,0.82,deslizamento
PB,Nordeste,Caatinga,12,58.6,14.5,6,31.6,68.9,24.5,367.0,10.5,23.4,18.5,0.405,estiagem_seca
PE,Nordeste,Caatinga,9,68.7,27.8,5,23.7,46.9,30.6,301.0,10.5,103.0,27.3,0.447,inundacao
PR,Sul,Mata Atlantica,6,176.6,48.3,17,15.5,76.0,58.8,214.0,16.6,166.8,30.4,0.427,nenhum
RJ,Sudeste,Mata Atlantica,1,139.9,68.7,13,27.4,84.4,34.1,591.0,22.7,6.1,16.3,0.347,nenhum
RS,Sul,Mata Atlantica,3,112.4,32.5,8,19.7,77.9,26.6,686.0,12.9,32.3,16.2,0.379,nenhum
SE,Nordeste,Caatinga,2,91.0,16.0,5,30.6,67.0,39.1,416.0,19.3,19.4,18.5,0.389,estiagem_seca
CE,Nordeste,Caatinga,10,18.8,6.3,0,27.9,67.0,54.2,275.0,10.2,8.6,12.7,0.212,estiagem_seca
MT,Centro-Oeste,Amazonia,2,332.0,189.0,27,24.9,84.2,50.0,793.0,14.5,17.1,13.6,0.635,deslizamento
DF,Centro-Oeste,Cerrado,9,58.9,22.6,5,20.9,62.2,24.9,387.0,10.1,151.4,31.0,0.283,nenhum
SC,Sul,Mata Atlantica,12,198.2,51.3,16,19.5,83.2,29.6,249.0,8.1,88.0,19.3,0.546,nenhum
AM,Norte,Amazonia,4,376.4,79.6,28,23.6,99.3,47.6,126.0,8.3,73.1,25.7,0.711,inundacao
SC,Sul,Mata Atlantica,9,159.8,31.6,13,17.1,74.8,32.1,829.0,19.6,317.2,32.3,0.472,nenhum
SC,Sul,Mata Atlantica,11,56.8,30.5,3,19.9,75.1,53.5,322.0,10.0,36.1,16.5,0.291,nenhum
RJ,Sudeste,Mata Atlantica,6,34.3,12.9,5,20.8,67.7,30.3,385.0,16.0,34.3,14.2,0.366,estiagem_seca
AL,Nordeste,Cerrado,6,57.9,13.9,7,22.6,68.1,31.8,167.0,3.7,81.5,20.2,0.524,nenhum
MT,Centro-Oeste,Cerrado,3,81.2,19.9,4,28.3,64.3,34.5,1194.0,14.6,9.5,15.9,0.411,nenhum
RN,Nordeste,Cerrado,6,71.9,11.3,4,26.9,56.5,33.0,344.0,5.2,148.3,22.3,0.305,incendio_florestal
SP,Sudeste,Mata Atlantica,11,198.3,75.1,20,21.9,83.3,21.7,482.0,6.1,106.8,20.5,0.459,nenhum
GO,Centro-Oeste,Cerrado,8,45.8,13.3,3,21.7,65.6,44.9,1149.0,12.6,74.9,15.3,0.297,incendio_florestal
PR,Sul,Mata Atlantica,3,176.2,80.2,16,19.5,78.9,66.5,123.0,11.8,14.8,18.0,0.46,tempestade
ES,Sudeste,Mata Atlantica,7,32.4,17.4,0,17.4,71.8,41.2,688.0,8.3,118.7,23.5,0.303,estiagem_seca
GO,Centro-Oeste,Cerrado,9,155.9,86.4,11,22.5,80.4,47.7,207.0,2.0,562.1,38.0,0.564,nenhum
SP,Sudeste,Mata Atlantica,1,141.1,32.6,12,23.8,62.8,28.8,333.0,15.2,94.8,17.4,0.421,nenhum
GO,Centro-Oeste,Cerrado,10,96.5,22.0,7,22.9,61.9,40.6,947.0,14.0,18.5,18.0,0.359,nenhum
RS,Sul,Mata Atlantica,3,217.4,65.2,15,18.4,83.3,63.8,132.0,15.0,611.8,30.1,0.631,nenhum
PE,Nordeste,Mata Atlantica,4,99.0,51.2,13,26.3,71.4,36.6,89.0,13.1,83.2,22.9,0.338,nenhum
RS,Sul,Mata Atlantica,5,71.4,51.3,5,17.7,77.5,50.8,426.0,13.3,579.0,19.7,0.226,nenhum
RJ,Sudeste,Cerrado,7,84.8,25.3,6,16.4,89.1,47.1,917.0,18.8,10.2,13.3,0.476,nenhum
RS,Sul,Mata Atlantica,11,216.3,33.2,15,17.6,88.1,53.4,90.0,20.5,15.7,12.9,0.532,deslizamento
MS,Centro-Oeste,Cerrado,3,212.4,73.4,15,27.0,66.1,45.1,1380.0,14.0,143.8,19.6,0.596,nenhum
SP,Sudeste,Mata Atlantica,4,88.9,43.9,3,23.6,74.1,43.1,422.0,7.7,0.8,10.0,0.399,nenhum
PB,Nordeste,Caatinga,5,110.1,52.7,8,23.3,66.5,54.0,431.0,11.8,752.9,36.1,0.339,nenhum
RJ,Sudeste,Mata Atlantica,11,184.6,31.8,14,25.7,80.8,50.1,178.0,18.4,300.1,24.1,0.581,nenhum
PI,Nordeste,Cerrado,12,86.7,44.4,5,31.5,69.6,33.0,234.0,1.8,15.8,15.8,0.281,incendio_florestal
SE,Nordeste,Mata Atlantica,6,65.8,39.3,6,24.2,63.7,39.8,347.0,12.0,279.2,25.9,0.344,deslizamento
DF,Centro-Oeste,Amazonia,9,113.6,22.9,12,23.8,74.5,13.4,254.0,6.9,48.7,22.5,0.356,nenhum
BA,Nordeste,Cerrado,12,40.9,19.9,5,31.0,66.3,31.4,351.0,2.4,31.5,21.7,0.291,deslizamento
RN,Nordeste,Mata Atlantica,11,44.5,8.8,4,26.8,71.5,33.0,668.0,12.3,10.4,15.0,0.256,incendio_florestal
SP,Sudeste,Cerrado,9,45.4,23.1,5,21.2,69.4,31.6,641.0,5.1,209.7,21.1,0.305,incendio_florestal
PE,Nordeste,Mata Atlantica,7,41.0,24.8,2,25.2,62.2,33.3,388.0,4.1,126.8,24.6,0.337,estiagem_seca
ES,Sudeste,Mata Atlantica,12,225.1,45.6,23,25.6,78.9,39.6,345.0,2.8,68.9,24.3,0.599,nenhum
RO,Norte,Amazonia,3,274.7,49.7,21,26.9,80.5,47.8,150.0,4.2,8.1,13.7,0.665,nenhum
ES,Sudeste,Mata Atlantica,5,160.9,62.6,12,20.3,79.6,43.2,506.0,10.0,98.6,16.2,0.464,nenhum
RJ,Sudeste,Cerrado,9,163.1,77.2,16,20.8,71.2,39.1,626.0,23.8,200.3,32.0,0.483,deslizamento
PE,Nordeste,Cerrado,1,75.4,22.2,8,34.4,67.0,27.4,317.0,7.1,634.6,38.5,0.368,estiagem_seca
MG,Sudeste,Mata Atlantica,7,78.4,27.6,5,14.7,87.0,26.3,61.0,23.3,37.1,22.8,0.346,nenhum
PR,Sul,Mata Atlantica,11,172.6,77.0,8,20.9,83.1,36.5,442.0,4.2,21.2,21.5,0.622,nenhum
ES,Sudeste,Mata Atlantica,3,179.1,49.0,12,23.7,85.0,17.4,1292.0,7.7,9.6,20.0,0.523,nenhum
RN,Nordeste,Mata Atlantica,10,58.3,33.0,4,24.9,73.1,25.9,141.0,5.1,54.2,17.2,0.466,nenhum
MS,Centro-Oeste,Pantanal,5,97.9,18.6,9,22.9,57.1,68.7,292.0,8.1,164.6,19.7,0.259,nenhum
RJ,Sudeste,Cerrado,11,305.9,156.0,21,21.6,87.6,29.2,1008.0,7.4,886.1,33.9,0.589,inundacao
CE,Nordeste,Cerrado,8,51.2,14.0,2,24.8,63.1,17.7,485.0,18.3,100.2,31.3,0.219,incendio_florestal
SP,Sudeste,Cerrado,2,265.5,110.0,19,23.8,81.6,49.8,373.0,19.5,349.2,29.2,0.634,deslizamento
RN,Nordeste,Caatinga,9,55.8,12.8,5,24.0,56.4,48.3,238.0,11.0,59.1,28.0,0.337,nenhum
RJ,Sudeste,Mata Atlantica,1,189.6,61.1,14,25.2,74.3,32.7,642.0,13.0,138.8,32.4,0.704,nenhum
AC,Norte,Amazonia,3,138.9,15.3,5,26.8,75.1,30.5,31.0,10.0,21.2,22.1,0.47,nenhum
RR,Norte,Amazonia,11,134.6,47.7,6,27.2,93.8,9.5,77.0,7.9,71.7,23.3,0.512,nenhum
PR,Sul,Mata Atlantica,11,307.2,72.6,23,18.3,90.8,37.4,284.0,12.1,10.6,18.0,0.619,inundacao
PR,Sul,Mata Atlantica,1,149.5,61.5,14,23.4,83.7,52.5,277.0,24.5,245.8,29.8,0.438,nenhum
PR,Sul,Mata Atlantica,5,146.2,95.7,12,17.7,80.5,46.1,388.0,17.4,1163.9,31.4,0.496,nenhum
RS,Sul,Mata Atlantica,2,205.2,37.2,14,21.4,89.0,33.5,691.0,11.5,61.9,16.7,0.493,nenhum
DF,Centro-Oeste,Cerrado,4,73.2,17.3,6,22.5,61.5,23.8,1045.0,14.4,25.4,13.9,0.29,nenhum
PE,Nordeste,Mata Atlantica,12,58.9,27.3,3,35.0,69.1,64.5,51.0,15.7,15000.0,23.7,0.32,estiagem_seca
SE,Nordeste,Cerrado,3,200.1,47.4,20,30.2,80.0,22.4,255.0,26.0,276.4,27.9,0.545,deslizamento
MT,Centro-Oeste,Pantanal,8,66.3,27.7,7,24.2,67.1,19.1,86.0,2.7,472.7,26.3,0.336,nenhum
PB,Nordeste,Caatinga,10,57.8,18.6,4,27.6,73.3,41.5,344.0,9.1,89.7,16.8,0.216,incendio_florestal
RS,Sul,Mata Atlantica,11,46.6,5.8,6,22.5,58.7,13.7,243.0,16.4,10.6,18.3,0.285,incendio_florestal
RO,Norte,Cerrado,5,128.2,48.3,9,24.6,97.8,37.5,119.0,5.9,36.1,21.6,0.428,nenhum
PI,Nordeste,Caatinga,9,40.5,13.7,2,23.3,68.6,23.7,112.0,17.3,56.1,21.0,0.303,incendio_florestal
PB,Nordeste,Caatinga,6,91.8,25.6,8,22.1,49.3,33.3,273.0,4.5,47.0,27.0,0.423,nenhum
MA,Nordeste,Mata Atlantica,2,71.8,25.4,6,31.4,60.4,42.0,284.0,16.2,9.6,15.2,0.367,estiagem_seca
MA,Nordeste,Caatinga,3,39.3,17.4,4,26.6,59.5,21.4,287.0,3.9,47.5,21.1,0.211,incendio_florestal
RJ,Sudeste,Mata Atlantica,9,112.2,18.5,5,18.8,83.7,36.5,930.0,24.5,8.7,18.6,0.449,nenhum
SE,Nordeste,Caatinga,9,29.3,14.0,0,23.2,63.5,28.8,584.0,9.3,6.6,17.8,0.157,incendio_florestal
RJ,Sudeste,Cerrado,7,73.0,19.6,6,16.6,79.2,24.2,742.0,20.3,15.2,18.1,0.364,nenhum
SC,Sul,Mata Atlantica,10,127.9,40.8,10,21.5,78.6,40.1,453.0,11.8,31.7,19.8,0.484,nenhum
MG,Sudeste,Mata Atlantica,9,52.0,20.9,2,19.1,71.3,38.1,1477.0,23.2,35.0,15.9,0.321,nenhum
RJ,Sudeste,Mata Atlantica,5,58.6,41.9,4,17.8,66.8,42.3,545.0,10.4,40.0,14.2,0.389,nenhum
RN,Nordeste,Caatinga,4,136.2,23.7,11,26.7,79.3,11.1,2.0,11.2,731.6,37.8,0.319,nenhum
CE,Nordeste,Caatinga,12,72.6,22.6,6,30.3,57.3,29.7,768.0,14.1,40.1,18.3,0.514,estiagem_seca
RN,Nordeste,Mata Atlantica,12,65.8,37.0,3,30.8,80.3,34.5,292.0,1.1,3.0,14.7,0.29,incendio_florestal
SC,Sul,Mata Atlantica,1,187.1,20.8,19,24.1,79.5,39.0,529.0,21.1,28.6,19.4,0.376,nenhum
SP,Sudeste,Mata Atlantica,10,131.2,36.9,6,19.6,66.2,29.9,1173.0,19.6,32.1,16.9,0.376,nenhum
PE,Nordeste,Caatinga,2,66.4,23.5,4,29.3,62.0,27.5,433.0,3.9,1.6,9.8,0.576,nenhum
GO,Centro-Oeste,Cerrado,11,142.5,40.6,7,26.8,70.5,29.3,335.0,14.4,45.1,20.2,0.552,nenhum
ES,Sudeste,Mata Atlantica,8,35.3,12.3,2,17.4,73.6,24.9,63.0,26.3,19.8,23.3,0.185,incendio_florestal
MG,Sudeste,Mata Atlantica,9,54.2,24.6,5,17.8,72.4,19.1,130.0,15.2,39.2,23.3,0.39,nenhum
ES,Sudeste,Cerrado,9,78.2,43.7,2,21.2,83.4,41.3,1391.0,17.2,61.9,21.6,0.445,tempestade
PR,Sul,Mata Atlantica,8,42.9,13.9,1,13.8,78.6,47.6,49.0,16.1,35.4,14.7,0.211,incendio_florestal
SP,Sudeste,Mata Atlantica,4,218.8,55.6,19,19.5,87.7,19.8,460.0,12.5,36.4,19.8,0.7,nenhum
RJ,Sudeste,Cerrado,10,216.9,38.4,22,17.8,80.9,34.5,136.0,4.7,19.8,14.7,0.598,nenhum
AL,Nordeste,Caatinga,7,22.5,10.2,1,25.5,57.5,56.7,329.0,12.5,99.7,23.3,0.3,estiagem_seca
TO,Norte,Amazonia,7,26.9,13.7,1,22.6,74.2,85.4,56.0,8.3,23.4,14.9,0.351,estiagem_seca
RS,Sul,Mata Atlantica,4,203.2,31.6,17,17.1,79.7,19.7,552.0,7.2,111.0,16.0,0.663,nenhum
RJ,Sudeste,Cerrado,1,266.9,70.2,18,23.6,82.1,24.0,629.0,9.0,8.2,18.9,0.659,nenhum
MS,Centro-Oeste,Cerrado,7,97.9,28.1,7,23.4,59.4,48.7,223.0,10.9,22.7,21.2,0.335,nenhum
RJ,Sudeste,Cerrado,5,102.5,49.1,3,18.1,68.0,83.1,1206.0,11.7,87.8,29.3,0.413,incendio_florestal
AC,Norte,Amazonia,8,215.7,86.3,16,21.8,91.3,29.0,160.0,3.9,7.9,13.4,0.685,nenhum
RJ,Sudeste,Cerrado,5,241.8,79.2,22,21.9,89.1,24.5,314.0,4.9,18.5,18.1,0.693,nenhum
PI,Nordeste,Caatinga,12,132.9,51.9,6,28.1,73.2,36.6,97.0,6.0,97.6,22.1,0.448,nenhum
SP,Sudeste,Mata Atlantica,9,74.1,17.8,5,20.5,74.6,22.5,632.0,6.3,13.7,15.1,0.415,nenhum
ES,Sudeste,Mata Atlantica,6,68.2,15.2,4,16.4,79.0,47.2,166.0,1.1,261.6,27.0,0.207,nenhum
BA,Nordeste,Cerrado,9,35.1,13.0,1,26.7,69.9,36.5,57.0,0.5,44.2,27.1,0.313,estiagem_seca
AP,Norte,Amazonia,8,125.8,72.5,8,21.4,84.2,52.6,176.0,2.9,27.4,17.8,0.439,nenhum
RJ,Sudeste,Mata Atlantica,8,46.9,17.4,3,20.2,82.1,55.4,444.0,10.4,104.1,20.0,0.382,incendio_florestal
RN,Nordeste,Cerrado,7,44.7,19.5,2,24.1,68.3,19.4,179.0,8.0,48.1,14.7,0.328,incendio_florestal
TO,Norte,Amazonia,12,258.3,117.8,25,26.3,90.5,48.1,385.0,5.5,45.7,14.6,0.728,tempestade
SP,Sudeste,Mata Atlantica,4,78.4,26.2,9,22.2,71.2,37.8,1089.0,20.8,32.7,19.8,0.403,nenhum
PB,Nordeste,Caatinga,6,51.7,29.4,5,25.2,58.7,22.7,529.0,8.6,34.7,21.4,0.283,incendio_florestal
SE,Nordeste,Caatinga,4,171.1,76.1,15,28.6,72.4,15.3,18.0,9.1,9.0,18.3,0.48,tempestade
PB,Nordeste,Mata Atlantica,7,80.7,29.5,6,22.7,58.0,39.6,103.0,11.4,114.6,21.1,0.427,nenhum
PR,Sul,Pampa,12,182.9,71.1,15,20.5,87.2,82.7,636.0,14.0,17.6,19.4,0.574,tempestade
AL,Nordeste,Cerrado,8,27.6,4.7,3,23.1,57.5,23.1,338.0,11.6,190.0,16.5,0.3,estiagem_seca
PI,Nordeste,Cerrado,3,171.4,101.0,12,25.1,68.2,46.2,409.0,4.4,10.7,12.3,0.616,tempestade
PI,Nordeste,Caatinga,12,65.6,17.2,7,26.5,58.9,38.9,402.0,6.5,251.2,32.9,0.343,nenhum
CE,Nordeste,Mata Atlantica,10,32.5,6.1,4,27.0,70.7,28.4,74.0,13.8,13.8,14.0,0.392,estiagem_seca
BA,Nordeste,Cerrado,6,61.3,39.2,4,23.9,60.4,42.6,68.0,4.9,131.4,28.5,0.28,nenhum
PA,Norte,Amazonia,2,208.7,41.5,17,28.8,92.5,24.3,154.0,3.6,23.5,22.3,0.626,nenhum
RN,Nordeste,Caatinga,5,60.3,22.8,3,23.4,62.9,51.1,424.0,6.7,57.0,28.3,0.397,nenhum
DF,Centro-Oeste,Cerrado,10,216.8,34.6,17,20.4,76.1,92.3,1051.0,9.6,17.9,14.7,0.583,tempestade
SC,Sul,Mata Atlantica,7,124.4,30.0,12,16.4,86.1,28.2,680.0,15.2,13.4,20.0,0.376,nenhum
PA,Norte,Amazonia,3,463.0,139.7,26,26.8,84.9,60.4,113.0,19.4,25.4,15.9,0.675,deslizamento
RN,Nordeste,Mata Atlantica,2,53.7,33.3,3,28.6,58.0,33.8,630.0,2.6,113.8,18.6,0.323,incendio_florestal
PR,Sul,Mata Atlantica,12,243.4,89.4,20,20.1,76.0,42.1,78.0,14.0,113.7,25.9,0.657,inundacao
PR,Sul,Pampa,6,103.1,30.7,9,14.8,81.7,32.2,99.0,13.2,97.1,17.7,0.468,nenhum
ES,Sudeste,Mata Atlantica,9,161.1,94.0,13,19.3,72.6,34.1,305.0,12.9,61.8,24.4,0.534,deslizamento
CE,Nordeste,Mata Atlantica,5,121.6,44.9,10,27.7,74.1,35.4,221.0,8.4,956.4,37.8,0.569,nenhum
DF,Centro-Oeste,Cerrado,2,170.8,24.2,14,27.6,75.7,24.1,375.0,17.1,12.8,20.2,0.616,nenhum
PI,Nordeste,Cerrado,5,77.6,21.8,7,26.8,60.4,29.0,37.0,10.2,36.2,15.3,0.332,tempestade
AC,Norte,Amazonia,9,90.0,35.7,8,22.1,77.8,70.2,262.0,12.1,1.1,9.5,0.476,nenhum
CE,Nordeste,Cerrado,5,113.2,68.7,10,22.8,74.5,44.6,201.0,4.4,81.1,23.6,0.41,nenhum
RJ,Sudeste,Cerrado,8,53.3,8.3,5,22.0,91.4,22.8,90.0,12.4,11.6,18.0,0.367,nenhum
BA,Nordeste,Caatinga,6,79.7,14.2,9,23.2,72.7,28.3,391.0,2.6,41.0,23.7,0.375,inundacao
ES,Sudeste,Cerrado,5,129.2,28.4,12,18.2,81.3,27.6,309.0,19.4,14.7,13.7,0.348,nenhum
PE,Nordeste,Caatinga,4,124.5,37.3,10,27.5,63.9,26.6,246.0,1.1,34.2,22.4,0.387,nenhum
RN,Nordeste,Caatinga,4,38.7,13.0,5,26.1,63.8,31.3,624.0,14.3,54.2,22.3,0.294,estiagem_seca
ES,Sudeste,Mata Atlantica,4,125.3,35.0,13,23.6,75.1,23.4,382.0,25.1,15.2,14.8,0.514,deslizamento
RS,Sul,Mata Atlantica,9,137.7,32.8,10,15.6,72.5,48.2,384.0,15.3,69.5,18.5,0.395,nenhum
SE,Nordeste,Caatinga,5,58.1,28.4,6,23.9,61.0,110.4,513.0,4.8,23.1,23.9,0.41,tempestade
MG,Sudeste,Mata Atlantica,9,165.6,43.1,19,19.0,87.3,16.6,986.0,30.1,16.5,20.4,0.58,deslizamento
PB,Nordeste,Caatinga,4,125.7,21.0,8,26.1,70.8,87.3,342.0,8.4,114.3,19.7,0.379,tempestade
RR,Norte,Amazonia,4,139.1,37.3,10,27.5,85.5,34.5,95.0,0.4,60.4,16.5,0.481,nenhum
SP,Sudeste,Mata Atlantica,12,139.7,50.3,10,24.6,75.4,31.5,817.0,16.9,3.3,14.1,0.552,nenhum
BA,Nordeste,Caatinga,11,30.6,9.2,3,31.0,61.9,22.1,149.0,12.7,26.8,16.8,0.368,estiagem_seca
DF,Centro-Oeste,Amazonia,5,194.2,75.4,20,21.2,68.1,40.4,566.0,2.2,10.1,11.9,0.499,nenhum
MT,Centro-Oeste,Pantanal,4,151.7,56.4,10,24.6,82.7,32.0,348.0,5.1,315.0,30.1,0.417,nenhum
PB,Nordeste,Mata Atlantica,9,45.5,9.3,5,27.6,60.9,37.6,141.0,9.5,14.6,17.3,0.383,estiagem_seca
AM,Norte,Amazonia,1,257.2,108.5,18,30.3,91.3,64.3,365.0,19.1,17.1,14.7,0.606,tempestade
PI,Nordeste,Caatinga,6,37.4,7.5,4,22.9,63.8,7.4,174.0,5.8,46.7,26.6,0.31,incendio_florestal
SC,Sul,Mata Atlantica,8,183.0,78.2,15,15.9,86.7,40.7,368.0,14.4,91.6,27.1,0.528,nenhum
MG,Sudeste,Cerrado,9,159.6,54.5,13,18.4,80.7,15.0,902.0,14.6,16.0,14.6,0.509,nenhum
SE,Nordeste,Cerrado,2,98.0,31.7,6,30.7,54.8,14.5,128.0,10.4,55.1,28.4,0.207,incendio_florestal
TO,Norte,Amazonia,1,382.1,132.9,28,29.9,86.1,52.9,299.0,4.2,65.2,19.7,0.746,inundacao
MG,Sudeste,Cerrado,4,209.4,36.2,17,20.0,76.4,21.8,663.0,13.2,3.8,11.9,0.569,nenhum
AP,Norte,Amazonia,2,454.7,130.1,28,28.1,99.5,20.5,58.0,6.3,87.1,16.7,0.638,inundacao
SP,Sudeste,Mata Atlantica,7,21.9,5.8,2,18.1,72.8,86.9,377.0,18.5,20.7,19.9,0.293,estiagem_seca
SP,Sudeste,Mata Atlantica,12,173.4,38.2,16,21.0,77.0,51.7,308.0,13.8,8.0,16.1,0.544,deslizamento
DF,Centro-Oeste,Amazonia,4,61.3,13.1,3,26.8,69.8,36.3,1240.0,6.0,626.8,28.3,0.306,nenhum
BA,Nordeste,Caatinga,6,144.5,28.7,12,23.6,67.2,50.0,344.0,15.1,12.2,16.1,0.481,nenhum
AM,Norte,Amazonia,3,498.6,327.0,29,27.4,91.1,36.4,208.0,11.9,134.1,24.9,0.616,inundacao
RO,Norte,Amazonia,1,580.9,191.5,27,31.9,91.0,33.8,48.0,5.9,88.0,16.4,0.637,inundacao
DF,Centro-Oeste,Cerrado,9,84.7,14.4,4,23.9,61.4,54.6,296.0,9.9,3.8,13.1,0.435,nenhum
RS,Sul,Mata Atlantica,4,153.8,85.9,10,19.7,78.9,43.3,406.0,7.7,14.5,21.1,0.427,nenhum
PE,Nordeste,Caatinga,7,76.9,20.3,8,21.7,69.6,22.7,349.0,8.2,8.7,18.3,0.318,nenhum
RJ,Sudeste,Cerrado,9,149.6,43.1,11,20.4,72.7,37.0,840.0,15.2,166.3,27.8,0.469,nenhum
ES,Sudeste,Mata Atlantica,11,387.6,221.2,29,22.0,85.7,53.7,1349.0,16.9,140.0,31.9,0.678,deslizamento
PA,Norte,Amazonia,3,291.6,47.7,25,26.4,95.6,64.5,120.0,4.9,459.3,38.7,0.561,inundacao
PB,Nordeste,Caatinga,7,23.6,4.7,3,23.3,63.9,14.5,85.0,5.6,10.3,17.9,0.211,estiagem_seca
PE,Nordeste,Caatinga,11,79.5,41.3,6,26.5,71.8,17.3,485.0,16.1,1430.6,22.4,0.335,nenhum
SP,Sudeste,Cerrado,6,84.4,45.6,10,16.2,70.9,31.7,236.0,8.9,173.9,17.1,0.318,nenhum
MS,Centro-Oeste,Cerrado,1,447.7,164.5,26,26.5,88.3,54.1,38.0,14.2,508.8,35.2,0.616,inundacao
MG,Sudeste,Mata Atlantica,4,117.1,41.0,9,23.0,80.7,26.4,202.0,0.5,55.1,22.6,0.266,nenhum
SC,Sul,Pampa,10,65.4,37.1,5,16.9,73.0,31.9,297.0,9.0,29.3,20.4,0.442,nenhum
RJ,Sudeste,Mata Atlantica,10,90.5,35.5,9,24.6,73.5,14.8,150.0,10.4,12.6,17.2,0.386,nenhum
PR,Sul,Mata Atlantica,4,153.5,49.7,15,17.6,70.2,13.7,454.0,10.6,289.4,17.9,0.377,nenhum
RJ,Sudeste,Mata Atlantica,3,239.4,86.5,22,21.6,69.5,18.1,1016.0,25.3,36.9,14.9,0.625,deslizamento
SC,Sul,Mata Atlantica,4,154.4,46.1,11,15.1,81.5,51.7,341.0,12.4,37.6,16.7,0.511,nenhum
MG,Sudeste,Cerrado,3,153.1,47.6,10,21.9,82.5,14.4,631.0,24.0,239.3,28.4,0.461,nenhum
RJ,Sudeste,Mata Atlantica,9,79.5,29.0,9,22.3,79.6,36.9,894.0,21.9,151.8,25.8,0.252,nenhum
RJ,Sudeste,Cerrado,11,167.7,55.9,15,23.9,94.5,66.9,426.0,12.1,33.4,13.7,0.627,tempestade
PR,Sul,Mata Atlantica,1,269.9,94.7,22,17.0,78.7,22.7,591.0,11.0,56.0,20.1,0.729,inundacao
MT,Centro-Oeste,Pantanal,9,60.7,18.6,4,23.4,63.8,23.7,20.0,1.2,69.7,17.0,0.246,nenhum
ES,Sudeste,Cerrado,10,208.2,76.0,17,21.0,80.5,14.9,922.0,11.6,50.5,19.2,0.619,nenhum
DF,Centro-Oeste,Cerrado,8,55.1,28.4,7,19.3,68.5,39.1,1026.0,29.4,264.3,26.5,0.234,deslizamento
SC,Sul,Mata Atlantica,11,141.4,19.1,11,21.2,71.3,21.9,827.0,19.7,100.3,22.6,0.37,nenhum
GO,Centro-Oeste,Pantanal,1,116.3,41.3,4,26.6,66.2,26.1,1060.0,5.7,28.9,23.0,0.355,nenhum
ES,Sudeste,Cerrado,9,213.0,26.8,15,20.9,81.8,32.6,523.0,25.1,315.4,18.8,0.657,deslizamento
SP,Sudeste,Cerrado,2,347.3,139.9,29,23.9,87.4,50.0,30.0,7.6,18.5,15.0,0.613,inundacao
PR,Sul,Mata Atlantica,11,106.3,22.3,9,21.2,81.6,41.7,240.0,5.8,39.9,20.4,0.427,nenhum
AL,Nordeste,Caatinga,6,158.9,98.7,12,25.6,65.7,48.3,304.0,11.2,32.9,22.8,0.395,tempestade
ES,Sudeste,Cerrado,2,219.8,98.1,15,26.7,87.9,53.0,1056.0,16.9,25.8,23.4,0.651,tempestade
MG,Sudeste,Cerrado,9,63.1,28.7,5,20.3,81.2,39.8,634.0,25.7,29.2,19.3,0.313,deslizamento
SC,Sul,Pampa,9,87.1,53.5,5,17.5,86.3,31.7,459.0,1.7,195.1,33.4,0.364,nenhum
PR,Sul,Mata Atlantica,6,237.4,60.6,15,17.8,88.3,23.8,887.0,25.0,51.7,22.5,0.551,deslizamento
MG,Sudeste,Mata Atlantica,4,189.1,41.7,18,22.1,81.8,28.6,513.0,16.0,606.7,37.0,0.657,nenhum
MG,Sudeste,Cerrado,1,488.8,225.7,27,25.5,83.8,29.2,774.0,14.2,22.0,17.0,0.812,deslizamento
AL,Nordeste,Caatinga,11,191.0,51.6,16,30.9,66.4,23.0,382.0,8.8,19.4,16.0,0.395,estiagem_seca
SC,Sul,Pampa,3,187.9,96.7,15,17.1,73.5,63.8,410.0,7.1,6.8,16.7,0.656,tempestade
PE,Nordeste,Cerrado,11,67.2,18.7,5,28.1,56.9,18.5,471.0,5.1,6.7,15.2,0.364,incendio_florestal
MG,Sudeste,Cerrado,8,96.1,28.8,4,14.5,81.7,49.1,15.0,21.0,15.1,17.9,0.431,nenhum
SP,Sudeste,Mata Atlantica,9,103.8,55.0,8,22.1,75.6,30.2,840.0,16.5,14.2,19.8,0.435,nenhum
MS,Centro-Oeste,Cerrado,9,51.1,16.6,3,25.4,71.4,39.8,1287.0,12.4,20.1,19.9,0.375,nenhum
BA,Nordeste,Caatinga,11,29.4,11.5,3,27.9,60.3,10.2,124.0,6.5,59.7,17.9,0.236,estiagem_seca
PE,Nordeste,Caatinga,1,104.3,30.8,11,32.2,79.9,30.4,590.0,4.2,14.1,13.6,0.32,incendio_florestal
SC,Sul,Pampa,12,329.2,78.6,29,16.7,87.0,43.0,489.0,18.8,566.9,18.4,0.627,deslizamento
GO,Centro-Oeste,Pantanal,1,147.4,22.7,13,27.2,67.5,60.1,107.0,7.3,40.8,23.5,0.418,deslizamento
PA,Norte,Amazonia,12,544.3,272.9,29,25.6,93.1,45.9,202.0,3.1,159.5,26.0,0.652,inundacao
ES,Sudeste,Mata Atlantica,4,112.3,33.1,3,20.9,67.5,43.8,388.0,16.1,12.8,15.5,0.434,nenhum
AL,Nordeste,Caatinga,11,111.3,50.8,3,30.7,68.4,34.7,267.0,1.4,26.5,14.7,0.4,estiagem_seca
RS,Sul,Mata Atlantica,2,351.3,68.5,27,18.3,92.8,26.6,934.0,17.0,75.0,17.8,0.627,deslizamento
RN,Nordeste,Caatinga,6,64.3,27.6,7,22.1,60.5,32.4,648.0,8.8,89.1,25.3,0.366,nenhum
CE,Nordeste,Caatinga,7,86.7,34.9,6,23.2,58.4,21.9,94.0,5.0,179.3,19.0,0.304,nenhum
TO,Norte,Amazonia,12,254.2,77.4,16,25.7,98.0,34.1,256.0,7.9,6.8,15.2,0.737,nenhum
DF,Centro-Oeste,Cerrado,2,117.0,52.6,8,29.9,66.7,39.8,591.0,8.8,2453.8,32.3,0.39,incendio_florestal
MT,Centro-Oeste,Cerrado,1,162.4,28.5,10,29.5,70.4,43.0,1841.0,6.8,525.4,33.0,0.434,estiagem_seca
SP,Sudeste,Mata Atlantica,8,71.5,46.5,5,19.9,64.4,35.1,581.0,24.5,66.9,26.9,0.257,nenhum
GO,Centro-Oeste,Cerrado,1,469.0,105.2,26,28.1,73.5,39.5,558.0,14.8,80.1,29.0,0.74,incendio_florestal
PB,Nordeste,Caatinga,10,29.3,5.1,2,27.2,52.0,39.2,631.0,6.8,66.1,28.6,0.125,estiagem_seca
MA,Nordeste,Cerrado,1,101.4,51.0,7,29.0,60.2,39.5,92.0,12.7,11.4,16.1,0.444,nenhum
MA,Nordeste,Cerrado,12,22.8,4.0,1,31.1,68.2,47.6,886.0,11.7,6.2,16.0,0.263,deslizamento
SC,Sul,Mata Atlantica,7,85.9,62.5,8,11.6,78.5,35.2,991.0,8.8,8.6,16.7,0.366,nenhum
PB,Nordeste,Mata Atlantica,12,45.6,18.5,3,29.0,60.8,31.0,81.0,5.2,7.1,15.2,0.226,incendio_florestal
RS,Sul,Mata Atlantica,2,121.7,55.6,14,20.7,83.1,17.5,92.0,10.4,600.8,31.4,0.351,nenhum
PE,Nordeste,Cerrado,4,97.0,50.0,7,25.9,59.2,51.4,543.0,5.6,23.1,21.6,0.552,nenhum
AP,Norte,Amazonia,6,42.4,14.0,2,26.9,77.2,35.2,229.0,8.8,251.8,33.4,0.332,estiagem_seca
PI,Nordeste,Caatinga,1,72.8,46.6,8,30.4,59.0,34.1,217.0,5.8,33.4,16.4,0.432,estiagem_seca
AP,Norte,Amazonia,2,254.2,61.0,22,31.6,82.4,64.3,129.0,5.9,40.0,14.9,0.735,tempestade
RJ,Sudeste,Cerrado,4,235.4,88.1,21,24.0,79.4,61.7,1151.0,4.1,33.7,16.3,0.673,tempestade
MS,Centro-Oeste,Cerrado,9,86.3,19.5,8,23.8,76.0,38.6,435.0,3.0,20.2,21.4,0.473,nenhum
SE,Nordeste,Caatinga,9,21.4,11.0,1,22.9,67.4,18.4,464.0,7.7,664.4,31.2,0.241,estiagem_seca
SP,Sudeste,Cerrado,2,242.9,89.1,19,23.5,82.6,43.5,933.0,18.5,58.7,23.7,0.812,deslizamento
RJ,Sudeste,Mata Atlantica,1,220.5,85.6,17,23.8,98.1,26.1,572.0,10.8,394.2,33.4,0.667,nenhum
PR,Sul,Pampa,8,117.1,16.7,11,16.8,77.6,41.1,281.0,10.0,68.3,17.8,0.463,nenhum
RS,Sul,Mata Atlantica,5,178.0,82.8,14,17.2,80.4,61.1,659.0,14.8,405.2,31.9,0.551,tempestade
SP,Sudeste,Cerrado,10,102.8,26.4,9,21.8,75.3,30.6,606.0,14.3,55.7,16.8,0.412,nenhum
ES,Sudeste,Mata Atlantica,4,448.9,112.5,22,17.4,84.3,21.8,477.0,15.9,32.4,20.4,0.792,deslizamento
RJ,Sudeste,Mata Atlantica,5,63.3,11.2,6,24.3,71.7,57.1,288.0,10.7,5.3,11.8,0.319,nenhum
GO,Centro-Oeste,Cerrado,3,245.3,75.3,21,24.9,66.0,21.5,690.0,5.3,147.7,20.2,0.708,nenhum
RJ,Sudeste,Cerrado,4,89.9,43.4,9,21.9,79.9,35.0,724.0,17.2,485.1,30.8,0.36,tempestade
RO,Norte,Amazonia,9,103.3,36.1,11,22.9,84.0,30.4,423.0,6.3,216.2,34.5,0.308,nenhum
SP,Sudeste,Cerrado,6,65.9,32.5,5,22.0,76.6,13.9,314.0,17.1,25.7,17.6,0.377,nenhum
RS,Sul,Mata Atlantica,8,66.0,29.4,6,17.9,74.0,40.2,544.0,7.8,161.1,27.5,0.126,incendio_florestal
AM,Norte,Cerrado,1,273.1,76.4,21,27.5,93.3,78.3,75.0,12.6,9.9,18.9,0.737,tempestade
ES,Sudeste,Mata Atlantica,7,44.7,9.1,2,18.1,69.3,32.2,66.0,15.4,10.7,14.5,0.427,estiagem_seca
RS,Sul,Mata Atlantica,6,152.2,55.1,13,16.2,86.4,53.8,605.0,11.5,17.3,21.4,0.454,nenhum
BA,Nordeste,Caatinga,11,43.3,20.5,3,25.3,63.2,25.3,291.0,12.2,17.6,19.7,0.275,incendio_florestal
MS,Centro-Oeste,Pantanal,6,92.9,30.2,6,21.6,68.5,41.1,949.0,2.6,118.3,19.4,0.377,nenhum
PR,Sul,Mata Atlantica,2,211.1,114.7,17,20.5,89.2,18.8,360.0,11.7,169.2,24.6,0.659,tempestade
RS,Sul,Mata Atlantica,9,81.4,24.5,7,16.3,75.4,45.0,167.0,18.0,26.4,22.6,0.467,nenhum
RR,Norte,Amazonia,2,223.3,40.5,15,28.1,82.2,35.4,76.0,8.0,534.0,28.4,0.69,nenhum
RN,Nordeste,Cerrado,11,62.9,24.1,8,30.5,60.1,56.1,49.0,1.9,22.8,20.9,0.414,estiagem_seca
RJ,Sudeste,Cerrado,5,149.8,48.3,13,19.9,70.9,28.2,861.0,16.8,283.6,22.2,0.511,nenhum
PE,Nordeste,Caatinga,10,41.1,28.3,8,25.9,61.5,14.8,343.0,17.6,28.4,16.4,0.165,incendio_florestal
CE,Nordeste,Caatinga,8,43.9,10.9,2,28.0,79.2,26.1,877.0,13.7,50.2,25.2,0.27,incendio_florestal
AM,Norte,Amazonia,6,78.1,17.5,4,25.7,75.4,9.9,53.0,6.4,54.7,20.6,0.425,nenhum
SE,Nordeste,Mata Atlantica,8,59.4,16.5,6,27.6,72.9,27.6,317.0,9.2,173.3,28.5,0.366,deslizamento
RJ,Sudeste,Cerrado,3,298.5,141.2,22,24.1,81.1,55.1,1225.0,16.4,36.5,26.3,0.638,deslizamento
ES,Sudeste,Cerrado,1,133.8,62.0,13,23.2,71.4,41.0,333.0,14.2,4.0,16.1,0.343,nenhum
RJ,Sudeste,Cerrado,10,99.6,35.2,9,21.7,74.4,28.1,1035.0,17.1,156.3,24.6,0.449,nenhum
MG,Sudeste,Mata Atlantica,12,147.6,92.3,6,26.2,78.9,35.7,969.0,10.8,48.9,21.9,0.419,tempestade
MT,Centro-Oeste,Cerrado,11,104.6,52.5,9,27.7,69.8,43.6,941.0,18.0,672.3,25.4,0.332,incendio_florestal
PI,Nordeste,Caatinga,4,83.4,17.9,5,26.1,75.6,26.8,377.0,9.5,7.1,15.7,0.456,nenhum
AM,Norte,Amazonia,5,196.3,67.5,15,21.7,91.1,44.7,300.0,7.6,36.2,24.3,0.573,nenhum
BA,Nordeste,Caatinga,5,158.1,41.1,14,29.0,56.1,21.9,370.0,15.2,4.4,11.6,0.594,estiagem_seca
BA,Nordeste,Mata Atlantica,9,24.7,10.0,2,27.3,61.9,40.0,459.0,11.5,57.5,15.5,0.182,estiagem_seca
PE,Nordeste,Caatinga,8,101.7,69.7,7,22.7,61.6,36.0,136.0,5.9,57.6,20.6,0.396,nenhum
AC,Norte,Amazonia,10,476.0,88.0,25,21.0,88.7,25.1,111.0,17.3,404.6,28.1,0.531,inundacao
PI,Nordeste,Caatinga,12,115.5,28.7,13,25.2,70.4,26.5,137.0,8.0,102.1,15.8,0.513,nenhum
MG,Sudeste,Mata Atlantica,5,134.5,65.7,8,19.5,73.9,27.9,220.0,22.2,23.0,17.1,0.529,nenhum
RJ,Sudeste,Mata Atlantica,8,74.2,27.4,3,18.1,85.1,52.1,330.0,14.3,56.4,16.5,0.297,nenhum
PR,Sul,Mata Atlantica,7,73.5,35.4,3,16.3,84.2,50.3,917.0,10.8,215.3,34.9,0.291,nenhum
RJ,Sudeste,Mata Atlantica,12,185.1,76.3,14,26.4,87.5,27.6,1443.0,15.2,3.5,13.7,0.615,nenhum
RJ,Sudeste,Mata Atlantica,5,104.2,26.4,7,22.6,74.6,28.8,159.0,16.8,111.1,26.1,0.32,nenhum
AL,Nordeste,Caatinga,3,86.5,14.0,6,29.9,72.9,47.7,295.0,9.8,16.9,12.7,0.277,incendio_florestal
MG,Sudeste,Mata Atlantica,5,56.9,18.9,2,23.2,67.5,30.5,382.0,14.3,28.6,14.1,0.338,nenhum
AP,Norte,Amazonia,8,44.2,14.6,2,27.6,73.6,35.9,139.0,7.4,50.7,19.0,0.357,estiagem_seca
GO,Centro-Oeste,Cerrado,12,139.8,66.5,10,23.8,69.7,33.0,411.0,15.5,5.1,11.8,0.427,nenhum
PE,Nordeste,Caatinga,10,37.5,11.1,5,27.3,65.8,25.5,577.0,14.1,5.1,11.5,0.407,estiagem_seca
MT,Centro-Oeste,Cerrado,1,302.8,78.5,25,29.3,83.8,60.3,425.0,6.1,131.3,21.0,0.695,tempestade
PB,Nordeste,Mata Atlantica,7,59.5,23.8,2,24.4,58.3,12.0,323.0,1.3,26.1,24.2,0.405,nenhum
SP,Sudeste,Mata Atlantica,2,156.7,52.9,11,23.3,78.1,87.3,1515.0,25.2,46.6,26.8,0.408,tempestade
ES,Sudeste,Mata Atlantica,5,52.6,24.4,7,19.4,73.2,29.6,400.0,20.4,69.3,23.3,0.235,estiagem_seca
MG,Sudeste,Mata Atlantica,12,233.6,41.4,19,23.2,80.9,35.3,1245.0,17.7,7.7,15.1,0.609,nenhum
MG,Sudeste,Mata Atlantica,12,233.2,40.7,16,25.4,78.5,33.1,200.0,20.1,16.2,16.2,0.754,deslizamento
MG,Sudeste,Mata Atlantica,2,140.5,48.1,9,22.5,70.3,26.8,711.0,17.2,12.9,21.3,0.474,nenhum
RO,Norte,Amazonia,2,192.6,30.9,12,29.4,96.5,34.3,54.0,3.0,1.5,10.2,0.583,nenhum
MG,Sudeste,Mata Atlantica,9,114.2,65.9,9,18.0,76.8,54.9,1128.0,9.9,36.7,18.0,0.528,nenhum
SP,Sudeste,Mata Atlantica,5,152.1,50.5,13,18.5,75.6,33.6,444.0,20.4,38.6,22.1,0.402,nenhum
SE,Nordeste,Cerrado,6,91.6,42.1,9,23.5,61.0,34.1,637.0,6.0,100.7,27.3,0.382,nenhum
PI,Nordeste,Caatinga,11,88.8,25.9,5,26.6,69.9,35.1,560.0,19.2,83.7,15.2,0.387,nenhum
RS,Sul,Pampa,12,214.9,81.8,11,18.4,74.6,63.1,624.0,6.7,3.7,11.7,0.745,tempestade
ES,Sudeste,Cerrado,11,116.7,26.6,9,21.8,74.8,29.5,694.0,4.3,3.8,11.4,0.522,nenhum
GO,Centro-Oeste,Cerrado,10,97.7,15.9,7,24.0,58.4,63.7,561.0,13.3,19.4,13.8,0.38,nenhum
RJ,Sudeste,Cerrado,12,188.9,53.3,18,25.9,80.2,32.9,978.0,9.5,67.5,25.8,0.662,nenhum
GO,Centro-Oeste,Cerrado,9,120.2,34.7,9,22.8,73.8,41.7,357.0,5.8,22.7,20.0,0.449,nenhum
DF,Centro-Oeste,Pantanal,11,366.4,116.3,25,24.8,68.3,63.6,120.0,7.1,15.3,19.0,0.714,inundacao
SE,Nordeste,Caatinga,7,29.7,6.8,2,23.0,68.2,45.3,247.0,8.8,355.7,22.4,0.294,estiagem_seca
GO,Centro-Oeste,Cerrado,1,111.4,26.3,6,28.2,65.9,14.8,1550.0,4.1,116.8,32.2,0.504,nenhum
MG,Sudeste,Mata Atlantica,10,176.4,74.4,9,22.9,78.6,55.4,253.0,18.8,142.5,32.4,0.331,nenhum
RO,Norte,Amazonia,12,240.8,73.7,15,29.3,87.2,38.9,65.0,5.6,83.1,21.8,0.686,inundacao
ES,Sudeste,Cerrado,4,139.6,28.4,14,20.8,78.1,40.6,1636.0,20.8,9.4,13.1,0.651,nenhum
AL,Nordeste,Caatinga,6,85.2,15.8,12,25.2,66.4,62.2,61.0,17.3,148.0,20.2,0.284,nenhum
ES,Sudeste,Cerrado,7,26.4,7.6,3,18.5,70.3,84.3,1107.0,19.0,2170.5,34.6,0.155,incendio_florestal
MG,Sudeste,Mata Atlantica,8,50.2,38.1,4,14.6,76.5,27.7,493.0,23.6,122.9,28.0,0.303,incendio_florestal
MG,Sudeste,Mata Atlantica,9,76.3,19.7,4,19.4,70.0,60.6,547.0,15.2,42.4,15.0,0.461,nenhum
MG,Sudeste,Mata Atlantica,5,87.5,47.1,8,22.4,67.9,30.0,1491.0,15.5,4.9,16.1,0.413,nenhum
RS,Sul,Pampa,11,419.4,117.3,27,13.0,86.8,25.6,503.0,9.0,15.9,14.7,0.671,inundacao
MS,Centro-Oeste,Amazonia,10,110.7,47.7,8,22.4,60.0,35.8,509.0,13.6,140.0,30.7,0.386,nenhum
RJ,Sudeste,Mata Atlantica,12,206.6,89.1,15,23.3,74.0,24.9,494.0,20.0,130.3,25.4,0.55,deslizamento
MG,Sudeste,Cerrado,7,99.1,22.0,4,16.4,71.2,22.5,442.0,10.8,10.5,16.4,0.377,nenhum
PI,Nordeste,Cerrado,1,33.1,6.5,2,30.2,64.2,28.6,248.0,26.5,101.7,18.6,0.189,estiagem_seca
MA,Nordeste,Caatinga,11,50.1,12.7,5,28.3,64.4,57.7,421.0,6.1,11.6,17.3,0.467,estiagem_seca
MS,Centro-Oeste,Cerrado,1,196.2,38.7,18,28.0,70.5,44.4,535.0,11.7,180.7,25.2,0.57,nenhum
PB,Nordeste,Caatinga,3,195.3,87.0,15,25.3,71.7,24.1,314.0,1.6,123.0,25.6,0.484,nenhum
RN,Nordeste,Cerrado,4,51.4,19.6,3,27.3,69.1,75.6,446.0,7.5,214.6,34.1,0.349,inundacao
RN,Nordeste,Mata Atlantica,3,49.4,7.0,4,26.9,68.4,61.2,499.0,15.8,23.6,15.4,0.16,incendio_florestal
SP,Sudeste,Mata Atlantica,9,86.0,51.2,4,22.7,66.4,17.1,1154.0,15.5,146.7,29.5,0.256,nenhum
CE,Nordeste,Mata Atlantica,6,77.3,40.7,3,25.6,65.3,10.8,422.0,16.5,58.7,23.0,0.371,nenhum
MG,Sudeste,Cerrado,3,85.6,34.4,9,21.7,63.6,46.3,34.0,15.6,89.6,30.7,0.339,nenhum
GO,Centro-Oeste,Cerrado,1,169.3,125.0,10,29.0,67.7,72.1,550.0,14.3,54.4,18.5,0.569,tempestade
SP,Sudeste,Mata Atlantica,3,193.3,70.2,14,25.8,83.3,43.2,616.0,17.5,13.5,20.5,0.502,nenhum
TO,Norte,Amazonia,9,209.6,53.1,17,23.6,98.4,39.7,24.0,2.7,80.6,18.2,0.572,nenhum
GO,Centro-Oeste,Cerrado,10,98.9,42.1,13,21.2,80.4,24.3,662.0,6.9,97.5,26.1,0.366,deslizamento
RR,Norte,Amazonia,4,200.6,74.0,14,26.6,90.2,49.1,177.0,3.6,9.4,17.3,0.532,nenhum
SP,Sudeste,Cerrado,1,507.2,156.7,25,28.7,92.9,40.4,687.0,13.7,116.3,23.3,0.582,deslizamento
CE,Nordeste,Cerrado,7,101.3,32.4,9,22.0,65.7,22.8,237.0,22.2,107.5,22.2,0.505,nenhum
RS,Sul,Pampa,10,131.4,59.0,9,19.4,71.8,24.9,40.0,13.3,17.9,22.6,0.375,nenhum
PI,Nordeste,Caatinga,1,99.3,22.3,7,29.8,65.4,54.1,420.0,8.8,73.5,25.9,0.363,incendio_florestal
RJ,Sudeste,Mata Atlantica,10,129.9,46.4,8,21.5,81.1,18.5,340.0,11.9,19.6,20.9,0.383,nenhum
RN,Nordeste,Cerrado,3,43.1,14.2,3,32.9,58.3,21.3,814.0,13.0,119.1,28.6,0.229,estiagem_seca
ES,Sudeste,Mata Atlantica,4,115.0,63.1,5,24.0,73.2,84.9,39.0,7.4,13.1,14.9,0.341,tempestade
DF,Centro-Oeste,Cerrado,8,45.5,14.8,6,19.8,68.5,17.5,904.0,8.1,359.6,20.9,0.209,incendio_florestal
PE,Nordeste,Mata Atlantica,1,40.2,10.3,2,30.2,58.1,66.6,43.0,3.8,332.2,20.7,0.265,estiagem_seca
AL,Nordeste,Caatinga,4,101.7,34.7,6,26.1,69.9,18.1,412.0,8.1,168.3,27.1,0.358,nenhum
AP,Norte,Cerrado,2,248.2,112.1,19,25.8,94.0,35.2,108.0,5.6,919.6,29.6,0.656,inundacao
RR,Norte,Amazonia,3,402.4,112.5,27,24.7,92.5,22.5,173.0,3.1,420.8,24.6,0.803,inundacao
SC,Sul,Mata Atlantica,10,174.0,72.0,11,18.8,75.0,23.4,280.0,1.1,201.5,19.5,0.55,nenhum
MT,Centro-Oeste,Cerrado,3,171.1,85.0,19,27.8,74.9,25.0,481.0,3.2,515.1,23.2,0.482,tempestade
AM,Norte,Amazonia,1,558.2,231.7,28,28.2,75.4,41.3,161.0,8.5,41.0,18.0,0.51,inundacao
RS,Sul,Mata Atlantica,3,125.7,82.4,11,23.3,71.5,28.6,565.0,19.6,21.6,19.9,0.355,inundacao
AM,Norte,Amazonia,2,341.0,123.3,25,23.8,86.0,48.3,68.0,2.8,215.0,28.5,0.768,inundacao
GO,Centro-Oeste,Cerrado,8,61.2,15.9,3,23.4,59.7,26.6,1235.0,3.9,41.9,23.3,0.37,nenhum
SP,Sudeste,Mata Atlantica,12,190.7,54.2,13,21.3,67.6,19.9,680.0,11.0,196.9,30.2,0.554,nenhum
RS,Sul,Mata Atlantica,3,183.5,57.7,14,21.4,78.8,39.0,1.0,11.1,15.5,19.6,0.59,nenhum
SP,Sudeste,Mata Atlantica,9,122.9,23.0,12,16.9,78.3,15.0,953.0,27.3,18.4,13.3,0.379,deslizamento
GO,Centro-Oeste,Cerrado,5,134.8,31.8,12,23.4,75.6,29.8,981.0,15.1,5.5,15.2,0.501,nenhum
SC,Sul,Mata Atlantica,1,135.8,86.3,9,22.7,85.8,53.0,195.0,14.1,9.3,19.1,0.45,nenhum
AP,Norte,Amazonia,9,102.9,24.4,4,24.1,85.2,21.6,58.0,0.7,82.7,30.4,0.452,nenhum
PR,Sul,Pampa,3,146.9,50.5,12,19.8,81.3,35.5,509.0,13.6,6.0,11.3,0.5,nenhum
RJ,Sudeste,Mata Atlantica,7,42.6,11.3,3,17.3,62.5,39.2,351.0,13.3,11.2,15.6,0.253,incendio_florestal
PR,Sul,Pampa,7,361.3,155.7,27,12.3,83.9,31.7,571.0,8.4,14.9,14.9,0.706,inundacao
BA,Nordeste,Caatinga,8,25.1,7.3,2,25.4,58.0,42.2,721.0,9.6,26.8,15.6,0.247,estiagem_seca
PI,Nordeste,Caatinga,2,103.5,63.3,12,26.7,71.8,43.6,30.0,1.2,56.4,24.0,0.435,nenhum
MG,Sudeste,Cerrado,4,70.8,20.2,8,23.5,74.2,14.1,131.0,15.5,934.8,28.3,0.324,nenhum
MT,Centro-Oeste,Cerrado,9,86.8,25.9,8,22.0,79.9,22.5,610.0,10.7,162.7,30.5,0.413,nenhum
MS,Centro-Oeste,Cerrado,12,336.1,90.1,22,27.7,83.1,21.3,387.0,8.6,20.4,20.1,0.603,inundacao
PR,Sul,Mata Atlantica,1,188.9,24.2,14,21.3,82.3,46.3,248.0,5.1,51.1,19.0,0.672,nenhum
RJ,Sudeste,Mata Atlantica,5,69.8,10.1,3,20.3,69.2,24.6,1203.0,8.1,22.0,14.8,0.389,nenhum
PI,Nordeste,Mata Atlantica,11,59.3,17.9,4,31.1,64.0,52.2,530.0,13.2,186.3,18.1,0.334,incendio_florestal
SE,Nordeste,Mata Atlantica,4,78.0,24.0,7,28.8,70.9,33.5,561.0,4.7,114.9,21.2,0.427,nenhum
PB,Nordeste,Cerrado,6,158.4,48.6,15,24.4,72.8,24.6,40.0,3.7,21.9,17.5,0.561,nenhum
MA,Nordeste,Caatinga,11,70.8,39.0,9,22.7,70.7,21.0,464.0,10.8,88.1,16.6,0.403,nenhum
BA,Nordeste,Mata Atlantica,12,120.7,23.8,9,29.3,63.5,35.7,238.0,10.8,97.6,23.1,0.46,inundacao
RJ,Sudeste,Mata Atlantica,8,59.4,15.8,4,18.8,58.4,37.3,882.0,31.6,53.6,25.7,0.36,deslizamento
SP,Sudeste,Mata Atlantica,9,120.3,43.8,8,17.7,87.2,26.2,491.0,10.1,88.9,19.5,0.421,nenhum
RJ,Sudeste,Mata Atlantica,8,47.1,7.3,4,18.9,65.1,52.6,1055.0,9.6,117.5,16.9,0.355,incendio_florestal
RN,Nordeste,Caatinga,4,147.2,85.8,13,24.3,70.8,84.2,286.0,8.4,1206.1,42.0,0.381,tempestade
SP,Sudeste,Mata Atlantica,11,162.4,46.8,13,22.1,76.0,21.3,756.0,15.5,298.0,23.3,0.447,nenhum
SP,Sudeste,Mata Atlantica,1,235.7,54.4,21,22.9,80.5,33.1,1437.0,12.2,11.7,15.0,0.624,nenhum
SC,Sul,Pampa,1,89.0,36.3,6,24.2,65.2,22.3,685.0,8.5,72.0,16.3,0.27,nenhum
SP,Sudeste,Cerrado,8,43.1,15.4,1,17.4,70.4,45.0,942.0,18.5,1202.8,34.4,0.168,incendio_florestal
MG,Sudeste,Mata Atlantica,11,178.0,50.1,14,23.5,82.4,38.8,38.0,5.0,85.4,26.2,0.499,deslizamento
MT,Centro-Oeste,Cerrado,10,99.6,29.1,6,22.7,59.8,21.1,1210.0,17.6,786.1,24.7,0.272,nenhum
GO,Centro-Oeste,Cerrado,9,51.1,21.5,6,23.2,63.8,29.4,624.0,2.4,2523.0,30.6,0.252,incendio_florestal
RS,Sul,Mata Atlantica,5,180.3,87.8,16,17.5,87.2,43.2,675.0,3.7,12.3,20.8,0.6,nenhum
SE,Nordeste,Caatinga,5,80.2,14.9,8,27.3,70.4,40.1,225.0,19.8,44.5,21.7,0.336,nenhum
AL,Nordeste,Cerrado,6,64.1,48.4,3,26.0,53.7,41.5,602.0,18.9,55.1,25.7,0.291,incendio_florestal
PB,Nordeste,Cerrado,4,85.1,61.6,6,27.7,77.3,26.6,274.0,4.6,7.0,13.9,0.379,nenhum
GO,Centro-Oeste,Cerrado,6,49.5,17.2,2,19.8,67.7,10.5,116.0,11.6,397.8,24.3,0.112,incendio_florestal
SP,Sudeste,Cerrado,2,270.0,61.2,25,22.5,77.6,44.9,360.0,21.7,82.8,17.3,0.685,deslizamento
SP,Sudeste,Mata Atlantica,4,82.1,15.5,6,22.0,78.0,15.9,381.0,20.6,4.1,11.9,0.441,nenhum
MS,Centro-Oeste,Cerrado,12,250.2,115.1,21,26.7,71.0,31.6,1180.0,3.0,80.2,22.3,0.728,tempestade
MA,Nordeste,Mata Atlantica,9,52.3,35.3,7,23.3,80.0,32.1,193.0,18.1,15.2,15.1,0.294,incendio_florestal
PR,Sul,Pampa,2,292.5,103.8,19,22.4,72.0,52.3,120.0,13.4,47.7,18.4,0.777,inundacao
PI,Nordeste,Caatinga,4,72.6,31.9,9,29.7,71.5,40.1,197.0,19.1,1.2,10.8,0.395,incendio_florestal
RS,Sul,Mata Atlantica,4,203.3,49.1,22,18.4,79.2,47.4,875.0,12.2,37.4,23.4,0.644,nenhum
PI,Nordeste,Caatinga,4,211.4,110.1,16,25.7,76.1,54.1,222.0,7.8,174.7,34.3,0.534,tempestade
MG,Sudeste,Mata Atlantica,9,108.5,81.4,4,16.9,78.6,32.5,786.0,15.3,26.3,14.1,0.534,nenhum
ES,Sudeste,Mata Atlantica,11,113.6,28.2,9,24.4,66.9,72.0,516.0,5.4,3.4,12.4,0.412,tempestade
SP,Sudeste,Mata Atlantica,9,58.4,21.1,4,20.8,76.0,17.8,154.0,9.5,45.3,19.0,0.353,nenhum
BA,Nordeste,Caatinga,6,50.0,20.0,3,27.4,68.1,46.2,52.0,8.4,36.5,17.1,0.32,incendio_florestal
PR,Sul,Pampa,2,162.5,49.2,8,19.9,81.9,34.7,738.0,3.6,519.5,20.5,0.423,nenhum
RJ,Sudeste,Mata Atlantica,2,162.4,82.0,9,24.1,71.1,36.0,909.0,16.6,95.8,18.9,0.624,nenhum
MG,Sudeste,Mata Atlantica,10,258.8,68.0,21,21.2,74.2,37.1,1090.0,9.5,35.0,17.5,0.654,nenhum
MT,Centro-Oeste,Cerrado,9,129.2,46.7,8,21.1,87.9,32.5,359.0,16.8,8.1,15.5,0.381,nenhum
PA,Norte,Amazonia,7,87.0,50.3,5,22.3,88.0,35.3,69.0,9.8,46.2,14.6,0.334,nenhum
MT,Centro-Oeste,Cerrado,7,87.8,36.6,9,22.8,65.1,31.1,1108.0,13.0,902.4,30.8,0.401,nenhum
SE,Nordeste,Caatinga,11,59.7,24.7,1,29.4,62.1,19.9,191.0,8.2,87.4,30.0,0.411,incendio_florestal
BA,Nordeste,Mata Atlantica,10,38.5,16.1,2,28.2,62.8,36.3,327.0,4.9,132.4,29.4,0.198,incendio_florestal
RJ,Sudeste,Mata Atlantica,2,101.1,41.8,11,26.6,78.1,30.2,605.0,9.2,1.2,11.1,0.46,nenhum
GO,Centro-Oeste,Cerrado,5,100.0,26.4,11,23.9,68.7,50.6,482.0,14.0,195.5,25.7,0.348,nenhum
AM,Norte,Amazonia,1,326.8,57.3,26,27.9,81.5,59.5,489.0,15.4,56.9,20.6,0.504,deslizamento
TO,Norte,Amazonia,5,133.2,41.9,13,23.4,87.0,45.9,300.0,1.4,51.2,18.1,0.515,nenhum
RN,Nordeste,Caatinga,8,34.9,12.9,1,23.4,70.1,52.7,393.0,5.7,64.0,23.4,0.199,deslizamento
PI,Nordeste,Caatinga,3,269.8,127.0,20,30.1,66.0,58.9,577.0,17.4,66.8,21.7,0.713,tempestade
ES,Sudeste,Cerrado,2,177.6,48.8,17,21.8,76.2,35.1,742.0,22.2,33.5,23.4,0.568,nenhum
BA,Nordeste,Caatinga,6,57.5,11.7,4,25.2,56.9,34.5,355.0,11.5,23.5,16.6,0.303,incendio_florestal
SC,Sul,Pampa,7,79.4,30.0,4,17.6,82.3,22.2,460.0,8.5,6.0,12.8,0.411,nenhum
PI,Nordeste,Cerrado,9,33.6,11.2,3,28.1,60.6,33.8,191.0,5.2,28.4,22.4,0.333,estiagem_seca
AM,Norte,Amazonia,1,288.2,84.3,21,26.9,85.7,65.4,284.0,8.2,261.9,27.6,0.528,tempestade
PR,Sul,Mata Atlantica,3,110.4,60.8,11,22.5,82.1,56.0,360.0,15.8,21.4,21.3,0.437,nenhum
CE,Nordeste,Mata Atlantica,10,31.7,5.5,2,27.6,67.9,44.3,67.0,2.6,163.1,30.8,0.279,estiagem_seca
MS,Centro-Oeste,Cerrado,9,123.1,68.6,8,22.0,65.7,39.2,527.0,4.1,9.9,16.6,0.437,nenhum
PR,Sul,Mata Atlantica,11,151.5,25.2,13,20.6,81.7,41.8,629.0,20.3,6.5,14.7,0.619,nenhum
SC,Sul,Mata Atlantica,10,127.2,38.3,8,19.7,91.3,19.6,555.0,4.7,26.0,24.4,0.451,nenhum
SP,Sudeste,Cerrado,11,183.3,68.4,12,23.2,81.9,71.7,224.0,15.5,197.8,32.1,0.67,tempestade
AP,Norte,Amazonia,7,116.8,19.0,7,19.5,88.3,50.4,38.0,5.5,5.4,15.5,0.547,nenhum
ES,Sudeste,Mata Atlantica,12,370.0,144.0,27,20.9,86.7,32.7,420.0,15.8,707.6,31.5,0.764,deslizamento
SC,Sul,Pampa,5,105.0,12.5,8,18.0,94.3,22.5,321.0,24.8,1219.7,22.9,0.454,deslizamento
PR,Sul,Mata Atlantica,11,285.1,169.4,21,18.6,87.5,33.8,866.0,7.4,142.8,16.1,0.764,inundacao
RO,Norte,Amazonia,5,166.2,55.6,10,24.5,88.5,39.1,121.0,3.2,22.1,21.4,0.498,nenhum
CE,Nordeste,Caatinga,6,71.3,18.2,5,23.9,58.8,38.9,368.0,4.4,24.2,15.1,0.511,nenhum
AL,Nordeste,Caatinga,9,36.8,11.1,3,26.6,61.9,12.4,273.0,7.7,17.6,18.3,0.216,incendio_florestal
PA,Norte,Amazonia,5,236.7,38.4,18,23.2,96.7,17.5,21.0,2.5,17.6,18.9,0.778,inundacao
MG,Sudeste,Mata Atlantica,2,525.7,129.8,25,23.2,74.0,41.0,438.0,18.3,35.6,22.3,0.654,deslizamento
PI,Nordeste,Mata Atlantica,11,32.8,11.7,4,31.6,62.6,33.5,281.0,14.2,3.2,12.9,0.206,estiagem_seca
RN,Nordeste,Caatinga,6,57.8,25.2,3,25.9,57.2,45.0,360.0,3.7,83.4,27.4,0.346,nenhum
AP,Norte,Amazonia,12,627.4,207.4,24,25.1,100.0,64.2,40.0,12.9,9.0,14.8,0.681,inundacao
GO,Centro-Oeste,Cerrado,5,162.5,73.8,16,24.7,73.1,23.9,1245.0,23.2,13.6,13.1,0.579,deslizamento
PB,Nordeste,Caatinga,12,92.1,13.2,6,30.2,48.6,33.7,419.0,14.5,15.8,21.1,0.521,estiagem_seca
GO,Centro-Oeste,Cerrado,8,40.0,18.7,5,20.5,76.3,22.3,702.0,20.7,85.0,16.8,0.222,incendio_florestal
PI,Nordeste,Caatinga,10,67.8,16.6,5,23.7,57.5,47.8,362.0,10.1,259.3,27.7,0.429,nenhum
SC,Sul,Pampa,10,227.0,125.3,15,17.6,84.4,31.4,210.0,1.3,10.8,12.3,0.706,inundacao
MA,Nordeste,Mata Atlantica,3,102.6,28.5,10,30.1,67.9,33.4,261.0,9.5,300.6,29.4,0.438,estiagem_seca
GO,Centro-Oeste,Pantanal,10,118.3,59.3,14,24.7,70.5,22.4,981.0,12.0,9.1,14.4,0.326,nenhum
PE,Nordeste,Cerrado,12,71.9,25.9,4,27.5,68.3,34.1,116.0,14.4,16.6,19.0,0.39,nenhum
TO,Norte,Amazonia,8,118.2,18.9,11,23.3,89.9,28.6,48.0,1.4,189.7,24.4,0.499,nenhum
RN,Nordeste,Caatinga,12,59.5,26.1,1,30.2,67.8,65.4,159.0,13.5,4.1,15.9,0.483,tempestade
PA,Norte,Amazonia,11,232.1,53.9,14,26.8,97.3,19.5,282.0,1.8,21.6,15.7,0.543,nenhum
MA,Nordeste,Caatinga,8,34.1,10.2,1,24.0,67.6,26.1,495.0,1.7,12.3,14.8,0.277,estiagem_seca
DF,Centro-Oeste,Cerrado,6,197.7,54.5,14,20.1,71.4,30.3,276.0,14.7,24.8,17.3,0.78,nenhum
RJ,Sudeste,Mata Atlantica,11,153.4,28.4,15,22.8,83.3,26.6,896.0,15.3,17.6,13.4,0.372,nenhum
AC,Norte,Amazonia,3,465.5,210.6,27,25.4,91.5,36.2,223.0,6.8,3.6,15.1,0.769,inundacao
MT,Centro-Oeste,Cerrado,7,66.9,16.7,6,22.9,60.2,32.4,863.0,7.3,122.9,17.3,0.371,nenhum
RJ,Sudeste,Mata Atlantica,10,178.5,53.4,13,21.3,81.1,34.5,763.0,15.5,83.1,18.2,0.503,nenhum
PE,Nordeste,Caatinga,12,46.3,8.5,4,27.7,59.5,19.0,203.0,2.0,189.1,18.7,0.283,incendio_florestal
BA,Nordeste,Caatinga,4,48.3,14.0,6,27.9,58.0,46.9,10.0,6.6,26.8,14.8,0.504,estiagem_seca
RR,Norte,Amazonia,2,424.0,93.4,24,23.6,100.0,48.7,2.0,6.2,42.9,19.3,0.737,inundacao
PB,Nordeste,Caatinga,5,62.5,6.6,5,29.2,67.1,52.3,567.0,11.6,188.5,19.6,0.327,incendio_florestal
DF,Centro-Oeste,Cerrado,11,216.8,113.7,15,27.1,82.1,36.8,702.0,2.4,69.1,27.9,0.535,tempestade
PR,Sul,Pampa,7,212.2,93.1,17,13.0,83.4,13.4,207.0,22.1,192.2,33.6,0.629,deslizamento
PR,Sul,Mata Atlantica,1,126.2,29.4,14,21.7,76.8,47.1,530.0,6.1,172.5,19.5,0.431,nenhum
PR,Sul,Mata Atlantica,2,116.3,44.4,10,23.7,83.3,38.5,385.0,21.1,52.8,17.4,0.378,nenhum
GO,Centro-Oeste,Amazonia,5,131.2,72.6,10,25.3,69.2,39.9,814.0,13.8,57.0,18.8,0.448,nenhum
RO,Norte,Amazonia,5,479.2,175.8,26,24.0,85.5,72.9,82.0,1.5,44.6,21.3,0.701,inundacao
RN,Nordeste,Caatinga,2,146.1,75.8,9,29.1,66.4,42.4,83.0,16.4,57.1,21.4,0.47,tempestade
PI,Nordeste,Caatinga,6,57.8,10.6,8,25.5,70.7,20.7,308.0,9.2,21.8,17.1,0.462,nenhum
AM,Norte,Amazonia,6,110.6,20.7,7,21.1,82.7,34.8,211.0,18.4,82.4,19.2,0.482,nenhum
RR,Norte,Amazonia,3,399.0,96.3,28,26.4,100.0,39.1,50.0,4.5,65.1,27.2,0.631,inundacao
GO,Centro-Oeste,Cerrado,3,94.4,27.5,7,26.8,67.5,75.8,1658.0,5.6,20.0,18.0,0.455,tempestade
CE,Nordeste,Caatinga,8,36.6,20.8,4,28.5,66.1,43.4,413.0,19.3,88.2,17.0,0.277,estiagem_seca
PB,Nordeste,Caatinga,12,59.4,15.4,5,31.7,73.4,31.2,301.0,4.5,314.0,32.5,0.28,estiagem_seca
ES,Sudeste,Mata Atlantica,12,209.7,106.0,18,25.7,76.3,68.3,505.0,18.0,50.0,18.6,0.605,tempestade
PE,Nordeste,Caatinga,7,95.0,30.3,6,22.2,62.5,81.8,270.0,5.4,54.8,25.7,0.343,tempestade
RS,Sul,Mata Atlantica,1,186.4,66.5,12,23.3,92.4,31.4,603.0,8.5,65.1,25.5,0.621,nenhum
SE,Nordeste,Cerrado,11,35.7,8.7,3,29.5,70.9,16.8,390.0,7.1,2.8,10.7,0.39,estiagem_seca
RJ,Sudeste,Mata Atlantica,12,209.1,75.0,11,25.7,79.4,29.7,487.0,20.1,28.6,17.3,0.539,deslizamento
RN,Nordeste,Caatinga,4,110.2,61.6,12,27.7,80.7,23.5,605.0,4.6,1592.3,36.0,0.492,tempestade
DF,Centro-Oeste,Cerrado,5,65.6,17.3,5,18.0,51.3,32.9,1313.0,18.1,52.7,24.8,0.361,nenhum
RN,Nordeste,Mata Atlantica,1,83.1,30.2,6,33.1,65.7,36.6,481.0,16.2,12.9,16.2,0.235,incendio_florestal
PI,Nordeste,Mata Atlantica,10,44.0,13.6,3,29.4,67.3,23.9,189.0,9.1,46.7,21.8,0.311,estiagem_seca
ES,Sudeste,Cerrado,10,158.3,26.3,15,23.5,83.7,48.2,216.0,17.5,21.2,13.9,0.569,nenhum
MA,Nordeste,Mata Atlantica,1,95.7,15.3,8,25.4,59.3,58.5,789.0,7.0,63.7,14.7,0.361,nenhum
MA,Nordeste,Caatinga,9,39.5,11.3,1,24.0,69.8,67.0,5.0,14.9,65.0,18.1,0.466,estiagem_seca
RS,Sul,Mata Atlantica,5,162.7,66.4,9,17.7,65.1,23.8,4.0,9.3,45.0,20.8,0.449,nenhum
AP,Norte,Amazonia,7,87.8,17.4,7,21.5,90.8,57.0,130.0,7.0,188.2,26.5,0.398,nenhum
SP,Sudeste,Mata Atlantica,3,90.9,23.8,7,23.0,73.4,42.8,1357.0,26.2,8.0,11.9,0.36,deslizamento
MG,Sudeste,Cerrado,10,137.0,66.6,15,22.9,92.3,33.8,268.0,14.8,81.1,29.3,0.394,nenhum
PB,Nordeste,Caatinga,5,122.5,33.2,7,24.9,74.8,32.4,52.0,6.3,236.6,19.2,0.451,nenhum
GO,Centro-Oeste,Cerrado,11,109.2,25.2,11,25.8,68.5,24.6,1072.0,16.0,32.6,24.3,0.347,nenhum
AM,Norte,Amazonia,2,328.8,174.5,23,27.3,97.4,23.8,169.0,4.0,167.0,33.2,0.606,inundacao
MG,Sudeste,Cerrado,8,75.0,51.8,5,19.9,85.4,79.2,836.0,8.0,35.0,19.8,0.309,tempestade
MA,Nordeste,Cerrado,4,96.0,20.0,5,25.1,62.4,64.2,480.0,15.6,9.6,18.5,0.286,nenhum
SE,Nordeste,Caatinga,12,153.5,29.1,10,22.9,72.2,38.6,404.0,22.2,2.8,12.7,0.496,nenhum
RN,Nordeste,Caatinga,7,55.3,37.1,5,22.3,66.2,29.5,318.0,9.3,21.5,13.9,0.484,nenhum
RS,Sul,Mata Atlantica,9,139.4,53.9,7,18.6,80.4,23.5,326.0,4.0,30.8,15.4,0.445,nenhum
RJ,Sudeste,Mata Atlantica,2,148.6,79.0,15,23.9,78.8,46.7,667.0,22.2,1325.4,31.9,0.448,deslizamento
PR,Sul,Mata Atlantica,9,157.8,76.8,14,16.1,92.7,56.4,734.0,20.5,52.9,19.1,0.514,nenhum
ES,Sudeste,Mata Atlantica,2,268.8,116.8,19,24.1,81.2,57.1,533.0,13.9,21.2,20.9,0.79,inundacao
ES,Sudeste,Mata Atlantica,5,43.4,7.1,4,20.2,72.4,89.6,646.0,11.0,109.6,20.3,0.328,tempestade
MT,Centro-Oeste,Pantanal,3,208.0,31.5,19,28.8,70.5,14.3,1078.0,11.1,27.5,14.2,0.549,nenhum
RS,Sul,Mata Atlantica,1,367.3,176.2,25,18.6,90.8,39.6,33.0,17.9,232.7,31.9,0.515,inundacao
GO,Centro-Oeste,Cerrado,8,48.1,5.9,4,21.6,54.1,8.8,273.0,8.8,499.4,30.1,0.211,incendio_florestal
SE,Nordeste,Caatinga,3,47.2,13.6,1,28.9,66.6,23.5,169.0,15.4,62.9,22.8,0.305,estiagem_seca
SP,Sudeste,Mata Atlantica,7,51.1,15.6,3,21.2,69.8,42.4,358.0,19.2,3.4,12.3,0.252,incendio_florestal
RJ,Sudeste,Mata Atlantica,10,256.1,34.8,20,22.4,83.1,34.7,937.0,18.6,42.5,20.2,0.762,deslizamento
AM,Norte,Amazonia,3,259.5,120.0,20,29.2,97.1,35.7,168.0,9.1,38.8,15.3,0.66,tempestade
PE,Nordeste,Cerrado,9,51.3,15.9,2,24.5,69.7,65.3,606.0,24.0,575.2,34.0,0.365,nenhum
BA,Nordeste,Cerrado,4,116.1,17.8,9,25.0,70.3,16.8,291.0,11.1,96.5,17.3,0.41,nenhum
ES,Sudeste,Mata Atlantica,4,126.9,73.0,14,21.1,81.9,30.4,72.0,6.5,27.5,22.6,0.382,incendio_florestal
BA,Nordeste,Caatinga,7,55.1,25.6,3,23.7,63.2,34.7,60.0,7.9,402.3,26.8,0.23,incendio_florestal
RJ,Sudeste,Mata Atlantica,8,39.4,12.5,1,18.5,64.1,17.2,794.0,20.0,41.4,14.5,0.343,estiagem_seca
MS,Centro-Oeste,Cerrado,8,59.3,19.0,4,18.6,74.3,39.0,479.0,14.1,40.8,25.9,0.398,nenhum
SP,Sudeste,Mata Atlantica,3,97.7,30.4,7,25.4,80.4,26.4,352.0,26.1,23.3,23.0,0.418,deslizamento
CE,Nordeste,Mata Atlantica,7,48.3,24.3,6,24.3,69.8,32.4,583.0,14.9,281.5,18.9,0.226,incendio_florestal
RS,Sul,Mata Atlantica,4,136.0,23.2,10,18.4,84.3,27.0,330.0,7.9,22.1,13.6,0.49,deslizamento
MS,Centro-Oeste,Cerrado,4,113.0,35.7,7,25.6,65.8,42.8,20.0,8.7,130.9,20.6,0.409,nenhum
PE,Nordeste,Cerrado,12,27.0,17.1,1,29.5,70.9,27.7,350.0,16.0,90.1,21.5,0.112,estiagem_seca
MA,Nordeste,Caatinga,2,40.5,9.3,0,32.7,59.7,12.6,556.0,9.2,54.7,22.2,0.289,estiagem_seca
PE,Nordeste,Caatinga,5,180.0,48.7,16,24.7,69.2,24.8,432.0,6.2,194.2,29.1,0.579,nenhum
RN,Nordeste,Caatinga,6,53.8,19.9,3,22.6,51.8,51.4,850.0,20.4,498.9,39.1,0.374,incendio_florestal
SP,Sudeste,Mata Atlantica,3,221.1,44.4,15,25.3,87.4,28.4,462.0,17.1,7.8,15.7,0.688,nenhum
SC,Sul,Mata Atlantica,10,215.7,101.3,16,18.0,73.4,48.6,246.0,11.2,38.7,21.2,0.493,tempestade
MG,Sudeste,Cerrado,6,92.9,19.9,8,19.5,79.7,48.0,474.0,13.6,34.3,25.6,0.31,nenhum
RJ,Sudeste,Cerrado,9,92.1,30.0,5,21.4,74.8,75.2,577.0,5.4,58.0,19.8,0.452,tempestade
MT,Centro-Oeste,Cerrado,5,42.2,7.4,2,24.4,80.0,25.8,103.0,4.8,20.7,23.1,0.207,incendio_florestal
SP,Sudeste,Cerrado,11,150.6,41.7,11,25.7,81.7,34.5,871.0,28.5,10.6,14.9,0.549,deslizamento
MG,Sudeste,Mata Atlantica,9,39.6,18.8,2,20.2,82.7,24.3,634.0,12.5,42.0,23.7,0.246,incendio_florestal
MA,Nordeste,Mata Atlantica,4,150.2,52.4,12,24.5,72.1,61.4,229.0,6.9,227.2,30.2,0.455,nenhum
PR,Sul,Mata Atlantica,12,222.2,63.2,15,22.4,89.8,26.5,505.0,16.2,36.5,24.5,0.528,nenhum
SE,Nordeste,Cerrado,11,26.4,6.7,4,28.7,71.6,73.8,304.0,15.9,92.1,18.1,0.298,estiagem_seca
SP,Sudeste,Mata Atlantica,8,64.7,27.7,5,19.2,74.2,45.7,1061.0,8.2,491.1,28.9,0.28,nenhum
SC,Sul,Mata Atlantica,1,187.9,99.6,12,22.7,90.6,50.3,514.0,9.5,63.4,14.7,0.698,tempestade
SP,Sudeste,Mata Atlantica,8,44.9,10.5,2,20.1,74.0,32.6,1110.0,17.4,218.2,32.9,0.23,incendio_florestal
PB,Nordeste,Cerrado,9,24.0,8.6,4,27.6,61.2,26.5,466.0,10.7,250.9,21.7,0.423,estiagem_seca
MG,Sudeste,Cerrado,5,71.1,17.3,4,19.5,89.8,13.6,786.0,22.0,318.1,34.7,0.34,nenhum
RR,Norte,Amazonia,2,392.5,102.7,29,28.5,79.4,61.0,151.0,13.8,1121.5,31.6,0.622,inundacao
SP,Sudeste,Mata Atlantica,7,101.4,33.2,11,21.4,78.2,27.8,950.0,23.8,40.8,22.7,0.346,nenhum
RN,Nordeste,Cerrado,10,58.0,12.3,1,25.7,65.3,39.3,230.0,19.5,194.4,20.8,0.309,nenhum
ES,Sudeste,Mata Atlantica,4,62.2,20.7,6,21.3,67.4,23.1,1541.0,13.8,68.5,22.8,0.293,nenhum
SC,Sul,Pampa,6,174.7,66.2,11,17.2,84.4,31.0,428.0,20.3,104.4,27.9,0.511,nenhum
AL,Nordeste,Caatinga,1,81.9,29.1,7,31.6,63.7,32.9,485.0,4.1,91.6,26.0,0.332,incendio_florestal
CE,Nordeste,Mata Atlantica,9,49.0,6.0,2,25.6,61.3,47.3,378.0,3.8,296.1,30.3,0.387,incendio_florestal
MG,Sudeste,Cerrado,11,87.6,25.7,10,23.8,81.6,38.0,28.0,13.5,23.1,20.3,0.428,nenhum
MS,Centro-Oeste,Cerrado,10,193.6,104.1,10,23.0,82.6,18.5,283.0,2.8,89.1,15.8,0.651,tempestade
SE,Nordeste,Mata Atlantica,6,69.6,17.8,4,27.6,66.4,76.4,283.0,13.8,7.3,11.6,0.453,tempestade
AM,Norte,Amazonia,1,458.9,236.1,25,30.0,100.0,49.3,40.0,16.1,14.9,21.0,0.637,inundacao
RN,Nordeste,Cerrado,6,63.8,12.5,5,24.8,59.1,36.5,276.0,1.9,20.8,19.4,0.25,nenhum
MG,Sudeste,Mata Atlantica,12,242.8,63.9,19,27.5,84.5,39.9,1124.0,16.8,120.1,28.5,0.659,inundacao
ES,Sudeste,Cerrado,2,184.0,60.5,14,21.0,74.8,35.5,1330.0,23.2,92.7,27.6,0.53,deslizamento
PE,Nordeste,Caatinga,3,74.7,56.1,6,27.5,63.3,75.2,268.0,9.4,403.5,35.6,0.298,estiagem_seca
MS,Centro-Oeste,Amazonia,11,77.9,18.7,12,26.3,63.1,12.1,686.0,14.5,217.1,32.3,0.489,nenhum
AL,Nordeste,Caatinga,7,31.7,15.7,3,25.1,56.9,57.3,98.0,17.5,48.3,16.9,0.329,estiagem_seca
AL,Nordeste,Caatinga,3,190.8,39.3,15,29.4,73.8,29.9,508.0,4.0,4527.3,38.5,0.436,nenhum
RJ,Sudeste,Mata Atlantica,1,182.9,118.9,13,25.2,71.6,22.8,841.0,19.7,65.6,22.0,0.563,deslizamento
MA,Nordeste,Caatinga,5,173.6,47.6,13,24.0,70.6,53.8,184.0,10.9,6.1,16.1,0.577,nenhum
RJ,Sudeste,Mata Atlantica,8,69.2,33.8,8,17.8,76.4,34.6,1488.0,19.3,7.4,18.1,0.301,nenhum
RS,Sul,Mata Atlantica,11,116.8,12.5,7,16.9,76.1,72.1,316.0,11.2,140.6,31.2,0.452,tempestade
MG,Sudeste,Cerrado,11,208.1,47.0,17,22.9,79.9,28.3,1430.0,23.1,4.7,11.7,0.54,deslizamento
SP,Sudeste,Mata Atlantica,6,39.5,17.1,1,17.1,64.9,38.0,502.0,7.1,64.9,24.6,0.221,incendio_florestal
PA,Norte,Amazonia,6,161.7,87.8,13,23.6,87.0,34.9,53.0,1.6,29.9,15.5,0.503,nenhum
SE,Nordeste,Caatinga,12,43.9,15.6,5,28.2,60.7,43.0,346.0,16.1,864.9,32.8,0.232,incendio_florestal
RR,Norte,Cerrado,10,252.8,111.5,19,26.1,100.0,39.9,18.0,12.7,8.6,13.4,0.698,inundacao
ES,Sudeste,Mata Atlantica,3,142.1,50.5,13,22.7,77.1,31.9,535.0,17.9,219.8,17.0,0.433,nenhum
SP,Sudeste,Mata Atlantica,9,96.6,35.4,9,20.2,74.8,38.8,883.0,17.5,29.3,14.1,0.44,nenhum
MA,Nordeste,Cerrado,9,23.4,4.2,5,26.6,63.2,20.7,291.0,8.6,25.5,18.7,0.29,estiagem_seca
RN,Nordeste,Mata Atlantica,3,86.8,21.9,6,28.8,63.9,46.9,415.0,3.5,485.6,24.8,0.137,incendio_florestal
PB,Nordeste,Caatinga,12,81.6,30.9,3,27.3,73.3,35.6,629.0,8.0,22.8,23.4,0.45,nenhum
RJ,Sudeste,Mata Atlantica,4,150.9,75.4,12,22.0,77.6,67.9,375.0,14.6,12.8,14.3,0.544,tempestade
SP,Sudeste,Mata Atlantica,7,60.9,24.6,6,20.2,77.9,46.3,1843.0,17.1,24.4,23.2,0.308,nenhum
ES,Sudeste,Mata Atlantica,6,47.1,12.4,3,15.0,61.5,44.7,997.0,17.3,10.9,17.5,0.254,incendio_florestal
SC,Sul,Mata Atlantica,9,87.3,30.8,6,15.8,82.6,48.8,418.0,8.9,5.0,13.8,0.444,nenhum
BA,Nordeste,Caatinga,11,50.0,33.1,5,29.4,60.9,63.5,345.0,3.8,15.3,14.6,0.282,incendio_florestal
SP,Sudeste,Mata Atlantica,5,110.5,19.1,4,19.8,68.6,36.8,670.0,12.3,4.4,10.8,0.416,nenhum
ES,Sudeste,Mata Atlantica,5,144.9,28.5,12,19.5,74.4,14.4,30.0,30.4,13.5,16.3,0.471,deslizamento
PE,Nordeste,Caatinga,10,53.5,11.2,5,26.0,68.6,44.2,494.0,9.6,13.0,16.2,0.301,incendio_florestal
SC,Sul,Pampa,12,213.8,100.1,11,21.0,77.3,41.4,352.0,2.4,71.8,18.2,0.592,tempestade
RR,Norte,Amazonia,11,236.7,113.7,17,24.1,77.2,33.5,70.0,9.5,7.1,16.6,0.54,inundacao
RJ,Sudeste,Mata Atlantica,10,143.0,39.9,8,21.5,87.0,21.5,761.0,24.1,120.4,26.5,0.487,nenhum
SP,Sudeste,Mata Atlantica,9,90.2,27.1,7,20.2,92.2,22.0,128.0,20.9,1.9,10.9,0.352,nenhum
SC,Sul,Pampa,10,71.8,24.0,5,19.9,70.7,40.5,391.0,4.2,12.3,20.6,0.337,nenhum
MT,Centro-Oeste,Pantanal,12,146.4,29.2,11,26.1,80.4,29.8,124.0,9.5,35.8,24.0,0.437,nenhum
MA,Nordeste,Mata Atlantica,1,83.9,20.7,8,27.7,60.4,36.5,333.0,7.2,26.9,19.8,0.37,nenhum
ES,Sudeste,Cerrado,8,55.0,7.5,5,17.6,74.2,20.5,984.0,13.3,53.7,25.8,0.289,nenhum
ES,Sudeste,Mata Atlantica,1,175.0,95.6,15,22.1,79.3,65.4,451.0,9.4,6.6,17.1,0.514,tempestade
MS,Centro-Oeste,Cerrado,7,25.2,10.2,3,22.8,77.3,20.6,682.0,25.2,854.1,30.2,0.244,estiagem_seca
ES,Sudeste,Mata Atlantica,5,62.0,27.7,6,20.8,57.4,42.3,1259.0,15.9,560.9,39.5,0.335,nenhum
CE,Nordeste,Cerrado,4,92.4,21.8,9,26.3,71.4,40.1,184.0,5.4,1.0,10.7,0.436,nenhum
ES,Sudeste,Mata Atlantica,11,162.2,88.1,10,21.4,84.8,46.2,463.0,15.8,121.9,16.1,0.598,nenhum
RS,Sul,Mata Atlantica,9,169.9,37.3,10,20.5,88.4,15.8,823.0,16.6,29.1,18.8,0.615,nenhum
PI,Nordeste,Caatinga,7,160.7,79.3,10,25.3,75.7,62.6,267.0,11.5,41.0,24.2,0.465,tempestade
MS,Centro-Oeste,Amazonia,11,115.9,37.2,11,26.6,65.7,35.3,628.0,8.0,42.3,19.8,0.543,nenhum
PR,Sul,Pampa,2,105.9,38.9,13,20.1,87.9,25.0,51.0,12.5,14.9,21.2,0.379,nenhum
ES,Sudeste,Mata Atlantica,8,75.0,12.0,9,19.7,78.1,52.0,94.0,5.5,41.3,24.3,0.252,nenhum
SC,Sul,Mata Atlantica,2,348.4,72.9,30,19.1,82.8,42.8,499.0,17.1,484.8,29.6,0.656,deslizamento
BA,Nordeste,Caatinga,3,80.1,34.1,12,30.9,72.8,37.1,235.0,18.1,755.4,26.7,0.384,nenhum
PR,Sul,Pampa,3,138.1,43.6,14,19.6,73.4,52.4,127.0,7.9,41.1,16.1,0.618,nenhum
SE,Nordeste,Caatinga,7,113.5,59.1,7,25.0,76.8,14.2,431.0,11.0,4.3,16.2,0.496,nenhum
DF,Centro-Oeste,Pantanal,8,62.2,17.9,5,20.0,60.3,21.7,167.0,9.2,33.4,17.4,0.43,nenhum
MS,Centro-Oeste,Cerrado,10,226.6,24.6,12,24.1,59.0,60.3,1417.0,12.5,30.8,16.6,0.726,tempestade
SP,Sudeste,Mata Atlantica,6,41.0,10.3,3,17.5,75.6,22.0,643.0,18.5,422.8,27.4,0.231,incendio_florestal
SC,Sul,Mata Atlantica,12,338.4,266.7,23,19.1,81.9,56.7,967.0,3.6,8.0,15.3,0.721,inundacao
ES,Sudeste,Cerrado,5,91.3,29.6,7,21.4,66.9,44.4,657.0,22.1,2.9,14.9,0.356,nenhum
SP,Sudeste,Mata Atlantica,2,200.7,28.4,17,24.2,93.9,39.6,622.0,2.1,16.9,13.6,0.608,nenhum
MT,Centro-Oeste,Pantanal,1,106.3,61.0,6,27.0,71.9,45.4,77.0,11.1,130.4,30.7,0.384,nenhum
GO,Centro-Oeste,Cerrado,2,158.1,65.5,9,30.2,64.5,29.8,1225.0,4.3,11.9,13.3,0.549,estiagem_seca
DF,Centro-Oeste,Cerrado,6,25.9,8.2,3,23.9,68.9,34.3,360.0,7.4,33.2,19.6,0.382,estiagem_seca
PA,Norte,Amazonia,5,128.2,73.7,9,23.9,88.9,34.4,106.0,12.1,147.6,31.1,0.512,nenhum
MS,Centro-Oeste,Cerrado,11,131.2,23.3,9,26.2,66.3,30.6,633.0,13.5,4.8,15.7,0.47,nenhum
SC,Sul,Mata Atlantica,2,160.1,92.5,17,19.9,83.8,27.7,426.0,9.1,40.9,27.0,0.462,nenhum
ES,Sudeste,Cerrado,4,311.6,69.5,26,20.6,94.6,42.9,1257.0,11.7,68.8,24.0,0.743,inundacao
RJ,Sudeste,Mata Atlantica,12,302.9,71.1,24,23.2,86.1,56.0,818.0,23.4,125.9,28.5,0.661,deslizamento
RN,Nordeste,Caatinga,1,164.4,34.3,16,30.5,70.6,22.8,325.0,16.9,25.7,24.2,0.596,estiagem_seca
DF,Centro-Oeste,Pantanal,6,58.7,20.7,8,22.2,61.9,39.7,137.0,5.3,482.4,26.7,0.142,incendio_florestal
TO,Norte,Amazonia,3,160.7,66.7,15,27.3,84.5,11.4,220.0,6.0,22.9,17.6,0.519,nenhum
RN,Nordeste,Caatinga,7,68.1,13.5,5,24.6,73.4,29.4,117.0,17.8,161.0,27.4,0.411,nenhum
MS,Centro-Oeste,Amazonia,12,286.9,179.8,25,28.6,72.5,54.4,392.0,12.7,258.4,33.2,0.546,inundacao
AL,Nordeste,Caatinga,3,42.7,22.5,5,29.2,75.1,22.1,249.0,5.1,1.0,9.8,0.224,incendio_florestal
AP,Norte,Amazonia,5,313.6,146.4,22,25.5,98.0,19.9,48.0,5.0,483.4,34.3,0.527,inundacao
MG,Sudeste,Cerrado,6,84.1,30.4,8,18.2,82.3,43.3,1000.0,18.7,9.4,18.4,0.385,nenhum
MT,Centro-Oeste,Cerrado,10,50.1,36.1,3,24.9,57.9,29.3,1551.0,11.5,24.9,19.9,0.263,incendio_florestal
GO,Centro-Oeste,Cerrado,12,260.3,67.6,19,28.3,71.5,22.2,537.0,10.8,246.7,20.8,0.696,incendio_florestal
SE,Nordeste,Caatinga,2,98.6,34.2,9,27.9,58.1,20.0,51.0,9.8,24.9,22.3,0.459,nenhum
RJ,Sudeste,Cerrado,6,92.6,26.9,10,18.5,76.1,36.0,541.0,10.2,42.2,26.1,0.323,nenhum
DF,Centro-Oeste,Cerrado,10,83.9,37.2,4,27.6,63.2,33.4,181.0,14.4,192.0,22.7,0.4,nenhum
GO,Centro-Oeste,Pantanal,1,124.1,56.1,8,27.3,69.9,24.6,929.0,8.0,61.8,17.2,0.458,nenhum
SP,Sudeste,Cerrado,10,109.5,34.1,8,23.9,82.1,31.4,838.0,20.5,10.6,19.9,0.277,nenhum
TO,Norte,Amazonia,3,228.5,124.0,15,26.4,93.4,52.7,153.0,12.0,286.9,17.6,0.571,tempestade
SC,Sul,Pampa,7,107.1,36.8,11,15.4,72.1,44.3,32.0,23.3,80.5,29.0,0.422,nenhum
AM,Norte,Amazonia,12,531.4,159.0,28,28.0,96.6,23.1,216.0,12.3,4.6,13.3,0.733,inundacao
DF,Centro-Oeste,Cerrado,8,58.6,24.3,4,25.1,68.1,84.1,533.0,3.0,40.2,22.6,0.219,tempestade
PB,Nordeste,Caatinga,12,55.5,18.9,5,28.6,60.0,43.5,258.0,6.1,79.5,20.4,0.31,incendio_florestal
GO,Centro-Oeste,Cerrado,8,75.3,32.6,4,24.4,60.5,19.7,771.0,7.3,26.3,16.9,0.214,nenhum
PI,Nordeste,Caatinga,3,102.4,23.3,10,27.5,55.6,59.6,300.0,1.6,4.2,11.3,0.429,nenhum
RS,Sul,Mata Atlantica,9,199.3,63.4,15,18.3,93.0,38.3,333.0,6.0,6.0,15.2,0.635,nenhum
BA,Nordeste,Cerrado,8,26.5,21.4,4,26.8,70.5,26.1,716.0,11.9,17.6,20.0,0.158,estiagem_seca
ES,Sudeste,Mata Atlantica,4,260.1,35.5,20,18.1,73.3,6.0,74.0,10.6,82.2,17.0,0.608,inundacao
PI,Nordeste,Caatinga,1,120.5,51.9,12,32.2,56.3,58.6,610.0,3.2,274.1,32.4,0.305,incendio_florestal
AC,Norte,Amazonia,8,108.9,22.2,5,23.7,78.9,60.1,104.0,15.7,5.8,12.6,0.451,nenhum
CE,Nordeste,Caatinga,7,84.5,22.1,6,21.5,52.9,49.1,62.0,11.1,20.0,16.6,0.436,nenhum
ES,Sudeste,Mata Atlantica,10,150.4,43.7,11,20.4,62.1,27.7,764.0,14.5,2.0,10.2,0.636,nenhum
GO,Centro-Oeste,Cerrado,2,194.2,54.2,13,27.8,80.5,24.9,270.0,2.7,45.3,24.7,0.449,nenhum
PR,Sul,Mata Atlantica,7,136.9,51.5,11,15.4,78.2,86.5,23.0,10.8,458.8,21.3,0.46,tempestade
ES,Sudeste,Mata Atlantica,10,137.2,55.6,12,23.5,68.6,40.7,316.0,8.0,221.2,21.3,0.533,nenhum
RS,Sul,Pampa,11,160.1,79.6,12,18.7,85.0,26.4,216.0,4.0,31.7,14.8,0.544,nenhum
PI,Nordeste,Mata Atlantica,12,118.5,55.3,12,29.9,59.1,34.7,346.0,2.2,28.8,24.5,0.323,incendio_florestal
SP,Sudeste,Mata Atlantica,3,107.4,40.9,7,25.1,70.7,31.3,1231.0,17.2,27.6,21.2,0.397,nenhum
RJ,Sudeste,Mata Atlantica,3,154.8,32.5,11,25.7,73.7,32.1,683.0,21.8,30.3,21.7,0.564,nenhum
SP,Sudeste,Cerrado,7,22.1,7.5,0,18.8,76.0,14.2,942.0,13.5,49.2,27.4,0.239,estiagem_seca
PR,Sul,Mata Atlantica,6,103.4,22.4,10,15.5,74.9,26.0,579.0,9.3,27.5,18.4,0.458,nenhum
SP,Sudeste,Mata Atlantica,3,165.9,57.9,10,20.8,76.8,43.4,765.0,19.8,46.8,21.2,0.581,nenhum
SC,Sul,Mata Atlantica,2,147.4,72.9,9,19.7,86.0,20.1,795.0,10.5,8.7,13.1,0.408,nenhum
ES,Sudeste,Mata Atlantica,2,168.8,27.9,7,22.5,78.6,28.5,1445.0,17.3,92.6,23.2,0.457,nenhum
RR,Norte,Amazonia,5,170.2,75.5,12,26.3,88.4,65.9,87.0,7.4,119.9,27.2,0.455,tempestade
ES,Sudeste,Cerrado,9,79.0,13.7,6,19.7,66.9,39.9,37.0,20.6,1966.3,25.2,0.339,nenhum
MT,Centro-Oeste,Cerrado,1,131.2,66.0,10,27.4,69.1,35.7,293.0,6.5,99.7,16.0,0.463,nenhum
SC,Sul,Mata Atlantica,2,508.4,138.3,25,21.8,92.7,31.4,713.0,14.8,37.7,17.1,0.741,deslizamento
ES,Sudeste,Mata Atlantica,4,75.0,20.4,5,23.4,66.1,27.9,600.0,12.7,528.7,19.8,0.302,nenhum
RR,Norte,Amazonia,11,276.5,150.1,28,26.8,91.8,47.6,321.0,6.2,392.0,34.4,0.731,inundacao
CE,Nordeste,Caatinga,12,58.9,33.6,5,29.4,52.2,21.0,350.0,9.9,16.3,21.3,0.421,estiagem_seca
TO,Norte,Amazonia,6,67.5,17.4,3,25.0,88.2,58.6,187.0,9.2,650.1,24.6,0.39,nenhum
MT,Centro-Oeste,Cerrado,1,205.0,105.7,21,28.1,83.7,51.7,330.0,7.2,79.9,18.7,0.712,tempestade
TO,Norte,Amazonia,1,234.8,73.4,16,26.0,98.3,38.2,108.0,3.9,5.9,15.6,0.643,nenhum
ES,Sudeste,Cerrado,11,254.6,89.6,22,22.2,82.5,53.0,228.0,23.9,16.3,20.4,0.565,deslizamento
MG,Sudeste,Cerrado,6,79.9,23.9,8,18.4,71.4,71.9,252.0,18.7,19.1,20.1,0.273,tempestade
ES,Sudeste,Mata Atlantica,1,494.1,98.0,26,24.2,84.0,19.5,199.0,16.0,451.9,30.7,0.651,deslizamento
SE,Nordeste,Cerrado,11,33.7,7.4,4,28.8,65.3,26.8,247.0,2.0,63.7,19.7,0.254,estiagem_seca
GO,Centro-Oeste,Cerrado,7,32.8,19.6,2,21.4,68.0,24.0,1075.0,10.9,56.9,23.9,0.216,incendio_florestal
AC,Norte,Amazonia,5,323.2,79.3,24,20.3,95.1,20.2,200.0,4.1,44.8,22.9,0.718,inundacao
PR,Sul,Pampa,6,58.4,30.1,5,18.8,66.6,17.4,370.0,10.0,956.0,24.0,0.304,nenhum
PI,Nordeste,Caatinga,3,118.9,18.7,11,27.5,59.2,46.8,262.0,12.7,35.9,14.1,0.359,nenhum
RO,Norte,Amazonia,12,361.9,134.3,27,23.7,85.1,42.8,29.0,0.7,26.3,20.8,0.584,inundacao
PB,Nordeste,Cerrado,10,94.2,27.4,8,29.4,53.9,9.5,219.0,6.2,291.1,23.5,0.449,estiagem_seca
SP,Sudeste,Mata Atlantica,3,391.8,216.8,26,21.9,87.8,81.1,1166.0,18.6,62.9,15.0,0.584,deslizamento
RO,Norte,Amazonia,9,246.4,87.5,24,25.1,92.6,41.4,204.0,11.4,407.1,18.0,0.577,nenhum
MG,Sudeste,Cerrado,3,199.0,62.1,10,22.2,91.4,46.1,637.0,12.8,26.3,14.9,0.674,inundacao
RJ,Sudeste,Mata Atlantica,6,97.0,37.6,11,17.1,75.7,79.4,553.0,12.2,64.0,15.9,0.46,tempestade
SP,Sudeste,Cerrado,9,106.3,55.5,9,21.8,88.9,53.3,990.0,18.0,726.3,34.8,0.47,nenhum
PB,Nordeste,Caatinga,1,88.5,37.1,7,30.4,65.2,21.9,731.0,6.9,23.3,23.5,0.427,estiagem_seca
RO,Norte,Cerrado,9,276.9,112.1,20,24.7,100.0,14.1,36.0,1.9,211.5,19.1,0.715,inundacao
MT,Centro-Oeste,Cerrado,3,226.1,112.5,23,24.4,74.5,45.4,593.0,14.6,4.8,15.0,0.659,tempestade
AL,Nordeste,Caatinga,9,47.2,22.4,2,25.8,64.0,40.8,204.0,15.3,148.3,25.2,0.308,incendio_florestal
ES,Sudeste,Mata Atlantica,6,50.5,25.7,5,21.0,76.9,37.0,701.0,8.6,18.4,20.0,0.387,nenhum
CE,Nordeste,Caatinga,1,77.1,30.4,7,30.9,52.0,29.1,378.0,7.0,185.1,19.6,0.299,incendio_florestal
GO,Centro-Oeste,Pantanal,10,210.9,65.2,15,25.1,70.0,81.0,207.0,0.7,9.1,12.7,0.603,tempestade
AC,Norte,Amazonia,4,182.9,49.9,14,27.5,100.0,27.0,114.0,3.3,226.6,32.4,0.437,incendio_florestal
MG,Sudeste,Mata Atlantica,12,193.1,57.3,16,22.4,84.5,25.7,920.0,12.7,44.1,24.8,0.569,nenhum
RN,Nordeste,Cerrado,11,43.3,12.6,4,27.1,58.7,21.0,282.0,9.4,89.7,29.9,0.316,deslizamento
RJ,Sudeste,Mata Atlantica,3,247.3,112.7,20,22.0,89.3,57.7,792.0,10.4,58.1,17.6,0.706,tempestade
AC,Norte,Amazonia,8,116.3,22.6,9,22.0,65.8,48.1,54.0,3.4,41.3,20.9,0.356,nenhum
PR,Sul,Pampa,5,78.6,22.4,3,14.4,74.4,30.5,565.0,3.3,17.9,16.6,0.45,nenhum
SP,Sudeste,Mata Atlantica,8,385.1,165.9,28,18.3,89.0,40.5,889.0,19.7,11.4,19.6,0.627,deslizamento
RN,Nordeste,Cerrado,7,73.0,12.5,7,23.7,64.4,47.2,489.0,8.0,137.1,25.0,0.318,nenhum
RO,Norte,Amazonia,4,224.5,119.3,18,24.6,91.4,12.4,120.0,13.5,8.7,13.0,0.713,inundacao
SE,Nordeste,Cerrado,8,40.7,15.0,4,26.1,61.1,17.3,572.0,12.5,38.0,17.7,0.305,estiagem_seca
AL,Nordeste,Caatinga,4,116.6,14.9,10,29.4,64.4,38.0,58.0,14.4,10.5,17.0,0.423,nenhum
CE,Nordeste,Cerrado,11,68.2,33.9,4,26.8,73.0,50.3,182.0,13.5,28.6,20.0,0.519,nenhum
SC,Sul,Mata Atlantica,12,298.9,85.3,21,21.1,86.9,48.6,634.0,8.6,2.8,13.7,0.712,inundacao
SP,Sudeste,Mata Atlantica,2,369.9,105.8,29,21.2,78.4,48.6,452.0,18.7,281.0,36.7,0.622,deslizamento
PI,Nordeste,Caatinga,9,45.0,9.7,2,22.7,78.8,55.1,404.0,6.2,140.7,23.2,0.274,incendio_florestal
ES,Sudeste,Mata Atlantica,12,244.5,52.5,20,24.7,89.4,69.2,1111.0,24.4,44.5,20.6,0.632,deslizamento
MA,Nordeste,Caatinga,2,125.0,20.4,11,29.9,64.8,36.4,304.0,16.0,63.0,22.7,0.441,estiagem_seca
RS,Sul,Mata Atlantica,9,221.7,32.9,19,15.0,81.2,71.5,1052.0,12.4,280.5,30.7,0.533,nenhum
RR,Norte,Amazonia,12,204.3,95.5,17,28.5,96.7,69.0,51.0,2.5,21.4,15.8,0.543,tempestade
MG,Sudeste,Mata Atlantica,3,230.6,35.7,15,22.2,78.6,24.2,117.0,12.3,343.1,29.4,0.579,nenhum
SP,Sudeste,Mata Atlantica,7,60.7,21.0,7,16.4,76.5,24.0,612.0,10.7,16.6,15.1,0.393,nenhum
AM,Norte,Amazonia,10,202.4,66.8,12,28.3,88.8,34.3,93.0,8.9,45.3,19.9,0.656,nenhum
CE,Nordeste,Caatinga,5,58.4,14.0,1,27.4,55.1,12.1,407.0,3.5,6.0,14.5,0.218,incendio_florestal
CE,Nordeste,Caatinga,3,67.3,36.3,7,29.5,63.0,31.6,234.0,4.1,378.5,27.0,0.341,incendio_florestal
SC,Sul,Mata Atlantica,5,89.1,19.4,9,17.3,85.7,22.6,225.0,5.6,31.3,20.4,0.367,nenhum
RJ,Sudeste,Cerrado,5,90.7,24.2,5,23.4,76.6,30.4,1133.0,8.0,80.1,19.9,0.562,nenhum
ES,Sudeste,Mata Atlantica,9,132.8,32.0,8,19.3,85.3,86.0,582.0,17.1,15.2,22.1,0.436,tempestade
MG,Sudeste,Mata Atlantica,5,88.1,40.1,3,21.1,78.3,26.8,460.0,23.5,35.3,21.7,0.294,nenhum
SP,Sudeste,Mata Atlantica,5,59.9,16.4,6,18.4,64.7,24.9,1657.0,17.7,10.6,13.4,0.402,nenhum
DF,Centro-Oeste,Cerrado,12,320.3,88.2,24,24.7,81.3,28.7,776.0,9.5,13.5,19.5,0.723,inundacao
MT,Centro-Oeste,Cerrado,7,45.1,10.7,0,21.1,67.0,50.4,737.0,15.6,4.2,12.8,0.307,incendio_florestal
ES,Sudeste,Mata Atlantica,12,271.8,55.3,23,26.6,97.5,18.1,1274.0,17.3,32.2,17.4,0.709,deslizamento
SE,Nordeste,Cerrado,9,37.8,4.9,4,26.7,64.9,32.9,729.0,9.1,16.4,20.6,0.366,estiagem_seca
RS,Sul,Mata Atlantica,11,75.0,30.8,6,20.6,74.8,47.5,838.0,8.0,1303.9,32.7,0.408,nenhum
AC,Norte,Amazonia,3,379.7,116.0,24,29.4,90.8,53.5,23.0,7.2,8.7,12.0,0.733,inundacao
RN,Nordeste,Caatinga,12,69.4,14.2,3,27.6,64.4,30.7,146.0,14.6,16.5,19.0,0.303,incendio_florestal
MG,Sudeste,Mata Atlantica,12,288.6,110.3,18,27.2,89.4,18.0,712.0,15.7,145.5,18.8,0.584,deslizamento
AL,Nordeste,Caatinga,1,67.8,17.8,4,29.5,69.0,40.4,919.0,3.3,10.4,17.6,0.303,incendio_florestal
RN,Nordeste,Mata Atlantica,5,95.6,46.3,6,21.2,81.3,22.2,586.0,14.8,37.1,20.8,0.458,nenhum
PE,Nordeste,Mata Atlantica,5,129.0,61.1,14,24.7,55.2,49.1,491.0,8.9,133.3,21.3,0.487,nenhum
SP,Sudeste,Cerrado,6,57.3,13.5,3,16.4,70.4,33.5,223.0,16.1,119.0,30.5,0.164,incendio_florestal
RJ,Sudeste,Mata Atlantica,10,160.9,29.1,13,21.2,70.5,39.7,245.0,20.6,47.9,17.4,0.38,nenhum
AP,Norte,Amazonia,9,118.6,56.8,8,25.9,84.9,60.0,180.0,11.9,38.7,17.5,0.261,incendio_florestal
AP,Norte,Amazonia,3,251.9,102.3,18,27.8,95.9,35.2,141.0,11.5,188.9,21.3,0.699,tempestade
GO,Centro-Oeste,Pantanal,8,94.2,22.8,6,21.3,74.8,70.7,970.0,6.0,275.3,27.2,0.343,nenhum
PR,Sul,Mata Atlantica,12,312.0,137.1,25,18.2,93.0,40.5,83.0,17.2,48.9,19.2,0.647,inundacao
RN,Nordeste,Caatinga,6,119.4,47.3,6,19.8,63.2,23.0,61.0,5.5,95.6,20.8,0.429,nenhum
SC,Sul,Mata Atlantica,12,109.9,25.1,12,24.0,83.8,29.3,742.0,9.1,20.2,20.7,0.385,nenhum
PR,Sul,Pampa,8,99.4,55.6,11,15.6,79.2,18.9,220.0,14.2,245.0,35.8,0.313,tempestade
PE,Nordeste,Mata Atlantica,12,132.2,40.4,12,32.1,78.1,24.8,509.0,15.9,140.2,24.1,0.546,estiagem_seca
ES,Sudeste,Cerrado,11,285.8,73.1,19,24.9,90.1,39.7,962.0,27.9,27.1,20.9,0.724,deslizamento
MG,Sudeste,Cerrado,1,225.7,57.5,17,23.7,73.9,38.6,1207.0,20.0,20.0,20.7,0.69,deslizamento
MT,Centro-Oeste,Cerrado,10,82.1,31.7,3,22.5,79.5,27.5,474.0,11.4,658.6,34.0,0.434,nenhum
MS,Centro-Oeste,Cerrado,3,384.2,112.7,29,26.0,71.9,50.7,664.0,18.2,20.6,21.3,0.744,deslizamento
SP,Sudeste,Cerrado,10,114.5,60.3,11,22.5,82.2,69.3,824.0,19.4,32.0,22.3,0.349,tempestade
MG,Sudeste,Mata Atlantica,10,101.7,24.5,8,18.8,83.6,17.7,103.0,12.8,6.7,18.2,0.45,nenhum
RJ,Sudeste,Mata Atlantica,4,124.9,39.6,8,20.3,72.4,56.1,721.0,15.2,204.5,33.4,0.276,nenhum
SC,Sul,Pampa,1,188.0,70.7,10,21.0,88.8,19.1,202.0,10.4,20.3,19.4,0.506,nenhum
MT,Centro-Oeste,Pantanal,6,35.8,8.4,7,21.8,70.7,36.8,898.0,6.4,45.5,19.3,0.355,estiagem_seca
MG,Sudeste,Mata Atlantica,4,279.3,160.1,25,21.3,78.0,29.3,436.0,14.4,39.9,26.7,0.606,deslizamento
SC,Sul,Mata Atlantica,7,74.1,35.1,5,15.7,68.2,50.4,317.0,4.4,1540.4,29.1,0.357,nenhum
PI,Nordeste,Caatinga,1,47.5,9.1,4,33.5,60.2,43.5,439.0,4.3,652.1,25.2,0.405,estiagem_seca
TO,Norte,Amazonia,1,335.8,172.5,25,30.8,86.0,49.1,77.0,6.0,72.8,15.5,0.679,inundacao
PE,Nordeste,Mata Atlantica,6,41.5,21.8,1,24.5,69.2,45.1,188.0,22.2,17.0,22.4,0.269,incendio_florestal
PR,Sul,Mata Atlantica,10,227.4,53.2,17,16.5,84.7,13.3,175.0,9.4,54.7,26.5,0.59,nenhum
PI,Nordeste,Caatinga,4,85.4,43.6,6,24.2,69.8,23.4,23.0,7.0,40.9,17.1,0.356,nenhum
ES,Sudeste,Mata Atlantica,4,128.0,30.1,7,20.6,73.8,20.7,721.0,13.6,493.3,26.3,0.399,nenhum
TO,Norte,Amazonia,2,889.2,232.6,26,27.1,100.0,69.3,241.0,4.8,2168.5,26.3,0.643,deslizamento
RN,Nordeste,Caatinga,4,100.9,15.9,11,27.5,74.7,25.7,382.0,9.9,74.9,29.9,0.397,nenhum
MG,Sudeste,Mata Atlantica,4,164.6,65.9,15,20.8,71.7,51.2,1505.0,18.5,151.9,16.5,0.508,nenhum
PA,Norte,Cerrado,4,96.4,34.2,5,25.7,85.5,48.5,98.0,4.9,869.9,19.3,0.377,nenhum
SC,Sul,Mata Atlantica,5,136.3,57.6,8,16.6,76.0,37.6,524.0,14.1,101.3,26.8,0.45,nenhum
PB,Nordeste,Mata Atlantica,4,87.4,27.9,6,30.3,78.9,10.8,269.0,17.9,13.8,14.2,0.315,incendio_florestal
SC,Sul,Mata Atlantica,9,90.8,30.5,3,13.9,78.9,17.6,756.0,23.3,39.3,13.9,0.388,nenhum
BA,Nordeste,Caatinga,5,66.9,37.4,1,26.2,67.0,28.6,181.0,9.5,46.2,22.4,0.38,deslizamento
SC,Sul,Mata Atlantica,10,104.9,39.3,6,14.6,76.9,27.1,212.0,6.9,15.7,17.1,0.336,nenhum
RJ,Sudeste,Mata Atlantica,8,52.9,17.5,2,16.4,75.7,46.2,997.0,20.2,50.1,19.4,0.352,nenhum
TO,Norte,Amazonia,8,120.5,41.8,10,23.0,80.3,34.8,140.0,6.2,4.8,10.9,0.514,nenhum
AM,Norte,Amazonia,8,85.8,45.5,3,21.7,93.3,32.5,213.0,8.2,2.4,10.3,0.53,nenhum
TO,Norte,Amazonia,12,257.7,109.5,22,28.1,81.5,38.4,160.0,2.0,43.0,25.2,0.678,tempestade
SP,Sudeste,Mata Atlantica,4,116.4,28.5,5,22.9,79.3,43.0,903.0,16.6,33.8,25.4,0.362,nenhum
ES,Sudeste,Mata Atlantica,12,147.3,89.3,12,22.2,83.0,33.8,630.0,13.9,690.3,26.1,0.463,nenhum
AL,Nordeste,Cerrado,3,88.5,32.8,6,30.8,53.3,54.9,548.0,16.5,23.3,22.4,0.336,incendio_florestal
MS,Centro-Oeste,Cerrado,2,81.5,19.5,3,30.4,72.4,28.6,226.0,9.2,75.6,28.1,0.329,incendio_florestal
SP,Sudeste,Mata Atlantica,10,146.5,83.9,10,24.4,72.0,81.7,832.0,16.8,25.6,22.5,0.385,tempestade
ES,Sudeste,Mata Atlantica,11,147.0,41.9,3,22.1,83.8,28.7,332.0,9.1,3.1,14.8,0.495,nenhum
RJ,Sudeste,Mata Atlantica,2,388.1,133.5,25,24.5,77.1,35.8,894.0,21.1,44.8,27.4,0.737,deslizamento
MS,Centro-Oeste,Cerrado,8,105.0,14.0,7,21.4,72.4,20.3,1117.0,16.8,67.8,18.9,0.505,nenhum
MG,Sudeste,Mata Atlantica,7,46.7,11.1,4,20.0,79.7,34.4,565.0,12.9,21.4,13.0,0.372,incendio_florestal
SC,Sul,Mata Atlantica,3,295.8,81.4,22,17.7,88.3,33.8,349.0,11.4,36.1,18.9,0.618,inundacao
MA,Nordeste,Caatinga,7,67.4,29.3,5,22.7,59.8,25.4,97.0,4.0,201.3,29.7,0.349,nenhum
PA,Norte,Amazonia,9,131.0,43.0,11,22.4,83.4,22.3,262.0,13.5,32.5,17.8,0.45,nenhum
PA,Norte,Amazonia,7,104.0,37.2,8,24.7,82.2,13.9,84.0,6.3,331.5,27.8,0.363,estiagem_seca
MG,Sudeste,Mata Atlantica,7,48.0,15.0,3,16.9,63.5,50.8,288.0,7.8,67.9,19.8,0.391,nenhum
PB,Nordeste,Caatinga,11,29.8,15.0,1,27.5,78.5,23.8,195.0,5.8,240.3,24.5,0.239,estiagem_seca
SC,Sul,Mata Atlantica,3,145.5,64.8,7,19.4,81.9,31.7,85.0,16.7,529.8,28.4,0.433,nenhum
SP,Sudeste,Mata Atlantica,8,56.4,7.1,4,18.1,85.2,33.3,1009.0,19.3,12.7,20.2,0.355,nenhum
DF,Centro-Oeste,Cerrado,4,94.4,55.1,7,24.2,65.7,18.4,708.0,6.7,247.4,32.5,0.258,nenhum
RJ,Sudeste,Cerrado,12,258.6,146.6,23,23.1,78.7,60.2,332.0,17.9,358.5,37.0,0.607,deslizamento
RN,Nordeste,Mata Atlantica,4,279.2,77.6,18,25.6,63.3,14.8,151.0,10.8,247.0,21.6,0.755,inundacao
SP,Sudeste,Mata Atlantica,11,362.8,95.9,30,21.3,88.2,66.4,410.0,9.9,33.1,19.3,0.777,tempestade
AC,Norte,Amazonia,8,133.2,46.4,8,24.1,100.0,53.8,246.0,1.1,0.8,10.3,0.428,nenhum
ES,Sudeste,Cerrado,3,116.2,43.4,10,21.2,81.4,47.9,920.0,20.0,1950.5,33.6,0.321,nenhum
PR,Sul,Mata Atlantica,10,197.8,76.5,18,15.1,84.9,52.6,662.0,20.2,4.7,13.3,0.556,nenhum
MG,Sudeste,Mata Atlantica,3,210.2,94.5,16,23.9,71.5,36.5,1189.0,20.8,986.3,22.8,0.362,deslizamento
PR,Sul,Pampa,4,149.3,51.5,12,17.7,83.2,66.5,812.0,9.1,8.6,16.1,0.621,nenhum
AL,Nordeste,Caatinga,5,86.6,16.1,5,21.7,68.9,58.0,417.0,15.5,7.5,18.5,0.431,nenhum
ES,Sudeste,Mata Atlantica,9,46.6,8.2,7,19.2,79.7,45.4,858.0,28.0,55.7,25.1,0.212,incendio_florestal
MG,Sudeste,Mata Atlantica,5,163.9,33.0,14,19.5,74.7,9.7,354.0,13.5,44.7,20.5,0.418,nenhum
MG,Sudeste,Cerrado,7,46.7,16.4,2,20.5,71.7,36.3,628.0,15.2,1308.2,34.3,0.263,incendio_florestal
AM,Norte,Amazonia,7,83.7,18.0,8,25.5,80.6,51.3,135.0,3.6,18.5,14.3,0.414,incendio_florestal
RN,Nordeste,Mata Atlantica,3,162.9,62.2,10,32.3,50.9,37.5,95.0,12.9,195.8,29.2,0.631,estiagem_seca
SP,Sudeste,Cerrado,3,94.7,33.6,7,24.7,71.1,42.1,778.0,12.3,106.4,25.6,0.34,nenhum
AM,Norte,Amazonia,4,359.7,103.4,27,21.8,78.9,51.7,182.0,18.0,13.1,14.9,0.702,deslizamento
ES,Sudeste,Mata Atlantica,3,104.5,69.9,9,22.5,87.5,20.4,1337.0,20.3,114.7,31.8,0.34,nenhum
RJ,Sudeste,Mata Atlantica,12,315.6,73.5,18,25.4,75.8,59.9,1055.0,16.6,44.2,17.3,0.667,deslizamento
RS,Sul,Mata Atlantica,5,61.3,18.5,4,16.4,82.5,65.2,349.0,10.9,292.4,24.4,0.45,nenhum
PA,Norte,Amazonia,5,262.8,148.1,19,27.0,88.4,60.8,169.0,10.4,36.0,19.9,0.863,tempestade
SC,Sul,Mata Atlantica,9,188.9,44.1,16,16.5,74.7,51.4,196.0,18.2,462.5,37.9,0.556,nenhum
AM,Norte,Amazonia,10,317.7,100.7,27,22.2,97.2,43.5,271.0,13.0,87.3,20.7,0.576,inundacao
GO,Centro-Oeste,Cerrado,9,92.5,17.4,8,21.5,65.8,34.3,183.0,15.8,8.2,16.0,0.465,nenhum
SP,Sudeste,Cerrado,7,23.2,3.6,3,20.1,75.9,21.1,1058.0,22.6,3.5,12.0,0.289,estiagem_seca
AC,Norte,Amazonia,12,268.9,166.6,21,26.2,98.2,115.3,208.0,0.8,777.6,21.0,0.687,tempestade
RO,Norte,Cerrado,11,364.1,184.7,27,25.4,100.0,51.8,66.0,2.0,45.9,19.2,0.663,inundacao
TO,Norte,Amazonia,3,364.9,122.2,26,28.8,100.0,31.4,42.0,2.0,45.4,25.1,0.616,inundacao
GO,Centro-Oeste,Cerrado,2,127.8,33.2,12,27.8,66.0,35.3,179.0,11.3,72.8,20.7,0.485,nenhum
ES,Sudeste,Mata Atlantica,5,107.1,71.8,6,18.8,71.9,52.6,679.0,13.1,47.1,22.1,0.368,nenhum
AC,Norte,Amazonia,11,201.9,87.7,18,27.9,91.4,34.5,114.0,7.4,59.4,24.9,0.551,tempestade
PA,Norte,Amazonia,12,169.7,113.2,14,28.5,82.5,48.2,27.0,5.0,4.3,13.7,0.548,tempestade
MG,Sudeste,Mata Atlantica,9,77.9,13.0,2,19.3,82.8,29.2,179.0,17.3,203.2,22.0,0.376,nenhum
AL,Nordeste,Mata Atlantica,9,29.7,9.7,4,25.8,53.7,48.8,186.0,12.5,64.6,29.2,0.144,incendio_florestal
MG,Sudeste,Cerrado,3,169.9,21.2,12,25.0,95.0,38.1,31.0,12.7,142.7,20.6,0.551,nenhum
RS,Sul,Mata Atlantica,8,201.1,47.1,19,16.3,87.6,50.3,68.0,14.2,21.8,14.9,0.566,nenhum
ES,Sudeste,Mata Atlantica,3,137.0,86.1,12,24.8,73.1,28.5,517.0,4.2,49.3,24.9,0.49,nenhum
RS,Sul,Pampa,7,274.9,49.8,23,17.4,76.4,66.5,965.0,19.6,5.8,11.1,0.852,deslizamento
GO,Centro-Oeste,Cerrado,3,499.0,142.8,27,24.8,72.8,34.4,653.0,19.2,265.3,26.3,0.592,deslizamento
MG,Sudeste,Cerrado,1,150.5,55.3,11,22.4,79.0,43.3,958.0,20.2,41.7,18.9,0.49,nenhum
PB,Nordeste,Caatinga,12,90.6,35.1,9,31.5,71.8,19.3,96.0,14.6,1.4,10.1,0.388,estiagem_seca
TO,Norte,Amazonia,11,117.3,20.7,7,26.6,98.1,22.6,8.0,3.1,29.1,18.8,0.398,nenhum
MG,Sudeste,Cerrado,9,75.9,24.0,7,18.5,72.3,23.9,429.0,4.6,88.7,23.1,0.266,nenhum
AP,Norte,Amazonia,8,99.2,28.7,15,20.9,83.4,42.4,140.0,4.2,456.6,26.8,0.388,nenhum
RS,Sul,Pampa,3,70.2,34.2,6,21.6,59.2,34.7,782.0,20.0,5.6,17.0,0.291,nenhum
MG,Sudeste,Cerrado,7,63.4,26.6,3,19.9,81.8,29.0,902.0,15.3,354.6,37.6,0.398,nenhum
PR,Sul,Mata Atlantica,9,32.6,8.1,2,15.8,91.1,24.9,174.0,14.8,145.0,17.2,0.31,estiagem_seca
MA,Nordeste,Caatinga,7,56.7,25.5,4,22.8,64.5,77.1,228.0,11.4,25.4,23.2,0.225,tempestade
MS,Centro-Oeste,Cerrado,4,295.1,51.1,24,25.0,70.9,67.7,441.0,11.6,191.0,26.5,0.677,tempestade
ES,Sudeste,Mata Atlantica,5,82.8,17.6,6,18.1,73.6,31.0,300.0,13.9,79.8,22.0,0.371,nenhum
PE,Nordeste,Caatinga,11,79.8,13.4,6,26.0,62.6,36.0,466.0,6.0,21.7,21.2,0.282,nenhum
RJ,Sudeste,Mata Atlantica,4,169.2,39.8,15,22.9,85.1,21.2,368.0,14.9,261.9,31.1,0.489,nenhum
MG,Sudeste,Mata Atlantica,12,196.2,59.5,16,27.8,77.1,44.9,1270.0,17.5,404.5,34.6,0.545,nenhum
RS,Sul,Mata Atlantica,10,200.0,103.7,17,19.4,77.4,60.2,590.0,13.3,6.0,11.8,0.756,tempestade
RJ,Sudeste,Mata Atlantica,11,244.2,58.6,21,23.4,97.5,52.1,987.0,16.7,85.7,15.9,0.596,nenhum
AM,Norte,Amazonia,7,88.1,47.7,6,25.0,80.9,16.5,69.0,1.4,39.2,22.8,0.396,nenhum
MT,Centro-Oeste,Cerrado,3,345.5,238.3,25,25.2,76.3,42.9,1055.0,20.8,100.6,25.9,0.571,deslizamento
MG,Sudeste,Mata Atlantica,1,278.4,61.9,20,22.6,67.8,47.1,515.0,17.5,30.3,23.6,0.635,nenhum
AL,Nordeste,Caatinga,7,49.6,14.3,2,26.3,58.3,43.7,470.0,17.8,480.7,35.8,0.192,incendio_florestal
DF,Centro-Oeste,Cerrado,5,91.3,21.3,4,26.9,63.3,13.0,565.0,10.2,3.0,12.5,0.509,nenhum
PI,Nordeste,Caatinga,2,195.5,135.5,16,27.3,55.8,25.9,133.0,3.3,64.9,19.9,0.663,tempestade
AC,Norte,Amazonia,12,202.0,81.3,16,30.2,87.2,27.9,362.0,5.8,22.4,18.3,0.668,tempestade
MS,Centro-Oeste,Cerrado,12,315.9,77.0,25,27.4,80.0,50.6,842.0,3.3,34.8,16.6,0.637,inundacao
BA,Nordeste,Caatinga,5,43.8,14.7,0,26.1,68.6,32.1,423.0,10.9,2.7,10.9,0.268,incendio_florestal
RJ,Sudeste,Mata Atlantica,9,74.1,23.2,5,20.6,77.6,24.1,285.0,14.1,334.4,33.7,0.314,nenhum
RN,Nordeste,Cerrado,5,131.5,63.1,8,25.7,65.3,52.8,257.0,9.7,6.0,12.5,0.61,nenhum
RJ,Sudeste,Cerrado,6,39.8,14.5,0,21.1,73.5,44.2,1068.0,32.4,97.7,18.6,0.367,deslizamento
PE,Nordeste,Caatinga,8,45.1,22.4,3,24.3,53.1,45.6,613.0,9.8,21.5,14.2,0.491,estiagem_seca
RS,Sul,Mata Atlantica,5,103.1,26.8,10,19.6,77.0,28.1,77.0,7.2,32.6,16.9,0.393,nenhum
TO,Norte,Amazonia,10,352.3,94.0,24,27.2,85.2,14.9,40.0,12.8,119.1,16.1,0.681,incendio_florestal
MT,Centro-Oeste,Cerrado,3,168.2,59.7,11,24.4,72.1,37.4,301.0,4.0,315.5,19.6,0.575,nenhum
RN,Nordeste,Cerrado,9,24.3,10.3,1,24.2,63.2,21.9,270.0,2.0,6.7,15.0,0.275,estiagem_seca
SE,Nordeste,Caatinga,12,168.5,29.7,10,29.2,72.8,59.8,384.0,4.6,26.6,23.3,0.509,nenhum
GO,Centro-Oeste,Cerrado,11,285.4,39.5,19,23.5,77.6,42.0,689.0,14.8,75.0,29.6,0.57,nenhum
MG,Sudeste,Mata Atlantica,1,355.1,100.5,29,24.0,83.7,24.2,1036.0,14.5,46.2,18.2,0.615,deslizamento
PR,Sul,Mata Atlantica,2,92.5,51.4,11,19.9,66.7,21.9,253.0,10.2,176.8,23.4,0.538,nenhum
RN,Nordeste,Caatinga,8,98.2,61.4,8,22.1,64.5,27.8,506.0,3.3,473.3,22.6,0.351,nenhum
PB,Nordeste,Caatinga,12,27.5,8.2,3,31.8,63.9,78.4,194.0,13.4,18.1,17.8,0.354,estiagem_seca
SP,Sudeste,Mata Atlantica,11,128.6,73.8,8,24.3,79.1,51.2,931.0,9.0,14.1,18.5,0.34,deslizamento
RJ,Sudeste,Cerrado,11,232.4,117.5,17,21.4,81.7,70.8,572.0,7.0,113.1,29.5,0.614,tempestade
MA,Nordeste,Caatinga,2,105.3,57.1,5,30.9,66.5,15.7,237.0,1.3,8.3,13.7,0.356,tempestade
RJ,Sudeste,Mata Atlantica,7,49.7,28.6,4,17.4,75.5,26.8,168.0,18.4,100.7,29.3,0.267,incendio_florestal
GO,Centro-Oeste,Cerrado,9,72.9,33.9,6,24.3,66.0,64.5,1318.0,16.3,45.6,22.8,0.408,nenhum
RJ,Sudeste,Mata Atlantica,8,49.7,16.8,6,20.8,76.8,73.6,643.0,6.1,38.6,25.4,0.273,incendio_florestal
PE,Nordeste,Cerrado,10,58.7,27.4,5,27.1,59.4,51.2,377.0,3.7,142.9,20.1,0.46,nenhum
GO,Centro-Oeste,Amazonia,3,351.4,131.0,22,23.2,77.5,66.2,630.0,6.7,23.8,16.8,0.703,tempestade
PE,Nordeste,Caatinga,6,85.4,16.3,6,22.9,65.8,33.3,28.0,10.6,6810.9,22.6,0.38,nenhum
SP,Sudeste,Cerrado,6,74.2,44.0,6,17.7,87.2,24.7,1269.0,9.9,31.7,19.4,0.331,nenhum
RN,Nordeste,Cerrado,12,138.4,40.4,7,33.5,72.7,18.3,317.0,2.6,16.2,16.3,0.419,estiagem_seca
SP,Sudeste,Mata Atlantica,3,343.3,84.3,29,17.4,64.6,61.5,250.0,6.5,1491.5,43.9,0.548,inundacao
RJ,Sudeste,Mata Atlantica,4,185.5,75.4,12,20.8,92.4,41.6,671.0,18.4,47.5,24.8,0.574,nenhum
ES,Sudeste,Cerrado,1,244.8,116.3,22,25.0,99.7,97.0,1370.0,25.4,10.0,19.7,0.609,tempestade
AP,Norte,Cerrado,2,368.2,230.9,28,28.4,90.7,27.6,352.0,4.0,38.6,23.8,0.64,inundacao
PB,Nordeste,Cerrado,12,126.1,64.1,8,27.4,74.3,38.1,423.0,5.8,763.8,26.4,0.405,nenhum
MT,Centro-Oeste,Pantanal,11,140.0,59.2,9,27.4,68.9,36.7,440.0,18.9,72.3,23.6,0.579,nenhum
ES,Sudeste,Mata Atlantica,4,290.4,118.2,21,22.6,71.4,76.5,516.0,9.6,12.4,18.4,0.686,tempestade
PR,Sul,Mata Atlantica,9,141.7,50.0,11,14.9,78.5,27.9,38.0,10.0,206.6,30.4,0.463,nenhum
PB,Nordeste,Caatinga,8,48.1,16.6,6,21.4,69.5,33.8,384.0,9.5,127.5,27.6,0.224,incendio_florestal
SC,Sul,Mata Atlantica,11,134.8,25.2,9,17.8,82.8,53.0,180.0,18.6,122.4,18.1,0.409,nenhum
BA,Nordeste,Mata Atlantica,4,271.0,58.2,25,25.7,68.1,54.2,162.0,10.1,4.2,12.9,0.619,nenhum
BA,Nordeste,Mata Atlantica,12,106.7,40.2,11,29.4,70.7,13.4,528.0,3.0,10.1,12.1,0.428,nenhum
AC,Norte,Amazonia,5,272.6,35.1,19,18.8,91.3,36.8,169.0,8.5,4.8,12.7,0.576,nenhum
MG,Sudeste,Cerrado,9,44.5,16.5,3,23.4,74.1,26.7,594.0,18.0,29.6,22.7,0.345,incendio_florestal
RN,Nordeste,Caatinga,5,73.2,24.1,3,27.3,68.2,30.9,71.0,9.0,442.1,25.5,0.367,nenhum
SE,Nordeste,Mata Atlantica,9,30.0,8.4,4,26.7,58.2,9.3,156.0,10.8,3.0,10.4,0.217,estiagem_seca
RJ,Sudeste,Cerrado,5,57.3,14.0,7,20.5,83.9,52.9,56.0,2.0,8.2,19.2,0.309,nenhum
MG,Sudeste,Mata Atlantica,11,150.5,67.5,19,24.5,84.5,48.0,924.0,11.8,3.8,11.5,0.597,nenhum
TO,Norte,Amazonia,8,113.6,38.1,8,21.0,91.7,39.6,114.0,14.6,159.6,21.9,0.416,nenhum
RR,Norte,Amazonia,4,136.2,31.0,8,27.0,84.7,35.2,63.0,5.1,815.2,20.4,0.377,nenhum
MT,Centro-Oeste,Cerrado,12,173.8,37.1,13,29.1,77.4,23.0,294.0,5.6,72.2,28.0,0.593,nenhum
PE,Nordeste,Caatinga,9,67.4,17.4,6,25.4,61.4,56.0,269.0,1.0,100.3,20.6,0.41,deslizamento
MA,Nordeste,Cerrado,6,49.0,11.1,1,25.1,68.7,25.7,368.0,10.2,46.5,17.5,0.401,nenhum
SP,Sudeste,Cerrado,2,414.4,302.2,28,23.2,95.7,52.2,324.0,18.4,37.4,24.1,0.589,deslizamento
AL,Nordeste,Caatinga,12,58.2,22.5,8,31.0,74.0,28.8,225.0,4.3,140.2,25.6,0.526,estiagem_seca
MG,Sudeste,Mata Atlantica,10,214.0,87.7,21,21.8,83.2,12.6,34.0,12.2,12.5,20.6,0.628,inundacao
AL,Nordeste,Cerrado,9,34.6,9.5,1,29.3,50.7,21.2,583.0,10.2,128.4,28.7,0.251,estiagem_seca
PI,Nordeste,Cerrado,10,50.1,24.8,4,27.6,75.5,18.1,368.0,13.3,30.7,16.2,0.343,incendio_florestal
PE,Nordeste,Mata Atlantica,8,39.2,8.1,6,23.0,71.7,72.6,317.0,7.7,46.2,17.5,0.358,estiagem_seca
CE,Nordeste,Mata Atlantica,3,56.1,12.0,7,29.3,65.6,24.3,360.0,14.4,21.2,18.3,0.435,estiagem_seca
RO,Norte,Amazonia,3,358.3,155.8,28,25.8,85.1,18.6,121.0,3.1,2.1,11.9,0.635,inundacao
BA,Nordeste,Caatinga,1,144.7,44.8,12,25.4,66.1,45.7,469.0,13.9,149.7,24.3,0.444,nenhum
PR,Sul,Mata Atlantica,1,101.4,33.2,12,21.4,81.8,73.8,387.0,13.0,41.0,21.0,0.345,tempestade
RJ,Sudeste,Mata Atlantica,9,43.7,8.2,4,20.1,59.5,74.0,230.0,20.5,44.3,27.3,0.161,incendio_florestal
AL,Nordeste,Cerrado,11,45.2,18.7,2,28.9,66.5,31.7,355.0,14.3,842.3,28.6,0.294,estiagem_seca
RJ,Sudeste,Mata Atlantica,2,179.8,39.0,15,25.1,88.3,49.5,742.0,2.5,60.4,20.3,0.609,nenhum
MG,Sudeste,Mata Atlantica,7,27.0,9.3,2,17.5,77.5,25.6,45.0,9.7,15.9,20.3,0.213,estiagem_seca
RJ,Sudeste,Mata Atlantica,2,214.9,117.7,17,27.8,90.9,101.6,40.0,16.8,4.8,16.2,0.572,tempestade
PI,Nordeste,Caatinga,5,212.8,100.4,17,26.4,66.0,32.1,116.0,10.7,30.1,17.1,0.566,tempestade
PE,Nordeste,Caatinga,10,49.0,14.3,2,28.3,62.7,21.5,551.0,16.0,90.3,29.1,0.35,estiagem_seca
CE,Nordeste,Caatinga,10,75.6,55.4,8,27.6,54.7,56.1,328.0,11.1,5.5,16.6,0.33,incendio_florestal
AC,Norte,Amazonia,12,464.9,122.3,27,26.5,82.8,64.2,351.0,12.4,246.3,22.3,0.508,inundacao
PI,Nordeste,Mata Atlantica,4,129.2,33.8,8,27.9,55.0,32.6,458.0,3.1,26.6,16.1,0.47,nenhum
PR,Sul,Pampa,12,169.5,68.2,13,22.1,74.3,51.5,950.0,14.5,37.6,22.8,0.486,nenhum
PR,Sul,Pampa,10,193.6,39.1,16,21.0,80.6,35.6,131.0,5.4,46.9,24.1,0.481,nenhum
AC,Norte,Amazonia,5,116.1,50.0,9,22.5,88.1,10.3,310.0,0.9,5.7,15.9,0.442,nenhum
MS,Centro-Oeste,Cerrado,4,105.4,52.8,10,26.5,66.1,26.9,691.0,11.5,21.9,13.4,0.442,deslizamento
RN,Nordeste,Cerrado,2,175.8,87.6,16,31.4,85.4,20.3,207.0,3.8,88.8,26.1,0.497,tempestade
GO,Centro-Oeste,Cerrado,12,221.6,134.6,16,25.6,76.5,44.1,1362.0,13.0,42.4,26.5,0.587,tempestade
RJ,Sudeste,Mata Atlantica,3,278.4,62.4,21,18.2,72.4,43.4,896.0,18.9,22.7,17.0,0.56,deslizamento
AM,Norte,Amazonia,4,115.0,23.6,9,28.0,87.1,33.5,153.0,6.2,29.1,15.2,0.373,nenhum
MG,Sudeste,Mata Atlantica,5,146.6,15.5,11,20.9,69.4,10.5,618.0,18.6,109.7,25.7,0.487,nenhum
RS,Sul,Mata Atlantica,2,190.4,67.3,15,22.9,86.2,33.4,658.0,19.9,394.8,21.0,0.61,nenhum
SP,Sudeste,Mata Atlantica,10,157.9,53.0,12,22.1,78.4,51.2,248.0,15.9,36.7,16.5,0.46,nenhum
RJ,Sudeste,Mata Atlantica,9,78.0,31.2,8,20.9,84.5,66.5,509.0,8.4,12.7,12.7,0.511,deslizamento
MS,Centro-Oeste,Cerrado,2,170.6,24.2,15,29.1,62.7,36.0,59.0,1.1,1913.9,27.0,0.49,nenhum
PB,Nordeste,Caatinga,2,125.7,49.7,8,32.3,67.5,14.5,120.0,7.0,221.3,28.5,0.37,estiagem_seca
CE,Nordeste,Mata Atlantica,1,95.3,34.9,12,31.2,67.2,28.8,224.0,8.0,40.2,16.9,0.412,estiagem_seca
SP,Sudeste,Cerrado,12,209.6,68.3,11,22.1,91.7,47.2,1415.0,12.9,19.5,18.6,0.625,nenhum
AM,Norte,Amazonia,6,100.6,49.0,6,24.2,82.1,24.5,20.0,0.3,634.8,35.8,0.357,nenhum
RJ,Sudeste,Cerrado,8,83.2,15.1,14,15.9,70.2,68.0,1214.0,30.9,13.5,16.6,0.377,deslizamento
MS,Centro-Oeste,Amazonia,2,253.0,56.0,19,27.5,80.1,34.9,677.0,8.0,49.3,26.2,0.69,nenhum
MT,Centro-Oeste,Cerrado,3,138.7,38.1,9,25.3,66.6,65.5,106.0,21.5,136.7,19.5,0.565,nenhum
AL,Nordeste,Cerrado,7,88.7,20.7,8,22.9,65.3,25.7,83.0,10.4,65.4,29.0,0.284,nenhum
PR,Sul,Pampa,3,179.1,41.3,9,20.8,84.8,21.0,704.0,8.2,11.6,13.9,0.503,deslizamento
RN,Nordeste,Caatinga,8,130.8,36.0,11,19.5,61.4,27.8,419.0,4.2,26.7,20.9,0.458,nenhum
PE,Nordeste,Caatinga,12,62.0,33.2,7,31.9,62.3,48.4,599.0,21.5,47.8,21.5,0.386,estiagem_seca
MA,Nordeste,Cerrado,4,139.1,46.6,10,27.6,68.2,43.8,369.0,8.3,8.4,13.8,0.36,nenhum
SP,Sudeste,Mata Atlantica,8,176.0,99.5,12,19.5,76.2,58.7,603.0,8.0,37.3,16.5,0.557,tempestade
RS,Sul,Pampa,11,201.4,47.7,17,20.1,85.0,58.9,609.0,10.8,440.1,19.5,0.7,nenhum
AL,Nordeste,Cerrado,11,54.1,31.2,4,29.2,62.8,31.5,58.0,8.1,731.9,36.8,0.284,nenhum
PR,Sul,Mata Atlantica,1,84.1,29.7,7,23.2,84.7,61.0,979.0,21.3,34.9,15.8,0.424,nenhum
RN,Nordeste,Caatinga,2,122.2,27.1,11,28.5,61.6,15.4,120.0,4.3,44.3,22.5,0.44,nenhum
RJ,Sudeste,Mata Atlantica,12,128.4,31.4,13,27.1,97.2,62.5,1009.0,8.0,35.8,16.1,0.483,inundacao
PA,Norte,Amazonia,12,219.2,38.9,17,29.6,87.5,41.0,3.0,5.2,2.1,12.0,0.687,estiagem_seca
DF,Centro-Oeste,Cerrado,4,185.6,55.0,14,24.1,66.0,73.0,507.0,2.7,95.8,16.9,0.508,tempestade
RJ,Sudeste,Mata Atlantica,7,100.2,26.6,7,18.8,72.1,35.2,703.0,19.8,71.4,20.4,0.306,nenhum
SP,Sudeste,Mata Atlantica,7,54.7,13.7,5,20.1,78.9,41.7,131.0,8.0,227.3,29.1,0.332,nenhum
SE,Nordeste,Caatinga,9,39.2,14.6,1,27.2,66.9,49.7,613.0,3.5,236.7,32.3,0.257,estiagem_seca
MG,Sudeste,Mata Atlantica,10,202.5,48.4,16,20.4,76.9,39.4,209.0,25.3,121.6,31.5,0.681,deslizamento
PR,Sul,Mata Atlantica,5,131.9,38.1,10,17.7,80.5,27.6,677.0,18.0,123.9,30.4,0.328,nenhum
DF,Centro-Oeste,Cerrado,11,341.1,118.9,26,26.0,69.0,67.9,824.0,12.8,10.2,13.9,0.753,tempestade
SP,Sudeste,Cerrado,1,251.1,106.1,23,25.0,85.4,37.2,250.0,31.0,62.9,17.5,0.609,deslizamento
RJ,Sudeste,Mata Atlantica,1,434.5,118.0,27,25.7,77.9,52.7,43.0,12.7,5.8,12.8,0.706,inundacao
PB,Nordeste,Caatinga,12,26.5,13.5,3,29.9,64.4,20.7,1.0,7.2,27.1,24.7,0.3,estiagem_seca
SC,Sul,Pampa,3,183.8,99.8,16,22.4,93.1,41.1,923.0,8.2,555.5,39.8,0.491,tempestade
CE,Nordeste,Caatinga,12,64.0,34.9,5,30.1,67.3,59.1,783.0,10.1,106.0,31.6,0.307,incendio_florestal
RJ,Sudeste,Cerrado,4,162.4,33.7,16,20.9,72.6,49.8,769.0,17.8,74.7,25.4,0.487,nenhum
AP,Norte,Cerrado,5,245.9,45.6,17,22.6,94.6,42.0,16.0,5.1,45.8,19.8,0.666,inundacao
PE,Nordeste,Caatinga,1,134.5,30.5,13,30.1,72.3,16.8,731.0,9.3,46.7,25.4,0.36,incendio_florestal
ES,Sudeste,Cerrado,12,163.4,65.1,15,26.6,75.9,46.1,408.0,4.1,61.7,27.2,0.428,nenhum
GO,Centro-Oeste,Amazonia,5,90.9,44.3,8,22.0,60.1,25.6,43.0,0.2,54.8,18.6,0.385,nenhum
RS,Sul,Mata Atlantica,3,139.2,20.0,14,20.3,79.5,37.8,67.0,4.7,130.1,20.7,0.472,nenhum
PR,Sul,Pampa,6,85.4,16.3,4,16.4,84.3,53.5,616.0,11.3,1020.4,42.9,0.298,nenhum
RR,Norte,Amazonia,2,286.3,34.1,22,28.6,100.0,16.6,276.0,2.3,423.0,30.4,0.563,nenhum
RN,Nordeste,Caatinga,10,30.3,13.4,4,28.1,62.0,7.5,791.0,19.9,25.2,24.6,0.329,estiagem_seca
PE,Nordeste,Caatinga,1,129.8,26.2,7,28.1,66.0,44.7,388.0,8.2,19.3,19.5,0.477,nenhum
GO,Centro-Oeste,Cerrado,6,154.2,101.1,9,22.0,67.8,51.8,491.0,2.6,22.1,23.9,0.505,tempestade
MS,Centro-Oeste,Pantanal,5,145.7,80.8,11,25.4,81.3,25.3,837.0,3.6,18.9,18.2,0.49,nenhum
PR,Sul,Mata Atlantica,1,128.7,65.1,10,21.5,86.3,39.8,838.0,9.6,3.6,14.8,0.395,nenhum
ES,Sudeste,Mata Atlantica,1,282.9,74.7,20,21.3,79.5,37.3,837.0,22.3,58.0,21.7,0.55,deslizamento
AC,Norte,Amazonia,7,167.3,102.7,13,20.0,83.2,23.0,319.0,6.7,26.5,23.9,0.514,tempestade
MS,Centro-Oeste,Cerrado,5,229.7,51.1,20,24.0,69.7,28.9,762.0,14.6,47.2,18.9,0.591,inundacao
RJ,Sudeste,Cerrado,2,363.3,207.0,24,22.2,81.9,40.6,844.0,2.7,23.2,19.0,0.632,inundacao
MT,Centro-Oeste,Amazonia,2,197.7,168.5,14,27.4,57.4,64.2,859.0,3.9,53.7,16.9,0.633,tempestade
AL,Nordeste,Cerrado,10,46.4,18.0,6,28.2,74.2,47.3,221.0,8.0,18.3,21.1,0.287,incendio_florestal
BA,Nordeste,Caatinga,9,35.3,6.4,3,24.2,56.8,45.4,382.0,13.8,18.9,16.1,0.341,estiagem_seca
MT,Centro-Oeste,Cerrado,8,26.9,7.3,0,22.7,68.6,44.9,242.0,15.2,982.2,19.2,0.225,estiagem_seca
AL,Nordeste,Caatinga,11,81.6,18.8,6,27.5,52.1,54.2,509.0,8.2,7.8,13.1,0.364,incendio_florestal
SP,Sudeste,Mata Atlantica,1,231.0,35.4,17,25.5,84.9,21.2,954.0,8.3,5297.7,48.8,0.54,estiagem_seca
MA,Nordeste,Caatinga,9,52.3,16.8,6,27.0,68.0,24.8,150.0,11.6,6.4,14.2,0.205,incendio_florestal
RJ,Sudeste,Cerrado,10,55.1,19.8,5,25.6,87.4,55.7,241.0,15.3,14.2,13.5,0.284,incendio_florestal
DF,Centro-Oeste,Amazonia,3,125.4,30.6,16,25.5,62.2,34.4,836.0,5.9,7.4,16.0,0.552,nenhum
RS,Sul,Pampa,7,105.2,35.7,7,15.5,68.7,37.4,176.0,2.6,27.4,24.4,0.349,nenhum
RR,Norte,Cerrado,10,84.6,21.3,5,26.2,86.0,20.0,144.0,13.0,0.5,9.7,0.414,nenhum
TO,Norte,Amazonia,8,102.2,49.8,7,18.8,92.8,23.1,83.0,17.3,215.2,28.6,0.326,nenhum
PB,Nordeste,Mata Atlantica,3,122.6,17.3,10,26.7,62.5,58.4,47.0,0.4,14.3,18.3,0.395,nenhum
MT,Centro-Oeste,Pantanal,8,43.3,16.2,1,21.3,72.4,64.5,418.0,8.8,79.2,22.8,0.305,incendio_florestal
PB,Nordeste,Caatinga,10,67.5,11.1,3,28.7,57.2,31.6,235.0,1.0,656.8,27.9,0.234,incendio_florestal
MG,Sudeste,Mata Atlantica,1,219.4,69.2,16,24.7,76.6,114.7,877.0,19.5,22.5,16.1,0.681,tempestade
PI,Nordeste,Caatinga,7,59.4,6.8,4,23.8,70.6,32.9,122.0,9.0,88.4,23.7,0.366,tempestade
AC,Norte,Amazonia,7,146.5,79.4,13,19.8,82.4,63.9,309.0,7.3,12.5,13.0,0.546,tempestade
MT,Centro-Oeste,Pantanal,5,57.1,21.2,3,20.6,64.3,40.4,1036.0,12.1,171.1,16.6,0.184,incendio_florestal
SP,Sudeste,Mata Atlantica,1,241.4,102.6,19,22.6,74.7,35.5,230.0,5.7,82.9,24.3,0.643,inundacao
PR,Sul,Mata Atlantica,2,265.6,87.5,21,20.4,89.7,49.9,611.0,8.0,7.5,13.9,0.819,inundacao
RJ,Sudeste,Mata Atlantica,10,137.2,58.6,15,25.0,77.6,21.9,963.0,13.2,377.7,34.1,0.294,nenhum
RJ,Sudeste,Mata Atlantica,10,112.0,32.5,3,21.6,70.5,65.4,1188.0,7.0,41.9,24.1,0.521,nenhum
SP,Sudeste,Cerrado,6,111.0,37.9,7,20.0,65.0,29.7,968.0,14.5,38.2,24.9,0.229,nenhum
SP,Sudeste,Cerrado,12,75.2,9.6,3,24.5,82.5,35.2,572.0,10.6,138.5,24.3,0.382,nenhum
BA,Nordeste,Caatinga,12,33.4,11.9,7,27.4,62.3,25.9,585.0,8.1,231.0,32.9,0.126,incendio_florestal
MG,Sudeste,Mata Atlantica,8,63.8,16.1,3,19.3,75.1,38.7,899.0,12.4,10.5,17.5,0.355,nenhum
ES,Sudeste,Cerrado,7,51.4,34.7,6,17.7,75.3,30.6,25.0,18.0,198.8,33.6,0.35,nenhum
SE,Nordeste,Cerrado,12,59.0,13.3,5,32.6,55.5,32.3,158.0,3.5,52.4,20.8,0.233,inundacao
MG,Sudeste,Mata Atlantica,8,157.1,83.1,14,22.6,64.8,33.0,124.0,16.0,34.1,22.1,0.645,nenhum
GO,Centro-Oeste,Amazonia,12,75.6,17.7,5,28.5,66.1,12.7,386.0,3.7,18.7,15.3,0.291,incendio_florestal
DF,Centro-Oeste,Cerrado,12,322.2,65.3,25,27.7,85.4,43.9,564.0,9.6,69.1,26.8,0.674,inundacao
RO,Norte,Amazonia,3,195.3,51.8,21,26.9,89.7,27.8,1.0,12.1,5.9,16.1,0.51,nenhum
ES,Sudeste,Mata Atlantica,8,60.8,24.8,2,21.2,70.3,51.6,855.0,19.5,14.1,18.4,0.421,nenhum
PR,Sul,Pampa,9,268.4,42.9,20,13.9,82.3,26.2,32.0,5.6,4.0,11.4,0.816,inundacao
CE,Nordeste,Caatinga,10,19.0,7.0,4,27.9,76.3,30.0,322.0,9.5,173.0,24.6,0.213,estiagem_seca
PB,Nordeste,Caatinga,5,115.3,58.8,6,25.7,55.3,46.6,526.0,10.6,63.4,29.0,0.509,nenhum
PA,Norte,Amazonia,11,271.3,69.9,18,31.3,92.6,46.4,126.0,8.7,70.3,29.6,0.66,estiagem_seca
AC,Norte,Amazonia,6,80.2,34.4,5,20.2,76.0,6.1,176.0,4.1,24.6,24.0,0.332,nenhum
RS,Sul,Mata Atlantica,5,244.9,65.8,21,17.8,78.7,25.7,190.0,16.9,36.8,25.9,0.566,nenhum
MT,Centro-Oeste,Cerrado,2,88.0,17.1,5,27.9,72.8,32.1,746.0,11.0,37.0,22.6,0.317,incendio_florestal
BA,Nordeste,Mata Atlantica,4,145.6,78.3,13,28.4,67.2,16.8,594.0,5.2,82.0,25.0,0.531,tempestade
MA,Nordeste,Cerrado,12,106.9,69.1,4,32.6,53.1,19.3,348.0,5.8,4.9,16.3,0.369,estiagem_seca
PR,Sul,Mata Atlantica,9,66.9,9.9,5,20.0,75.7,42.9,563.0,17.5,56.9,21.0,0.385,inundacao
RN,Nordeste,Caatinga,9,48.0,16.3,5,25.8,65.8,39.2,388.0,10.3,97.6,20.4,0.282,deslizamento
ES,Sudeste,Mata Atlantica,11,226.7,101.6,21,26.0,71.2,67.0,1225.0,16.3,103.5,29.6,0.709,tempestade
AL,Nordeste,Caatinga,4,150.4,75.9,10,27.7,63.5,54.8,66.0,2.0,997.3,21.3,0.44,incendio_florestal
AP,Norte,Amazonia,8,70.7,31.0,3,21.3,86.0,24.0,15.0,5.6,73.6,20.9,0.229,nenhum
RJ,Sudeste,Cerrado,5,100.0,34.7,3,18.7,75.9,59.9,108.0,18.6,182.5,32.0,0.275,nenhum
RR,Norte,Amazonia,11,325.4,87.5,26,27.1,94.2,56.0,42.0,15.9,206.1,31.5,0.669,inundacao
SP,Sudeste,Mata Atlantica,6,63.8,23.5,5,15.8,75.5,30.5,657.0,15.4,16.2,16.5,0.342,nenhum
PB,Nordeste,Mata Atlantica,11,26.7,6.9,4,29.8,68.8,33.6,535.0,5.7,161.9,23.6,0.258,estiagem_seca
RJ,Sudeste,Mata Atlantica,9,208.9,44.4,15,18.9,81.3,39.6,843.0,13.2,2.8,11.9,0.667,nenhum
MG,Sudeste,Mata Atlantica,10,84.9,11.7,11,26.5,70.7,33.7,380.0,18.4,14.6,19.7,0.29,nenhum
ES,Sudeste,Cerrado,12,162.1,37.1,14,23.9,72.5,42.5,501.0,12.7,139.8,21.0,0.462,nenhum
TO,Norte,Amazonia,10,122.8,86.2,15,29.4,90.8,17.9,33.0,0.4,9.2,15.8,0.423,tempestade
SP,Sudeste,Mata Atlantica,4,196.6,107.2,13,23.2,78.5,31.4,920.0,14.3,252.8,22.1,0.578,tempestade
RS,Sul,Mata Atlantica,7,78.6,38.8,4,15.4,80.3,18.2,236.0,20.0,237.1,32.4,0.263,nenhum
PE,Nordeste,Mata Atlantica,6,66.7,32.4,4,23.4,64.5,25.1,591.0,12.7,95.5,30.9,0.275,nenhum
PE,Nordeste,Cerrado,1,45.4,18.1,3,27.9,73.3,40.4,130.0,8.2,77.4,16.3,0.275,incendio_florestal
RJ,Sudeste,Mata Atlantica,8,68.7,32.0,7,17.2,77.2,40.6,698.0,22.2,35.2,19.4,0.236,nenhum
MA,Nordeste,Cerrado,6,59.6,22.7,5,24.5,61.4,39.8,705.0,6.9,66.2,24.1,0.279,nenhum
ES,Sudeste,Mata Atlantica,5,83.2,26.2,10,18.7,71.3,63.2,700.0,21.6,232.8,23.0,0.389,nenhum
MG,Sudeste,Mata Atlantica,2,212.0,81.9,18,24.1,73.9,41.3,218.0,12.8,283.8,21.5,0.516,nenhum
AP,Norte,Amazonia,7,73.2,16.1,6,23.4,76.6,31.5,293.0,15.0,58.4,15.6,0.262,nenhum
ES,Sudeste,Mata Atlantica,7,73.9,30.9,6,22.3,68.7,35.2,636.0,20.8,6.8,14.7,0.343,nenhum
MG,Sudeste,Cerrado,2,272.2,83.0,24,25.8,78.3,14.3,475.0,7.5,32.6,17.6,0.628,nenhum
MA,Nordeste,Mata Atlantica,8,88.4,63.0,9,26.4,54.3,44.5,139.0,2.9,73.9,15.3,0.26,incendio_florestal
RS,Sul,Mata Atlantica,3,221.8,74.5,16,20.5,73.9,27.5,401.0,14.1,166.5,25.9,0.466,nenhum
SE,Nordeste,Mata Atlantica,2,159.1,32.9,10,30.6,70.0,55.6,437.0,3.0,95.5,25.6,0.555,estiagem_seca
CE,Nordeste,Caatinga,5,115.5,43.6,8,23.1,64.9,18.6,318.0,8.0,348.5,37.0,0.322,nenhum
ES,Sudeste,Mata Atlantica,5,68.6,21.7,6,16.6,71.6,43.6,498.0,13.5,18.1,17.4,0.41,nenhum
PB,Nordeste,Mata Atlantica,11,50.0,24.1,5,30.9,51.3,46.0,286.0,20.9,18.2,16.5,0.362,estiagem_seca
ES,Sudeste,Cerrado,1,257.1,42.6,21,25.6,74.6,74.5,412.0,10.5,223.7,19.7,0.785,tempestade
AC,Norte,Amazonia,5,187.3,72.7,16,25.3,89.6,42.6,354.0,10.1,12.7,18.9,0.577,nenhum
DF,Centro-Oeste,Cerrado,9,133.3,79.5,9,21.3,61.6,62.5,1334.0,17.2,10.6,12.0,0.438,tempestade
AM,Norte,Amazonia,3,264.6,80.3,22,26.5,100.0,26.4,134.0,0.5,54.6,27.5,0.692,inundacao
SP,Sudeste,Cerrado,12,214.0,89.6,23,22.1,77.4,47.1,638.0,15.6,155.2,20.3,0.452,nenhum
ES,Sudeste,Mata Atlantica,9,116.8,41.1,9,18.8,85.3,44.3,268.0,19.1,69.8,16.7,0.504,nenhum
ES,Sudeste,Mata Atlantica,12,189.4,41.9,12,25.3,77.5,81.3,655.0,19.0,1.0,10.4,0.716,tempestade
RS,Sul,Mata Atlantica,12,316.0,123.3,24,22.1,88.2,56.5,225.0,8.9,40.3,21.9,0.58,inundacao
ES,Sudeste,Mata Atlantica,2,127.0,59.2,15,27.3,68.4,65.0,489.0,17.7,16.3,18.8,0.434,tempestade
SP,Sudeste,Mata Atlantica,6,82.8,18.7,15,21.4,59.5,27.7,240.0,15.4,298.3,21.7,0.37,nenhum
DF,Centro-Oeste,Pantanal,9,234.6,66.2,19,22.4,66.7,40.2,741.0,3.1,4.9,16.0,0.627,nenhum
SC,Sul,Mata Atlantica,1,116.5,31.8,11,22.0,79.1,33.3,363.0,18.0,117.1,16.7,0.431,nenhum
SP,Sudeste,Mata Atlantica,6,78.3,33.2,10,19.6,88.0,74.4,207.0,13.6,50.8,27.9,0.28,tempestade
PR,Sul,Mata Atlantica,9,146.6,75.8,11,17.2,89.1,19.9,381.0,7.7,73.8,22.1,0.433,nenhum
MA,Nordeste,Cerrado,10,27.3,11.7,1,26.8,55.7,46.7,253.0,12.0,164.1,20.4,0.471,estiagem_seca
GO,Centro-Oeste,Pantanal,5,61.8,19.0,3,25.8,55.0,83.0,788.0,4.1,36.4,21.4,0.335,tempestade
RJ,Sudeste,Mata Atlantica,11,350.7,175.2,28,22.7,92.0,33.3,1067.0,23.9,57.3,20.1,0.488,deslizamento
PI,Nordeste,Caatinga,9,41.9,8.5,5,21.7,58.5,60.0,72.0,0.2,672.9,20.5,0.253,incendio_florestal
RN,Nordeste,Caatinga,1,141.4,87.7,9,31.9,78.5,42.1,420.0,13.3,222.8,21.0,0.44,incendio_florestal
PR,Sul,Mata Atlantica,4,90.1,45.0,6,18.5,75.2,31.1,217.0,3.6,200.0,29.5,0.467,nenhum
DF,Centro-Oeste,Pantanal,12,241.9,133.9,17,28.6,92.9,45.2,876.0,13.1,190.5,31.1,0.724,tempestade
RN,Nordeste,Caatinga,1,103.1,30.9,10,28.7,71.1,15.2,234.0,4.0,857.3,29.9,0.383,nenhum
AL,Nordeste,Cerrado,2,47.7,13.1,2,33.4,61.5,55.7,1.0,8.0,118.4,24.7,0.211,estiagem_seca
AL,Nordeste,Cerrado,5,89.9,63.7,8,27.3,68.9,62.1,62.0,4.6,59.8,20.9,0.394,tempestade
SP,Sudeste,Cerrado,12,121.0,81.8,9,27.2,78.8,53.0,978.0,7.2,128.6,18.6,0.379,tempestade
RS,Sul,Mata Atlantica,9,152.9,57.6,10,15.8,90.4,50.8,638.0,11.7,21.5,17.7,0.523,nenhum
RS,Sul,Mata Atlantica,2,131.7,23.8,10,22.6,84.0,29.7,800.0,15.5,176.7,24.1,0.513,nenhum
SP,Sudeste,Cerrado,5,91.6,31.5,9,17.3,83.8,19.4,296.0,10.7,231.5,30.8,0.31,nenhum
MG,Sudeste,Mata Atlantica,12,197.3,66.8,12,27.6,83.6,44.7,950.0,18.8,30.3,14.2,0.605,nenhum
MA,Nordeste,Caatinga,3,42.9,16.9,1,28.6,49.4,21.0,3.0,20.1,40.9,17.2,0.358,estiagem_seca
PR,Sul,Pampa,7,130.3,40.2,14,16.1,81.0,19.6,67.0,6.3,84.1,24.0,0.478,nenhum
MA,Nordeste,Cerrado,6,100.5,15.9,12,24.7,62.1,6.1,179.0,1.6,19.2,15.1,0.299,tempestade
RR,Norte,Amazonia,10,140.3,96.4,11,25.2,100.0,44.5,87.0,8.1,10.5,15.7,0.481,tempestade
PR,Sul,Pampa,10,86.9,25.9,4,20.6,88.4,46.4,463.0,5.9,34.7,19.9,0.17,incendio_florestal
PR,Sul,Mata Atlantica,10,71.9,36.8,3,19.0,92.3,39.2,15.0,8.5,55.4,16.7,0.381,nenhum
AL,Nordeste,Caatinga,2,71.2,39.8,3,34.4,67.7,65.5,412.0,10.9,134.8,21.2,0.403,estiagem_seca
MG,Sudeste,Cerrado,6,51.2,10.0,3,17.8,73.5,49.4,199.0,23.7,114.3,25.4,0.326,nenhum
GO,Centro-Oeste,Cerrado,9,73.3,17.2,7,23.2,61.9,18.7,1289.0,18.7,46.5,24.6,0.361,deslizamento
SE,Nordeste,Caatinga,6,40.4,11.1,1,26.0,64.8,11.4,136.0,4.2,117.7,23.5,0.303,estiagem_seca
SE,Nordeste,Caatinga,9,55.6,21.4,2,25.8,60.4,20.4,524.0,13.7,22.6,13.2,0.381,nenhum
MA,Nordeste,Cerrado,8,54.9,27.9,5,29.3,63.9,69.4,273.0,10.4,5.2,15.2,0.27,incendio_florestal
ES,Sudeste,Cerrado,5,47.2,31.3,2,20.9,65.2,41.5,515.0,13.2,36.7,18.4,0.264,incendio_florestal
DF,Centro-Oeste,Pantanal,2,294.8,118.7,25,30.4,85.0,45.4,521.0,4.7,72.0,21.7,0.673,tempestade
DF,Centro-Oeste,Pantanal,12,118.7,65.9,10,32.6,66.0,16.7,41.0,0.5,20.8,22.7,0.513,estiagem_seca
PI,Nordeste,Caatinga,10,47.4,13.7,1,27.4,66.3,45.2,233.0,16.1,5.5,13.8,0.361,estiagem_seca
SC,Sul,Pampa,11,665.3,279.0,26,16.6,86.5,44.4,108.0,13.7,13.5,20.8,0.717,deslizamento
RJ,Sudeste,Mata Atlantica,4,86.6,28.6,2,21.1,88.8,25.9,417.0,13.5,8.1,13.6,0.374,nenhum
PR,Sul,Pampa,4,154.8,70.6,10,20.5,77.0,25.7,701.0,11.9,6.4,16.0,0.517,nenhum
PA,Norte,Amazonia,4,349.7,72.2,27,25.0,100.0,28.1,47.0,18.9,54.0,20.5,0.663,inundacao
SP,Sudeste,Mata Atlantica,1,260.9,65.9,19,22.3,79.4,37.4,528.0,7.6,295.2,35.8,0.535,nenhum
ES,Sudeste,Cerrado,3,148.1,66.4,9,24.2,75.2,26.0,934.0,13.1,52.8,24.7,0.494,nenhum
PE,Nordeste,Caatinga,4,260.8,90.1,17,26.9,72.4,44.7,304.0,13.1,290.0,22.1,0.651,tempestade
PE,Nordeste,Caatinga,12,93.2,31.1,11,28.3,71.8,22.9,621.0,5.4,1.0,10.2,0.478,nenhum
RN,Nordeste,Cerrado,3,75.9,33.5,6,25.8,67.3,54.3,15.0,25.5,66.7,28.3,0.226,incendio_florestal
AL,Nordeste,Mata Atlantica,7,68.5,21.2,4,23.1,68.3,63.0,681.0,13.0,115.5,26.7,0.29,nenhum
MT,Centro-Oeste,Cerrado,7,42.9,12.6,1,20.9,59.2,31.7,49.0,5.2,15.8,21.0,0.164,incendio_florestal
CE,Nordeste,Cerrado,5,75.4,19.3,9,25.3,77.0,44.4,521.0,6.0,13.1,15.2,0.398,nenhum
MA,Nordeste,Cerrado,12,123.8,13.5,7,30.4,72.7,9.8,295.0,10.0,29.1,22.5,0.492,estiagem_seca
RJ,Sudeste,Cerrado,2,150.9,21.2,10,25.0,78.3,20.1,473.0,19.4,189.4,18.9,0.522,deslizamento
PA,Norte,Amazonia,11,404.9,94.8,27,25.1,85.8,24.0,120.0,15.5,8.5,18.3,0.813,inundacao
SE,Nordeste,Caatinga,9,43.7,22.9,2,22.9,75.9,20.1,572.0,13.2,14.5,17.6,0.344,incendio_florestal
MG,Sudeste,Mata Atlantica,4,266.5,70.7,28,20.6,83.0,22.0,501.0,24.7,7.0,11.7,0.633,deslizamento
PE,Nordeste,Caatinga,10,50.7,10.5,2,28.4,59.3,46.1,226.0,12.1,122.6,20.2,0.396,estiagem_seca
MA,Nordeste,Mata Atlantica,6,36.6,11.9,4,22.7,52.3,11.2,366.0,11.9,17.3,17.7,0.437,estiagem_seca
AL,Nordeste,Caatinga,12,72.0,28.4,4,31.2,63.9,91.0,175.0,14.2,42.7,20.8,0.395,tempestade
AC,Norte,Amazonia,1,227.2,84.5,16,30.4,94.2,44.9,53.0,3.1,101.2,27.4,0.555,tempestade
GO,Centro-Oeste,Cerrado,1,355.3,221.3,27,26.3,77.2,60.9,1012.0,3.5,23.5,19.3,0.627,inundacao
RR,Norte,Amazonia,7,43.0,20.7,1,20.3,80.3,21.0,108.0,2.0,5.5,16.1,0.334,inundacao
PE,Nordeste,Caatinga,12,68.2,20.9,7,31.8,63.2,30.5,522.0,14.5,105.6,28.7,0.289,incendio_florestal
RS,Sul,Mata Atlantica,1,470.4,268.5,26,19.2,91.0,65.1,982.0,29.3,117.9,25.8,0.729,deslizamento
PR,Sul,Mata Atlantica,10,295.8,85.5,22,16.3,77.9,58.2,305.0,10.9,548.6,22.8,0.645,inundacao
CE,Nordeste,Caatinga,12,44.2,14.5,2,29.5,74.0,40.0,137.0,3.3,78.8,25.0,0.344,estiagem_seca
CE,Nordeste,Cerrado,6,63.4,32.0,5,22.3,56.6,26.7,288.0,21.4,55.2,20.6,0.381,nenhum
MS,Centro-Oeste,Pantanal,11,168.5,98.2,15,27.4,69.5,61.6,805.0,11.4,75.0,16.1,0.438,tempestade
SP,Sudeste,Cerrado,10,407.4,223.7,20,19.7,88.0,35.4,977.0,14.7,37.7,19.9,0.664,deslizamento
RJ,Sudeste,Mata Atlantica,3,180.8,21.9,15,25.9,82.5,26.5,677.0,10.9,47.1,25.2,0.603,nenhum
PA,Norte,Amazonia,11,189.9,68.4,14,29.2,91.6,21.5,170.0,7.0,20.1,17.5,0.559,tempestade
PA,Norte,Amazonia,9,189.8,62.0,17,24.1,84.2,46.3,71.0,5.2,73.6,20.4,0.584,nenhum
MT,Centro-Oeste,Pantanal,1,103.1,18.6,4,26.7,74.7,28.0,580.0,2.0,75.7,17.9,0.424,nenhum
SC,Sul,Mata Atlantica,7,57.5,10.5,4,14.7,69.2,35.3,932.0,17.8,38.6,21.0,0.262,nenhum
RS,Sul,Mata Atlantica,8,145.9,89.4,13,12.4,91.0,27.5,212.0,2.8,12.0,14.4,0.62,nenhum
RR,Norte,Amazonia,10,249.0,64.4,20,25.1,80.0,39.2,97.0,13.4,5.3,15.0,0.631,nenhum
MG,Sudeste,Mata Atlantica,10,71.2,12.0,2,26.0,70.8,52.3,390.0,15.4,22.2,13.1,0.304,nenhum
SE,Nordeste,Caatinga,6,85.2,36.4,4,26.7,64.9,27.8,456.0,21.0,19.0,16.6,0.457,nenhum
ES,Sudeste,Cerrado,4,167.3,18.8,10,23.7,78.9,40.9,756.0,6.2,27.3,22.2,0.476,nenhum
PR,Sul,Pampa,3,92.2,16.5,9,20.3,83.7,34.8,332.0,15.4,24.8,13.5,0.411,nenhum
GO,Centro-Oeste,Cerrado,2,355.3,138.6,25,27.8,82.7,51.9,425.0,13.9,647.8,20.6,0.698,deslizamento
PA,Norte,Amazonia,8,137.2,39.5,13,20.2,85.1,47.9,97.0,10.7,27.5,24.7,0.524,nenhum
RJ,Sudeste,Cerrado,12,85.6,38.5,10,25.5,79.2,18.3,1087.0,24.1,6.7,11.3,0.253,nenhum
PB,Nordeste,Caatinga,1,85.6,24.3,5,32.0,68.3,51.4,541.0,14.2,50.7,24.8,0.349,estiagem_seca
SP,Sudeste,Mata Atlantica,9,51.5,14.2,5,17.5,69.4,34.4,1115.0,9.4,27.9,17.6,0.299,incendio_florestal
BA,Nordeste,Cerrado,8,22.6,6.5,1,24.6,63.6,47.0,111.0,8.5,802.8,25.4,0.241,estiagem_seca
SC,Sul,Mata Atlantica,3,144.4,65.3,13,21.5,75.8,12.3,884.0,10.4,77.2,25.8,0.517,nenhum
AL,Nordeste,Caatinga,3,89.8,35.9,8,31.3,64.4,45.5,473.0,9.5,189.6,31.9,0.449,incendio_florestal
MA,Nordeste,Caatinga,4,78.8,39.3,12,27.2,67.7,25.9,74.0,6.2,51.7,20.4,0.375,nenhum
AL,Nordeste,Cerrado,9,42.0,22.9,4,24.4,71.2,38.9,195.0,7.3,65.9,14.7,0.257,incendio_florestal
TO,Norte,Amazonia,4,190.0,35.3,8,24.0,94.7,43.6,81.0,4.4,22.2,22.7,0.57,nenhum
MA,Nordeste,Mata Atlantica,10,44.4,14.8,4,25.4,74.5,77.5,128.0,5.4,45.8,26.3,0.322,tempestade
ES,Sudeste,Mata Atlantica,5,113.8,29.6,6,21.2,86.7,37.9,67.0,16.1,12.7,17.6,0.452,nenhum
MA,Nordeste,Caatinga,2,80.8,21.2,6,29.8,65.5,35.8,492.0,18.4,25.6,16.0,0.452,estiagem_seca
PA,Norte,Cerrado,2,226.8,102.4,20,30.8,93.1,25.2,66.0,8.9,79.3,29.9,0.551,tempestade
RN,Nordeste,Caatinga,5,70.0,21.0,5,26.7,59.1,32.8,297.0,15.8,88.1,22.0,0.297,incendio_florestal
AP,Norte,Amazonia,5,224.5,47.1,15,23.5,93.8,23.2,213.0,5.5,68.6,28.3,0.612,nenhum
RS,Sul,Mata Atlantica,9,57.8,21.0,3,16.6,100.0,47.0,135.0,11.3,19.8,15.4,0.419,nenhum
PR,Sul,Mata Atlantica,6,61.1,43.9,3,18.5,68.8,45.1,666.0,22.8,1373.1,42.6,0.383,incendio_florestal
TO,Norte,Amazonia,2,268.0,162.6,22,28.9,94.2,58.8,96.0,6.5,43.0,24.0,0.696,tempestade
ES,Sudeste,Mata Atlantica,3,99.5,12.0,5,24.8,75.8,29.1,89.0,16.0,71.1,21.5,0.418,nenhum
SP,Sudeste,Mata Atlantica,7,42.9,25.0,2,20.1,84.9,16.9,1090.0,20.5,328.4,18.2,0.236,incendio_florestal
SC,Sul,Mata Atlantica,5,91.9,69.1,8,19.5,84.0,32.9,299.0,9.5,12.2,15.6,0.45,nenhum
MA,Nordeste,Caatinga,9,39.7,8.8,4,28.0,74.3,36.3,177.0,2.5,37.8,24.9,0.198,incendio_florestal
CE,Nordeste,Caatinga,12,108.0,48.5,8,29.9,58.8,71.6,313.0,14.1,775.5,34.3,0.447,tempestade
GO,Centro-Oeste,Cerrado,5,49.0,8.8,3,23.6,62.8,71.7,785.0,10.2,98.1,20.1,0.32,incendio_florestal
SC,Sul,Pampa,7,93.9,33.6,7,17.0,74.2,25.2,191.0,3.6,162.8,26.8,0.378,nenhum
MG,Sudeste,Cerrado,10,71.8,22.9,9,20.0,65.1,34.3,523.0,16.8,28.2,24.4,0.428,nenhum
MS,Centro-Oeste,Cerrado,3,178.5,60.5,13,26.8,62.1,20.1,799.0,15.0,26.7,17.9,0.558,nenhum
PE,Nordeste,Mata Atlantica,7,61.5,47.1,4,25.8,77.0,16.7,305.0,8.7,9.8,13.7,0.325,incendio_florestal
RJ,Sudeste,Mata Atlantica,4,143.6,39.1,11,23.1,82.3,54.8,318.0,14.8,993.8,39.5,0.44,nenhum
RS,Sul,Pampa,8,126.2,27.0,7,12.2,93.5,15.4,252.0,4.7,25.2,19.4,0.39,nenhum
PE,Nordeste,Cerrado,9,73.0,35.1,4,24.9,74.3,53.7,443.0,7.9,6.5,15.3,0.383,nenhum
RJ,Sudeste,Cerrado,2,362.7,133.8,25,26.1,77.8,59.2,329.0,17.4,288.5,35.4,0.613,deslizamento
AL,Nordeste,Caatinga,3,169.0,44.9,10,26.8,79.2,25.5,71.0,11.1,18.2,16.9,0.487,nenhum
MS,Centro-Oeste,Cerrado,1,278.8,110.8,21,26.2,67.8,27.5,926.0,9.9,142.3,28.6,0.812,inundacao
DF,Centro-Oeste,Cerrado,1,226.4,70.8,18,26.2,58.1,33.8,179.0,4.0,135.8,30.7,0.582,nenhum
MG,Sudeste,Mata Atlantica,1,175.3,71.6,12,23.1,74.6,38.9,457.0,20.2,234.1,28.1,0.471,nenhum
PR,Sul,Pampa,9,84.7,15.0,7,19.8,75.7,35.4,229.0,12.6,6.1,15.3,0.268,nenhum
MT,Centro-Oeste,Cerrado,11,539.6,352.0,28,21.2,75.1,47.7,129.0,15.1,86.8,22.9,0.61,inundacao
AL,Nordeste,Cerrado,5,168.2,61.3,12,22.3,73.5,15.3,276.0,3.1,9.7,12.5,0.598,nenhum
BA,Nordeste,Caatinga,11,100.4,23.6,8,27.7,51.2,38.1,329.0,8.8,54.0,18.4,0.298,incendio_florestal
PI,Nordeste,Caatinga,9,77.8,51.9,7,23.0,57.8,60.8,14.0,8.5,178.9,23.2,0.27,nenhum
BA,Nordeste,Mata Atlantica,10,25.4,5.9,3,31.0,65.2,32.2,17.0,8.5,3.8,11.9,0.359,estiagem_seca
RO,Norte,Amazonia,9,161.5,34.6,15,22.7,91.3,29.4,312.0,8.3,25.5,16.4,0.496,nenhum
DF,Centro-Oeste,Pantanal,3,239.6,121.4,19,28.4,74.5,72.0,271.0,3.4,12.0,19.9,0.618,tempestade
SE,Nordeste,Caatinga,7,72.6,13.8,3,24.3,60.2,23.2,216.0,0.7,62.9,23.2,0.346,nenhum
MA,Nordeste,Caatinga,7,93.9,17.2,5,23.2,63.5,35.3,302.0,11.4,9.2,19.4,0.475,nenhum
MG,Sudeste,Mata Atlantica,8,60.7,31.5,0,20.3,80.8,60.2,512.0,26.1,137.6,23.7,0.252,deslizamento
SE,Nordeste,Mata Atlantica,10,80.2,21.6,4,30.1,69.5,38.9,303.0,15.1,34.1,21.5,0.497,estiagem_seca
RJ,Sudeste,Mata Atlantica,2,151.6,37.1,7,23.1,76.5,63.6,987.0,9.9,45.6,21.8,0.493,estiagem_seca
SC,Sul,Mata Atlantica,9,144.4,26.9,13,16.4,79.8,29.5,766.0,13.6,69.7,28.8,0.45,estiagem_seca
ES,Sudeste,Cerrado,10,100.1,21.3,8,21.7,94.2,59.0,241.0,3.6,0.7,9.1,0.477,nenhum
CE,Nordeste,Caatinga,2,68.8,11.9,2,27.8,63.6,40.1,172.0,10.9,10.0,14.4,0.209,incendio_florestal
MA,Nordeste,Caatinga,5,115.3,57.2,10,24.8,58.1,50.0,163.0,7.0,440.6,33.7,0.406,nenhum
ES,Sudeste,Mata Atlantica,11,127.6,38.4,12,21.7,80.7,28.4,1062.0,7.4,7.8,17.4,0.471,nenhum
MS,Centro-Oeste,Amazonia,1,195.8,84.1,10,29.5,64.8,42.6,65.0,2.0,10.2,12.8,0.722,tempestade
BA,Nordeste,Caatinga,2,100.6,29.6,5,33.5,72.2,32.9,209.0,24.7,28.8,20.0,0.562,estiagem_seca
DF,Centro-Oeste,Cerrado,10,170.5,53.6,13,25.6,63.0,34.2,41.0,5.9,159.3,20.5,0.538,nenhum
SP,Sudeste,Mata Atlantica,3,264.2,147.5,25,22.0,77.7,49.9,775.0,5.1,6.2,17.0,0.687,inundacao
RN,Nordeste,Caatinga,9,88.4,23.8,3,24.9,69.1,31.6,369.0,3.4,33.2,23.0,0.358,nenhum
ES,Sudeste,Mata Atlantica,11,98.2,50.1,8,23.0,79.6,23.7,84.0,7.0,308.5,28.3,0.369,nenhum
RR,Norte,Amazonia,6,47.9,15.8,4,23.6,87.6,14.2,137.0,13.5,79.5,24.6,0.265,incendio_florestal
PE,Nordeste,Caatinga,6,37.5,23.9,4,28.6,61.8,27.0,586.0,14.1,11.2,20.1,0.357,estiagem_seca
ES,Sudeste,Mata Atlantica,6,52.7,12.3,2,19.9,72.4,44.1,509.0,7.3,233.2,16.8,0.421,nenhum
AL,Nordeste,Caatinga,5,60.7,21.7,7,26.8,69.4,43.8,211.0,10.0,30.0,21.1,0.412,nenhum
RJ,Sudeste,Mata Atlantica,5,113.6,26.8,4,21.6,82.4,51.2,868.0,13.7,98.3,16.5,0.526,nenhum
DF,Centro-Oeste,Amazonia,7,50.0,22.9,3,22.3,66.9,20.0,1438.0,12.0,15.3,21.7,0.34,nenhum
PI,Nordeste,Caatinga,11,24.0,14.7,0,31.5,63.6,30.0,443.0,21.2,217.7,23.4,0.307,estiagem_seca
RS,Sul,Pampa,12,293.4,226.0,24,23.7,75.1,32.1,466.0,12.6,30.1,16.6,0.73,inundacao
RN,Nordeste,Caatinga,11,57.9,31.1,6,31.3,73.6,29.5,274.0,11.0,69.1,14.8,0.236,incendio_florestal
PI,Nordeste,Cerrado,2,269.4,85.7,24,28.9,73.8,35.0,421.0,12.7,3.2,10.3,0.68,tempestade
PR,Sul,Pampa,4,169.7,82.5,11,17.4,97.4,52.9,357.0,4.2,466.9,38.7,0.429,nenhum
RJ,Sudeste,Cerrado,10,210.8,104.2,16,23.4,78.4,48.4,667.0,20.8,351.0,33.3,0.552,deslizamento
MG,Sudeste,Cerrado,7,59.7,26.4,1,17.5,77.2,31.6,817.0,19.8,8.4,18.9,0.32,nenhum
AM,Norte,Amazonia,5,114.9,31.8,9,22.1,84.7,16.2,194.0,12.4,493.3,26.3,0.451,nenhum
RN,Nordeste,Mata Atlantica,4,95.4,66.3,10,26.0,75.1,27.1,573.0,12.5,6.6,13.4,0.381,nenhum
ES,Sudeste,Mata Atlantica,2,211.8,52.9,20,24.9,81.9,32.6,392.0,11.2,7.4,16.9,0.45,nenhum
CE,Nordeste,Cerrado,4,101.8,25.5,2,26.7,53.0,70.3,126.0,2.0,36.2,22.5,0.418,tempestade
MA,Nordeste,Cerrado,6,89.7,30.2,6,22.1,68.8,7.8,517.0,4.1,65.2,28.7,0.337,nenhum
MG,Sudeste,Cerrado,5,73.2,44.1,8,18.3,75.5,42.7,894.0,13.0,187.4,20.3,0.384,nenhum
RN,Nordeste,Cerrado,7,51.5,13.6,7,23.6,61.3,22.6,12.0,6.4,43.2,21.6,0.226,incendio_florestal
RO,Norte,Amazonia,4,346.5,108.2,25,25.0,94.6,27.0,208.0,2.0,10.1,16.8,0.711,inundacao
PA,Norte,Cerrado,3,211.2,100.2,15,28.1,100.0,38.1,34.0,5.7,246.9,30.5,0.509,inundacao
DF,Centro-Oeste,Cerrado,11,175.7,49.6,13,22.0,67.6,27.8,365.0,7.0,38.1,26.3,0.4,nenhum
ES,Sudeste,Mata Atlantica,5,143.3,95.8,13,19.7,85.0,27.2,475.0,27.3,129.4,31.4,0.42,deslizamento
RS,Sul,Pampa,4,145.5,32.1,13,18.3,77.5,26.7,199.0,23.7,207.0,30.4,0.328,nenhum
AC,Norte,Amazonia,8,138.7,45.0,8,23.7,88.5,32.2,8.0,3.3,21.4,17.1,0.431,nenhum
PE,Nordeste,Caatinga,7,64.0,15.3,6,23.6,58.5,55.3,329.0,14.6,34.0,18.4,0.347,nenhum
MS,Centro-Oeste,Cerrado,7,50.8,42.2,5,20.3,65.5,50.8,921.0,12.1,131.6,27.4,0.193,incendio_florestal
PE,Nordeste,Caatinga,3,121.1,53.2,13,31.5,75.0,46.4,244.0,10.0,210.6,23.5,0.449,estiagem_seca
GO,Centro-Oeste,Cerrado,9,72.2,11.6,7,22.8,65.3,50.1,1126.0,11.8,19.9,20.8,0.251,nenhum
RS,Sul,Pampa,3,192.4,112.3,17,20.2,87.1,49.4,490.0,21.0,47.3,26.9,0.478,deslizamento
RJ,Sudeste,Mata Atlantica,11,125.6,35.7,13,23.5,64.4,55.2,1770.0,22.0,6.2,15.4,0.385,nenhum
MS,Centro-Oeste,Cerrado,6,62.5,35.7,3,20.1,69.2,24.3,1164.0,11.6,27.0,21.0,0.372,nenhum
PR,Sul,Mata Atlantica,5,70.8,21.1,6,15.6,78.9,18.9,656.0,13.4,459.1,32.4,0.323,nenhum
AM,Norte,Amazonia,5,52.0,16.0,6,23.3,84.4,37.6,6.0,4.1,3.2,13.4,0.299,incendio_florestal
PR,Sul,Mata Atlantica,6,190.3,75.0,16,12.4,79.8,51.1,320.0,2.7,756.5,30.5,0.379,nenhum
GO,Centro-Oeste,Cerrado,8,45.3,10.7,6,19.1,62.9,34.9,830.0,17.2,786.0,37.4,0.243,incendio_florestal
DF,Centro-Oeste,Amazonia,6,24.2,10.9,0,20.6,62.5,23.5,1320.0,10.2,8.3,12.2,0.201,estiagem_seca
RS,Sul,Mata Atlantica,2,102.7,28.9,6,17.6,64.5,45.1,679.0,22.2,10.3,17.9,0.321,tempestade
MT,Centro-Oeste,Cerrado,7,76.0,14.7,4,21.6,54.9,37.8,1538.0,10.6,50.9,16.8,0.408,nenhum
MT,Centro-Oeste,Cerrado,4,100.8,51.3,4,25.0,68.7,29.4,558.0,13.2,27.0,22.6,0.332,tempestade
PI,Nordeste,Caatinga,2,66.5,27.7,6,31.2,70.9,28.4,311.0,7.5,243.2,28.6,0.317,incendio_florestal
MG,Sudeste,Mata Atlantica,11,126.4,61.0,9,21.8,77.7,16.1,69.0,15.2,159.4,23.4,0.372,nenhum
SP,Sudeste,Mata Atlantica,4,257.3,62.5,22,21.9,77.4,21.1,1837.0,19.3,44.2,19.7,0.731,deslizamento
PE,Nordeste,Caatinga,8,40.9,16.7,4,28.5,49.6,17.5,73.0,16.4,6.9,12.9,0.351,estiagem_seca
SP,Sudeste,Mata Atlantica,3,218.1,58.0,16,22.6,71.3,18.8,231.0,12.8,33.3,17.9,0.688,nenhum
MG,Sudeste,Mata Atlantica,5,112.9,26.7,5,20.3,70.7,47.3,1209.0,29.0,2271.7,24.6,0.491,nenhum
BA,Nordeste,Mata Atlantica,5,119.7,58.9,9,21.1,71.8,14.0,400.0,4.9,70.8,19.8,0.331,nenhum
TO,Norte,Amazonia,2,267.3,81.3,19,27.7,93.4,14.2,90.0,5.6,436.3,27.5,0.785,inundacao
MT,Centro-Oeste,Cerrado,12,216.5,38.2,20,28.8,74.3,82.3,910.0,12.6,88.7,18.7,0.44,incendio_florestal
PA,Norte,Amazonia,4,203.7,69.3,13,26.7,88.6,32.1,205.0,17.6,686.2,18.6,0.549,nenhum
RR,Norte,Amazonia,7,168.7,27.8,14,22.1,85.7,20.2,49.0,4.4,46.0,25.1,0.476,nenhum
DF,Centro-Oeste,Cerrado,7,32.3,19.8,3,25.5,65.0,84.0,1300.0,4.8,313.5,33.3,0.115,incendio_florestal
AM,Norte,Amazonia,6,56.8,15.5,3,23.1,85.7,22.7,194.0,6.3,218.8,33.7,0.244,nenhum
BA,Nordeste,Caatinga,8,64.9,17.4,6,21.9,68.8,48.1,665.0,1.9,57.9,16.8,0.412,nenhum
RJ,Sudeste,Mata Atlantica,7,64.1,23.6,3,20.8,70.2,30.0,1014.0,15.4,58.3,16.4,0.354,nenhum
RN,Nordeste,Mata Atlantica,1,153.8,33.9,15,29.4,63.1,16.7,76.0,7.2,5.6,12.5,0.406,incendio_florestal
SC,Sul,Pampa,9,271.4,54.1,23,21.4,85.3,11.3,480.0,19.0,28.8,14.3,0.663,deslizamento
PR,Sul,Mata Atlantica,2,248.9,82.6,21,18.0,84.1,34.9,373.0,12.5,2143.9,37.5,0.679,tempestade
RJ,Sudeste,Mata Atlantica,6,58.6,21.3,5,18.3,72.7,22.5,250.0,15.5,756.3,34.2,0.226,nenhum
PR,Sul,Pampa,5,173.4,68.8,12,13.7,85.2,34.2,665.0,19.9,45.0,17.7,0.511,nenhum
SC,Sul,Mata Atlantica,6,162.5,73.3,11,16.5,97.5,52.0,253.0,8.7,14.3,19.1,0.546,nenhum
CE,Nordeste,Caatinga,1,99.7,40.6,4,33.1,60.1,40.5,344.0,16.1,328.3,23.0,0.444,estiagem_seca
MG,Sudeste,Mata Atlantica,9,49.5,15.6,5,22.0,76.3,57.9,914.0,6.4,79.5,26.8,0.333,nenhum
PE,Nordeste,Caatinga,6,82.2,65.1,6,23.8,54.2,18.6,497.0,8.7,105.3,20.5,0.341,nenhum
RJ,Sudeste,Mata Atlantica,1,258.6,91.1,21,27.0,86.1,34.3,432.0,11.3,32.8,19.0,0.556,tempestade
MT,Centro-Oeste,Cerrado,1,154.4,63.2,10,29.3,84.6,17.1,295.0,7.2,485.5,36.9,0.465,nenhum
AM,Norte,Amazonia,7,104.1,24.0,8,26.3,82.6,71.7,169.0,6.1,76.1,26.5,0.281,tempestade
PB,Nordeste,Caatinga,8,59.9,24.2,5,21.5,62.0,14.9,232.0,14.4,131.9,18.3,0.322,nenhum
PR,Sul,Pampa,7,119.9,28.5,3,12.7,85.3,24.3,37.0,5.3,10.6,15.2,0.39,nenhum
PE,Nordeste,Caatinga,9,29.5,17.6,0,25.1,61.9,32.6,613.0,8.9,16.0,15.3,0.273,estiagem_seca
CE,Nordeste,Caatinga,10,32.1,19.9,3,25.1,68.9,9.2,201.0,14.6,9.2,15.3,0.378,estiagem_seca
CE,Nordeste,Cerrado,11,51.3,20.9,3,26.4,65.9,53.0,273.0,7.9,100.1,19.2,0.333,incendio_florestal
MS,Centro-Oeste,Cerrado,12,127.3,77.9,16,27.4,71.2,79.4,585.0,11.1,57.7,15.1,0.539,tempestade
ES,Sudeste,Mata Atlantica,11,184.0,86.3,12,25.6,76.5,33.5,771.0,12.6,6.9,18.0,0.503,nenhum
SP,Sudeste,Mata Atlantica,10,95.1,19.1,5,21.6,86.9,37.1,715.0,18.7,81.3,29.7,0.383,nenhum
DF,Centro-Oeste,Cerrado,6,87.1,46.7,3,25.2,67.4,31.5,406.0,4.5,61.2,19.6,0.301,nenhum
PI,Nordeste,Caatinga,7,30.6,14.5,3,27.4,55.8,45.6,72.0,10.6,3.0,12.8,0.28,estiagem_seca
TO,Norte,Amazonia,8,154.7,36.0,10,21.3,87.2,37.2,73.0,7.9,16.9,18.9,0.536,nenhum
DF,Centro-Oeste,Cerrado,3,294.2,57.8,24,22.6,80.3,74.0,917.0,6.1,72.2,18.2,0.538,tempestade
SP,Sudeste,Mata Atlantica,9,57.9,18.9,2,18.6,71.7,33.5,496.0,10.6,10.6,18.9,0.316,nenhum
SP,Sudeste,Mata Atlantica,8,59.9,13.9,2,17.8,60.8,49.7,460.0,15.4,33.6,16.7,0.372,nenhum
BA,Nordeste,Cerrado,7,65.2,33.4,3,23.0,66.3,35.4,329.0,10.4,16.2,15.7,0.317,nenhum
ES,Sudeste,Mata Atlantica,11,100.7,29.9,7,20.8,73.6,19.2,800.0,12.4,4.6,11.6,0.482,nenhum
MS,Centro-Oeste,Cerrado,9,88.8,49.1,8,19.5,83.3,53.6,192.0,1.8,2.1,10.4,0.4,nenhum
SP,Sudeste,Cerrado,12,205.1,25.5,19,25.5,80.5,17.1,252.0,8.0,8.4,16.2,0.5,nenhum
MS,Centro-Oeste,Amazonia,12,159.6,19.9,11,25.9,73.2,44.0,1375.0,13.7,972.1,42.4,0.46,nenhum
RJ,Sudeste,Mata Atlantica,10,124.3,47.8,16,23.1,54.1,34.3,269.0,7.8,7.7,12.0,0.471,tempestade
DF,Centro-Oeste,Cerrado,4,60.7,17.6,6,26.6,51.9,32.1,951.0,7.1,38.0,15.6,0.33,incendio_florestal
RS,Sul,Pampa,3,115.8,63.2,17,17.6,86.7,52.9,385.0,12.9,44.6,19.9,0.424,nenhum
GO,Centro-Oeste,Pantanal,4,186.0,88.0,11,24.6,75.5,60.2,977.0,10.2,903.9,32.4,0.568,tempestade
AP,Norte,Cerrado,9,107.3,39.8,8,26.5,80.8,45.3,262.0,0.9,2.2,11.3,0.437,nenhum
CE,Nordeste,Mata Atlantica,11,87.0,45.1,5,29.0,63.7,63.3,301.0,10.8,16.7,13.6,0.437,tempestade
DF,Centro-Oeste,Amazonia,11,127.0,81.3,14,24.4,63.9,32.6,411.0,1.5,75.7,28.2,0.526,nenhum
SP,Sudeste,Mata Atlantica,9,89.6,60.8,10,20.4,84.0,32.1,1070.0,15.6,40.5,22.0,0.425,estiagem_seca
ES,Sudeste,Mata Atlantica,9,113.3,35.6,9,17.6,75.8,15.6,838.0,16.7,25.6,23.5,0.413,nenhum
MG,Sudeste,Mata Atlantica,12,289.5,125.9,24,23.1,75.5,36.1,75.0,13.0,110.8,25.7,0.649,inundacao
SE,Nordeste,Caatinga,9,28.0,12.2,2,25.4,56.6,26.3,446.0,19.2,2.0,11.4,0.275,estiagem_seca
ES,Sudeste,Mata Atlantica,2,158.9,22.2,15,27.0,71.6,33.6,209.0,9.5,30.8,19.3,0.511,nenhum
SP,Sudeste,Cerrado,7,72.5,21.6,6,19.6,80.2,36.2,290.0,13.9,20.2,19.2,0.36,nenhum
MT,Centro-Oeste,Cerrado,5,53.1,7.6,5,22.1,53.7,34.6,211.0,15.8,179.2,17.8,0.273,incendio_florestal
BA,Nordeste,Mata Atlantica,8,52.0,16.6,5,23.7,53.0,26.0,154.0,2.1,2.0,10.8,0.305,deslizamento
PE,Nordeste,Caatinga,8,32.2,9.3,1,22.8,67.7,34.3,143.0,7.9,33.9,24.5,0.202,incendio_florestal
MS,Centro-Oeste,Cerrado,4,131.7,94.0,12,22.4,82.2,40.1,1401.0,4.2,36.1,26.4,0.489,nenhum
ES,Sudeste,Mata Atlantica,4,126.8,46.6,8,23.1,83.3,53.7,1050.0,14.7,24.4,19.3,0.466,nenhum
RS,Sul,Mata Atlantica,2,115.2,47.1,12,16.6,78.5,18.9,410.0,2.7,19.1,19.6,0.426,nenhum
ES,Sudeste,Mata Atlantica,4,308.2,123.6,25,26.5,79.5,34.2,953.0,10.1,37.5,23.7,0.612,nenhum
BA,Nordeste,Caatinga,10,27.0,11.6,2,26.8,66.2,22.5,406.0,10.2,237.4,34.6,0.266,estiagem_seca
ES,Sudeste,Mata Atlantica,8,47.0,14.5,3,19.8,64.4,52.8,171.0,14.9,121.0,15.8,0.271,incendio_florestal
SP,Sudeste,Cerrado,12,106.0,44.9,3,21.0,77.2,14.9,936.0,27.2,15.5,19.3,0.363,deslizamento
PI,Nordeste,Caatinga,12,176.5,51.4,16,30.0,73.0,57.2,621.0,9.8,15.3,17.8,0.595,estiagem_seca
RJ,Sudeste,Mata Atlantica,11,269.9,68.0,19,20.6,85.0,23.3,1524.0,16.9,8.8,12.9,0.662,deslizamento
TO,Norte,Amazonia,3,246.4,153.0,15,25.1,92.6,64.5,99.0,2.8,204.7,33.7,0.641,tempestade
RR,Norte,Amazonia,5,158.3,89.6,13,25.4,92.4,27.6,19.0,2.3,18.3,19.7,0.468,inundacao
AP,Norte,Cerrado,1,186.4,109.7,12,30.6,88.0,49.1,40.0,14.1,7.1,14.1,0.556,estiagem_seca
BA,Nordeste,Caatinga,2,62.0,23.4,3,32.7,59.4,22.8,445.0,6.7,50.7,14.7,0.344,estiagem_seca
SC,Sul,Mata Atlantica,3,362.9,117.7,27,19.5,78.8,44.2,336.0,5.2,66.8,22.6,0.734,inundacao
GO,Centro-Oeste,Cerrado,4,111.9,55.4,8,22.6,79.8,39.4,617.0,14.0,28.7,23.5,0.437,nenhum
PE,Nordeste,Caatinga,1,48.2,19.6,3,32.4,65.1,24.6,725.0,6.6,51.6,26.2,0.322,estiagem_seca
GO,Centro-Oeste,Amazonia,11,87.0,33.9,5,29.5,62.1,33.6,110.0,9.8,33.7,25.7,0.393,incendio_florestal
MA,Nordeste,Caatinga,7,59.8,41.9,10,21.4,54.8,27.9,428.0,18.2,92.9,18.3,0.403,nenhum
PI,Nordeste,Mata Atlantica,8,48.2,9.2,1,25.9,57.0,21.2,419.0,8.6,65.1,26.7,0.4,estiagem_seca
AL,Nordeste,Caatinga,8,57.7,12.3,6,25.0,64.5,93.5,456.0,23.8,16.6,20.5,0.36,tempestade
ES,Sudeste,Mata Atlantica,12,265.0,43.0,20,24.4,86.6,10.5,27.0,5.3,114.5,28.5,0.58,inundacao
PB,Nordeste,Cerrado,2,239.4,84.0,18,27.9,73.4,43.5,642.0,12.8,12.0,15.5,0.685,tempestade
MG,Sudeste,Mata Atlantica,5,162.3,105.4,13,19.8,74.5,33.2,379.0,23.8,8.6,16.0,0.616,deslizamento
PB,Nordeste,Caatinga,4,68.6,30.0,8,27.4,53.3,28.3,585.0,7.7,55.7,24.8,0.24,incendio_florestal
MG,Sudeste,Cerrado,7,56.3,35.1,5,18.3,73.4,29.6,37.0,21.6,76.3,16.0,0.45,nenhum
SP,Sudeste,Cerrado,7,140.4,48.5,9,17.8,77.8,38.2,1067.0,25.3,156.9,26.8,0.502,deslizamento
TO,Norte,Amazonia,10,179.3,45.1,12,25.0,75.1,76.7,249.0,0.7,696.8,34.0,0.523,tempestade
RR,Norte,Amazonia,7,136.7,55.3,13,20.5,91.6,41.4,3.0,3.0,2.8,12.4,0.469,nenhum
PR,Sul,Mata Atlantica,3,172.9,50.5,13,18.2,81.0,28.0,745.0,16.1,18.0,21.9,0.488,nenhum
MT,Centro-Oeste,Cerrado,7,24.4,7.8,2,21.6,59.7,26.0,804.0,22.1,52.4,25.9,0.317,estiagem_seca
ES,Sudeste,Cerrado,12,201.0,44.7,16,22.9,86.8,16.7,608.0,15.3,548.6,38.0,0.437,nenhum
AC,Norte,Amazonia,7,97.4,39.1,9,19.3,86.7,24.8,249.0,19.3,24.0,22.2,0.543,nenhum
CE,Nordeste,Caatinga,8,32.9,10.3,2,25.3,55.9,38.9,50.0,11.4,3.7,14.2,0.361,estiagem_seca
MS,Centro-Oeste,Cerrado,3,200.4,39.4,16,29.2,74.1,45.0,1019.0,12.8,8.4,19.1,0.621,nenhum
PR,Sul,Pampa,1,109.0,26.5,12,23.5,75.2,85.0,545.0,13.8,32.1,17.5,0.45,tempestade
CE,Nordeste,Caatinga,3,209.4,45.8,16,28.0,67.8,42.8,484.0,9.9,78.0,29.9,0.519,nenhum
ES,Sudeste,Cerrado,1,369.9,65.4,28,24.4,93.3,30.6,475.0,10.5,1180.8,26.0,0.667,inundacao
RJ,Sudeste,Mata Atlantica,6,48.3,28.2,4,21.7,85.1,35.0,750.0,10.5,16.2,14.5,0.222,incendio_florestal
AC,Norte,Amazonia,11,271.6,102.8,27,25.9,85.9,58.9,49.0,1.7,96.5,29.3,0.568,inundacao
PI,Nordeste,Caatinga,6,106.8,30.4,7,24.7,73.0,48.3,361.0,17.0,205.9,32.6,0.263,nenhum
PB,Nordeste,Caatinga,8,61.2,17.3,5,22.5,58.8,28.1,255.0,1.6,18.3,15.3,0.35,nenhum
GO,Centro-Oeste,Cerrado,11,128.2,80.5,6,24.8,63.9,31.9,950.0,4.1,527.0,26.0,0.402,nenhum
MG,Sudeste,Mata Atlantica,10,174.7,53.9,13,24.5,88.1,59.5,405.0,21.9,17.9,14.1,0.539,estiagem_seca
MT,Centro-Oeste,Pantanal,8,71.5,10.2,6,22.9,66.9,29.5,629.0,14.9,9.1,13.2,0.384,nenhum
PE,Nordeste,Cerrado,10,32.8,9.5,1,30.9,64.3,22.6,108.0,3.1,432.0,25.3,0.35,estiagem_seca
ES,Sudeste,Cerrado,4,189.9,96.4,13,24.4,92.3,49.1,473.0,24.8,39.9,16.0,0.468,deslizamento
MG,Sudeste,Mata Atlantica,6,89.0,26.3,8,17.2,82.7,52.8,771.0,10.4,7.9,12.6,0.502,nenhum
MS,Centro-Oeste,Cerrado,5,93.7,37.6,12,23.6,63.8,25.5,1234.0,20.3,22.1,16.7,0.406,nenhum
MG,Sudeste,Mata Atlantica,10,198.5,65.4,14,21.2,75.8,57.3,382.0,2.1,14.5,20.1,0.545,nenhum
SE,Nordeste,Caatinga,5,142.3,49.7,9,21.4,69.4,69.9,54.0,10.3,18.5,21.8,0.489,tempestade
ES,Sudeste,Mata Atlantica,12,51.0,22.4,8,24.6,84.8,47.0,444.0,15.0,55.5,18.4,0.345,nenhum
MA,Nordeste,Caatinga,3,145.7,90.9,14,29.4,66.1,18.0,216.0,13.6,25.3,23.8,0.552,incendio_florestal
RN,Nordeste,Cerrado,3,110.5,40.3,12,29.2,68.3,34.2,37.0,9.8,933.3,19.0,0.409,nenhum
SE,Nordeste,Cerrado,9,29.6,21.0,0,26.7,53.8,61.3,221.0,12.6,24.8,16.6,0.193,estiagem_seca
ES,Sudeste,Mata Atlantica,10,135.7,73.9,15,22.7,67.8,56.3,581.0,10.0,33.8,20.9,0.366,incendio_florestal
ES,Sudeste,Mata Atlantica,9,73.0,17.6,8,20.1,91.5,7.3,690.0,11.5,390.6,36.2,0.352,nenhum
PE,Nordeste,Mata Atlantica,4,102.1,56.7,7,25.6,61.5,12.0,464.0,12.3,274.4,34.4,0.396,nenhum
SC,Sul,Mata Atlantica,1,227.1,81.4,17,21.4,84.7,42.4,367.0,3.6,131.0,29.1,0.728,nenhum
SP,Sudeste,Mata Atlantica,4,118.1,53.0,7,21.4,69.9,42.5,915.0,14.9,23.3,17.8,0.34,nenhum
AC,Norte,Amazonia,6,101.2,56.6,7,24.3,91.5,55.2,63.0,8.2,368.8,35.9,0.387,nenhum
ES,Sudeste,Mata Atlantica,5,83.2,42.7,7,22.8,81.5,23.6,907.0,18.7,23.7,13.4,0.45,nenhum
BA,Nordeste,Caatinga,12,147.0,53.0,8,31.7,77.9,46.9,166.0,1.3,8.6,11.9,0.531,estiagem_seca
PR,Sul,Mata Atlantica,11,192.5,113.5,20,20.2,80.2,55.0,398.0,9.5,17.3,19.6,0.556,tempestade
MA,Nordeste,Cerrado,10,26.1,11.9,4,27.1,73.6,30.9,319.0,10.5,140.6,19.2,0.248,inundacao
AL,Nordeste,Caatinga,1,59.8,42.2,7,28.5,70.3,32.0,54.0,16.0,28.6,25.2,0.291,incendio_florestal
DF,Centro-Oeste,Cerrado,2,325.5,87.3,28,28.1,74.2,63.2,370.0,4.6,57.3,22.0,0.682,tempestade
PI,Nordeste,Cerrado,6,52.8,21.3,5,22.2,71.8,31.1,369.0,10.0,9.7,13.0,0.42,nenhum
RJ,Sudeste,Mata Atlantica,8,95.0,23.2,10,19.1,85.9,26.2,10.0,9.3,145.8,32.6,0.265,nenhum
MS,Centro-Oeste,Cerrado,9,60.3,23.8,3,23.8,57.6,17.8,954.0,13.2,14.0,15.2,0.317,nenhum
CE,Nordeste,Caatinga,4,80.9,44.4,7,27.2,52.5,39.5,417.0,1.2,11.3,14.5,0.488,nenhum
MT,Centro-Oeste,Amazonia,2,225.6,107.1,20,28.9,79.8,34.3,763.0,14.1,30.9,15.1,0.55,tempestade
RS,Sul,Pampa,4,129.3,29.2,11,17.9,69.4,29.9,423.0,4.0,6.0,17.2,0.492,nenhum
ES,Sudeste,Mata Atlantica,10,153.4,71.3,13,21.8,81.3,39.0,1269.0,18.0,10.6,18.5,0.312,nenhum
MT,Centro-Oeste,Cerrado,12,270.8,74.7,18,27.8,84.3,59.1,637.0,7.3,11.5,19.0,0.639,tempestade
SE,Nordeste,Caatinga,12,69.5,17.8,5,27.2,58.1,51.8,27.0,6.1,60.0,20.4,0.28,incendio_florestal
PE,Nordeste,Mata Atlantica,8,65.8,11.3,6,27.3,62.5,47.5,127.0,11.7,14.6,18.4,0.422,nenhum
SC,Sul,Mata Atlantica,2,117.5,64.4,7,21.3,89.6,29.4,553.0,9.4,66.5,24.9,0.335,nenhum
SP,Sudeste,Cerrado,12,174.1,39.1,14,25.2,64.6,44.5,676.0,14.9,33.3,25.8,0.438,nenhum
MG,Sudeste,Cerrado,2,113.0,63.3,12,26.0,69.9,18.3,504.0,1.4,20.9,18.9,0.365,nenhum
RS,Sul,Mata Atlantica,4,208.9,71.7,15,16.6,83.4,42.2,415.0,8.5,270.5,22.2,0.552,nenhum
RR,Norte,Amazonia,12,446.6,54.7,24,25.6,84.2,27.2,164.0,12.8,3.6,11.1,0.666,inundacao
SP,Sudeste,Cerrado,7,97.7,27.2,8,19.6,78.4,37.9,252.0,17.9,106.8,19.4,0.356,nenhum
PB,Nordeste,Cerrado,3,124.9,60.2,10,30.4,83.9,31.3,9.0,18.8,7.7,11.6,0.49,estiagem_seca
AM,Norte,Amazonia,7,109.0,50.0,12,23.0,93.7,35.9,79.0,12.3,12.5,13.5,0.359,nenhum
DF,Centro-Oeste,Cerrado,1,161.8,22.9,11,26.0,70.8,12.1,522.0,8.8,22.2,18.6,0.546,inundacao
BA,Nordeste,Cerrado,4,100.0,65.8,9,30.2,63.8,92.1,417.0,4.8,30.1,13.5,0.366,tempestade
RS,Sul,Pampa,12,269.4,164.4,20,19.4,84.5,46.4,355.0,17.8,39.1,15.1,0.537,deslizamento
AL,Nordeste,Caatinga,4,110.2,32.3,11,29.9,71.6,56.0,338.0,11.0,49.5,14.9,0.422,estiagem_seca
ES,Sudeste,Mata Atlantica,11,138.6,84.4,11,26.2,82.0,45.1,1525.0,15.1,19.6,18.4,0.506,tempestade
MG,Sudeste,Cerrado,7,46.2,24.2,3,16.4,72.6,12.1,1688.0,10.6,1.2,9.3,0.268,estiagem_seca
MG,Sudeste,Cerrado,8,160.2,38.9,8,19.1,78.9,39.6,1471.0,13.3,14.0,17.1,0.523,incendio_florestal
PR,Sul,Pampa,9,156.1,43.2,16,14.8,74.5,15.2,13.0,10.1,145.9,26.6,0.447,nenhum
PI,Nordeste,Cerrado,7,71.8,41.4,5,22.9,67.5,27.7,289.0,3.1,96.8,18.9,0.312,nenhum
PI,Nordeste,Caatinga,1,40.2,16.4,3,29.2,66.1,34.2,270.0,11.7,101.3,30.3,0.303,estiagem_seca
CE,Nordeste,Caatinga,12,113.4,48.6,7,25.0,66.4,31.8,374.0,12.5,28.7,25.0,0.454,nenhum
AL,Nordeste,Caatinga,6,48.3,11.1,4,23.4,55.5,17.2,379.0,7.5,85.5,29.5,0.197,incendio_florestal
RS,Sul,Mata Atlantica,8,128.1,28.7,9,18.4,77.8,18.2,194.0,10.0,20.5,22.6,0.373,nenhum
MT,Centro-Oeste,Pantanal,7,75.6,28.5,6,22.8,67.8,51.6,539.0,6.6,23.7,14.0,0.423,nenhum
CE,Nordeste,Caatinga,8,35.0,5.7,4,27.4,44.5,55.0,186.0,12.3,17.2,15.9,0.22,estiagem_seca
PI,Nordeste,Caatinga,5,99.9,35.4,8,23.6,75.0,45.8,154.0,15.2,174.7,20.9,0.333,nenhum
MT,Centro-Oeste,Cerrado,11,81.4,26.2,2,26.6,72.7,58.2,715.0,5.3,0.9,9.4,0.377,nenhum
ES,Sudeste,Mata Atlantica,3,140.3,48.8,13,23.2,67.3,91.1,703.0,17.0,49.1,22.2,0.423,tempestade
PE,Nordeste,Cerrado,8,41.3,10.5,3,23.8,59.3,38.8,286.0,7.7,49.0,25.7,0.24,incendio_florestal
MG,Sudeste,Mata Atlantica,7,43.3,9.6,2,18.2,86.2,51.2,801.0,16.3,55.5,26.6,0.259,nenhum
MG,Sudeste,Mata Atlantica,7,54.4,19.5,3,20.0,71.5,32.4,1306.0,21.1,36.0,16.6,0.311,nenhum
MG,Sudeste,Mata Atlantica,1,112.1,13.8,11,27.6,82.0,21.7,544.0,18.0,260.1,24.1,0.424,nenhum
AL,Nordeste,Caatinga,5,106.8,37.0,12,24.1,53.2,15.5,256.0,0.7,43.3,24.6,0.404,nenhum
RJ,Sudeste,Cerrado,1,106.4,12.5,10,24.3,86.1,67.3,888.0,9.2,29.6,22.7,0.524,nenhum
BA,Nordeste,Cerrado,7,57.8,19.2,7,24.3,67.4,22.8,774.0,18.5,108.2,29.8,0.338,incendio_florestal
AL,Nordeste,Mata Atlantica,9,33.8,15.8,2,27.9,66.3,7.0,212.0,13.5,3.8,11.0,0.302,estiagem_seca
ES,Sudeste,Mata Atlantica,7,39.5,9.0,3,21.8,65.5,25.5,750.0,5.6,13.7,13.4,0.426,estiagem_seca
ES,Sudeste,Mata Atlantica,10,114.5,21.6,11,19.2,77.5,33.7,1494.0,18.5,198.6,30.5,0.332,nenhum
PI,Nordeste,Caatinga,5,170.6,44.0,12,21.9,74.2,90.4,367.0,12.3,61.9,25.1,0.646,tempestade
PR,Sul,Pampa,4,105.5,32.5,9,18.1,74.2,39.7,480.0,9.8,5.0,16.0,0.6,nenhum
AM,Norte,Cerrado,6,74.9,32.9,6,20.8,84.6,29.5,265.0,2.7,2086.1,45.5,0.339,nenhum
MG,Sudeste,Mata Atlantica,3,197.0,39.3,12,24.1,81.8,53.9,1282.0,21.0,31.9,25.5,0.547,nenhum
RS,Sul,Pampa,10,186.2,83.0,13,14.3,75.1,38.3,455.0,1.8,13.0,16.8,0.632,nenhum
RJ,Sudeste,Cerrado,10,90.2,23.1,5,20.3,73.8,32.2,589.0,14.3,4.8,15.9,0.48,nenhum
MG,Sudeste,Cerrado,5,114.9,28.8,6,18.9,83.1,45.2,1321.0,21.3,311.9,24.9,0.346,nenhum
MG,Sudeste,Mata Atlantica,10,53.0,33.3,4,22.3,69.5,30.6,648.0,9.6,10.1,19.0,0.374,nenhum
SP,Sudeste,Cerrado,1,223.8,77.8,20,23.9,81.3,73.7,410.0,12.9,22.9,21.2,0.603,tempestade
RJ,Sudeste,Mata Atlantica,2,257.3,52.8,24,18.8,79.7,70.2,524.0,9.8,67.2,22.9,0.604,tempestade
ES,Sudeste,Mata Atlantica,4,162.3,43.9,10,22.6,94.8,55.9,715.0,20.0,2.0,11.1,0.561,nenhum
RN,Nordeste,Cerrado,5,117.9,36.1,10,22.6,74.5,24.8,407.0,4.9,140.3,30.5,0.407,nenhum
MG,Sudeste,Mata Atlantica,3,172.4,22.9,16,24.6,74.3,31.5,305.0,9.3,10.7,18.4,0.441,nenhum
MA,Nordeste,Caatinga,7,62.2,39.2,5,26.3,58.1,50.5,622.0,15.5,206.9,27.7,0.407,nenhum
RS,Sul,Mata Atlantica,10,112.7,34.5,9,19.3,81.6,31.8,31.0,10.5,62.9,23.0,0.427,nenhum
PI,Nordeste,Mata Atlantica,6,95.6,31.3,8,25.2,59.7,30.1,113.0,20.5,228.3,19.7,0.451,nenhum
AL,Nordeste,Caatinga,6,51.0,7.1,5,23.7,61.8,39.4,608.0,8.8,56.0,22.2,0.37,nenhum
SC,Sul,Mata Atlantica,1,101.5,36.7,14,20.9,76.8,24.1,237.0,14.5,192.1,19.7,0.355,nenhum
PE,Nordeste,Caatinga,4,258.8,155.4,19,29.0,78.1,40.9,266.0,9.2,81.7,17.9,0.829,tempestade
CE,Nordeste,Caatinga,10,26.2,13.6,2,24.9,48.3,26.7,875.0,3.8,37.8,19.2,0.417,estiagem_seca
ES,Sudeste,Cerrado,10,104.0,58.3,11,21.6,81.4,21.8,422.0,27.4,68.9,28.4,0.315,deslizamento
RN,Nordeste,Mata Atlantica,2,102.4,26.2,9,31.6,67.0,43.1,383.0,4.6,0.5,9.4,0.44,estiagem_seca
PB,Nordeste,Caatinga,1,75.4,13.4,6,30.4,71.5,20.4,17.0,1.6,18.3,19.2,0.373,incendio_florestal
DF,Centro-Oeste,Amazonia,10,89.4,28.2,8,23.5,68.6,17.4,562.0,17.6,243.6,26.8,0.317,deslizamento
RN,Nordeste,Cerrado,3,87.7,52.8,5,29.8,71.7,16.9,255.0,9.4,6.1,13.2,0.373,inundacao
PE,Nordeste,Caatinga,7,44.2,22.3,4,19.4,68.7,43.7,607.0,7.5,17.3,14.4,0.486,estiagem_seca
PA,Norte,Cerrado,10,438.9,118.2,25,24.1,78.1,26.2,195.0,2.2,4.2,16.2,0.649,inundacao
PB,Nordeste,Cerrado,10,30.2,8.6,3,26.8,70.6,22.3,319.0,11.0,2.9,12.1,0.435,estiagem_seca
SE,Nordeste,Caatinga,7,92.6,16.4,5,24.7,46.5,53.1,286.0,3.4,23.0,18.8,0.477,nenhum
AC,Norte,Amazonia,5,268.5,36.7,21,21.5,94.0,14.7,38.0,7.9,76.1,19.8,0.704,inundacao
SP,Sudeste,Cerrado,10,128.4,34.9,12,21.3,89.7,30.2,15.0,11.0,26.8,19.4,0.548,nenhum
SP,Sudeste,Cerrado,9,164.7,51.2,12,19.0,72.2,90.6,288.0,19.5,6.1,17.6,0.59,tempestade
AP,Norte,Amazonia,11,395.4,123.0,23,26.1,91.2,30.1,43.0,17.7,6.9,16.5,0.725,inundacao
SE,Nordeste,Caatinga,7,31.5,10.7,0,23.7,74.6,50.2,465.0,8.2,9.4,17.9,0.358,tempestade
SC,Sul,Pampa,12,292.0,150.2,22,20.6,92.9,35.9,130.0,12.7,25.6,23.1,0.628,inundacao
MG,Sudeste,Cerrado,10,106.9,56.8,6,18.8,76.9,25.4,753.0,12.9,9.6,19.3,0.404,inundacao
MS,Centro-Oeste,Cerrado,1,99.6,34.3,9,29.6,81.1,31.5,1045.0,9.1,206.9,30.7,0.272,incendio_florestal
MT,Centro-Oeste,Cerrado,4,93.4,15.6,11,26.6,59.5,34.8,448.0,5.6,13.6,19.0,0.446,nenhum
PB,Nordeste,Caatinga,10,66.5,23.7,5,29.3,67.0,15.5,221.0,2.8,19.1,22.9,0.29,incendio_florestal
MG,Sudeste,Mata Atlantica,2,339.8,77.5,27,20.1,77.1,27.0,1109.0,24.8,88.0,19.1,0.572,deslizamento
RS,Sul,Pampa,9,84.9,50.6,9,16.7,76.9,52.9,796.0,17.1,1.9,12.1,0.442,nenhum
RS,Sul,Mata Atlantica,5,57.5,16.8,4,20.1,79.1,28.7,473.0,16.6,386.2,23.7,0.297,nenhum
MA,Nordeste,Caatinga,3,135.9,34.0,11,30.6,76.8,56.4,252.0,9.8,137.9,19.8,0.584,estiagem_seca
PE,Nordeste,Cerrado,7,45.7,26.0,3,22.0,55.6,67.3,83.0,2.0,132.3,18.3,0.372,incendio_florestal
BA,Nordeste,Cerrado,12,89.0,23.7,7,31.5,53.3,56.3,698.0,10.7,13.1,17.2,0.489,estiagem_seca
MA,Nordeste,Caatinga,11,50.5,18.1,5,27.1,76.5,58.4,19.0,6.4,10.9,17.9,0.315,estiagem_seca
RN,Nordeste,Caatinga,5,52.2,16.1,4,25.5,57.6,34.6,339.0,9.9,15.9,16.1,0.351,incendio_florestal
RJ,Sudeste,Mata Atlantica,1,385.4,213.4,28,25.0,69.9,32.2,1052.0,24.4,22.2,15.7,0.753,deslizamento
SE,Nordeste,Caatinga,11,33.2,8.6,0,30.2,61.2,52.3,410.0,2.9,266.6,27.4,0.088,estiagem_seca
PR,Sul,Mata Atlantica,11,297.4,112.6,25,18.7,88.5,66.8,525.0,25.5,2.1,11.2,0.589,deslizamento
RO,Norte,Amazonia,8,65.8,15.9,7,22.7,80.7,41.2,116.0,1.7,282.4,21.0,0.334,nenhum
TO,Norte,Amazonia,8,60.8,16.0,8,21.4,79.3,26.4,26.0,3.1,29.0,15.3,0.228,tempestade
RS,Sul,Mata Atlantica,7,54.7,17.8,4,17.1,80.9,26.6,381.0,5.2,201.1,25.6,0.248,inundacao
ES,Sudeste,Mata Atlantica,1,105.8,31.0,11,27.3,70.7,60.4,839.0,14.2,71.4,21.0,0.452,nenhum
MA,Nordeste,Cerrado,2,130.7,24.3,6,28.2,70.9,18.8,297.0,12.7,104.7,19.9,0.484,nenhum
SP,Sudeste,Mata Atlantica,2,206.5,83.6,13,25.3,76.3,15.7,23.0,15.7,167.7,21.7,0.638,inundacao
MA,Nordeste,Cerrado,11,71.2,24.2,4,30.2,70.3,43.3,12.0,6.2,33.5,19.2,0.277,incendio_florestal
RN,Nordeste,Mata Atlantica,1,95.6,46.0,5,29.5,73.4,34.9,70.0,9.5,9.7,13.7,0.477,estiagem_seca
DF,Centro-Oeste,Cerrado,7,42.4,19.0,2,20.9,72.7,51.7,1437.0,7.1,10.3,15.6,0.256,incendio_florestal
BA,Nordeste,Mata Atlantica,5,71.9,20.4,5,24.3,66.4,36.4,420.0,4.3,170.3,20.0,0.392,nenhum
SP,Sudeste,Mata Atlantica,1,148.8,48.4,12,25.8,74.4,45.2,271.0,22.3,406.6,30.6,0.509,nenhum
AL,Nordeste,Caatinga,12,64.3,15.1,1,31.4,57.2,52.0,121.0,0.8,13.5,20.5,0.486,estiagem_seca
ES,Sudeste,Mata Atlantica,1,117.5,31.9,8,26.7,74.6,50.0,563.0,17.2,214.4,26.1,0.538,nenhum
RJ,Sudeste,Mata Atlantica,11,264.9,75.3,19,23.9,82.6,41.2,1074.0,11.2,172.0,32.2,0.687,nenhum
AL,Nordeste,Caatinga,10,36.9,25.5,4,25.8,68.4,70.6,177.0,6.1,4.2,16.0,0.279,estiagem_seca
PA,Norte,Amazonia,10,189.9,95.3,13,24.6,88.7,66.9,125.0,8.8,162.9,24.7,0.561,tempestade
MT,Centro-Oeste,Cerrado,2,295.4,67.5,25,26.1,76.0,59.9,427.0,10.0,16.5,14.1,0.717,nenhum
ES,Sudeste,Mata Atlantica,11,229.5,84.5,17,21.4,72.8,36.1,405.0,15.4,394.1,25.2,0.578,nenhum
RJ,Sudeste,Mata Atlantica,8,68.9,29.5,6,19.4,77.2,31.0,113.0,9.8,59.2,17.2,0.402,nenhum
RJ,Sudeste,Cerrado,5,58.0,11.2,4,19.9,82.8,17.9,1287.0,18.1,1759.6,20.8,0.379,nenhum
AL,Nordeste,Mata Atlantica,9,17.5,9.2,1,24.0,67.8,24.0,389.0,17.2,40.1,15.5,0.322,estiagem_seca
RN,Nordeste,Caatinga,5,88.1,61.9,7,27.1,52.8,46.6,99.0,11.4,16.7,19.5,0.306,tempestade
ES,Sudeste,Mata Atlantica,4,153.9,48.8,11,21.0,87.5,35.4,327.0,10.1,94.8,28.0,0.473,nenhum
AL,Nordeste,Caatinga,4,123.1,18.8,12,26.9,76.9,71.1,445.0,9.9,136.7,26.9,0.491,tempestade
SP,Sudeste,Cerrado,7,27.2,8.2,4,20.9,71.3,65.0,154.0,16.6,101.6,21.0,0.322,incendio_florestal
CE,Nordeste,Caatinga,8,44.0,22.8,4,21.6,46.4,21.3,254.0,3.1,24.6,15.4,0.305,nenhum
PE,Nordeste,Cerrado,3,225.0,56.0,19,29.4,78.2,17.3,243.0,2.0,139.5,22.7,0.616,nenhum
GO,Centro-Oeste,Pantanal,3,160.6,27.8,18,23.7,63.6,24.1,1132.0,10.2,7.5,13.6,0.502,nenhum
GO,Centro-Oeste,Cerrado,12,155.4,55.1,8,24.3,86.9,75.8,1153.0,5.1,1.4,12.2,0.567,tempestade
MG,Sudeste,Mata Atlantica,7,50.7,22.3,7,21.5,80.3,89.3,750.0,5.1,75.1,27.5,0.176,tempestade
GO,Centro-Oeste,Cerrado,11,85.8,23.0,7,26.3,85.1,49.3,778.0,10.5,1242.5,22.0,0.303,nenhum
SC,Sul,Mata Atlantica,4,125.9,28.0,11,20.0,75.1,51.6,218.0,13.0,110.2,26.0,0.39,nenhum
MG,Sudeste,Cerrado,4,104.0,57.3,8,17.6,71.4,20.5,628.0,8.8,13.7,16.5,0.458,nenhum
SC,Sul,Mata Atlantica,4,91.6,53.2,6,16.5,86.0,38.3,271.0,13.8,27.0,20.5,0.487,nenhum
MG,Sudeste,Mata Atlantica,7,78.6,38.9,4,18.0,72.7,74.5,430.0,10.3,44.0,20.6,0.387,tempestade
SP,Sudeste,Mata Atlantica,10,118.9,32.0,6,21.2,79.5,25.4,650.0,14.7,11.3,13.7,0.371,nenhum
SP,Sudeste,Mata Atlantica,7,54.4,21.9,3,20.8,71.8,47.0,243.0,5.5,9.9,15.1,0.319,nenhum
MS,Centro-Oeste,Pantanal,4,75.3,17.9,4,26.5,66.6,51.0,736.0,5.5,77.2,29.7,0.262,incendio_florestal
PE,Nordeste,Cerrado,12,44.5,14.4,3,29.5,59.3,23.5,312.0,10.4,83.9,26.1,0.265,estiagem_seca
SP,Sudeste,Mata Atlantica,7,54.4,18.1,6,16.0,65.3,44.5,425.0,9.8,10.8,12.4,0.277,nenhum
RR,Norte,Amazonia,5,152.6,35.0,8,22.6,84.7,14.9,101.0,10.0,5.6,14.9,0.485,nenhum
PA,Norte,Amazonia,1,163.8,37.7,14,27.1,75.6,30.0,190.0,10.6,31.3,16.0,0.47,nenhum
SC,Sul,Pampa,7,86.6,30.0,5,15.8,71.2,4.8,543.0,10.4,22.6,20.8,0.518,nenhum
PA,Norte,Amazonia,8,120.1,57.5,10,25.2,95.7,33.1,192.0,1.4,111.2,20.6,0.464,nenhum
MT,Centro-Oeste,Cerrado,12,233.6,130.9,17,26.0,77.5,37.3,357.0,9.4,13.8,20.8,0.578,tempestade
MG,Sudeste,Cerrado,3,179.3,45.6,16,17.7,85.0,32.3,634.0,20.3,68.8,17.2,0.549,nenhum
RN,Nordeste,Mata Atlantica,2,72.2,17.8,1,27.6,69.8,60.8,38.0,12.3,78.0,27.3,0.452,tempestade
SC,Sul,Mata Atlantica,12,478.8,163.3,31,18.7,88.3,36.4,325.0,8.0,137.8,17.3,0.739,inundacao
SE,Nordeste,Caatinga,7,57.6,28.3,3,19.1,67.9,110.0,110.0,9.5,37.2,19.3,0.315,tempestade
PR,Sul,Mata Atlantica,1,172.0,43.6,19,19.7,74.4,31.3,546.0,15.4,15.0,18.6,0.495,nenhum
RJ,Sudeste,Mata Atlantica,2,229.4,89.1,19,25.6,75.4,22.7,246.0,20.0,26.8,19.0,0.66,deslizamento
MA,Nordeste,Caatinga,6,78.1,34.4,7,25.6,64.9,26.8,240.0,18.9,31.5,17.2,0.333,nenhum
CE,Nordeste,Caatinga,8,18.2,8.0,1,22.8,65.9,53.8,37.0,4.0,824.9,24.5,0.321,tempestade
AL,Nordeste,Cerrado,3,133.1,21.9,10,26.2,66.7,36.8,464.0,10.2,18.9,23.1,0.629,estiagem_seca
SE,Nordeste,Caatinga,5,95.9,26.5,7,26.3,70.8,40.9,229.0,2.7,713.6,27.3,0.385,nenhum
MA,Nordeste,Mata Atlantica,9,14.8,7.8,0,27.1,77.9,28.0,33.0,9.3,44.9,21.4,0.251,estiagem_seca
PR,Sul,Mata Atlantica,12,206.9,72.9,17,19.1,83.4,20.2,441.0,14.5,23.0,23.6,0.5,nenhum
SE,Nordeste,Caatinga,6,66.4,27.3,3,22.6,55.3,11.6,171.0,17.2,15.3,14.1,0.467,nenhum
RJ,Sudeste,Mata Atlantica,5,108.3,47.8,7,21.8,72.7,26.0,1070.0,3.9,8.3,15.6,0.468,nenhum
MA,Nordeste,Cerrado,5,59.6,24.6,4,27.0,42.1,31.6,323.0,2.6,31.6,23.7,0.197,incendio_florestal
PR,Sul,Pampa,2,251.2,96.7,17,22.4,92.3,34.8,486.0,5.9,37.5,21.7,0.691,inundacao
PI,Nordeste,Cerrado,1,69.9,26.0,4,34.3,61.9,27.5,197.0,13.5,42.2,18.3,0.351,estiagem_seca
MT,Centro-Oeste,Cerrado,11,256.1,79.5,22,28.2,71.9,37.0,457.0,12.2,1138.6,40.3,0.621,tempestade
ES,Sudeste,Mata Atlantica,1,154.3,61.0,10,21.8,85.6,55.8,46.0,10.6,329.0,32.8,0.433,nenhum
PA,Norte,Amazonia,10,392.7,138.3,25,23.9,92.3,33.9,227.0,3.4,47.3,18.4,0.684,inundacao
SP,Sudeste,Mata Atlantica,3,222.4,145.5,19,22.6,84.7,53.4,237.0,22.2,22.4,14.1,0.565,deslizamento
PE,Nordeste,Caatinga,9,21.1,8.6,3,28.0,59.5,32.0,392.0,17.6,5.0,14.8,0.282,estiagem_seca
SP,Sudeste,Mata Atlantica,12,322.8,161.3,26,26.3,85.2,86.2,1090.0,19.0,61.2,28.4,0.704,tempestade
SP,Sudeste,Mata Atlantica,9,113.0,25.3,7,18.1,66.2,42.6,900.0,18.7,182.2,34.1,0.37,nenhum
MG,Sudeste,Mata Atlantica,9,80.6,19.9,5,20.4,67.1,18.4,688.0,19.1,293.1,34.1,0.275,nenhum
TO,Norte,Amazonia,4,285.2,88.0,23,21.3,88.3,32.7,70.0,7.5,17.8,17.2,0.78,inundacao
PI,Nordeste,Cerrado,8,51.5,13.5,3,26.3,61.4,36.4,432.0,4.9,5.4,14.8,0.41,estiagem_seca
PE,Nordeste,Caatinga,8,94.4,39.7,7,24.4,59.3,47.3,852.0,12.9,41.7,22.3,0.312,nenhum
CE,Nordeste,Cerrado,6,78.9,36.3,13,23.2,71.3,38.4,565.0,18.9,84.8,16.6,0.345,nenhum
AL,Nordeste,Cerrado,1,32.5,19.8,3,30.7,53.6,20.0,76.0,9.6,25.1,18.9,0.286,estiagem_seca
RS,Sul,Mata Atlantica,11,123.3,36.5,13,25.2,84.8,29.0,501.0,1.5,83.6,17.5,0.472,nenhum
DF,Centro-Oeste,Cerrado,3,142.6,40.3,14,26.0,68.5,37.9,803.0,12.4,34.7,24.8,0.509,nenhum
ES,Sudeste,Mata Atlantica,12,236.7,75.0,19,25.0,84.2,53.5,102.0,8.5,52.0,24.4,0.614,inundacao
AL,Nordeste,Caatinga,12,79.6,11.1,8,30.8,68.3,72.6,217.0,13.3,58.7,15.8,0.312,tempestade
MA,Nordeste,Caatinga,1,78.6,30.9,6,28.2,69.6,47.9,239.0,3.2,36.9,15.8,0.395,nenhum
MT,Centro-Oeste,Amazonia,9,151.3,62.3,12,22.4,63.1,55.3,679.0,9.9,6.0,15.7,0.456,nenhum
SE,Nordeste,Mata Atlantica,8,26.0,14.9,3,22.9,65.3,23.1,432.0,12.7,253.3,33.7,0.269,estiagem_seca
PE,Nordeste,Mata Atlantica,3,119.0,18.5,10,25.9,70.2,53.1,85.0,11.3,16.9,18.3,0.48,nenhum
MT,Centro-Oeste,Cerrado,10,84.8,10.6,7,24.4,59.4,48.6,1256.0,7.5,1.2,11.7,0.525,nenhum
DF,Centro-Oeste,Pantanal,2,170.4,30.8,7,29.2,84.7,38.6,486.0,7.8,34.1,17.9,0.629,nenhum
SC,Sul,Mata Atlantica,3,267.7,81.4,16,18.1,94.1,64.0,247.0,8.7,69.8,18.0,0.726,tempestade
PI,Nordeste,Cerrado,12,104.0,48.0,4,30.3,72.8,39.8,178.0,0.5,164.9,33.1,0.345,incendio_florestal
GO,Centro-Oeste,Pantanal,9,76.5,26.5,3,21.5,67.8,37.0,515.0,13.2,54.1,16.2,0.313,nenhum
CE,Nordeste,Mata Atlantica,2,72.0,32.3,2,30.2,65.3,35.4,14.0,2.2,44.6,18.1,0.433,estiagem_seca
PB,Nordeste,Caatinga,2,46.4,24.1,4,29.1,61.4,52.6,161.0,12.0,49.8,19.5,0.336,estiagem_seca
ES,Sudeste,Mata Atlantica,4,118.9,47.7,8,19.2,81.2,27.7,384.0,16.2,13.8,17.1,0.39,nenhum
MA,Nordeste,Caatinga,1,34.7,15.1,5,32.3,66.8,39.4,170.0,6.6,23.7,16.6,0.306,estiagem_seca
RJ,Sudeste,Mata Atlantica,3,175.8,65.3,14,22.1,80.8,60.6,555.0,18.2,147.8,20.5,0.526,nenhum
DF,Centro-Oeste,Cerrado,7,90.6,24.5,9,21.2,69.0,20.3,82.0,3.4,18.5,15.3,0.378,nenhum
AC,Norte,Amazonia,1,267.8,134.7,24,27.7,84.8,38.8,127.0,13.9,49.1,20.3,0.681,tempestade
SC,Sul,Mata Atlantica,4,177.7,76.1,13,18.8,81.0,29.5,310.0,7.7,21.0,23.1,0.489,nenhum
MT,Centro-Oeste,Cerrado,4,138.1,55.5,11,23.7,64.8,31.7,1002.0,14.7,15.5,22.0,0.381,nenhum
SP,Sudeste,Cerrado,12,128.2,39.5,8,21.7,73.8,22.7,587.0,16.1,30.2,19.9,0.584,nenhum
GO,Centro-Oeste,Cerrado,12,90.4,19.3,6,27.0,69.9,20.2,960.0,4.2,31.0,15.3,0.385,nenhum
RS,Sul,Mata Atlantica,11,231.6,32.6,16,20.4,91.6,27.2,664.0,16.3,32.4,23.2,0.672,nenhum
BA,Nordeste,Caatinga,5,63.6,11.0,6,23.5,68.7,16.9,228.0,15.2,60.6,19.3,0.23,nenhum
GO,Centro-Oeste,Cerrado,7,69.8,12.3,8,21.6,57.3,27.8,1159.0,10.9,2.3,10.4,0.282,nenhum
RJ,Sudeste,Mata Atlantica,7,91.2,13.6,7,18.1,72.1,66.3,1152.0,14.5,21.4,22.2,0.315,nenhum
PE,Nordeste,Caatinga,11,50.6,23.4,2,27.7,70.3,12.4,27.0,9.9,91.8,15.6,0.26,incendio_florestal
MA,Nordeste,Caatinga,9,30.5,6.0,4,27.0,51.2,39.1,526.0,9.7,323.8,18.3,0.211,estiagem_seca
SC,Sul,Pampa,11,119.1,39.3,14,19.6,75.9,21.6,930.0,7.8,6.6,13.8,0.389,nenhum
RJ,Sudeste,Mata Atlantica,7,117.1,57.4,9,16.8,78.2,29.9,1527.0,17.5,7.7,13.1,0.508,nenhum
SP,Sudeste,Cerrado,12,159.4,56.5,9,24.9,69.6,24.2,921.0,9.5,55.3,24.4,0.443,nenhum
SP,Sudeste,Cerrado,9,134.6,46.5,9,21.1,78.0,20.4,415.0,18.7,182.7,34.3,0.269,nenhum
SP,Sudeste,Cerrado,9,182.1,37.4,16,22.1,69.6,32.8,1184.0,8.3,12.7,16.5,0.568,nenhum
SC,Sul,Mata Atlantica,8,151.4,49.0,3,18.1,78.8,24.3,666.0,11.6,2.6,14.2,0.477,nenhum
MG,Sudeste,Mata Atlantica,5,61.4,10.7,4,24.6,67.1,48.3,391.0,10.1,56.7,24.1,0.425,nenhum
MA,Nordeste,Cerrado,8,31.4,5.2,2,25.9,62.0,24.8,409.0,8.0,10.9,13.2,0.292,estiagem_seca
PA,Norte,Amazonia,5,103.9,21.9,10,26.2,91.5,92.9,87.0,4.8,424.6,36.2,0.447,tempestade
RJ,Sudeste,Cerrado,8,23.2,5.6,1,19.7,74.2,28.2,504.0,19.4,33.2,23.4,0.234,estiagem_seca
MG,Sudeste,Mata Atlantica,4,277.1,64.6,21,20.2,87.2,44.3,100.0,16.0,6.8,13.5,0.648,inundacao
MT,Centro-Oeste,Amazonia,10,298.3,204.3,22,23.4,71.5,63.9,1186.0,10.1,10.4,16.4,0.722,inundacao
PE,Nordeste,Caatinga,7,70.0,23.0,7,22.1,57.3,31.1,33.0,9.8,49.0,16.9,0.269,nenhum
AL,Nordeste,Caatinga,9,47.4,12.7,3,25.9,67.8,47.0,306.0,13.6,23.8,14.2,0.402,estiagem_seca
MS,Centro-Oeste,Cerrado,3,153.9,103.9,9,28.2,62.8,30.1,1071.0,15.7,45.7,17.9,0.477,tempestade
RJ,Sudeste,Cerrado,10,139.4,76.2,8,21.0,80.0,30.9,394.0,12.1,3145.0,41.3,0.298,nenhum
SE,Nordeste,Cerrado,10,46.7,7.2,2,25.8,69.0,41.5,60.0,11.4,8.2,11.7,0.365,estiagem_seca
ES,Sudeste,Mata Atlantica,2,173.2,78.9,10,22.7,71.1,36.8,481.0,4.9,121.5,23.4,0.507,nenhum
ES,Sudeste,Mata Atlantica,5,96.5,35.7,7,21.0,62.8,58.1,572.0,15.2,286.1,28.2,0.285,nenhum
PR,Sul,Mata Atlantica,9,134.5,86.9,8,20.9,82.3,36.5,409.0,1.8,234.9,26.4,0.471,nenhum
AC,Norte,Cerrado,11,333.6,96.3,24,25.3,84.9,83.6,109.0,6.1,8.7,17.4,0.643,tempestade
SC,Sul,Pampa,9,224.5,49.7,27,15.3,90.9,46.9,180.0,2.1,45.9,16.9,0.683,nenhum
ES,Sudeste,Cerrado,6,51.8,15.6,7,18.3,74.0,68.8,51.0,10.3,4.5,16.6,0.314,estiagem_seca
RJ,Sudeste,Cerrado,4,530.3,118.2,30,20.9,70.7,26.3,274.0,17.6,127.8,24.2,0.689,deslizamento
TO,Norte,Amazonia,11,272.1,168.2,22,29.7,93.8,36.8,94.0,0.4,19.6,20.9,0.647,inundacao
MT,Centro-Oeste,Cerrado,11,115.0,14.0,11,26.5,78.7,29.2,1091.0,4.2,64.4,28.1,0.297,nenhum
SP,Sudeste,Cerrado,11,146.1,49.4,14,21.7,84.5,33.9,22.0,11.0,306.6,22.1,0.537,nenhum
CE,Nordeste,Cerrado,4,140.5,44.8,7,26.3,65.7,36.0,609.0,7.0,56.3,28.5,0.395,nenhum
MT,Centro-Oeste,Cerrado,6,83.8,62.8,8,22.9,56.8,109.0,987.0,4.6,54.8,23.6,0.22,tempestade
RJ,Sudeste,Cerrado,3,214.9,46.7,15,22.1,73.0,54.5,594.0,5.0,28.3,16.5,0.589,nenhum
RJ,Sudeste,Mata Atlantica,12,391.4,102.5,27,23.9,99.6,24.8,274.0,6.4,259.9,26.8,0.601,inundacao
RO,Norte,Amazonia,11,355.8,81.5,26,25.0,89.9,71.5,39.0,17.3,17.3,15.6,0.746,inundacao
MT,Centro-Oeste,Cerrado,3,416.9,308.2,27,25.1,68.7,45.8,1059.0,4.0,75.4,26.4,0.604,inundacao
PI,Nordeste,Mata Atlantica,3,75.5,12.0,5,29.0,59.9,5.1,671.0,17.1,94.7,28.0,0.324,incendio_florestal
RS,Sul,Mata Atlantica,7,94.1,31.6,3,18.5,75.9,33.9,433.0,7.5,124.4,22.3,0.421,nenhum
PR,Sul,Mata Atlantica,5,336.9,86.4,30,14.7,92.9,31.6,82.0,9.7,64.4,24.7,0.659,inundacao
PI,Nordeste,Caatinga,6,42.8,11.5,3,25.2,67.9,43.5,287.0,12.7,9.0,13.4,0.388,estiagem_seca
BA,Nordeste,Cerrado,5,67.8,27.1,1,25.9,63.8,19.2,104.0,10.6,40.4,18.1,0.422,nenhum
CE,Nordeste,Caatinga,9,29.5,17.6,1,26.1,73.2,85.4,147.0,8.9,3.4,13.7,0.227,estiagem_seca
DF,Centro-Oeste,Cerrado,11,252.4,108.3,23,28.2,60.8,29.9,166.0,4.0,28.0,16.4,0.706,tempestade
RS,Sul,Mata Atlantica,12,205.0,71.7,15,19.5,85.8,36.7,68.0,6.3,107.4,26.5,0.683,nenhum
DF,Centro-Oeste,Pantanal,6,27.4,11.0,3,21.8,59.9,25.0,183.0,9.0,182.0,19.0,0.213,estiagem_seca
AC,Norte,Amazonia,10,288.4,139.8,21,26.1,89.9,23.3,248.0,7.5,15.8,19.1,0.592,tempestade
RO,Norte,Amazonia,9,242.7,65.4,14,25.6,84.0,16.4,262.0,13.1,891.6,25.5,0.688,nenhum
MA,Nordeste,Caatinga,3,40.3,9.3,7,27.1,76.0,50.5,196.0,11.5,4.1,13.1,0.26,incendio_florestal
RJ,Sudeste,Mata Atlantica,10,249.9,119.5,22,20.7,75.3,47.5,1094.0,14.2,83.2,23.9,0.797,deslizamento
SP,Sudeste,Mata Atlantica,5,154.7,84.0,11,16.3,81.4,32.2,725.0,16.5,96.5,16.9,0.484,nenhum
RJ,Sudeste,Mata Atlantica,8,50.5,18.1,4,19.1,68.9,41.1,1356.0,10.4,99.1,25.0,0.232,incendio_florestal
RN,Nordeste,Cerrado,9,30.1,14.5,0,26.3,70.2,23.1,275.0,3.7,76.0,27.6,0.214,estiagem_seca
PR,Sul,Pampa,12,166.3,89.6,10,21.2,85.0,31.4,279.0,12.6,47.5,27.0,0.599,nenhum
PE,Nordeste,Caatinga,12,115.1,31.3,12,30.8,68.2,22.6,615.0,11.0,532.7,33.1,0.299,nenhum
RJ,Sudeste,Mata Atlantica,10,130.7,38.9,9,20.2,76.1,19.2,450.0,10.6,8.9,17.5,0.439,nenhum
RS,Sul,Pampa,7,107.6,35.2,8,16.9,74.3,22.4,500.0,2.0,25.9,24.0,0.384,nenhum
DF,Centro-Oeste,Pantanal,5,123.2,51.6,11,22.4,66.7,23.0,106.0,4.1,50.4,27.1,0.241,nenhum
RS,Sul,Mata Atlantica,6,123.6,40.0,12,15.5,78.3,41.5,579.0,11.2,34.3,21.4,0.405,nenhum
PB,Nordeste,Cerrado,12,100.4,55.8,10,31.1,78.8,35.6,520.0,19.1,10.5,12.9,0.409,estiagem_seca
MG,Sudeste,Mata Atlantica,3,69.7,18.2,8,25.9,76.1,29.8,1594.0,22.7,105.8,24.9,0.27,nenhum
PA,Norte,Amazonia,7,46.3,7.0,3,24.0,79.5,36.8,160.0,6.6,62.0,19.6,0.355,incendio_florestal
GO,Centro-Oeste,Amazonia,9,105.3,15.2,9,24.4,76.1,24.0,1297.0,7.6,530.9,39.1,0.408,nenhum
RN,Nordeste,Caatinga,1,108.6,48.9,5,29.0,68.0,21.0,523.0,10.6,144.9,28.9,0.399,nenhum
AC,Norte,Amazonia,8,106.2,24.0,13,20.8,86.3,23.7,61.0,6.7,218.0,28.2,0.305,nenhum
TO,Norte,Amazonia,4,186.8,62.0,13,24.1,91.1,38.7,178.0,3.4,205.8,21.5,0.489,nenhum
PB,Nordeste,Caatinga,4,103.2,33.9,7,28.5,62.8,25.3,339.0,9.3,9.4,14.5,0.498,nenhum
SP,Sudeste,Cerrado,8,59.2,22.0,8,20.8,80.4,33.4,651.0,22.3,26.3,16.5,0.499,nenhum
MS,Centro-Oeste,Cerrado,1,139.6,72.9,12,27.6,69.0,34.0,332.0,11.5,27.5,19.1,0.539,nenhum
RN,Nordeste,Caatinga,2,186.7,62.2,13,27.0,64.7,30.1,35.0,4.5,236.1,25.2,0.573,nenhum
RS,Sul,Mata Atlantica,6,93.5,16.9,4,17.2,79.1,15.4,293.0,10.5,57.6,22.1,0.313,nenhum
RS,Sul,Mata Atlantica,8,167.4,64.2,13,15.8,85.1,28.2,271.0,3.0,47.0,16.1,0.54,nenhum
AP,Norte,Amazonia,2,328.9,122.3,25,30.1,88.5,44.3,65.0,7.1,42.5,19.9,0.579,inundacao
MS,Centro-Oeste,Cerrado,5,156.7,87.8,13,23.7,68.4,54.5,407.0,7.4,234.3,33.2,0.502,nenhum
MG,Sudeste,Mata Atlantica,4,142.1,24.1,8,17.5,84.8,49.2,417.0,16.7,10.6,12.8,0.471,nenhum
SP,Sudeste,Cerrado,7,68.4,34.4,6,20.0,79.8,47.8,1710.0,16.6,50.0,14.3,0.277,nenhum
PI,Nordeste,Caatinga,4,60.4,17.3,4,26.3,59.5,17.8,123.0,11.3,443.1,30.7,0.265,incendio_florestal
SP,Sudeste,Cerrado,1,518.2,63.9,23,24.2,91.3,60.4,155.0,10.7,102.3,19.4,0.699,inundacao
AC,Norte,Amazonia,7,113.6,35.1,10,21.3,85.9,23.3,69.0,13.7,27.2,19.5,0.44,nenhum
BA,Nordeste,Caatinga,11,35.1,21.2,5,28.5,63.4,26.7,314.0,7.6,71.9,16.8,0.296,estiagem_seca
SP,Sudeste,Cerrado,8,84.3,38.5,3,16.3,71.1,36.8,407.0,18.3,5.4,17.2,0.403,nenhum
MG,Sudeste,Mata Atlantica,5,153.0,39.0,15,21.4,82.7,56.5,83.0,12.3,17.5,19.4,0.42,nenhum
MG,Sudeste,Mata Atlantica,6,60.7,25.3,7,16.8,72.0,21.6,159.0,19.9,29.8,17.5,0.265,nenhum
RO,Norte,Amazonia,2,532.8,206.7,26,29.3,100.0,116.0,26.0,6.5,9.2,18.8,0.611,tempestade
MA,Nordeste,Caatinga,3,168.3,64.3,19,25.9,72.0,34.3,24.0,15.9,132.3,28.8,0.403,nenhum
AP,Norte,Cerrado,6,180.4,79.1,16,22.1,77.6,34.9,186.0,7.7,8.2,12.8,0.565,nenhum
AL,Nordeste,Caatinga,8,43.3,19.5,8,23.7,53.8,34.2,370.0,3.7,283.4,35.7,0.146,incendio_florestal
RO,Norte,Amazonia,6,116.5,29.2,11,23.5,86.6,50.2,22.0,1.6,106.8,16.5,0.456,nenhum
MS,Centro-Oeste,Pantanal,12,247.5,72.9,15,31.2,77.0,49.6,703.0,9.2,17.9,22.7,0.547,estiagem_seca
MS,Centro-Oeste,Cerrado,8,102.7,57.6,6,20.1,66.0,22.0,115.0,2.3,22.2,15.2,0.47,nenhum
SP,Sudeste,Mata Atlantica,1,411.7,88.3,28,25.6,90.9,46.2,260.0,20.5,47.1,15.2,0.702,deslizamento
CE,Nordeste,Cerrado,7,40.1,24.3,3,24.1,60.5,42.8,485.0,6.5,183.6,26.7,0.165,incendio_florestal
AM,Norte,Amazonia,7,73.3,20.4,7,20.5,78.3,60.2,14.0,0.6,43.2,19.8,0.384,nenhum
SP,Sudeste,Cerrado,1,232.2,69.8,20,23.4,82.1,15.8,921.0,18.8,213.6,24.0,0.617,nenhum
RR,Norte,Amazonia,5,132.5,50.8,10,23.3,79.9,65.0,258.0,13.0,46.9,26.4,0.518,nenhum
RS,Sul,Mata Atlantica,11,164.1,85.2,10,22.7,76.9,60.6,155.0,12.8,125.2,15.8,0.518,incendio_florestal
AP,Norte,Amazonia,5,68.0,20.4,8,23.2,86.5,54.0,98.0,16.7,418.2,23.6,0.214,nenhum
RJ,Sudeste,Cerrado,6,102.2,62.0,9,16.1,80.4,71.6,65.0,11.2,66.0,18.3,0.378,tempestade
SC,Sul,Mata Atlantica,3,395.7,126.5,30,19.7,79.0,64.0,547.0,3.4,9.9,13.3,0.676,inundacao
SP,Sudeste,Cerrado,1,331.8,112.0,29,27.7,86.0,49.5,538.0,12.8,35.9,15.8,0.645,inundacao
MG,Sudeste,Mata Atlantica,4,167.1,26.0,20,18.7,84.0,32.1,1042.0,6.7,872.5,25.0,0.542,nenhum
SP,Sudeste,Mata Atlantica,10,70.0,40.0,5,20.6,69.1,20.6,854.0,15.8,22.3,14.7,0.433,nenhum
AP,Norte,Amazonia,12,628.3,343.3,26,27.9,90.2,41.7,102.0,2.5,3.1,11.3,0.729,tempestade
MG,Sudeste,Cerrado,8,100.1,45.4,12,17.7,65.0,66.3,832.0,15.6,11.5,17.0,0.337,nenhum
RS,Sul,Mata Atlantica,10,123.4,44.7,14,21.5,66.0,30.6,528.0,8.2,33.5,15.8,0.479,nenhum
SC,Sul,Mata Atlantica,8,117.5,78.2,6,14.2,85.9,35.0,663.0,17.4,98.6,30.5,0.394,nenhum
MT,Centro-Oeste,Cerrado,8,35.2,6.9,3,25.0,83.3,40.1,879.0,8.6,264.9,22.9,0.219,incendio_florestal
AL,Nordeste,Caatinga,6,89.7,45.3,13,20.6,67.1,30.8,425.0,5.5,14.1,17.6,0.489,nenhum
RJ,Sudeste,Mata Atlantica,1,273.8,71.3,24,23.5,89.9,43.3,1184.0,8.7,349.9,33.8,0.634,nenhum
RJ,Sudeste,Cerrado,5,129.6,28.0,11,21.2,86.6,31.4,1358.0,31.6,140.0,28.8,0.37,deslizamento
AL,Nordeste,Cerrado,11,44.5,15.7,5,28.3,68.3,36.2,416.0,20.0,233.6,17.3,0.299,estiagem_seca
AL,Nordeste,Caatinga,7,37.2,25.9,1,20.6,63.3,40.8,129.0,7.2,208.8,24.2,0.289,incendio_florestal
PI,Nordeste,Caatinga,10,28.9,8.7,2,31.0,64.9,12.2,607.0,6.2,26.9,22.5,0.382,nenhum
MS,Centro-Oeste,Cerrado,1,256.7,151.6,22,26.5,71.1,33.4,301.0,7.9,710.2,39.8,0.647,inundacao
MA,Nordeste,Caatinga,3,117.3,41.0,5,28.9,58.0,42.1,60.0,4.7,341.7,31.6,0.351,incendio_florestal
RR,Norte,Cerrado,4,190.3,50.4,11,26.0,81.1,31.0,204.0,10.5,55.2,19.9,0.609,nenhum
PA,Norte,Amazonia,5,186.5,102.2,13,24.9,98.7,77.6,39.0,7.2,396.3,29.5,0.537,tempestade
RS,Sul,Mata Atlantica,12,144.7,52.0,12,21.3,88.4,14.4,438.0,3.4,2490.6,41.3,0.307,nenhum
AC,Norte,Cerrado,6,130.5,32.0,15,22.3,93.7,58.6,63.0,5.4,215.1,24.8,0.346,nenhum
RO,Norte,Amazonia,8,54.9,13.9,7,22.0,70.7,29.1,157.0,17.5,2.7,14.2,0.281,nenhum
GO,Centro-Oeste,Cerrado,8,38.0,12.7,5,24.6,69.4,48.0,147.0,6.4,4.3,12.5,0.241,incendio_florestal
PB,Nordeste,Cerrado,6,76.8,15.7,8,24.2,58.7,30.9,265.0,3.2,76.5,29.3,0.254,nenhum
SC,Sul,Mata Atlantica,12,408.1,108.9,30,20.0,73.9,49.6,20.0,15.1,12.8,18.6,0.706,inundacao
RS,Sul,Pampa,3,86.1,15.5,6,19.2,80.0,40.6,299.0,4.8,16.7,21.5,0.436,nenhum
PI,Nordeste,Mata Atlantica,1,169.7,36.9,15,30.4,68.4,32.2,442.0,12.3,71.2,29.2,0.407,estiagem_seca
GO,Centro-Oeste,Cerrado,9,98.1,32.2,12,24.4,74.7,23.7,793.0,9.9,28.5,13.7,0.405,nenhum
RN,Nordeste,Caatinga,8,37.5,25.2,3,25.3,67.1,15.2,382.0,12.1,181.2,31.1,0.338,estiagem_seca
RO,Norte,Amazonia,4,145.2,26.3,13,26.4,77.5,42.3,68.0,3.5,218.9,24.0,0.531,nenhum
PB,Nordeste,Cerrado,11,47.2,20.2,9,30.7,65.5,50.1,6.0,4.1,10.7,13.5,0.302,estiagem_seca
AP,Norte,Amazonia,2,689.8,304.5,26,25.7,98.2,32.5,147.0,13.8,76.6,22.4,0.629,inundacao
AM,Norte,Cerrado,4,250.7,59.8,17,27.4,90.0,36.6,28.0,8.4,23.9,20.5,0.775,inundacao
SP,Sudeste,Cerrado,2,252.0,89.5,15,24.1,81.3,23.9,99.0,17.6,148.2,18.5,0.771,inundacao
AC,Norte,Amazonia,3,224.5,99.9,16,27.1,100.0,51.6,224.0,6.5,36.2,25.9,0.712,tempestade
RR,Norte,Amazonia,9,140.3,44.0,8,23.8,91.9,14.1,187.0,14.7,203.2,33.0,0.418,nenhum
MT,Centro-Oeste,Cerrado,9,170.6,51.9,19,23.8,67.5,24.9,116.0,5.4,44.6,27.1,0.49,nenhum
MT,Centro-Oeste,Cerrado,8,29.9,8.2,4,22.0,67.4,28.6,1311.0,7.5,527.4,24.3,0.183,incendio_florestal
PB,Nordeste,Caatinga,11,103.7,33.0,6,25.8,60.2,37.7,47.0,4.5,73.9,22.1,0.419,nenhum
AC,Norte,Amazonia,1,591.8,81.2,22,28.8,96.1,37.6,171.0,8.2,5.0,16.3,0.651,nenhum
PE,Nordeste,Caatinga,8,66.6,28.2,2,26.4,63.0,58.8,366.0,20.1,115.6,25.4,0.324,nenhum
MA,Nordeste,Caatinga,2,103.8,22.5,12,32.1,76.7,64.0,417.0,25.2,31.5,23.8,0.234,incendio_florestal
SP,Sudeste,Cerrado,12,272.3,71.3,19,25.6,88.6,53.8,863.0,11.1,2.4,9.9,0.671,nenhum
SC,Sul,Mata Atlantica,8,129.4,21.2,8,13.8,78.5,29.9,649.0,9.1,30.3,19.8,0.546,nenhum
MA,Nordeste,Caatinga,10,21.2,5.2,3,27.2,66.7,34.5,45.0,15.0,113.2,30.6,0.237,estiagem_seca
CE,Nordeste,Caatinga,7,37.6,27.6,1,23.6,62.4,28.0,390.0,18.3,158.4,29.7,0.066,incendio_florestal
SP,Sudeste,Cerrado,5,169.7,70.7,18,20.4,67.4,34.3,530.0,27.7,134.4,17.4,0.581,deslizamento
ES,Sudeste,Mata Atlantica,9,76.4,18.8,6,17.3,70.7,62.2,585.0,12.5,48.0,25.1,0.43,nenhum
BA,Nordeste,Caatinga,11,33.8,5.0,3,23.5,56.2,70.0,49.0,18.7,28.4,16.9,0.183,incendio_florestal
RO,Norte,Amazonia,3,443.8,109.9,21,26.1,86.8,59.3,76.0,5.6,12.7,18.0,0.692,inundacao
MT,Centro-Oeste,Cerrado,11,93.0,62.8,3,26.2,65.2,42.9,722.0,2.6,174.4,22.9,0.358,nenhum
ES,Sudeste,Mata Atlantica,9,116.6,40.9,9,21.0,77.2,37.1,15.0,19.0,141.7,31.0,0.431,nenhum
BA,Nordeste,Caatinga,2,98.9,24.3,9,27.7,61.0,38.9,444.0,22.4,20.4,22.0,0.441,nenhum
PE,Nordeste,Caatinga,12,55.7,14.8,2,31.1,64.3,36.2,97.0,6.4,451.6,37.6,0.256,incendio_florestal
RN,Nordeste,Caatinga,3,208.8,114.2,22,30.1,72.3,59.8,319.0,3.5,192.9,26.4,0.582,tempestade
MA,Nordeste,Cerrado,8,21.1,11.5,2,25.6,66.8,41.6,280.0,19.7,196.7,26.8,0.364,estiagem_seca
MS,Centro-Oeste,Cerrado,2,312.3,187.5,25,25.3,78.9,43.3,1232.0,15.9,47.9,15.9,0.965,deslizamento
SP,Sudeste,Mata Atlantica,3,130.7,52.6,10,23.9,65.1,50.6,416.0,15.6,1008.3,34.6,0.468,nenhum
MT,Centro-Oeste,Cerrado,8,56.5,12.5,5,22.1,68.0,34.1,868.0,2.5,14.7,21.7,0.338,nenhum
AL,Nordeste,Mata Atlantica,9,22.8,8.9,1,25.5,65.6,24.9,567.0,3.6,2.0,13.1,0.243,estiagem_seca
RR,Norte,Amazonia,9,76.8,13.7,4,21.8,88.5,23.3,107.0,14.5,193.8,23.4,0.345,nenhum
ES,Sudeste,Cerrado,5,122.5,60.4,8,18.9,66.2,17.9,464.0,12.4,210.5,21.2,0.444,deslizamento
GO,Centro-Oeste,Pantanal,10,220.2,62.3,20,23.8,72.8,92.4,694.0,9.7,178.1,22.6,0.621,tempestade
AP,Norte,Amazonia,1,757.4,293.6,25,26.1,85.1,59.9,24.0,13.6,320.3,33.9,0.478,inundacao
PE,Nordeste,Caatinga,11,60.6,30.1,3,32.3,61.8,40.1,356.0,2.7,282.1,27.9,0.266,incendio_florestal
SP,Sudeste,Cerrado,4,156.8,51.9,17,25.3,79.4,21.3,1279.0,15.2,305.2,21.9,0.482,nenhum
RJ,Sudeste,Mata Atlantica,8,46.1,13.9,0,20.3,69.6,21.1,142.0,23.0,90.1,24.7,0.267,incendio_florestal
PR,Sul,Pampa,11,190.0,70.6,13,20.8,92.1,42.4,103.0,19.7,90.1,20.5,0.589,nenhum
MG,Sudeste,Mata Atlantica,4,146.0,37.4,14,23.3,75.4,33.0,400.0,20.3,62.3,23.4,0.601,nenhum
DF,Centro-Oeste,Amazonia,5,61.0,20.3,2,23.7,59.4,19.4,232.0,18.5,253.4,23.7,0.362,nenhum
MS,Centro-Oeste,Pantanal,10,133.0,63.3,11,22.1,83.4,24.9,1137.0,16.5,17.8,20.4,0.493,nenhum
SE,Nordeste,Caatinga,11,68.6,28.2,4,30.6,61.2,27.8,162.0,2.4,41.0,20.5,0.398,estiagem_seca
ES,Sudeste,Mata Atlantica,3,143.6,56.6,16,25.1,74.9,14.5,647.0,14.9,10.3,16.5,0.59,nenhum
ES,Sudeste,Mata Atlantica,7,41.3,11.1,2,18.0,64.7,38.6,97.0,1.9,133.0,16.5,0.509,estiagem_seca
PB,Nordeste,Caatinga,4,30.4,23.5,0,26.6,77.5,26.4,383.0,8.2,588.9,39.2,0.241,estiagem_seca
RS,Sul,Mata Atlantica,7,72.2,32.5,6,16.7,77.4,29.5,375.0,8.2,14.8,12.9,0.393,nenhum
AL,Nordeste,Mata Atlantica,5,39.3,28.9,2,29.4,59.7,13.7,793.0,5.9,4.3,11.4,0.345,estiagem_seca
AM,Norte,Amazonia,1,560.7,220.1,24,29.9,100.0,51.1,116.0,13.5,45.6,15.5,0.714,inundacao
AL,Nordeste,Caatinga,12,62.2,27.4,8,28.2,55.4,25.9,470.0,1.8,79.6,18.1,0.292,incendio_florestal
PR,Sul,Mata Atlantica,8,407.4,167.2,25,14.2,91.8,70.9,483.0,21.9,39.3,19.5,0.682,deslizamento
RS,Sul,Mata Atlantica,6,81.6,52.7,4,17.9,76.3,62.0,981.0,11.6,8.2,11.9,0.344,nenhum
DF,Centro-Oeste,Pantanal,2,276.9,46.6,20,26.8,80.2,41.8,907.0,12.3,259.7,23.2,0.735,nenhum
PR,Sul,Pampa,1,182.7,105.2,10,19.9,78.5,51.5,226.0,11.1,82.3,26.8,0.754,tempestade
RS,Sul,Pampa,6,264.6,79.9,25,14.1,92.0,69.5,365.0,17.0,742.3,34.4,0.654,inundacao
SP,Sudeste,Cerrado,8,71.8,13.8,4,20.2,73.3,47.7,589.0,17.3,213.8,17.6,0.421,nenhum
PR,Sul,Mata Atlantica,4,126.7,39.9,10,16.6,88.6,38.0,889.0,16.5,14.0,20.0,0.539,nenhum
PB,Nordeste,Caatinga,9,70.9,34.0,5,22.7,53.4,24.3,286.0,5.0,102.0,21.6,0.274,incendio_florestal
ES,Sudeste,Mata Atlantica,5,106.6,50.3,10,20.7,76.2,43.9,941.0,8.9,121.1,29.5,0.443,nenhum
RJ,Sudeste,Mata Atlantica,1,97.3,24.2,8,24.4,71.8,22.8,606.0,18.7,574.5,27.2,0.408,nenhum
ES,Sudeste,Mata Atlantica,7,57.9,15.1,3,16.4,70.8,65.3,460.0,10.9,21.0,22.9,0.214,nenhum
RN,Nordeste,Mata Atlantica,3,237.4,97.5,21,27.0,69.0,26.7,108.0,1.1,7.6,18.0,0.645,tempestade
MG,Sudeste,Cerrado,1,201.5,80.8,15,24.8,78.6,35.4,581.0,11.8,52.1,18.7,0.407,nenhum
RS,Sul,Mata Atlantica,2,187.7,62.1,16,21.6,74.6,21.4,229.0,12.5,36.9,21.5,0.435,nenhum
AL,Nordeste,Caatinga,4,80.7,45.2,4,25.6,71.8,15.8,158.0,14.8,35.5,19.3,0.28,nenhum
RS,Sul,Mata Atlantica,7,102.8,38.4,9,16.2,88.1,63.2,712.0,10.0,81.8,22.1,0.299,nenhum
PI,Nordeste,Caatinga,12,64.8,16.6,7,29.5,60.6,32.2,456.0,9.2,0.7,9.7,0.468,estiagem_seca
RN,Nordeste,Mata Atlantica,3,69.6,30.2,4,30.3,75.1,74.5,96.0,11.7,9.1,16.9,0.272,incendio_florestal
RR,Norte,Amazonia,1,338.9,146.7,24,28.5,97.0,53.9,162.0,17.7,59.7,20.4,0.689,deslizamento
ES,Sudeste,Mata Atlantica,3,153.9,27.4,16,24.3,83.9,21.6,1023.0,12.7,43.7,22.7,0.482,nenhum
RJ,Sudeste,Mata Atlantica,4,84.3,21.7,10,22.0,74.7,92.3,142.0,20.5,998.0,26.3,0.344,tempestade
AL,Nordeste,Mata Atlantica,3,135.0,53.6,8,28.3,67.3,35.6,301.0,11.6,50.3,26.6,0.411,nenhum
ES,Sudeste,Mata Atlantica,4,137.2,66.2,6,21.3,64.0,64.8,971.0,5.8,6.5,17.6,0.424,tempestade
BA,Nordeste,Caatinga,12,139.3,36.2,12,29.6,75.3,36.7,631.0,8.3,17.4,19.7,0.524,estiagem_seca
MS,Centro-Oeste,Amazonia,5,96.5,16.8,7,25.4,57.7,23.8,1680.0,12.7,219.0,27.5,0.199,incendio_florestal
SC,Sul,Mata Atlantica,8,121.1,38.6,7,18.1,74.0,41.6,514.0,3.0,33.8,21.6,0.505,nenhum
RJ,Sudeste,Mata Atlantica,9,74.7,11.3,5,20.3,66.6,62.3,208.0,18.9,2.3,11.5,0.349,nenhum
SP,Sudeste,Mata Atlantica,2,388.1,145.4,26,22.6,90.5,45.9,915.0,18.3,134.3,23.0,0.676,deslizamento
RJ,Sudeste,Cerrado,3,84.4,29.1,4,26.5,70.6,33.8,29.0,13.6,275.8,27.0,0.398,nenhum
PR,Sul,Mata Atlantica,5,219.6,68.0,22,14.3,68.5,45.7,336.0,2.8,42.1,18.0,0.713,nenhum
AL,Nordeste,Caatinga,6,123.2,43.2,12,23.8,61.6,55.6,335.0,14.8,21.7,16.0,0.402,nenhum
PE,Nordeste,Caatinga,1,84.6,31.5,6,26.3,60.2,53.7,52.0,10.8,177.1,25.9,0.325,nenhum
RO,Norte,Amazonia,8,56.2,9.1,3,20.6,78.5,41.5,68.0,8.8,2.5,12.9,0.232,incendio_florestal
RJ,Sudeste,Cerrado,4,90.7,28.8,11,22.4,75.0,42.5,889.0,13.5,153.9,24.7,0.396,nenhum
SP,Sudeste,Mata Atlantica,4,88.0,33.3,8,21.1,89.0,30.1,605.0,18.4,52.5,17.3,0.529,nenhum
SP,Sudeste,Mata Atlantica,8,68.7,20.8,5,15.8,79.2,33.7,692.0,13.1,186.1,23.2,0.297,nenhum
BA,Nordeste,Caatinga,12,48.0,14.2,3,27.5,64.6,31.5,801.0,8.1,9.1,17.4,0.297,incendio_florestal
AC,Norte,Amazonia,11,468.4,251.2,25,26.9,99.6,61.6,265.0,7.9,45.3,24.6,0.69,inundacao
RJ,Sudeste,Mata Atlantica,12,371.0,200.3,25,22.9,69.0,64.2,1072.0,14.0,212.8,30.8,0.631,inundacao
PR,Sul,Pampa,5,111.7,31.8,12,17.7,80.5,29.6,531.0,20.2,112.6,26.5,0.458,nenhum
SE,Nordeste,Caatinga,2,97.6,36.0,3,29.2,69.3,42.3,705.0,3.9,1.2,9.9,0.423,nenhum
AL,Nordeste,Caatinga,3,188.9,51.2,16,26.6,68.3,19.9,415.0,12.2,177.8,23.7,0.618,nenhum
PE,Nordeste,Cerrado,5,71.6,38.4,4,24.9,66.9,41.0,593.0,1.9,244.5,27.5,0.294,nenhum
MT,Centro-Oeste,Cerrado,4,58.1,10.2,9,26.8,64.4,9.1,1089.0,9.0,93.1,30.5,0.3,incendio_florestal
RN,Nordeste,Cerrado,3,44.8,22.4,0,31.5,67.9,22.5,239.0,10.9,55.0,16.9,0.243,estiagem_seca
BA,Nordeste,Mata Atlantica,2,82.7,29.5,6,29.9,55.4,19.4,467.0,9.6,223.4,28.0,0.3,incendio_florestal
RJ,Sudeste,Mata Atlantica,3,232.6,40.8,17,21.8,91.4,12.2,289.0,15.1,59.6,20.3,0.646,nenhum
CE,Nordeste,Cerrado,8,37.7,21.0,4,21.9,61.1,27.5,203.0,0.7,3.4,12.6,0.31,incendio_florestal
RN,Nordeste,Caatinga,6,30.8,18.6,3,22.8,59.6,54.0,12.0,9.6,16.4,20.1,0.344,estiagem_seca
RO,Norte,Amazonia,1,449.8,183.7,27,27.0,100.0,24.2,165.0,6.2,503.8,32.3,0.657,inundacao
SC,Sul,Pampa,7,36.3,10.1,5,18.4,81.0,41.9,357.0,22.1,34.7,20.3,0.276,incendio_florestal
AL,Nordeste,Caatinga,11,60.2,13.7,5,32.0,61.1,57.8,896.0,11.4,70.0,15.7,0.308,incendio_florestal
MA,Nordeste,Caatinga,6,87.9,23.5,7,26.7,68.4,62.8,24.0,9.2,4.0,11.1,0.416,nenhum
AC,Norte,Cerrado,4,114.2,41.8,12,24.7,85.0,29.1,77.0,9.9,111.3,24.2,0.479,nenhum
MG,Sudeste,Mata Atlantica,4,85.5,54.5,6,20.9,76.5,29.1,639.0,25.9,122.2,29.9,0.297,deslizamento
SC,Sul,Pampa,5,133.0,32.6,11,15.1,70.7,23.9,1055.0,14.4,1524.3,32.5,0.616,nenhum
AP,Norte,Amazonia,4,198.2,60.6,14,23.7,93.8,59.0,9.0,7.6,165.7,26.3,0.463,nenhum
CE,Nordeste,Caatinga,12,161.7,63.7,10,30.6,64.9,38.2,368.0,9.8,210.8,35.2,0.409,estiagem_seca
AL,Nordeste,Caatinga,12,38.4,8.1,3,27.5,49.5,23.7,366.0,5.0,3.2,11.5,0.282,estiagem_seca
RJ,Sudeste,Cerrado,5,77.9,52.1,5,22.0,77.7,22.6,783.0,6.9,21.4,18.7,0.43,nenhum
SC,Sul,Mata Atlantica,12,181.0,55.4,9,19.2,69.4,42.3,199.0,0.9,1183.0,38.2,0.593,nenhum
DF,Centro-Oeste,Cerrado,11,613.5,109.6,27,24.8,66.0,28.7,513.0,2.9,192.0,33.9,0.605,inundacao
PB,Nordeste,Cerrado,1,119.1,38.0,10,30.8,65.1,42.3,419.0,12.6,102.1,28.8,0.347,incendio_florestal
ES,Sudeste,Mata Atlantica,6,42.5,9.7,1,19.3,75.8,32.1,518.0,18.3,769.1,31.0,0.2,incendio_florestal
SP,Sudeste,Mata Atlantica,8,76.9,38.5,6,16.0,81.5,83.9,965.0,15.6,14.1,18.5,0.43,tempestade
PB,Nordeste,Caatinga,6,108.2,28.1,7,24.5,58.9,26.2,279.0,4.6,88.3,27.9,0.305,inundacao
MA,Nordeste,Caatinga,6,88.4,19.4,3,24.0,69.0,37.7,282.0,2.3,103.6,21.2,0.396,nenhum
RN,Nordeste,Caatinga,6,44.5,17.9,1,23.2,69.4,38.3,332.0,12.9,40.8,24.4,0.314,incendio_florestal
SP,Sudeste,Mata Atlantica,9,77.2,31.1,7,21.4,74.5,39.8,795.0,14.7,5.9,14.8,0.399,nenhum
MG,Sudeste,Mata Atlantica,4,74.1,17.8,6,19.2,64.6,23.1,395.0,5.8,468.4,24.7,0.284,nenhum
SP,Sudeste,Mata Atlantica,8,79.6,31.4,10,20.2,77.4,19.1,1205.0,6.5,57.3,20.8,0.273,nenhum
RJ,Sudeste,Mata Atlantica,3,327.5,75.6,24,21.3,74.3,38.7,897.0,18.3,96.9,30.1,0.64,deslizamento
AL,Nordeste,Mata Atlantica,11,33.6,12.8,6,28.4,48.1,53.4,410.0,14.6,17.7,18.7,0.328,inundacao
MA,Nordeste,Cerrado,2,101.6,31.8,6,28.7,60.6,38.4,300.0,12.4,16.8,21.9,0.371,incendio_florestal
AP,Norte,Amazonia,1,1482.0,233.5,26,29.8,91.0,37.9,12.0,10.1,30.1,24.8,0.7,inundacao
RS,Sul,Mata Atlantica,1,196.5,75.3,16,19.1,80.4,69.5,318.0,7.2,35.2,22.0,0.557,tempestade
SP,Sudeste,Cerrado,5,87.2,11.8,7,20.4,88.2,27.6,279.0,7.1,265.8,18.1,0.425,nenhum
BA,Nordeste,Caatinga,8,44.5,8.4,6,22.1,66.3,42.8,284.0,7.5,88.3,29.7,0.198,incendio_florestal
RR,Norte,Amazonia,12,346.4,86.4,26,24.3,94.6,27.3,144.0,4.8,11.2,18.6,0.659,inundacao
SP,Sudeste,Mata Atlantica,6,64.6,8.4,4,19.0,72.0,46.7,275.0,20.8,5.2,13.5,0.475,nenhum
RJ,Sudeste,Mata Atlantica,3,94.2,38.8,8,23.4,75.4,26.5,553.0,9.3,202.2,24.9,0.334,nenhum
SP,Sudeste,Cerrado,5,37.4,11.1,2,20.9,68.8,20.6,847.0,19.4,237.1,17.2,0.321,estiagem_seca
PI,Nordeste,Caatinga,2,75.6,35.7,3,32.5,55.2,44.9,4.0,3.6,31.3,24.1,0.342,estiagem_seca
PR,Sul,Mata Atlantica,6,114.2,18.6,9,16.9,76.2,26.3,327.0,6.9,19.3,22.6,0.382,nenhum
MG,Sudeste,Mata Atlantica,9,41.1,28.1,1,20.6,76.0,33.9,324.0,11.4,53.6,15.9,0.364,estiagem_seca
MG,Sudeste,Cerrado,1,226.4,86.1,16,28.0,84.2,28.6,298.0,11.0,54.0,25.1,0.565,tempestade
ES,Sudeste,Mata Atlantica,10,121.9,58.4,9,22.1,72.1,22.5,396.0,9.5,75.3,23.0,0.507,nenhum
RS,Sul,Pampa,3,111.9,22.9,11,19.2,90.1,32.2,361.0,8.6,245.9,19.7,0.472,nenhum
SC,Sul,Mata Atlantica,9,120.9,50.3,9,17.9,80.9,32.4,713.0,7.5,217.9,29.3,0.313,nenhum
SP,Sudeste,Mata Atlantica,10,179.0,48.3,13,21.8,82.3,40.0,17.0,16.7,181.7,30.6,0.567,nenhum
MS,Centro-Oeste,Pantanal,10,143.0,20.3,11,29.2,76.1,35.7,836.0,7.6,10.8,16.6,0.495,nenhum
PE,Nordeste,Mata Atlantica,9,68.8,20.4,6,26.9,70.2,41.5,763.0,18.8,109.0,18.3,0.274,incendio_florestal
MG,Sudeste,Mata Atlantica,9,86.5,19.3,4,18.9,75.9,16.7,200.0,18.8,81.8,30.0,0.308,nenhum
RJ,Sudeste,Cerrado,3,289.3,89.8,24,23.1,82.9,30.7,710.0,13.9,7.3,14.9,0.628,estiagem_seca
TO,Norte,Amazonia,2,246.2,61.7,21,27.0,81.3,44.7,78.0,15.2,28.2,24.6,0.674,nenhum
PI,Nordeste,Caatinga,5,71.6,22.4,5,24.8,72.2,52.8,423.0,4.8,104.1,21.6,0.479,nenhum
PR,Sul,Mata Atlantica,8,274.5,67.0,18,14.4,92.1,62.7,270.0,14.8,5.9,14.8,0.684,nenhum
SC,Sul,Mata Atlantica,8,121.7,43.1,10,18.9,82.3,53.5,543.0,13.8,20.3,18.6,0.405,nenhum
PR,Sul,Mata Atlantica,10,201.2,67.2,16,19.7,95.0,25.7,467.0,21.6,56.9,16.7,0.591,deslizamento
MT,Centro-Oeste,Cerrado,4,71.1,14.2,3,24.0,67.7,36.0,898.0,12.7,26.3,24.0,0.328,nenhum
ES,Sudeste,Cerrado,11,274.7,77.6,21,20.7,77.7,26.8,435.0,18.6,250.2,29.3,0.68,deslizamento
MG,Sudeste,Mata Atlantica,6,52.9,23.7,6,21.2,90.3,38.9,469.0,15.2,149.8,30.7,0.253,incendio_florestal
AL,Nordeste,Cerrado,3,43.3,16.0,3,29.6,62.6,37.7,348.0,12.4,7.0,11.6,0.119,incendio_florestal
PB,Nordeste,Cerrado,9,34.8,10.9,5,26.2,58.0,10.8,156.0,21.1,13.6,12.9,0.311,estiagem_seca
RS,Sul,Mata Atlantica,2,110.5,22.6,8,20.4,74.2,52.2,643.0,10.3,273.9,24.8,0.383,nenhum
RO,Norte,Amazonia,5,94.3,23.9,5,24.9,85.8,37.5,309.0,11.4,116.2,31.7,0.278,nenhum
RJ,Sudeste,Mata Atlantica,10,89.1,21.1,9,19.3,83.8,22.5,43.0,6.1,0.7,10.3,0.391,nenhum
MG,Sudeste,Mata Atlantica,10,59.1,15.3,5,20.6,79.5,12.0,556.0,17.7,419.3,34.8,0.368,nenhum
RJ,Sudeste,Mata Atlantica,4,266.9,115.4,21,17.9,90.6,87.2,12.0,12.2,50.5,24.8,0.595,tempestade
AL,Nordeste,Cerrado,2,120.7,37.5,13,34.0,50.7,40.4,69.0,9.1,46.7,22.7,0.42,estiagem_seca
MG,Sudeste,Mata Atlantica,1,151.2,30.2,14,25.8,80.1,37.6,1292.0,4.9,13.1,18.6,0.466,nenhum
CE,Nordeste,Caatinga,2,113.5,49.7,15,31.4,72.2,42.5,498.0,11.0,328.5,25.2,0.312,incendio_florestal
RJ,Sudeste,Cerrado,10,71.4,30.4,7,21.3,72.4,36.1,1417.0,15.2,107.8,30.0,0.337,nenhum
SE,Nordeste,Mata Atlantica,10,49.7,27.9,4,28.7,78.0,20.1,263.0,10.9,40.3,18.4,0.31,incendio_florestal
MG,Sudeste,Mata Atlantica,7,51.9,12.0,4,19.9,55.6,30.9,442.0,4.9,0.8,9.7,0.503,nenhum
MG,Sudeste,Mata Atlantica,7,25.1,3.4,1,17.1,64.5,24.7,156.0,7.0,23.8,15.0,0.33,incendio_florestal
PI,Nordeste,Caatinga,4,190.5,55.3,12,26.4,82.2,55.4,443.0,10.3,9.6,12.1,0.644,nenhum
AL,Nordeste,Caatinga,3,61.5,18.1,7,28.1,63.1,44.9,11.0,22.1,27.5,15.9,0.284,incendio_florestal
ES,Sudeste,Mata Atlantica,1,244.8,67.6,25,25.4,96.9,49.8,1026.0,15.1,13.1,13.2,0.733,nenhum
RR,Norte,Amazonia,9,329.6,180.2,23,26.0,94.3,22.5,97.0,9.5,164.0,25.6,0.692,inundacao
MA,Nordeste,Caatinga,1,70.9,20.4,4,33.0,57.2,61.6,656.0,4.6,504.2,24.6,0.164,incendio_florestal
MS,Centro-Oeste,Cerrado,2,234.0,104.2,20,26.9,74.4,23.8,1247.0,12.5,44.2,19.4,0.722,deslizamento
RS,Sul,Mata Atlantica,10,131.6,33.4,4,18.1,80.6,81.3,360.0,13.1,8.7,15.3,0.463,tempestade
RJ,Sudeste,Mata Atlantica,7,42.1,12.8,3,19.8,81.8,24.2,911.0,15.8,28.9,17.2,0.241,incendio_florestal
RN,Nordeste,Caatinga,6,140.3,23.5,7,24.8,73.5,38.7,507.0,3.5,25.5,15.2,0.48,nenhum
PR,Sul,Pampa,3,105.2,15.8,6,22.0,69.2,27.0,493.0,16.7,524.4,20.4,0.365,nenhum
MS,Centro-Oeste,Cerrado,2,246.5,69.0,18,24.4,69.0,9.9,1321.0,15.0,52.6,26.7,0.667,nenhum
MT,Centro-Oeste,Cerrado,6,88.9,13.7,6,21.2,66.3,17.4,624.0,15.9,435.2,25.0,0.337,nenhum
MT,Centro-Oeste,Pantanal,5,133.2,55.7,5,26.1,75.8,56.5,129.0,6.4,5.9,13.8,0.599,nenhum
BA,Nordeste,Caatinga,7,22.4,9.8,1,22.4,62.0,33.6,281.0,6.7,49.6,25.8,0.363,estiagem_seca
PI,Nordeste,Cerrado,2,95.0,36.6,2,30.8,69.1,48.4,408.0,19.5,10.4,15.0,0.424,estiagem_seca
ES,Sudeste,Cerrado,3,281.1,165.0,18,22.9,84.7,17.4,1475.0,12.7,40.9,23.9,0.698,inundacao
AC,Norte,Amazonia,2,503.5,170.8,24,28.5,100.0,30.7,127.0,9.3,105.0,18.9,0.792,inundacao
RJ,Sudeste,Mata Atlantica,6,89.2,15.6,6,19.0,64.5,41.7,1592.0,21.1,5.2,11.4,0.384,nenhum
CE,Nordeste,Mata Atlantica,4,169.1,82.5,11,28.0,70.9,27.8,470.0,5.7,21.8,21.5,0.508,inundacao
PB,Nordeste,Caatinga,3,175.3,68.1,10,24.4,69.7,76.8,8.0,10.6,37.1,21.1,0.575,tempestade
RN,Nordeste,Cerrado,7,73.0,38.5,7,21.9,72.1,113.3,686.0,16.1,65.2,16.8,0.357,tempestade
SP,Sudeste,Cerrado,6,100.5,35.3,5,19.1,80.5,32.5,242.0,13.9,4.8,13.7,0.438,nenhum
MG,Sudeste,Mata Atlantica,3,203.5,129.5,15,21.3,78.2,39.0,1160.0,14.4,91.3,27.7,0.54,tempestade
PI,Nordeste,Mata Atlantica,9,52.4,16.7,3,26.1,71.6,27.2,411.0,13.7,96.3,31.2,0.212,incendio_florestal
CE,Nordeste,Caatinga,5,53.7,21.5,5,22.0,60.5,47.3,138.0,14.5,219.6,23.6,0.235,incendio_florestal
AL,Nordeste,Cerrado,5,159.1,28.7,12,21.6,61.9,35.8,48.0,16.6,4.5,13.2,0.61,nenhum
SP,Sudeste,Mata Atlantica,6,41.6,12.5,1,17.3,78.5,76.9,552.0,15.6,30.5,23.1,0.313,estiagem_seca
CE,Nordeste,Mata Atlantica,2,56.7,17.5,3,29.7,46.8,23.5,527.0,11.2,48.0,14.9,0.401,estiagem_seca
MG,Sudeste,Mata Atlantica,6,38.4,8.8,4,20.2,65.8,40.4,892.0,23.5,65.5,23.2,0.217,incendio_florestal
MA,Nordeste,Cerrado,7,32.5,9.3,3,24.7,60.9,51.7,349.0,6.1,54.7,21.7,0.306,estiagem_seca
BA,Nordeste,Caatinga,2,115.8,17.1,10,30.8,59.0,44.3,411.0,9.9,21.4,14.8,0.487,estiagem_seca
SP,Sudeste,Cerrado,7,38.6,18.1,2,18.1,70.1,77.0,992.0,3.6,57.2,21.2,0.241,incendio_florestal
DF,Centro-Oeste,Cerrado,1,194.8,40.1,16,27.1,80.2,48.7,171.0,8.6,3607.3,49.4,0.449,nenhum
AC,Norte,Amazonia,8,181.2,92.1,9,21.3,76.7,88.1,49.0,13.1,115.6,28.9,0.622,tempestade
PR,Sul,Pampa,1,322.2,118.3,24,19.1,93.7,32.5,364.0,18.0,4.8,13.9,0.674,deslizamento
RN,Nordeste,Mata Atlantica,3,81.3,19.1,8,31.6,68.2,72.4,306.0,6.7,482.6,34.4,0.374,tempestade
AL,Nordeste,Cerrado,5,94.1,47.9,5,25.3,63.4,33.0,69.0,23.3,592.4,25.9,0.314,nenhum
PB,Nordeste,Caatinga,8,51.9,17.0,6,23.5,62.5,20.4,417.0,5.8,170.9,18.6,0.419,nenhum
MT,Centro-Oeste,Cerrado,9,40.4,12.3,5,20.7,72.5,56.1,164.0,4.8,344.4,24.5,0.253,incendio_florestal
RJ,Sudeste,Mata Atlantica,6,150.1,38.0,16,19.3,84.2,20.5,974.0,24.2,1644.7,24.1,0.467,deslizamento
RR,Norte,Amazonia,2,384.5,115.1,30,30.4,92.0,35.2,76.0,12.3,75.8,22.2,0.697,inundacao
PR,Sul,Pampa,5,67.0,11.8,8,19.5,86.5,41.9,114.0,3.9,241.9,35.5,0.491,nenhum
RJ,Sudeste,Mata Atlantica,10,125.1,58.8,6,24.5,90.5,14.9,1090.0,13.0,484.5,34.9,0.367,nenhum
PR,Sul,Pampa,2,208.1,54.9,17,20.8,90.4,26.9,864.0,15.6,15.6,19.3,0.601,nenhum
MG,Sudeste,Mata Atlantica,9,101.6,47.4,8,19.3,71.5,18.2,403.0,10.3,474.0,25.8,0.475,nenhum
RS,Sul,Mata Atlantica,5,157.4,113.7,10,18.2,81.4,41.2,179.0,12.3,66.8,17.0,0.523,tempestade
SP,Sudeste,Mata Atlantica,1,457.5,240.7,27,22.4,77.0,44.3,231.0,12.2,210.9,29.3,0.65,inundacao
SE,Nordeste,Caatinga,9,85.7,31.8,10,22.9,71.1,49.8,255.0,11.5,196.5,18.7,0.529,nenhum
MT,Centro-Oeste,Cerrado,1,264.0,125.7,23,28.9,64.7,78.1,422.0,21.6,18.0,18.2,0.769,tempestade
RJ,Sudeste,Cerrado,5,106.0,28.5,8,19.5,83.4,30.2,1172.0,11.6,382.2,35.1,0.523,nenhum
DF,Centro-Oeste,Pantanal,3,82.3,34.7,8,27.4,67.0,51.1,1407.0,8.0,25.8,23.4,0.32,incendio_florestal
MG,Sudeste,Cerrado,8,43.7,8.4,2,19.3,64.9,19.1,266.0,8.4,74.9,22.0,0.359,incendio_florestal
AP,Norte,Amazonia,1,638.2,368.0,23,25.6,100.0,79.0,142.0,5.7,172.3,16.7,0.689,inundacao
SP,Sudeste,Mata Atlantica,2,303.9,113.5,18,24.7,75.7,80.7,1469.0,22.8,116.7,31.2,0.634,tempestade
MA,Nordeste,Caatinga,7,65.9,22.6,4,22.9,67.4,32.0,295.0,1.7,21.1,18.8,0.347,nenhum
PR,Sul,Mata Atlantica,12,199.2,37.6,15,20.9,73.5,26.1,261.0,13.5,7.2,16.3,0.646,nenhum
PB,Nordeste,Caatinga,1,64.9,21.0,1,31.9,63.8,27.9,847.0,10.9,14.3,21.6,0.341,incendio_florestal
PA,Norte,Amazonia,6,65.6,27.7,9,24.0,82.9,22.8,75.0,12.1,146.2,17.9,0.291,nenhum
MG,Sudeste,Mata Atlantica,10,115.4,25.0,6,21.7,78.5,45.7,314.0,15.7,110.5,28.9,0.349,nenhum
SP,Sudeste,Mata Atlantica,4,159.5,30.3,12,25.2,93.0,40.3,482.0,3.7,36.7,25.7,0.415,nenhum
MG,Sudeste,Mata Atlantica,6,77.1,18.8,7,19.7,69.1,20.9,566.0,19.5,34.9,15.3,0.378,nenhum
RS,Sul,Mata Atlantica,11,57.4,42.8,5,19.9,77.7,35.7,152.0,11.7,31.0,25.5,0.356,nenhum
AL,Nordeste,Caatinga,9,52.2,10.0,5,26.8,75.9,33.0,500.0,7.5,9.6,19.9,0.397,estiagem_seca
SP,Sudeste,Mata Atlantica,4,112.1,32.4,4,23.2,73.9,25.7,28.0,17.2,195.2,20.6,0.459,nenhum
PI,Nordeste,Caatinga,10,29.4,9.9,3,27.8,68.3,53.9,513.0,13.3,9.4,16.6,0.305,estiagem_seca
MG,Sudeste,Mata Atlantica,9,102.8,15.2,10,20.0,76.9,37.2,27.0,5.2,59.5,20.7,0.489,nenhum
MS,Centro-Oeste,Pantanal,7,78.6,27.2,6,23.0,69.9,42.3,1414.0,14.4,333.4,33.0,0.23,nenhum
RO,Norte,Amazonia,6,103.5,27.4,9,24.2,84.9,46.1,61.0,7.2,46.8,27.3,0.426,nenhum
RJ,Sudeste,Mata Atlantica,12,449.5,162.3,31,24.9,80.7,59.7,1051.0,17.7,531.1,39.8,0.646,deslizamento
RJ,Sudeste,Cerrado,11,139.9,66.7,8,23.0,65.2,79.2,107.0,18.0,10.0,16.5,0.405,tempestade
SE,Nordeste,Cerrado,12,105.6,34.3,5,30.9,63.3,43.2,926.0,14.5,6.7,16.5,0.294,incendio_florestal
PR,Sul,Mata Atlantica,9,54.3,18.4,3,16.2,73.4,36.2,517.0,22.6,1.6,12.8,0.34,nenhum
RJ,Sudeste,Mata Atlantica,5,170.9,77.4,11,18.5,84.5,64.6,1759.0,8.8,153.4,16.1,0.591,tempestade
PI,Nordeste,Cerrado,2,100.2,29.8,6,32.2,63.4,35.7,388.0,17.5,2.6,10.7,0.338,incendio_florestal
MG,Sudeste,Cerrado,2,167.7,110.0,12,26.1,80.0,71.8,609.0,17.2,536.3,27.9,0.457,tempestade
BA,Nordeste,Caatinga,12,83.8,36.6,7,30.1,70.9,23.6,328.0,16.8,665.5,36.1,0.322,incendio_florestal
AP,Norte,Amazonia,5,169.0,39.4,13,22.6,82.9,53.9,160.0,17.9,73.7,20.1,0.599,nenhum
ES,Sudeste,Cerrado,2,492.3,186.6,24,22.9,86.6,35.2,197.0,10.4,14.7,16.3,0.715,inundacao
RO,Norte,Cerrado,3,543.0,125.4,27,27.5,87.5,28.1,305.0,13.3,3.1,14.7,0.718,inundacao
RR,Norte,Amazonia,1,419.0,196.8,27,27.1,81.2,35.0,138.0,2.6,89.9,15.4,0.667,inundacao
SP,Sudeste,Cerrado,7,33.3,10.1,0,19.2,72.3,14.5,835.0,19.3,48.2,17.5,0.396,estiagem_seca
AM,Norte,Amazonia,8,72.6,38.4,7,24.8,80.5,14.0,260.0,20.6,70.1,29.6,0.353,nenhum
ES,Sudeste,Cerrado,5,79.2,23.9,7,22.0,85.8,16.4,433.0,9.5,110.4,19.1,0.329,nenhum
ES,Sudeste,Mata Atlantica,9,186.3,48.5,11,19.8,75.9,25.4,503.0,21.5,9.6,17.9,0.534,deslizamento
MA,Nordeste,Caatinga,6,31.4,7.6,1,26.7,64.7,38.3,144.0,8.0,35.6,14.8,0.284,estiagem_seca
MT,Centro-Oeste,Cerrado,12,146.1,66.4,9,27.1,65.7,26.1,1151.0,7.4,62.0,15.7,0.478,nenhum
RO,Norte,Cerrado,10,226.4,87.3,18,22.3,84.1,82.2,196.0,7.1,1508.5,28.5,0.484,tempestade
SP,Sudeste,Mata Atlantica,1,464.5,156.8,30,23.2,76.5,21.7,560.0,13.9,160.2,26.2,0.615,deslizamento
AM,Norte,Amazonia,4,103.5,50.7,10,27.0,87.0,57.5,252.0,10.5,61.8,24.2,0.428,nenhum
PR,Sul,Pampa,10,158.1,61.3,11,21.6,88.8,45.8,261.0,6.3,10.8,14.3,0.468,nenhum
PI,Nordeste,Caatinga,7,19.7,11.0,3,22.6,54.9,24.4,196.0,2.8,336.6,25.4,0.248,estiagem_seca
ES,Sudeste,Cerrado,10,202.3,70.0,17,20.3,91.7,34.7,93.0,10.5,625.3,39.8,0.448,nenhum
AP,Norte,Cerrado,5,52.3,8.1,3,24.2,78.6,68.5,46.0,1.9,5.2,11.7,0.19,incendio_florestal
RN,Nordeste,Caatinga,1,43.6,23.3,6,30.6,70.0,33.2,171.0,3.5,3.1,10.2,0.308,estiagem_seca
MT,Centro-Oeste,Cerrado,10,173.0,87.1,11,22.6,60.3,24.9,1278.0,7.6,54.2,20.8,0.544,nenhum
SP,Sudeste,Cerrado,10,86.0,24.2,9,23.9,60.1,22.9,372.0,10.6,37.1,26.1,0.321,nenhum
SC,Sul,Pampa,8,81.9,27.5,4,15.4,76.3,30.8,839.0,7.4,414.7,35.8,0.251,nenhum
RR,Norte,Amazonia,5,215.9,39.6,17,26.0,87.3,80.2,95.0,17.5,9.1,13.8,0.672,tempestade
TO,Norte,Amazonia,1,306.7,92.3,21,28.5,90.8,28.7,95.0,7.8,12.0,13.4,0.688,inundacao
MA,Nordeste,Cerrado,9,84.5,18.2,4,24.4,74.2,59.6,482.0,11.0,5.0,13.7,0.436,nenhum
SE,Nordeste,Caatinga,8,25.5,9.6,0,25.7,71.3,26.3,9.0,9.0,11.0,20.5,0.397,estiagem_seca
RS,Sul,Mata Atlantica,9,101.1,24.7,6,22.7,76.9,23.1,555.0,7.5,63.1,25.6,0.418,nenhum
RS,Sul,Mata Atlantica,3,136.3,20.8,9,20.7,96.7,32.2,320.0,10.1,5.0,16.1,0.511,nenhum
RS,Sul,Mata Atlantica,9,84.1,35.5,6,15.7,85.0,14.2,136.0,13.1,6349.4,32.4,0.284,nenhum
BA,Nordeste,Mata Atlantica,9,53.5,21.5,5,23.6,74.9,44.6,508.0,10.8,1.1,10.0,0.345,nenhum
MT,Centro-Oeste,Cerrado,11,128.2,39.5,6,26.1,61.1,35.1,368.0,6.5,21.8,13.1,0.385,nenhum
MG,Sudeste,Mata Atlantica,7,50.9,15.1,4,18.1,73.0,39.0,1321.0,22.5,69.8,22.8,0.234,incendio_florestal
PI,Nordeste,Caatinga,9,28.8,4.0,3,25.0,77.6,62.1,290.0,5.5,337.5,27.1,0.271,estiagem_seca
RJ,Sudeste,Mata Atlantica,5,94.6,29.8,9,20.1,75.3,31.0,731.0,11.5,10.7,13.8,0.388,nenhum
PB,Nordeste,Caatinga,9,34.6,13.9,6,22.2,75.5,31.7,329.0,17.4,3.1,10.8,0.269,incendio_florestal
PI,Nordeste,Mata Atlantica,9,37.7,17.6,4,26.6,65.9,47.8,290.0,1.6,10.6,17.5,0.304,estiagem_seca
RS,Sul,Mata Atlantica,10,86.4,22.6,4,16.1,87.0,19.6,368.0,9.2,772.6,29.7,0.308,nenhum
PE,Nordeste,Caatinga,11,113.7,29.4,6,30.8,65.1,14.1,619.0,6.0,2.3,12.8,0.428,estiagem_seca
PR,Sul,Mata Atlantica,1,180.0,47.8,16,24.1,79.6,19.4,551.0,18.4,236.5,20.2,0.564,nenhum
MA,Nordeste,Caatinga,10,55.6,9.6,3,28.8,51.4,19.8,578.0,3.0,75.8,15.9,0.3,incendio_florestal
AC,Norte,Amazonia,10,195.6,44.2,13,28.0,89.5,59.3,187.0,1.7,90.0,17.8,0.512,nenhum
RN,Nordeste,Caatinga,7,64.5,24.5,7,25.1,64.7,33.0,293.0,7.5,298.5,31.2,0.39,tempestade
RN,Nordeste,Cerrado,7,97.2,22.2,7,24.9,69.5,36.4,93.0,15.7,16.1,12.6,0.553,nenhum
MT,Centro-Oeste,Amazonia,9,70.3,16.2,5,24.3,78.3,38.8,12.0,0.5,214.1,28.9,0.32,nenhum
RO,Norte,Amazonia,6,139.8,22.4,11,24.0,83.9,59.9,217.0,4.9,62.6,20.7,0.458,nenhum
ES,Sudeste,Cerrado,5,64.3,16.7,4,20.9,73.8,34.4,826.0,22.4,6.9,17.7,0.345,nenhum
SC,Sul,Pampa,10,63.6,33.9,2,18.8,70.8,19.0,387.0,11.9,42.9,21.2,0.282,nenhum
RN,Nordeste,Caatinga,10,32.1,18.8,6,28.6,63.6,35.8,512.0,7.6,46.3,24.4,0.346,tempestade
AL,Nordeste,Cerrado,3,164.2,37.6,11,29.3,55.3,78.5,76.0,8.8,1.3,10.9,0.609,tempestade
MA,Nordeste,Cerrado,10,64.1,13.4,5,28.3,62.6,27.9,58.0,12.1,11.3,17.2,0.311,incendio_florestal
RJ,Sudeste,Mata Atlantica,4,191.6,40.5,11,21.8,68.8,65.5,304.0,16.0,102.5,19.2,0.544,nenhum
SP,Sudeste,Mata Atlantica,2,154.3,60.1,9,26.4,69.9,42.9,68.0,5.9,61.5,19.8,0.525,nenhum
PA,Norte,Cerrado,11,546.6,110.3,29,26.0,86.6,70.2,135.0,2.1,239.0,32.4,0.715,inundacao
RJ,Sudeste,Mata Atlantica,3,103.8,25.8,4,23.5,82.9,25.6,544.0,15.5,340.2,37.4,0.385,nenhum
DF,Centro-Oeste,Cerrado,3,120.1,38.1,10,26.4,61.5,24.2,227.0,8.4,12.9,15.8,0.489,nenhum
PI,Nordeste,Mata Atlantica,4,145.2,46.1,6,25.4,72.3,11.5,415.0,7.0,16.3,17.7,0.518,nenhum
RO,Norte,Amazonia,6,122.3,25.6,9,24.6,87.5,29.4,227.0,4.7,4.7,12.3,0.478,nenhum
RS,Sul,Mata Atlantica,2,140.2,53.3,12,23.1,89.1,23.1,359.0,11.3,106.1,18.8,0.503,nenhum
RN,Nordeste,Cerrado,2,90.7,18.2,6,29.6,58.4,26.3,580.0,11.7,21.7,19.2,0.442,estiagem_seca
MA,Nordeste,Cerrado,5,70.4,11.2,3,25.4,66.0,41.1,207.0,10.0,284.3,18.4,0.375,nenhum
PI,Nordeste,Cerrado,3,68.6,20.4,4,28.2,67.8,9.8,393.0,2.2,234.1,30.7,0.298,incendio_florestal
RJ,Sudeste,Mata Atlantica,3,89.4,51.3,5,26.2,85.3,10.1,431.0,15.4,103.3,17.2,0.555,nenhum
GO,Centro-Oeste,Pantanal,11,237.7,87.4,20,26.5,74.8,47.3,256.0,14.6,25.5,13.9,0.556,tempestade
PE,Nordeste,Caatinga,8,29.7,8.9,2,21.5,71.0,25.3,204.0,5.7,254.4,20.9,0.334,estiagem_seca
DF,Centro-Oeste,Cerrado,1,162.2,76.6,12,27.0,70.4,59.2,176.0,10.7,49.2,26.5,0.459,tempestade
RJ,Sudeste,Mata Atlantica,2,472.8,80.4,28,22.6,81.1,59.9,167.0,5.9,70.8,16.6,0.566,inundacao
BA,Nordeste,Cerrado,10,28.3,7.3,1,25.1,75.1,29.0,466.0,11.3,2.7,12.8,0.15,deslizamento
RS,Sul,Pampa,4,111.1,15.7,9,23.0,90.9,24.3,104.0,3.3,87.2,22.3,0.401,nenhum
SE,Nordeste,Cerrado,2,114.7,57.3,4,30.2,63.9,37.7,552.0,17.1,52.7,23.0,0.561,estiagem_seca
PB,Nordeste,Caatinga,8,38.5,7.5,3,25.9,64.8,54.5,240.0,16.3,41.5,19.2,0.421,estiagem_seca
RS,Sul,Mata Atlantica,11,163.3,50.8,17,21.4,73.5,50.9,1051.0,24.6,20.5,17.9,0.482,deslizamento
MG,Sudeste,Mata Atlantica,5,75.1,29.4,7,20.9,68.5,81.3,99.0,14.3,4.9,16.9,0.323,tempestade
PE,Nordeste,Cerrado,9,46.7,20.3,3,25.5,65.4,23.5,64.0,20.7,45.1,18.2,0.283,incendio_florestal
RJ,Sudeste,Cerrado,6,49.1,19.0,4,18.8,61.5,24.9,247.0,17.9,1.9,10.4,0.353,inundacao
DF,Centro-Oeste,Amazonia,2,287.1,108.0,17,27.5,75.4,62.6,462.0,2.7,34.8,14.1,0.824,tempestade
CE,Nordeste,Caatinga,10,53.2,20.6,5,32.1,68.7,30.0,35.0,11.0,21.1,19.8,0.384,estiagem_seca
RJ,Sudeste,Mata Atlantica,12,137.6,77.0,11,28.4,84.1,23.8,936.0,23.1,352.2,19.9,0.515,tempestade
ES,Sudeste,Cerrado,12,404.9,109.5,26,22.4,91.0,30.0,593.0,22.0,815.7,38.9,0.632,deslizamento
AL,Nordeste,Caatinga,2,60.4,9.7,7,28.5,68.2,36.7,513.0,6.8,5.0,14.7,0.212,incendio_florestal
MG,Sudeste,Mata Atlantica,7,26.3,5.8,1,18.4,53.4,74.6,377.0,29.3,159.6,30.2,0.103,incendio_florestal
PB,Nordeste,Caatinga,8,26.2,13.3,2,25.1,73.0,71.0,39.0,7.7,18.1,20.0,0.214,deslizamento
RR,Norte,Amazonia,1,864.4,278.3,27,29.4,100.0,70.0,51.0,4.2,24.1,21.6,0.581,inundacao
SC,Sul,Mata Atlantica,12,515.2,148.9,27,20.6,84.4,36.3,342.0,11.6,23.5,24.1,0.542,inundacao
RJ,Sudeste,Cerrado,2,127.3,40.2,5,24.9,60.1,29.2,945.0,16.4,345.0,29.5,0.489,nenhum
ES,Sudeste,Mata Atlantica,4,121.1,21.8,11,21.3,77.8,74.3,73.0,17.5,41.3,18.0,0.428,tempestade
MG,Sudeste,Mata Atlantica,12,216.7,44.0,19,24.7,82.5,27.7,59.0,10.5,92.5,24.8,0.537,nenhum
MG,Sudeste,Mata Atlantica,7,65.9,14.3,5,20.8,71.3,57.5,1142.0,28.2,4.0,13.5,0.268,deslizamento
PI,Nordeste,Caatinga,9,34.7,10.9,5,27.9,47.1,40.8,386.0,8.3,8.8,13.3,0.355,estiagem_seca
RS,Sul,Mata Atlantica,6,79.7,23.2,5,18.2,72.8,25.2,1.0,20.8,21.4,16.3,0.371,nenhum
RJ,Sudeste,Mata Atlantica,10,103.3,25.5,7,22.1,75.9,46.0,1654.0,12.8,49.2,23.2,0.293,nenhum
MG,Sudeste,Mata Atlantica,1,462.8,79.4,27,23.8,82.3,46.1,951.0,27.4,134.6,23.9,0.627,deslizamento
GO,Centro-Oeste,Cerrado,9,67.1,11.1,5,23.3,65.4,11.6,778.0,11.7,20.4,16.3,0.484,nenhum
CE,Nordeste,Caatinga,1,60.5,13.8,3,32.5,67.3,30.6,479.0,6.7,402.3,29.8,0.372,estiagem_seca
AC,Norte,Amazonia,3,365.5,64.0,25,27.3,94.9,39.6,228.0,2.1,32.6,17.0,0.683,inundacao
SE,Nordeste,Caatinga,7,36.5,11.9,3,25.0,66.9,39.3,185.0,10.8,17.4,22.7,0.304,estiagem_seca
PI,Nordeste,Caatinga,6,150.1,64.5,8,25.5,66.4,26.9,262.0,11.2,179.1,30.1,0.429,nenhum
SP,Sudeste,Mata Atlantica,2,161.9,40.3,13,24.1,78.7,32.7,857.0,26.4,142.2,18.6,0.497,deslizamento
SC,Sul,Mata Atlantica,10,180.1,62.1,13,19.8,86.6,30.6,88.0,7.5,3.3,12.1,0.489,nenhum
PE,Nordeste,Caatinga,4,48.8,15.5,3,27.3,48.1,28.6,530.0,2.3,530.3,23.8,0.249,incendio_florestal
RN,Nordeste,Caatinga,11,134.8,44.3,16,31.4,67.0,70.7,114.0,14.8,21.7,15.8,0.51,tempestade
RJ,Sudeste,Cerrado,1,146.7,62.4,11,24.2,71.6,68.9,394.0,10.3,35.4,16.7,0.594,tempestade
RN,Nordeste,Caatinga,3,115.6,39.4,4,30.8,61.6,19.0,91.0,3.2,13.1,13.1,0.473,estiagem_seca
RS,Sul,Mata Atlantica,4,165.7,25.8,12,16.2,90.2,34.5,300.0,16.7,25.7,17.0,0.596,nenhum
PI,Nordeste,Mata Atlantica,8,66.6,22.8,6,22.5,76.4,50.1,246.0,7.3,3.7,10.8,0.224,nenhum
RR,Norte,Amazonia,5,170.1,81.9,13,20.1,84.5,27.3,244.0,8.2,76.0,26.5,0.54,nenhum
RN,Nordeste,Cerrado,2,143.8,24.8,7,30.2,70.4,34.2,594.0,16.4,18.8,14.7,0.518,estiagem_seca
SC,Sul,Mata Atlantica,7,154.4,41.5,9,17.4,79.6,21.1,964.0,10.0,30.5,14.7,0.459,nenhum
PI,Nordeste,Caatinga,12,92.4,29.1,9,27.2,60.1,18.8,670.0,13.3,212.7,30.7,0.35,nenhum
RJ,Sudeste,Mata Atlantica,2,133.2,32.7,4,24.9,77.2,35.6,404.0,21.2,95.7,27.3,0.531,nenhum
RN,Nordeste,Caatinga,4,205.5,82.3,18,29.0,55.9,21.8,277.0,6.6,48.0,19.9,0.62,tempestade
AL,Nordeste,Caatinga,6,43.0,14.4,7,24.6,67.9,38.1,136.0,20.2,922.9,39.8,0.215,incendio_florestal
RS,Sul,Mata Atlantica,9,122.6,57.8,10,16.9,78.3,38.5,351.0,22.8,8.3,14.8,0.585,nenhum
MA,Nordeste,Caatinga,2,90.7,37.6,5,32.4,70.5,42.9,545.0,6.7,53.2,21.5,0.38,estiagem_seca
AM,Norte,Amazonia,3,324.8,186.7,27,25.0,93.1,27.4,203.0,8.9,323.9,33.3,0.736,inundacao
MT,Centro-Oeste,Cerrado,3,155.2,39.4,11,25.0,76.7,15.3,764.0,13.9,474.3,20.7,0.47,nenhum
RS,Sul,Mata Atlantica,8,237.2,69.0,17,17.8,71.8,88.5,291.0,18.5,5.2,11.2,0.676,tempestade
RN,Nordeste,Caatinga,1,58.4,18.3,3,30.4,62.8,32.1,84.0,4.2,16.0,18.7,0.433,estiagem_seca
AM,Norte,Amazonia,8,53.9,23.5,5,26.1,69.8,44.9,136.0,0.4,265.7,23.9,0.237,incendio_florestal
RS,Sul,Mata Atlantica,6,168.8,70.8,8,16.3,76.1,38.5,645.0,17.7,23.9,15.8,0.702,nenhum
SP,Sudeste,Cerrado,4,98.8,32.7,6,21.9,71.2,31.7,750.0,18.6,52.6,25.7,0.328,nenhum
SC,Sul,Mata Atlantica,11,226.2,63.1,17,22.0,95.6,38.6,666.0,8.3,23.3,19.7,0.675,nenhum
ES,Sudeste,Mata Atlantica,10,82.7,14.2,8,24.1,70.0,23.3,1254.0,14.7,47.4,26.3,0.388,nenhum
MG,Sudeste,Mata Atlantica,10,196.3,46.5,16,19.5,66.8,35.4,838.0,15.3,0.5,9.3,0.527,nenhum
PB,Nordeste,Cerrado,11,25.3,6.5,1,25.8,67.2,52.1,357.0,11.6,27.2,20.2,0.158,estiagem_seca
AL,Nordeste,Cerrado,3,75.4,27.5,5,33.5,62.6,31.6,290.0,3.4,44.3,25.6,0.249,incendio_florestal
ES,Sudeste,Cerrado,11,118.2,42.8,5,26.1,75.5,73.8,1072.0,18.3,24.8,18.1,0.424,tempestade
RJ,Sudeste,Mata Atlantica,3,174.7,76.7,5,22.9,84.6,45.9,247.0,16.8,58.0,25.0,0.568,nenhum
SC,Sul,Pampa,4,79.4,24.7,6,18.6,82.6,21.6,591.0,23.9,6.7,13.0,0.364,nenhum
MG,Sudeste,Cerrado,7,30.8,11.3,2,19.1,71.0,44.9,921.0,25.3,74.1,15.1,0.252,estiagem_seca
RN,Nordeste,Caatinga,9,89.4,45.2,9,25.4,73.0,57.8,598.0,4.5,585.7,32.0,0.3,nenhum
MS,Centro-Oeste,Cerrado,7,46.2,21.8,7,22.0,67.1,27.9,376.0,3.8,342.9,23.8,0.277,incendio_florestal
RJ,Sudeste,Mata Atlantica,7,28.9,15.9,2,16.9,70.7,38.8,355.0,18.3,141.9,19.6,0.249,estiagem_seca
MT,Centro-Oeste,Pantanal,5,94.0,34.1,9,22.5,64.4,18.3,967.0,11.9,73.2,29.5,0.329,nenhum
SP,Sudeste,Mata Atlantica,8,100.7,49.6,5,19.9,84.8,39.2,712.0,11.2,17.0,15.0,0.345,nenhum
MG,Sudeste,Cerrado,6,125.9,31.0,12,17.0,84.2,27.8,921.0,20.8,23.5,23.4,0.379,nenhum
PA,Norte,Amazonia,6,147.8,77.9,10,20.8,86.9,21.7,207.0,4.5,180.5,27.9,0.52,nenhum
MG,Sudeste,Mata Atlantica,8,108.3,38.4,8,19.5,88.5,29.1,416.0,4.6,39.7,15.7,0.38,nenhum
MG,Sudeste,Mata Atlantica,8,31.6,8.7,0,19.8,89.1,37.8,202.0,12.2,1175.9,41.0,0.271,estiagem_seca
PR,Sul,Mata Atlantica,4,156.6,66.8,12,15.8,88.7,82.6,458.0,24.4,3.6,11.0,0.537,tempestade
MS,Centro-Oeste,Pantanal,2,134.0,72.7,11,28.8,70.7,54.8,385.0,14.0,36.1,22.0,0.589,tempestade
MG,Sudeste,Mata Atlantica,4,76.9,33.0,4,21.4,75.5,65.0,810.0,14.3,21.3,16.8,0.379,nenhum
GO,Centro-Oeste,Cerrado,5,120.4,78.2,12,24.6,60.9,60.3,705.0,3.4,158.0,19.7,0.478,tempestade
MG,Sudeste,Cerrado,2,533.0,93.5,23,19.3,75.9,51.6,591.0,19.4,217.8,24.9,0.581,deslizamento
AC,Norte,Amazonia,3,97.0,47.4,8,29.7,83.1,31.2,11.0,7.9,7.2,12.6,0.321,incendio_florestal
RS,Sul,Mata Atlantica,12,139.9,96.8,9,22.7,79.0,44.7,80.0,8.9,6.6,17.7,0.612,tempestade
RS,Sul,Pampa,4,101.8,44.9,9,20.6,78.2,22.2,182.0,12.4,15.5,18.6,0.471,nenhum
MG,Sudeste,Mata Atlantica,9,84.3,13.5,5,24.1,71.7,39.3,710.0,26.4,112.6,24.4,0.268,deslizamento
MG,Sudeste,Mata Atlantica,2,117.9,19.8,7,22.9,80.7,39.9,939.0,17.7,95.1,26.3,0.458,nenhum
RO,Norte,Cerrado,12,264.1,183.8,22,29.7,86.0,42.0,144.0,9.6,4.3,15.9,0.734,inundacao
MG,Sudeste,Mata Atlantica,3,301.9,155.0,24,22.9,94.1,40.5,1225.0,14.9,76.8,25.3,0.767,deslizamento
GO,Centro-Oeste,Cerrado,5,77.7,26.0,4,24.2,71.4,31.2,178.0,10.6,62.6,28.5,0.274,nenhum
MG,Sudeste,Mata Atlantica,10,144.3,68.1,10,20.3,70.4,47.1,942.0,12.2,45.2,18.0,0.475,nenhum
PA,Norte,Amazonia,3,294.5,127.5,24,25.6,88.5,46.3,157.0,10.8,119.5,31.7,0.599,inundacao
MG,Sudeste,Cerrado,7,63.3,22.1,6,20.5,76.3,61.1,884.0,21.2,69.5,25.0,0.334,nenhum
PE,Nordeste,Cerrado,10,39.5,6.8,5,25.5,70.5,66.2,621.0,13.3,55.8,19.2,0.266,incendio_florestal
MG,Sudeste,Cerrado,1,84.4,19.0,9,24.8,69.8,37.1,430.0,13.9,284.2,29.3,0.394,nenhum
RJ,Sudeste,Cerrado,1,199.5,59.1,13,23.4,79.0,31.4,497.0,12.2,489.2,32.6,0.444,nenhum
SE,Nordeste,Caatinga,10,104.3,58.6,10,28.9,54.7,32.0,83.0,5.4,26.7,18.0,0.426,estiagem_seca
MT,Centro-Oeste,Cerrado,4,166.1,34.1,14,21.5,66.9,21.2,1212.0,12.2,44.9,21.4,0.417,nenhum
MG,Sudeste,Cerrado,11,284.3,71.8,24,23.5,82.2,29.0,850.0,21.8,135.4,17.7,0.759,nenhum
ES,Sudeste,Cerrado,12,164.0,75.3,12,22.2,81.2,53.6,490.0,22.2,37.2,17.0,0.506,nenhum
PA,Norte,Amazonia,11,204.3,63.4,17,23.9,87.3,47.8,42.0,9.4,140.4,16.0,0.588,nenhum
GO,Centro-Oeste,Cerrado,12,201.7,84.7,16,25.5,68.7,35.4,710.0,20.1,60.0,17.4,0.649,deslizamento
AL,Nordeste,Cerrado,10,109.2,44.8,11,30.5,56.6,60.8,339.0,12.3,158.3,32.9,0.392,deslizamento
SP,Sudeste,Mata Atlantica,5,164.7,25.9,12,19.0,92.8,35.1,848.0,10.4,135.2,21.0,0.514,nenhum
SP,Sudeste,Mata Atlantica,12,121.0,49.5,5,26.0,80.2,44.9,291.0,5.7,43.6,21.4,0.392,nenhum
AC,Norte,Amazonia,5,121.2,106.4,11,23.5,93.8,28.7,178.0,15.9,189.6,27.3,0.402,tempestade
MG,Sudeste,Mata Atlantica,8,58.2,10.5,6,21.8,71.3,46.3,1499.0,17.2,143.8,28.3,0.232,nenhum
RJ,Sudeste,Mata Atlantica,1,484.3,122.8,26,21.8,79.8,21.1,735.0,9.0,1600.4,31.3,0.566,inundacao
SP,Sudeste,Cerrado,12,130.4,67.5,10,23.6,75.9,36.2,706.0,8.1,3.1,10.9,0.506,nenhum
RR,Norte,Amazonia,8,220.0,85.5,15,26.3,98.4,34.6,32.0,12.1,134.2,26.4,0.503,inundacao
BA,Nordeste,Mata Atlantica,12,269.4,145.7,26,28.5,87.0,45.7,169.0,1.5,236.1,29.0,0.628,tempestade
GO,Centro-Oeste,Cerrado,5,114.3,21.8,9,21.9,73.2,79.1,1019.0,12.9,1395.6,29.9,0.412,tempestade
PB,Nordeste,Caatinga,4,229.3,141.4,13,25.9,77.7,33.6,233.0,13.7,22.8,24.1,0.645,tempestade
MT,Centro-Oeste,Cerrado,7,37.8,15.6,4,20.3,63.7,42.9,128.0,4.9,58.4,19.8,0.127,incendio_florestal
AC,Norte,Amazonia,11,479.1,215.7,28,24.7,87.5,58.3,68.0,22.2,24.8,13.5,0.643,deslizamento
AM,Norte,Amazonia,7,56.6,13.4,7,21.7,80.6,47.4,125.0,24.9,710.7,21.9,0.373,deslizamento
MG,Sudeste,Mata Atlantica,10,158.2,42.9,10,22.1,72.2,32.8,438.0,8.9,15.6,21.8,0.54,nenhum
BA,Nordeste,Cerrado,3,293.3,128.1,23,27.8,64.9,25.7,442.0,3.3,23.7,21.5,0.669,tempestade
ES,Sudeste,Mata Atlantica,10,182.2,37.9,15,17.8,80.3,40.3,1492.0,24.0,5.6,16.5,0.522,deslizamento
AP,Norte,Amazonia,9,120.2,33.0,5,22.7,83.4,29.8,31.0,4.6,0.7,10.8,0.45,nenhum
MG,Sudeste,Cerrado,11,193.3,50.8,12,25.5,62.9,42.4,99.0,18.1,49.9,23.9,0.583,nenhum
PB,Nordeste,Cerrado,1,99.3,21.5,8,28.4,55.0,26.0,223.0,16.5,42.4,16.2,0.384,incendio_florestal
MG,Sudeste,Mata Atlantica,5,84.4,35.6,4,18.4,73.9,43.9,341.0,29.6,34.9,24.3,0.394,deslizamento
MG,Sudeste,Cerrado,2,147.5,37.3,11,23.8,77.0,65.1,1026.0,12.7,123.4,19.1,0.555,nenhum
MA,Nordeste,Caatinga,5,95.0,36.4,9,23.9,67.3,25.3,345.0,6.0,156.5,28.2,0.343,deslizamento
RJ,Sudeste,Cerrado,10,152.9,61.5,13,22.0,70.0,44.8,755.0,23.9,17.6,13.0,0.556,nenhum
BA,Nordeste,Caatinga,8,48.8,14.9,6,27.4,56.0,33.7,520.0,18.5,54.3,19.2,0.274,incendio_florestal
MG,Sudeste,Mata Atlantica,10,133.7,14.0,14,21.8,74.7,47.1,396.0,18.0,41.5,20.8,0.433,nenhum
RO,Norte,Amazonia,9,83.6,56.9,10,26.9,91.0,24.6,130.0,7.5,49.7,23.9,0.4,nenhum
GO,Centro-Oeste,Pantanal,12,142.4,38.2,10,26.7,68.2,15.0,782.0,7.2,464.7,36.1,0.564,nenhum
PI,Nordeste,Cerrado,11,54.3,19.2,2,28.7,62.0,29.3,648.0,4.6,91.7,16.1,0.314,incendio_florestal
SC,Sul,Mata Atlantica,8,93.6,35.0,8,14.9,79.9,46.5,61.0,16.7,233.7,32.4,0.518,nenhum
MT,Centro-Oeste,Cerrado,11,208.7,35.0,12,27.6,81.5,32.3,969.0,21.6,36.3,23.2,0.548,deslizamento
RJ,Sudeste,Cerrado,1,121.0,25.7,11,23.5,84.7,19.0,409.0,11.7,9.0,18.2,0.517,nenhum
AL,Nordeste,Caatinga,9,41.2,20.5,4,24.0,63.3,40.5,366.0,20.5,246.6,26.9,0.346,incendio_florestal
RN,Nordeste,Caatinga,7,76.1,32.7,8,22.7,64.4,30.6,327.0,3.1,147.8,26.2,0.426,nenhum
BA,Nordeste,Cerrado,12,56.8,8.6,4,32.1,72.2,28.6,45.0,2.9,24.2,14.4,0.313,estiagem_seca
PR,Sul,Pampa,7,117.0,88.0,9,14.9,83.0,41.4,335.0,1.7,37.6,24.3,0.454,nenhum
ES,Sudeste,Mata Atlantica,3,304.3,99.1,26,25.4,92.3,68.3,522.0,14.4,112.2,17.9,0.689,incendio_florestal
PE,Nordeste,Caatinga,9,20.7,5.8,2,22.1,75.7,18.2,665.0,9.9,85.0,24.4,0.234,estiagem_seca
SP,Sudeste,Mata Atlantica,12,145.3,21.6,10,20.0,74.1,33.1,695.0,12.4,40.9,17.8,0.483,estiagem_seca
MT,Centro-Oeste,Cerrado,1,171.8,28.9,12,29.2,65.1,53.2,261.0,5.5,9.6,12.7,0.455,nenhum
AP,Norte,Amazonia,1,498.5,165.5,28,27.6,95.0,74.0,128.0,6.3,867.5,24.2,0.652,inundacao
DF,Centro-Oeste,Cerrado,8,109.5,18.1,8,21.0,72.9,57.9,1249.0,13.6,48.8,14.4,0.405,nenhum
SE,Nordeste,Caatinga,7,63.9,31.0,5,24.1,61.2,21.8,414.0,16.4,277.1,21.8,0.314,nenhum
BA,Nordeste,Mata Atlantica,7,39.7,13.6,5,28.2,55.7,30.8,331.0,13.6,1.3,10.5,0.235,estiagem_seca
MG,Sudeste,Cerrado,2,116.0,35.4,13,22.8,80.3,30.2,1334.0,18.9,7.8,15.9,0.42,inundacao
SE,Nordeste,Caatinga,7,41.6,16.2,2,27.4,66.4,19.6,320.0,15.8,258.4,19.9,0.315,estiagem_seca
RS,Sul,Mata Atlantica,7,147.4,29.6,10,11.1,91.5,76.8,277.0,18.6,37.4,17.4,0.43,tempestade
MG,Sudeste,Mata Atlantica,11,141.9,69.2,9,22.2,67.2,38.9,916.0,22.2,240.1,29.7,0.469,nenhum
ES,Sudeste,Mata Atlantica,5,63.2,26.1,4,18.6,72.5,25.3,1100.0,14.5,20.4,15.0,0.357,nenhum
MG,Sudeste,Mata Atlantica,5,84.1,16.0,8,22.4,77.0,25.1,459.0,20.2,40.5,18.1,0.353,tempestade
PR,Sul,Pampa,1,280.0,52.6,21,21.0,82.5,113.7,247.0,17.8,15.8,18.0,0.717,tempestade
CE,Nordeste,Caatinga,7,50.9,18.3,1,24.7,75.5,28.7,383.0,13.8,214.3,25.5,0.363,nenhum
SP,Sudeste,Mata Atlantica,8,35.0,6.3,3,16.3,84.1,43.6,877.0,23.8,30.0,18.0,0.258,incendio_florestal
MS,Centro-Oeste,Cerrado,4,134.0,28.6,13,25.7,77.0,25.9,113.0,5.9,171.9,28.4,0.387,nenhum
PR,Sul,Mata Atlantica,9,205.6,130.7,20,14.2,83.3,28.8,481.0,8.8,474.4,23.9,0.622,tempestade
PI,Nordeste,Cerrado,12,59.2,18.2,7,32.5,61.5,26.6,478.0,4.3,36.5,18.7,0.289,incendio_florestal
RJ,Sudeste,Cerrado,3,226.9,76.1,19,25.6,89.4,34.1,34.0,23.0,43.0,21.3,0.54,nenhum
RJ,Sudeste,Mata Atlantica,7,91.2,38.4,6,17.9,77.1,40.5,730.0,8.8,22.8,17.7,0.44,nenhum
RN,Nordeste,Caatinga,9,63.4,20.2,4,27.7,70.5,39.7,506.0,13.9,970.5,27.1,0.276,incendio_florestal
PR,Sul,Pampa,1,205.3,53.3,19,22.6,78.7,34.6,209.0,2.7,42.0,26.6,0.606,nenhum
CE,Nordeste,Cerrado,3,94.2,43.7,4,28.4,59.9,14.3,670.0,10.2,34.7,17.0,0.306,incendio_florestal
MA,Nordeste,Cerrado,5,144.6,86.4,9,26.5,67.9,59.2,356.0,4.6,9.3,14.5,0.514,tempestade
RJ,Sudeste,Mata Atlantica,2,229.5,36.9,25,21.6,74.8,19.2,702.0,15.5,21.5,14.1,0.651,nenhum
DF,Centro-Oeste,Cerrado,5,47.3,25.5,4,24.0,75.1,50.8,799.0,15.5,25.5,24.5,0.348,incendio_florestal
RR,Norte,Amazonia,2,307.3,155.5,26,27.0,94.6,45.3,20.0,9.1,255.6,32.7,0.51,inundacao
TO,Norte,Cerrado,11,120.3,32.2,6,30.5,90.6,47.5,189.0,6.0,31.5,16.0,0.358,incendio_florestal
RN,Nordeste,Caatinga,8,46.9,22.7,4,27.4,55.7,63.1,703.0,10.8,28.8,15.8,0.403,estiagem_seca
MG,Sudeste,Cerrado,4,73.1,26.6,6,18.3,84.4,60.6,1451.0,21.9,155.7,22.9,0.336,tempestade
PR,Sul,Pampa,10,153.8,42.1,13,19.1,68.4,37.8,301.0,13.8,51.6,20.3,0.416,nenhum
SP,Sudeste,Mata Atlantica,1,153.2,50.1,12,24.7,75.7,50.1,1335.0,10.8,9.7,15.2,0.538,nenhum
RR,Norte,Amazonia,8,100.6,44.8,11,24.4,81.8,35.1,27.0,10.3,506.9,27.1,0.344,nenhum
MG,Sudeste,Mata Atlantica,9,104.4,24.8,5,18.8,79.3,33.7,536.0,7.5,21.6,16.5,0.369,nenhum
SC,Sul,Mata Atlantica,10,129.6,24.0,12,18.7,87.6,31.4,259.0,4.8,75.6,18.0,0.575,nenhum
SP,Sudeste,Mata Atlantica,3,76.5,42.1,5,24.2,74.2,56.6,290.0,14.6,96.8,19.6,0.327,nenhum
AL,Nordeste,Caatinga,8,41.1,16.0,5,21.9,63.7,44.6,543.0,9.0,1.8,10.7,0.182,incendio_florestal
AC,Norte,Amazonia,10,268.0,108.9,23,23.7,100.0,50.6,399.0,5.4,30.3,20.1,0.646,inundacao
SC,Sul,Mata Atlantica,10,134.2,44.4,15,21.0,93.6,30.9,391.0,2.4,20.4,13.7,0.424,nenhum
PR,Sul,Pampa,3,116.1,71.0,12,21.0,86.0,55.4,506.0,14.5,8.3,12.9,0.284,nenhum
RR,Norte,Amazonia,12,530.4,286.2,28,25.3,94.0,68.8,107.0,2.1,41.2,21.1,0.712,inundacao
SP,Sudeste,Cerrado,4,80.4,43.7,6,21.2,89.2,18.2,303.0,12.3,58.8,19.1,0.455,nenhum
AM,Norte,Amazonia,5,143.7,114.1,9,26.4,81.8,83.7,23.0,2.8,110.8,25.1,0.487,tempestade
TO,Norte,Amazonia,3,246.5,76.5,22,27.2,90.3,32.0,0.0,4.8,58.3,26.5,0.631,inundacao
ES,Sudeste,Mata Atlantica,2,104.3,25.5,7,26.6,71.9,45.9,520.0,14.3,45.9,25.8,0.357,estiagem_seca
ES,Sudeste,Mata Atlantica,4,147.5,49.6,12,21.3,84.3,25.1,1223.0,14.2,545.1,20.7,0.468,nenhum
MT,Centro-Oeste,Amazonia,2,156.1,59.6,11,27.5,86.5,32.2,1540.0,17.6,29.2,16.3,0.571,nenhum
PR,Sul,Mata Atlantica,9,111.3,48.4,7,17.4,82.1,64.2,10.0,18.9,4.0,14.5,0.289,estiagem_seca
SP,Sudeste,Mata Atlantica,8,161.9,40.6,11,17.7,77.9,24.0,833.0,29.0,14.6,17.5,0.516,deslizamento
TO,Norte,Amazonia,5,363.0,138.4,28,20.2,100.0,48.8,260.0,11.7,266.9,18.4,0.747,inundacao
ES,Sudeste,Mata Atlantica,7,27.8,8.4,1,20.6,77.1,32.1,878.0,13.4,36.5,25.2,0.16,incendio_florestal
RJ,Sudeste,Cerrado,8,88.4,41.7,7,19.3,86.9,16.3,1007.0,20.0,13.2,18.4,0.447,nenhum
ES,Sudeste,Cerrado,3,143.9,27.0,8,24.7,63.7,48.3,213.0,17.6,145.7,16.2,0.602,nenhum
RS,Sul,Mata Atlantica,4,175.9,28.7,16,19.0,96.0,56.2,531.0,11.0,511.7,23.8,0.483,nenhum
RJ,Sudeste,Mata Atlantica,11,102.4,39.9,9,25.7,75.6,37.2,338.0,4.7,37.4,26.4,0.289,nenhum
AC,Norte,Amazonia,1,364.1,122.8,21,25.0,91.0,58.7,70.0,3.3,131.1,23.2,0.616,incendio_florestal
AL,Nordeste,Mata Atlantica,12,75.2,12.3,5,31.1,64.2,30.2,286.0,17.2,452.9,22.4,0.371,estiagem_seca
RJ,Sudeste,Mata Atlantica,12,442.3,63.0,28,22.5,77.7,32.6,879.0,25.0,1128.0,23.6,0.832,deslizamento
PR,Sul,Mata Atlantica,4,300.0,110.8,27,16.6,91.2,59.4,477.0,19.3,116.0,17.7,0.622,deslizamento
AC,Norte,Amazonia,4,304.1,80.4,25,23.1,100.0,34.1,46.0,4.4,46.2,23.6,0.607,inundacao
RO,Norte,Amazonia,3,228.7,45.6,14,25.1,86.8,62.6,224.0,10.0,45.3,23.7,0.612,inundacao
MG,Sudeste,Mata Atlantica,7,129.5,56.8,11,18.3,80.3,74.5,307.0,18.5,1.9,12.3,0.484,tempestade
AM,Norte,Amazonia,3,397.6,100.2,23,22.6,88.6,39.4,69.0,5.0,7.3,18.1,0.674,inundacao
TO,Norte,Amazonia,10,114.3,70.2,12,24.3,91.2,52.0,200.0,13.2,105.9,29.7,0.279,nenhum
RS,Sul,Mata Atlantica,5,126.2,66.2,9,18.7,86.7,67.0,521.0,16.3,2543.1,22.2,0.354,tempestade
SP,Sudeste,Mata Atlantica,12,263.4,121.5,21,25.4,87.4,99.2,22.0,15.0,21.3,14.8,0.742,tempestade
SC,Sul,Pampa,11,114.7,54.8,8,18.9,81.6,19.3,439.0,3.9,35.7,15.5,0.53,nenhum
SP,Sudeste,Mata Atlantica,5,111.2,47.4,10,15.6,73.2,30.3,174.0,20.8,93.4,20.8,0.324,nenhum
CE,Nordeste,Mata Atlantica,8,23.9,11.3,2,25.0,67.2,75.5,83.0,5.1,526.2,25.9,0.33,estiagem_seca
RS,Sul,Mata Atlantica,1,278.4,70.6,25,22.0,89.2,47.0,505.0,8.9,14.4,20.5,0.506,nenhum
PE,Nordeste,Caatinga,1,99.8,59.5,11,30.6,78.4,45.1,320.0,5.4,25.6,19.1,0.421,estiagem_seca
RN,Nordeste,Caatinga,7,79.5,32.2,8,23.5,62.5,46.8,658.0,5.5,52.0,24.1,0.327,nenhum
RS,Sul,Mata Atlantica,6,50.4,14.3,7,18.3,77.1,34.2,279.0,18.2,63.1,16.5,0.345,nenhum
ES,Sudeste,Mata Atlantica,5,97.2,20.4,6,20.0,72.2,34.7,1114.0,16.5,69.1,16.9,0.309,nenhum
SC,Sul,Mata Atlantica,2,281.4,113.8,20,18.9,93.1,58.7,529.0,8.9,91.5,16.4,0.737,tempestade
PE,Nordeste,Caatinga,11,84.7,42.8,7,29.1,51.4,49.1,122.0,19.7,123.9,18.6,0.354,incendio_florestal
PR,Sul,Pampa,5,70.8,29.1,3,14.9,71.2,10.1,732.0,17.7,86.2,19.0,0.296,nenhum
RJ,Sudeste,Mata Atlantica,6,57.2,26.3,3,18.7,75.7,50.4,485.0,20.5,52.2,22.3,0.283,nenhum
RJ,Sudeste,Cerrado,5,110.1,25.8,6,20.7,67.5,35.0,749.0,4.6,6.6,15.9,0.481,nenhum
SC,Sul,Mata Atlantica,6,166.7,91.5,10,13.5,85.6,45.9,256.0,9.2,7.5,17.0,0.524,nenhum
PB,Nordeste,Mata Atlantica,8,23.2,4.8,2,24.9,61.5,12.6,319.0,4.9,17.2,20.5,0.282,estiagem_seca
MG,Sudeste,Mata Atlantica,10,189.8,94.8,18,19.9,81.9,50.3,196.0,19.4,288.5,20.8,0.607,deslizamento
SP,Sudeste,Mata Atlantica,7,103.6,54.2,14,20.3,70.4,93.0,817.0,17.1,444.8,19.3,0.357,tempestade
MG,Sudeste,Mata Atlantica,2,172.9,55.5,11,23.1,84.1,15.8,531.0,16.5,7.1,14.3,0.503,nenhum
RS,Sul,Mata Atlantica,11,133.2,46.8,11,23.7,75.4,56.4,267.0,16.0,219.2,34.5,0.596,nenhum
MG,Sudeste,Mata Atlantica,4,148.3,38.2,8,20.7,68.7,51.6,846.0,11.1,5.0,14.0,0.41,nenhum
PA,Norte,Amazonia,1,294.9,140.5,25,27.0,87.7,29.8,234.0,1.1,134.1,29.5,0.491,tempestade
RN,Nordeste,Cerrado,1,43.3,9.4,5,32.7,65.8,25.6,338.0,16.6,27.4,23.8,0.23,estiagem_seca
RS,Sul,Mata Atlantica,10,173.3,66.0,18,17.3,86.5,34.9,583.0,15.0,2.2,12.0,0.533,nenhum
SC,Sul,Mata Atlantica,5,344.7,103.4,22,13.4,100.0,39.2,239.0,10.1,11.7,14.0,0.738,inundacao
SC,Sul,Mata Atlantica,1,123.5,48.2,9,22.9,85.8,46.4,191.0,15.6,22.1,21.3,0.39,nenhum
RO,Norte,Amazonia,10,127.7,69.0,12,25.4,92.9,25.2,153.0,1.2,103.9,25.1,0.487,nenhum
BA,Nordeste,Caatinga,4,76.4,37.7,5,27.9,66.5,32.5,517.0,3.1,50.1,27.6,0.3,incendio_florestal
RJ,Sudeste,Mata Atlantica,12,210.3,49.7,15,23.0,76.4,53.7,440.0,13.8,44.7,22.1,0.627,deslizamento
ES,Sudeste,Mata Atlantica,11,294.1,63.7,25,24.6,78.5,16.0,872.0,14.7,35.0,25.2,0.731,nenhum
TO,Norte,Amazonia,1,276.5,80.7,24,31.8,95.5,55.6,412.0,8.9,236.6,25.2,0.609,tempestade
SP,Sudeste,Cerrado,9,278.3,182.3,16,15.3,81.0,32.4,418.0,8.2,11.9,20.9,0.725,inundacao
SE,Nordeste,Mata Atlantica,8,79.7,27.5,5,23.7,64.1,56.0,211.0,11.6,117.7,22.8,0.273,nenhum
DF,Centro-Oeste,Cerrado,3,109.9,14.6,12,28.6,64.9,23.6,1149.0,9.7,1936.5,25.9,0.403,nenhum
CE,Nordeste,Caatinga,5,94.7,44.8,3,23.6,76.2,25.7,100.0,9.8,119.8,24.3,0.389,nenhum
AM,Norte,Amazonia,6,168.8,76.5,16,22.4,82.6,37.8,90.0,8.7,113.6,15.8,0.544,nenhum
PA,Norte,Amazonia,2,261.0,79.0,16,28.1,91.9,42.0,20.0,0.9,19.7,20.6,0.684,inundacao
PR,Sul,Mata Atlantica,9,86.1,21.4,2,12.3,87.7,33.0,522.0,3.3,1130.3,37.0,0.336,nenhum
MG,Sudeste,Mata Atlantica,4,225.4,24.6,18,24.3,90.7,28.1,615.0,17.7,16.0,21.1,0.41,nenhum
SC,Sul,Mata Atlantica,12,182.3,56.3,17,19.7,89.6,50.7,275.0,5.2,46.6,23.9,0.547,nenhum
MT,Centro-Oeste,Cerrado,10,210.7,45.9,23,23.0,67.4,24.3,0.0,4.6,2.0,9.9,0.512,nenhum
MT,Centro-Oeste,Cerrado,8,80.5,14.6,5,22.1,73.9,47.2,616.0,6.0,19.7,22.3,0.315,nenhum
CE,Nordeste,Caatinga,2,68.6,29.8,4,29.3,65.7,29.6,431.0,16.5,162.9,25.7,0.381,incendio_florestal
MG,Sudeste,Mata Atlantica,1,330.8,158.4,28,26.6,89.9,54.5,530.0,24.8,42.7,22.1,0.697,deslizamento
SE,Nordeste,Cerrado,2,50.6,11.3,2,30.7,63.3,21.1,129.0,14.9,251.9,24.8,0.397,estiagem_seca
RJ,Sudeste,Mata Atlantica,6,92.1,38.3,5,17.9,72.3,38.8,662.0,7.1,70.9,21.2,0.408,nenhum
SP,Sudeste,Mata Atlantica,10,247.6,52.2,21,22.8,78.5,22.1,773.0,18.9,108.7,21.7,0.604,deslizamento
PR,Sul,Pampa,2,349.6,192.4,22,22.9,71.7,39.7,754.0,10.1,232.1,31.9,0.541,inundacao
PE,Nordeste,Caatinga,9,28.3,9.1,0,24.3,57.7,42.5,122.0,8.8,4.8,10.8,0.38,estiagem_seca
MS,Centro-Oeste,Pantanal,1,208.7,100.4,19,25.8,79.9,37.0,1280.0,6.6,183.2,19.6,0.519,tempestade
MA,Nordeste,Cerrado,4,69.4,24.7,7,28.8,52.5,66.0,723.0,6.6,29.6,22.4,0.253,incendio_florestal
TO,Norte,Amazonia,8,132.8,27.9,12,24.1,83.5,28.8,89.0,14.3,25.0,17.9,0.467,nenhum
SP,Sudeste,Cerrado,10,414.9,147.4,27,20.2,90.2,53.4,432.0,12.6,10.2,15.4,0.765,inundacao
MG,Sudeste,Mata Atlantica,10,65.6,16.4,4,25.1,66.5,23.1,597.0,12.3,101.3,25.5,0.324,nenhum
RJ,Sudeste,Cerrado,7,64.2,20.2,4,20.3,74.7,65.5,732.0,16.3,62.8,15.7,0.323,nenhum
AC,Norte,Cerrado,1,718.5,304.4,22,27.6,96.4,73.7,396.0,18.5,182.2,28.9,0.588,deslizamento
RS,Sul,Pampa,4,162.6,28.0,16,16.8,81.6,39.5,265.0,18.7,5.1,15.8,0.549,nenhum
RS,Sul,Pampa,10,153.0,43.9,10,18.1,85.3,37.7,162.0,2.7,248.7,24.5,0.354,nenhum
DF,Centro-Oeste,Pantanal,1,244.4,87.9,19,25.7,69.2,36.8,316.0,8.4,109.9,27.0,0.536,tempestade
RS,Sul,Pampa,9,145.7,37.8,13,17.4,67.2,45.6,399.0,11.8,13.6,16.5,0.434,nenhum
CE,Nordeste,Caatinga,9,58.7,30.0,6,26.2,66.7,53.1,513.0,19.0,230.2,24.6,0.255,incendio_florestal
MG,Sudeste,Mata Atlantica,10,43.8,23.4,1,26.2,69.5,17.5,873.0,16.7,91.4,15.6,0.268,incendio_florestal
SC,Sul,Mata Atlantica,3,105.0,16.1,12,21.1,78.2,39.9,526.0,14.2,7.5,18.7,0.477,nenhum
RJ,Sudeste,Mata Atlantica,3,284.6,142.7,20,19.7,82.2,19.8,617.0,16.6,65.3,21.8,0.753,deslizamento
RJ,Sudeste,Mata Atlantica,3,237.7,46.9,18,23.1,87.2,44.9,260.0,7.9,1.1,11.5,0.606,nenhum
GO,Centro-Oeste,Cerrado,5,84.4,33.7,6,20.8,71.8,42.1,531.0,8.8,139.5,22.9,0.341,tempestade
RJ,Sudeste,Mata Atlantica,7,38.3,21.8,3,15.7,68.8,18.0,688.0,22.3,18.4,15.6,0.245,incendio_florestal
ES,Sudeste,Mata Atlantica,2,65.8,34.5,7,24.2,81.5,22.4,945.0,16.8,4.1,14.9,0.309,nenhum
MA,Nordeste,Cerrado,7,85.6,15.6,7,25.5,67.1,30.1,733.0,6.0,1.4,11.8,0.433,nenhum
AM,Norte,Amazonia,3,287.9,58.2,20,27.7,100.0,25.7,339.0,3.1,78.3,28.7,0.72,deslizamento
ES,Sudeste,Mata Atlantica,7,48.7,25.7,6,22.7,89.3,16.1,63.0,17.7,40.6,23.9,0.38,nenhum
ES,Sudeste,Mata Atlantica,4,154.8,31.6,13,22.4,82.4,23.1,69.0,21.5,30.1,21.9,0.493,nenhum
GO,Centro-Oeste,Cerrado,12,299.2,99.5,27,24.9,96.0,56.3,518.0,3.4,71.9,14.9,0.555,inundacao
PR,Sul,Pampa,4,162.6,54.3,12,17.5,81.9,44.0,493.0,13.7,50.3,16.6,0.425,nenhum
ES,Sudeste,Cerrado,11,180.3,66.6,12,24.9,78.6,41.4,359.0,3.4,149.6,26.1,0.403,nenhum
RN,Nordeste,Mata Atlantica,3,63.3,21.1,2,27.7,57.1,37.6,501.0,6.9,48.5,22.1,0.396,nenhum
MT,Centro-Oeste,Cerrado,2,256.7,114.6,19,27.1,76.0,36.0,968.0,6.4,24.3,20.5,0.621,incendio_florestal
RJ,Sudeste,Mata Atlantica,3,140.2,57.2,11,24.3,85.7,20.1,565.0,19.2,24.9,20.4,0.478,nenhum
ES,Sudeste,Mata Atlantica,6,40.9,22.8,1,20.0,65.9,34.5,317.0,13.8,68.2,16.4,0.408,estiagem_seca
ES,Sudeste,Cerrado,11,181.2,48.6,15,22.2,89.9,14.6,903.0,22.4,98.8,30.6,0.436,nenhum
MT,Centro-Oeste,Cerrado,3,236.0,67.5,21,25.2,80.9,34.5,22.0,8.3,20.3,17.7,0.628,incendio_florestal
MG,Sudeste,Mata Atlantica,10,97.6,24.8,11,20.6,70.6,24.4,570.0,10.6,24.0,21.4,0.394,nenhum
ES,Sudeste,Mata Atlantica,9,136.0,50.3,12,18.9,92.6,23.7,384.0,20.6,73.5,26.1,0.342,nenhum
SP,Sudeste,Mata Atlantica,5,91.2,16.8,2,15.3,70.6,45.7,160.0,8.1,80.4,18.3,0.444,nenhum
AM,Norte,Amazonia,5,232.2,60.9,15,24.3,88.7,32.8,277.0,15.6,12.1,15.8,0.732,nenhum
ES,Sudeste,Mata Atlantica,12,100.7,70.8,4,24.8,80.7,95.2,518.0,17.7,7.3,11.8,0.471,tempestade
MS,Centro-Oeste,Cerrado,9,80.5,11.1,2,22.8,79.3,43.3,994.0,11.5,53.5,14.8,0.427,tempestade
AP,Norte,Amazonia,3,370.2,170.8,27,26.7,97.7,64.6,23.0,8.4,101.0,17.8,0.681,inundacao
ES,Sudeste,Mata Atlantica,11,200.9,67.2,18,23.4,69.1,56.6,130.0,16.0,74.4,16.7,0.614,nenhum
ES,Sudeste,Mata Atlantica,5,113.9,28.1,11,18.9,75.1,31.4,1077.0,15.8,6.1,16.0,0.519,nenhum
DF,Centro-Oeste,Cerrado,1,161.4,49.7,17,27.5,89.0,39.0,407.0,10.4,81.5,22.7,0.577,nenhum
ES,Sudeste,Cerrado,10,290.0,65.2,21,20.5,76.0,37.8,732.0,9.6,180.3,23.4,0.687,nenhum
BA,Nordeste,Caatinga,11,76.1,40.4,5,27.3,64.7,20.1,456.0,4.3,25.9,15.2,0.31,incendio_florestal
BA,Nordeste,Caatinga,6,93.8,27.4,6,25.9,64.7,54.6,385.0,2.7,18.4,16.8,0.215,incendio_florestal
CE,Nordeste,Cerrado,9,22.6,10.2,1,25.8,58.5,30.3,257.0,12.2,288.8,33.0,0.314,estiagem_seca
MS,Centro-Oeste,Cerrado,3,232.3,100.2,22,29.0,76.0,32.2,695.0,2.8,244.8,34.5,0.711,tempestade
MG,Sudeste,Mata Atlantica,11,281.7,35.2,18,23.4,73.2,22.5,948.0,14.2,12.1,15.6,0.64,nenhum
ES,Sudeste,Cerrado,5,63.1,15.0,3,21.9,83.0,70.6,197.0,20.0,66.5,25.2,0.397,nenhum
MG,Sudeste,Mata Atlantica,4,265.9,160.5,22,18.7,74.0,43.2,831.0,25.0,9.6,18.8,0.522,deslizamento
PB,Nordeste,Caatinga,7,52.2,7.2,5,23.3,58.5,40.8,418.0,22.3,94.6,21.6,0.358,deslizamento
RN,Nordeste,Cerrado,4,113.4,26.4,9,28.0,69.4,31.8,173.0,4.7,24.0,16.4,0.462,nenhum
BA,Nordeste,Caatinga,8,46.0,20.0,7,25.4,62.3,34.9,54.0,3.4,11.2,15.2,0.271,incendio_florestal
ES,Sudeste,Mata Atlantica,9,50.6,18.1,8,19.0,68.9,23.6,359.0,26.6,5.8,13.9,0.467,deslizamento
RN,Nordeste,Caatinga,5,39.7,12.8,3,23.2,59.5,24.1,224.0,9.1,319.8,31.8,0.237,incendio_florestal
MT,Centro-Oeste,Pantanal,10,261.3,102.0,16,21.8,84.2,31.4,594.0,10.9,24.5,16.3,0.746,inundacao
SP,Sudeste,Mata Atlantica,6,62.0,7.4,8,20.4,68.5,63.0,565.0,18.6,5737.8,26.3,0.443,deslizamento
SP,Sudeste,Mata Atlantica,12,307.2,45.6,21,24.7,92.0,68.1,805.0,17.5,417.5,29.6,0.633,deslizamento
SE,Nordeste,Mata Atlantica,4,103.2,23.9,12,29.3,60.1,41.7,597.0,18.8,347.4,17.7,0.474,nenhum
MA,Nordeste,Caatinga,9,51.3,7.9,4,24.7,63.1,40.2,17.0,3.3,2.3,11.9,0.333,incendio_florestal
RJ,Sudeste,Mata Atlantica,7,94.5,39.9,5,20.8,82.9,27.6,619.0,18.2,40.9,23.2,0.403,nenhum
RJ,Sudeste,Mata Atlantica,12,511.9,219.5,24,25.4,92.9,58.2,1006.0,28.1,2.1,10.9,0.629,deslizamento
AC,Norte,Amazonia,3,307.2,146.9,25,31.8,94.2,49.3,37.0,12.6,100.6,15.6,0.692,inundacao
RS,Sul,Mata Atlantica,3,138.3,22.1,15,21.4,72.9,42.5,556.0,11.8,45.5,26.0,0.463,nenhum
MS,Centro-Oeste,Cerrado,11,283.3,176.6,22,23.2,70.8,27.3,982.0,8.4,460.0,25.6,0.661,inundacao
MT,Centro-Oeste,Cerrado,11,351.0,211.0,27,23.5,77.2,84.9,690.0,13.9,10.2,14.7,0.767,tempestade
SE,Nordeste,Caatinga,9,78.4,36.4,8,28.3,71.6,33.4,20.0,11.6,100.0,26.7,0.36,incendio_florestal
SE,Nordeste,Caatinga,6,51.8,14.3,3,21.7,65.5,27.1,436.0,7.6,52.3,16.7,0.251,incendio_florestal
RN,Nordeste,Cerrado,5,67.1,15.7,3,25.9,63.0,33.2,205.0,24.2,47.5,23.6,0.368,nenhum
MA,Nordeste,Mata Atlantica,8,38.9,12.7,4,23.9,65.7,25.5,412.0,9.9,161.0,27.0,0.227,incendio_florestal
RJ,Sudeste,Mata Atlantica,9,167.7,79.2,11,24.0,73.2,38.7,711.0,18.9,102.8,18.9,0.538,nenhum
DF,Centro-Oeste,Amazonia,4,139.8,20.5,14,24.5,67.5,37.9,1377.0,4.6,182.7,23.0,0.472,nenhum
PR,Sul,Pampa,1,326.4,94.5,22,23.6,81.2,51.2,240.0,7.9,111.5,30.6,0.688,inundacao
RS,Sul,Pampa,1,257.8,146.3,21,19.5,95.7,31.1,729.0,11.3,86.1,26.2,0.665,inundacao
CE,Nordeste,Caatinga,5,97.8,34.8,9,21.6,75.5,28.7,528.0,11.5,16.2,20.8,0.436,nenhum
AM,Norte,Amazonia,9,208.1,72.5,22,25.6,90.5,33.7,19.0,0.9,31.1,18.7,0.609,inundacao
SP,Sudeste,Mata Atlantica,6,57.5,17.8,6,18.6,83.7,26.6,446.0,15.6,10.4,17.3,0.493,nenhum
SC,Sul,Mata Atlantica,8,68.4,23.5,5,15.2,53.7,66.0,80.0,17.0,31.6,17.3,0.327,nenhum
SC,Sul,Mata Atlantica,6,109.2,58.0,7,15.6,82.3,33.8,174.0,7.3,96.5,22.3,0.372,nenhum
RR,Norte,Amazonia,4,503.5,141.5,24,22.6,92.8,64.3,24.0,11.9,5.8,17.6,0.721,inundacao
RN,Nordeste,Caatinga,9,40.2,13.9,3,26.7,67.0,41.4,406.0,9.5,162.4,27.7,0.239,incendio_florestal
PA,Norte,Amazonia,9,111.5,24.7,11,25.2,80.5,46.9,302.0,1.0,33.3,16.4,0.487,nenhum
ES,Sudeste,Mata Atlantica,12,284.0,86.9,23,26.6,77.8,28.6,1021.0,14.9,40.0,22.9,0.576,deslizamento
RJ,Sudeste,Mata Atlantica,10,154.9,73.7,16,19.9,72.9,54.9,1114.0,15.8,48.0,27.8,0.487,nenhum
MS,Centro-Oeste,Cerrado,5,56.7,13.8,5,24.3,54.1,35.7,1165.0,16.8,64.3,24.8,0.341,nenhum
ES,Sudeste,Mata Atlantica,9,68.7,13.1,6,24.6,69.9,21.0,689.0,18.0,1.3,11.1,0.294,nenhum
MA,Nordeste,Caatinga,5,112.5,50.3,6,21.6,68.3,23.6,155.0,5.9,42.5,22.2,0.444,nenhum
MG,Sudeste,Mata Atlantica,11,176.1,43.9,15,24.0,74.4,16.4,1238.0,12.6,17.3,20.1,0.401,nenhum
AP,Norte,Amazonia,8,62.4,18.0,5,22.2,86.8,44.6,90.0,5.8,33.3,25.7,0.319,deslizamento
SP,Sudeste,Mata Atlantica,11,416.6,57.3,25,22.7,83.4,33.0,546.0,11.6,155.3,16.1,0.766,inundacao
RJ,Sudeste,Mata Atlantica,4,187.2,52.6,18,23.1,73.6,44.4,594.0,15.1,23.4,14.8,0.514,tempestade
RJ,Sudeste,Mata Atlantica,1,583.6,119.2,25,21.1,85.6,61.8,652.0,12.9,15.5,19.2,0.669,inundacao
AL,Nordeste,Cerrado,2,58.6,26.2,4,29.6,68.8,16.4,595.0,15.2,78.9,15.8,0.28,incendio_florestal
ES,Sudeste,Cerrado,7,30.1,20.4,4,16.9,54.9,30.2,593.0,19.1,8.4,17.8,0.33,estiagem_seca
SP,Sudeste,Cerrado,12,184.3,52.4,16,24.6,81.0,19.7,513.0,19.3,296.1,22.3,0.602,nenhum
AP,Norte,Amazonia,8,60.8,11.1,6,24.4,82.4,26.7,106.0,1.4,912.0,37.3,0.316,nenhum
PI,Nordeste,Caatinga,10,51.1,31.1,7,29.2,62.9,20.1,471.0,2.2,6.2,17.2,0.374,estiagem_seca
RJ,Sudeste,Mata Atlantica,6,73.8,30.3,3,19.6,67.3,66.7,335.0,16.4,125.9,19.2,0.309,nenhum
MA,Nordeste,Caatinga,12,50.1,36.2,4,29.3,65.3,30.4,306.0,4.8,466.2,37.5,0.252,incendio_florestal
TO,Norte,Amazonia,12,537.9,129.4,29,25.1,87.7,80.1,214.0,5.3,24.3,14.4,0.606,tempestade
SE,Nordeste,Caatinga,3,95.2,42.3,9,27.0,62.4,43.9,295.0,7.8,20.4,15.7,0.341,nenhum
RN,Nordeste,Caatinga,11,117.0,23.1,9,30.0,55.8,43.3,386.0,13.9,20.0,15.9,0.43,estiagem_seca
DF,Centro-Oeste,Cerrado,1,144.3,34.5,13,29.2,59.6,24.4,326.0,16.9,315.5,24.5,0.55,tempestade
MG,Sudeste,Mata Atlantica,8,85.5,13.4,4,22.7,70.7,26.1,213.0,17.5,362.6,32.1,0.278,nenhum
AL,Nordeste,Cerrado,6,37.3,14.3,3,23.8,65.9,29.9,228.0,5.1,33.5,16.0,0.322,tempestade
MG,Sudeste,Cerrado,4,132.8,60.6,7,20.0,72.8,46.0,699.0,16.5,482.8,27.3,0.377,nenhum
SE,Nordeste,Caatinga,12,61.7,15.8,4,29.4,66.9,12.3,75.0,9.3,8.1,18.3,0.253,incendio_florestal
SE,Nordeste,Caatinga,8,24.1,11.1,2,26.6,60.9,17.0,473.0,1.9,106.2,16.0,0.372,estiagem_seca
PI,Nordeste,Caatinga,2,104.2,34.4,9,27.8,73.4,41.8,459.0,15.5,13.5,17.6,0.495,nenhum
RJ,Sudeste,Mata Atlantica,2,313.7,43.2,24,26.3,90.6,18.4,1177.0,11.7,63.3,23.6,0.605,nenhum
SC,Sul,Mata Atlantica,2,223.2,51.4,16,22.4,93.1,41.4,411.0,3.0,29.1,16.8,0.609,nenhum
MS,Centro-Oeste,Cerrado,4,241.9,61.2,21,25.7,77.7,67.4,1342.0,11.1,10.3,18.6,0.672,tempestade
PA,Norte,Amazonia,1,603.4,280.4,26,26.0,100.0,40.7,83.0,17.2,81.5,29.6,0.571,inundacao
CE,Nordeste,Caatinga,4,155.9,31.2,11,25.7,63.2,50.0,229.0,12.5,8.0,14.2,0.554,nenhum
PI,Nordeste,Caatinga,10,46.1,13.6,2,28.8,51.4,38.4,417.0,9.2,145.4,30.6,0.16,incendio_florestal
SP,Sudeste,Mata Atlantica,11,265.0,115.7,18,22.1,86.1,25.7,1008.0,11.3,148.6,20.2,0.633,inundacao
PA,Norte,Amazonia,10,172.8,61.4,19,26.5,89.6,14.0,126.0,5.7,58.6,17.9,0.513,nenhum
RS,Sul,Pampa,6,79.7,39.0,5,16.0,79.0,34.4,198.0,14.3,31.3,20.3,0.395,nenhum
RJ,Sudeste,Mata Atlantica,9,50.6,28.2,2,19.9,72.9,67.7,821.0,20.3,146.7,25.3,0.383,nenhum
MS,Centro-Oeste,Cerrado,12,87.9,19.1,8,27.8,71.7,36.7,850.0,11.5,167.7,32.5,0.267,incendio_florestal
SP,Sudeste,Mata Atlantica,1,324.2,158.1,20,23.7,79.0,68.2,1200.0,12.0,23.8,18.2,0.665,tempestade
TO,Norte,Amazonia,11,111.5,42.3,8,29.8,84.9,77.3,14.0,18.7,64.4,22.9,0.451,tempestade
ES,Sudeste,Mata Atlantica,9,153.2,93.1,14,19.2,83.6,44.2,658.0,20.8,26.9,17.3,0.497,deslizamento
AC,Norte,Amazonia,5,109.6,22.9,6,25.5,95.8,50.9,84.0,3.9,98.5,18.9,0.406,incendio_florestal
RJ,Sudeste,Mata Atlantica,6,69.9,22.9,4,19.9,87.4,18.8,215.0,20.0,16.3,19.6,0.402,nenhum
GO,Centro-Oeste,Pantanal,6,111.8,29.7,6,21.1,62.2,47.8,780.0,13.7,67.3,15.7,0.302,nenhum
PA,Norte,Amazonia,2,440.0,93.0,26,29.1,81.1,59.9,48.0,15.1,42.2,25.4,0.637,inundacao
SP,Sudeste,Mata Atlantica,3,81.1,29.7,7,23.0,75.0,31.1,496.0,13.6,187.9,33.1,0.329,nenhum
RR,Norte,Amazonia,4,213.5,52.3,15,26.3,99.4,34.4,42.0,3.9,21.8,18.8,0.604,nenhum
RN,Nordeste,Caatinga,1,81.4,20.0,4,28.3,60.4,59.1,704.0,10.8,74.2,16.0,0.322,incendio_florestal
RJ,Sudeste,Mata Atlantica,7,43.3,17.1,1,16.2,62.5,27.3,623.0,12.0,26.2,17.1,0.367,incendio_florestal
MT,Centro-Oeste,Pantanal,6,39.9,22.3,3,25.2,77.5,40.4,1099.0,3.6,5.0,11.2,0.337,estiagem_seca
RS,Sul,Mata Atlantica,4,92.3,49.5,7,18.7,89.6,37.9,310.0,20.8,33.7,16.5,0.162,incendio_florestal
MG,Sudeste,Mata Atlantica,3,225.9,60.0,18,22.4,76.1,74.4,425.0,15.1,127.1,26.8,0.647,tempestade
MG,Sudeste,Mata Atlantica,12,148.2,36.7,13,25.4,81.8,48.7,918.0,16.0,133.3,16.3,0.486,incendio_florestal
RN,Nordeste,Caatinga,9,70.0,25.6,5,28.5,54.0,32.7,41.0,0.5,19.5,15.5,0.42,incendio_florestal
MA,Nordeste,Caatinga,6,81.2,32.6,9,23.6,67.6,37.2,283.0,0.8,215.7,28.0,0.434,nenhum
PR,Sul,Mata Atlantica,9,109.7,27.7,10,14.3,77.4,12.7,115.0,5.0,333.1,34.0,0.38,nenhum
PA,Norte,Amazonia,5,161.1,55.0,11,24.6,82.3,61.6,148.0,4.6,12.3,18.4,0.46,incendio_florestal
MT,Centro-Oeste,Cerrado,3,409.3,215.0,24,19.7,69.2,54.7,211.0,4.6,60.4,23.4,0.723,inundacao
PI,Nordeste,Caatinga,9,55.7,19.7,4,27.0,59.0,29.5,258.0,7.9,243.8,20.1,0.423,nenhum
MA,Nordeste,Cerrado,10,58.9,18.2,4,28.7,71.3,43.4,682.0,12.8,348.6,33.4,0.309,incendio_florestal
MG,Sudeste,Mata Atlantica,8,92.5,61.3,8,16.4,72.6,50.1,1062.0,20.4,67.9,18.8,0.386,nenhum
MG,Sudeste,Mata Atlantica,7,68.0,30.0,9,19.6,68.7,38.8,112.0,0.3,261.9,31.6,0.374,nenhum
ES,Sudeste,Mata Atlantica,1,245.4,99.1,24,26.6,75.5,43.7,586.0,11.1,349.5,24.8,0.587,tempestade
PR,Sul,Pampa,8,144.8,28.0,9,13.5,75.5,16.0,340.0,20.0,116.5,23.0,0.479,nenhum
CE,Nordeste,Caatinga,8,11.7,3.6,2,24.1,69.2,43.2,558.0,12.8,32.7,24.6,0.196,incendio_florestal
GO,Centro-Oeste,Amazonia,5,85.0,45.5,6,23.3,70.2,46.0,52.0,8.2,86.3,17.7,0.42,nenhum
TO,Norte,Amazonia,3,230.3,25.1,15,26.4,92.7,57.0,147.0,3.2,18.1,19.0,0.623,nenhum
ES,Sudeste,Cerrado,12,220.5,84.3,18,26.8,81.5,55.7,627.0,9.5,19.6,21.2,0.601,tempestade
PI,Nordeste,Caatinga,5,82.8,36.5,11,24.4,58.8,30.4,98.0,6.1,4.9,12.3,0.432,nenhum
RJ,Sudeste,Mata Atlantica,4,152.7,61.3,10,22.2,67.4,43.5,610.0,2.6,184.5,23.6,0.581,nenhum
PB,Nordeste,Cerrado,9,23.7,7.0,4,25.5,57.3,40.2,379.0,13.4,241.9,22.7,0.3,estiagem_seca
ES,Sudeste,Mata Atlantica,6,61.1,24.3,6,15.8,74.2,48.7,605.0,12.5,2.9,13.8,0.406,nenhum
SP,Sudeste,Mata Atlantica,7,27.5,13.7,5,20.0,73.7,29.9,1432.0,8.6,24.3,20.1,0.343,tempestade
RS,Sul,Mata Atlantica,8,197.8,46.0,13,15.6,83.8,45.1,534.0,15.5,19.9,18.0,0.561,nenhum
TO,Norte,Amazonia,5,234.4,99.1,19,25.2,87.3,61.6,93.0,15.5,106.8,29.5,0.628,tempestade
SC,Sul,Mata Atlantica,2,195.4,101.0,13,20.4,81.1,42.0,245.0,4.7,48.7,18.5,0.569,tempestade
CE,Nordeste,Caatinga,3,69.9,28.4,7,30.1,68.5,37.2,830.0,18.6,130.4,19.3,0.349,incendio_florestal
PE,Nordeste,Caatinga,12,135.9,55.7,9,27.9,74.3,24.5,156.0,7.9,51.3,25.2,0.424,tempestade
CE,Nordeste,Cerrado,7,45.8,10.5,4,21.5,49.7,49.2,297.0,10.6,73.8,19.8,0.292,incendio_florestal
PE,Nordeste,Caatinga,6,164.0,112.8,10,26.1,70.5,39.1,418.0,7.8,52.8,20.0,0.496,tempestade
SP,Sudeste,Mata Atlantica,4,115.4,36.1,10,23.5,73.5,31.6,1300.0,14.9,286.1,28.0,0.353,nenhum
MA,Nordeste,Mata Atlantica,9,20.4,3.2,2,24.3,47.4,35.4,160.0,7.6,11.3,20.6,0.083,estiagem_seca
RN,Nordeste,Caatinga,11,33.3,17.7,1,29.7,59.5,24.3,706.0,10.8,16.0,15.9,0.295,estiagem_seca
MG,Sudeste,Mata Atlantica,10,144.6,20.9,12,20.3,70.5,51.5,1060.0,13.7,13.4,18.2,0.595,nenhum
MG,Sudeste,Mata Atlantica,7,92.8,22.9,5,18.3,82.8,46.2,228.0,17.3,95.8,29.9,0.394,nenhum
SP,Sudeste,Cerrado,6,83.5,53.8,10,19.8,66.0,39.8,202.0,13.0,4.3,12.3,0.383,nenhum
ES,Sudeste,Mata Atlantica,11,359.8,94.5,24,25.2,85.2,33.9,168.0,4.3,2.7,13.7,0.596,inundacao
RN,Nordeste,Mata Atlantica,11,76.5,27.0,4,28.4,72.7,39.6,191.0,18.7,137.8,28.6,0.271,incendio_florestal
MG,Sudeste,Mata Atlantica,5,50.2,17.9,3,20.0,79.1,39.5,1322.0,19.4,6.2,16.5,0.193,nenhum
AP,Norte,Cerrado,12,401.3,191.7,26,29.4,87.5,76.5,165.0,7.5,12.8,19.7,0.699,tempestade
PB,Nordeste,Cerrado,10,36.6,11.7,4,27.0,84.5,67.3,19.0,13.5,6.4,14.3,0.247,estiagem_seca
RR,Norte,Cerrado,11,379.5,125.8,23,26.3,100.0,33.4,14.0,6.6,16.8,13.9,0.766,inundacao
RJ,Sudeste,Cerrado,1,196.8,33.8,15,26.4,81.0,29.1,249.0,29.1,3991.7,36.2,0.362,deslizamento
PI,Nordeste,Caatinga,2,111.7,71.9,9,32.4,64.8,58.8,179.0,13.4,29.8,15.6,0.396,tempestade
SP,Sudeste,Mata Atlantica,4,356.0,208.8,28,20.8,92.6,38.8,480.0,21.7,47.7,16.2,0.751,deslizamento
BA,Nordeste,Caatinga,10,40.6,9.8,2,27.1,54.9,48.1,450.0,6.4,10.7,16.0,0.213,incendio_florestal
GO,Centro-Oeste,Cerrado,1,296.9,59.2,17,27.9,74.0,49.1,712.0,20.9,41.4,17.5,0.585,deslizamento
DF,Centro-Oeste,Cerrado,1,627.4,272.8,23,29.9,77.7,43.0,415.0,1.2,212.9,23.9,0.616,inundacao
AM,Norte,Amazonia,1,389.9,195.1,27,27.9,100.0,49.6,203.0,2.4,57.6,17.2,0.597,inundacao
DF,Centro-Oeste,Cerrado,3,148.5,66.0,9,23.3,77.2,21.4,1675.0,21.0,999.1,39.6,0.397,nenhum
MG,Sudeste,Mata Atlantica,12,156.6,68.6,13,24.9,70.3,46.3,254.0,18.7,15.5,19.6,0.342,nenhum
RJ,Sudeste,Mata Atlantica,9,67.0,16.5,5,22.7,69.1,41.9,96.0,13.1,2.0,12.1,0.444,nenhum
AM,Norte,Amazonia,9,188.0,51.0,16,26.9,88.0,39.5,95.0,0.3,90.3,16.8,0.62,nenhum
ES,Sudeste,Mata Atlantica,4,123.9,39.3,10,20.2,73.7,31.6,796.0,13.0,92.6,20.2,0.4,nenhum
SE,Nordeste,Cerrado,8,40.1,15.0,4,23.6,60.0,13.4,116.0,2.9,54.6,23.3,0.149,incendio_florestal
TO,Norte,Amazonia,10,270.4,56.6,22,25.3,95.2,61.2,61.0,11.8,6.4,12.6,0.626,inundacao
BA,Nordeste,Caatinga,7,47.3,10.7,4,23.2,64.4,22.8,370.0,11.3,21.7,22.1,0.346,tempestade
GO,Centro-Oeste,Cerrado,11,147.4,64.1,13,25.6,76.2,43.9,341.0,6.7,66.5,27.6,0.513,nenhum
RN,Nordeste,Caatinga,7,58.8,17.2,5,22.7,59.7,30.9,429.0,16.5,71.8,23.2,0.268,nenhum
SP,Sudeste,Mata Atlantica,4,347.2,152.2,25,20.7,100.0,38.9,717.0,12.4,135.2,18.1,0.703,inundacao
RN,Nordeste,Mata Atlantica,8,57.0,27.1,7,22.9,57.8,46.0,22.0,18.4,11.2,13.9,0.229,incendio_florestal
RJ,Sudeste,Cerrado,12,161.7,57.7,11,24.6,82.0,70.3,329.0,16.3,2.9,10.3,0.53,tempestade
BA,Nordeste,Cerrado,10,88.3,21.2,5,26.0,62.5,12.2,170.0,7.1,37.7,17.5,0.292,nenhum
RJ,Sudeste,Mata Atlantica,6,78.6,29.3,2,16.3,80.0,36.9,77.0,7.4,125.8,29.5,0.354,nenhum
ES,Sudeste,Mata Atlantica,8,73.0,23.7,7,21.2,79.5,55.1,762.0,17.2,6.8,13.4,0.336,nenhum
AL,Nordeste,Mata Atlantica,12,63.9,14.7,4,33.1,67.3,22.0,380.0,23.6,534.2,35.9,0.264,incendio_florestal
AC,Norte,Amazonia,9,97.8,51.8,8,24.8,86.3,67.9,23.0,10.9,29.5,23.8,0.379,tempestade
MG,Sudeste,Mata Atlantica,7,20.6,9.0,0,20.4,73.4,17.0,618.0,11.6,270.7,33.7,0.086,estiagem_seca
SC,Sul,Mata Atlantica,4,454.3,181.2,23,16.4,84.0,39.4,145.0,7.1,705.3,37.6,0.615,inundacao
SC,Sul,Mata Atlantica,11,121.7,41.7,10,20.4,79.6,22.5,266.0,7.2,4.3,11.8,0.54,nenhum
PI,Nordeste,Cerrado,12,58.6,19.5,2,31.4,63.2,25.9,462.0,11.7,102.9,25.4,0.313,incendio_florestal
RJ,Sudeste,Mata Atlantica,1,229.4,113.0,18,24.6,88.5,67.4,474.0,4.9,747.3,28.4,0.679,tempestade
RN,Nordeste,Cerrado,1,67.8,10.4,4,30.0,58.5,20.7,176.0,13.9,25.1,15.8,0.325,incendio_florestal
PI,Nordeste,Cerrado,2,188.5,72.6,18,31.1,64.8,40.7,335.0,3.3,923.5,40.9,0.512,estiagem_seca
MG,Sudeste,Cerrado,5,73.7,29.8,8,19.8,61.9,27.2,916.0,12.2,219.6,34.8,0.332,nenhum
GO,Centro-Oeste,Cerrado,2,148.6,74.3,14,25.2,75.9,48.2,719.0,8.6,30.1,18.0,0.537,nenhum
SP,Sudeste,Mata Atlantica,11,251.7,46.6,20,22.7,84.0,36.0,15.0,21.5,46.8,25.6,0.718,deslizamento
SP,Sudeste,Mata Atlantica,11,405.7,47.7,23,23.0,87.0,36.1,388.0,15.8,4.6,16.8,0.581,deslizamento
AL,Nordeste,Cerrado,3,138.5,87.9,9,25.5,64.6,29.1,235.0,7.2,17.8,22.4,0.407,tempestade
ES,Sudeste,Mata Atlantica,10,119.9,41.5,10,21.8,83.9,63.5,878.0,9.5,134.2,20.3,0.469,nenhum
PE,Nordeste,Mata Atlantica,2,41.4,18.1,3,32.7,56.7,41.8,467.0,14.1,32.7,13.9,0.338,estiagem_seca
AP,Norte,Amazonia,10,260.2,66.6,21,26.2,100.0,43.2,91.0,4.4,83.0,18.0,0.674,inundacao
MA,Nordeste,Cerrado,5,35.8,15.9,1,27.9,58.5,46.1,419.0,2.0,279.5,20.4,0.466,estiagem_seca
PR,Sul,Mata Atlantica,1,251.2,64.1,21,25.6,80.5,29.2,720.0,13.8,264.1,22.1,0.67,nenhum
MT,Centro-Oeste,Cerrado,6,36.2,13.9,4,19.0,70.5,52.3,790.0,16.3,89.1,21.1,0.302,estiagem_seca
RO,Norte,Amazonia,10,314.1,157.9,23,24.9,79.2,51.1,348.0,3.6,21.5,21.8,0.57,inundacao
SP,Sudeste,Cerrado,12,187.4,62.7,19,23.2,71.4,47.4,364.0,10.9,64.7,19.7,0.624,nenhum
SC,Sul,Mata Atlantica,2,106.8,27.1,9,21.0,74.4,7.2,718.0,11.7,70.5,28.3,0.394,nenhum
PR,Sul,Mata Atlantica,11,340.7,175.5,29,21.6,80.1,42.4,261.0,18.3,18.9,19.9,0.675,deslizamento
MG,Sudeste,Mata Atlantica,4,434.7,142.8,29,19.1,76.4,38.1,788.0,21.4,86.9,16.5,0.813,deslizamento
SE,Nordeste,Caatinga,6,48.2,19.7,5,28.2,68.4,39.9,214.0,9.9,14.7,21.9,0.289,incendio_florestal
RJ,Sudeste,Mata Atlantica,2,158.9,16.8,10,24.5,71.2,59.8,146.0,12.6,48.2,18.0,0.59,nenhum
MG,Sudeste,Cerrado,12,119.6,56.3,7,23.1,80.4,29.1,288.0,17.9,20.3,20.4,0.511,nenhum
SC,Sul,Mata Atlantica,10,276.5,86.8,22,20.1,90.0,43.7,547.0,17.5,24.4,22.2,0.65,deslizamento
RJ,Sudeste,Mata Atlantica,8,113.7,24.0,10,19.4,80.3,44.5,134.0,12.0,195.7,23.3,0.314,nenhum
